{"type": "FeatureCollection", "features": [{"type": "Feature", "properties": {}, "geometry": {"type": "MultiPolygon", "coordinates": [[[[49.212576, -11.985935], [49.242524, -11.953709], [49.26002, -11.943617], [49.278087, -11.947686], [49.288341, -11.954848], [49.315929, -11.985935], [49.3225572305791, -12.0], [49.21116872060877, -12.0], [49.209483, -11.993259], [49.212576, -11.985935]]], [[[47.306407, -11.56992], [47.287934, -11.565525], [47.299571, -11.550632], [47.306407, -11.56992]]], [[[51.192393, -10.101007], [51.196951, -10.103123], [51.187673, -10.126072], [51.190766, -10.117446], [51.192393, -10.101007]]], [[[51.18393, -10.089451], [51.189789, -10.097507], [51.181814, -10.091323], [51.18393, -10.089451]]], [[[51.180656, -10.092189], [51.176524, -10.096205], [51.173432, -10.095473], [51.176931, -10.087579], [51.180656, -10.092189]]], [[[46.479666, -9.751072], [46.478526, -9.740411], [46.48699, -9.730157], [46.49936, -9.722752], [46.509776, -9.719985], [46.507579, -9.731866], [46.500662, -9.746515], [46.490489, -9.755548], [46.479666, -9.751072]]], [[[47.507335, -9.713067], [47.507335, -9.698175], [47.51295, -9.694431], [47.515798, -9.700128], [47.507335, -9.713067]]], [[[46.230479, -9.41367], [46.274099, -9.426365], [46.320486, -9.423761], [46.351573, -9.405938], [46.368988, -9.406834], [46.396007, -9.39837], [46.42156, -9.386895], [46.434581, -9.378106], [46.440766, -9.385512], [46.447765, -9.378106], [46.457693, -9.382989], [46.468761, -9.385512], [46.468761, -9.378106], [46.458751, -9.371677], [46.45281, -9.3624], [46.449555, -9.350844], [46.447765, -9.33766], [46.495453, -9.357599], [46.515961, -9.371759], [46.525157, -9.38128], [46.52003, -9.385512], [46.507091, -9.39072], [46.472911, -9.416436], [46.4546, -9.426446], [46.380707, -9.424574], [46.299815, -9.449314], [46.234386, -9.452325], [46.207367, -9.385512], [46.230479, -9.41367]]], [[[46.427094, -9.33766], [46.410655, -9.353285], [46.379405, -9.357029], [46.347992, -9.352634], [46.331065, -9.343927], [46.31837, -9.350844], [46.295665, -9.347589], [46.283865, -9.351332], [46.282074, -9.348077], [46.282563, -9.345798], [46.281749, -9.344496], [46.276378, -9.343927], [46.276134, -9.339288], [46.278005, -9.338474], [46.280935, -9.3388], [46.315196, -9.32643], [46.353689, -9.328871], [46.393077, -9.33587], [46.427094, -9.33766]]], [[[52.747244, -7.00506], [52.743419, -7.004083], [52.742198, -7.001723], [52.742198, -6.998468], [52.741873, -6.994317], [52.747244, -7.00506]]], [[[53.333995, -5.42018], [53.341645, -5.429946], [53.344086, -5.434747], [53.344737, -5.441013], [53.340505, -5.436212], [53.337901, -5.431248], [53.333995, -5.42018]]], [[[45.445323, 10.667792], [45.487071, 10.684719], [45.516612, 10.701972], [45.542979, 10.721666], [45.573009, 10.758124], [45.586111, 10.765855], [45.662283, 10.790595], [45.673106, 10.79621], [45.684906, 10.808905], [45.694591, 10.822252], [45.706391, 10.832831], [45.72462, 10.837144], [45.737966, 10.843573], [45.753591, 10.871731], [45.769298, 10.878119], [45.787364, 10.877753], [45.802745, 10.875312], [45.816905, 10.869208], [45.831309, 10.857611], [45.84018, 10.844672], [45.84669, 10.832261], [45.855642, 10.823961], [45.872325, 10.823472], [45.868175, 10.841376], [45.884451, 10.841213], [45.97755, 10.79914], [46.012543, 10.794745], [46.047618, 10.785305], [46.063731, 10.778795], [46.102224, 10.770657], [46.137218, 10.776313], [46.207367, 10.79621], [46.237559, 10.792426], [46.263194, 10.776842], [46.30714, 10.731024], [46.335134, 10.709703], [46.370128, 10.696845], [46.408702, 10.691596], [46.447765, 10.693101], [46.482432, 10.701361], [46.499848, 10.708482], [46.52768, 10.726223], [46.56072, 10.731676], [46.588715, 10.743313], [46.629161, 10.745063], [46.646251, 10.747748], [46.659679, 10.75434], [46.694102, 10.781928], [46.782237, 10.821723], [46.821951, 10.852607], [46.865977, 10.871894], [46.871837, 10.878079], [46.881358, 10.893134], [46.886485, 10.898586], [46.893565, 10.901557], [46.9074, 10.903144], [46.913829, 10.905463], [47.008067, 10.938951], [47.082774, 10.995266], [47.132335, 11.035793], [47.167654, 11.072089], [47.180675, 11.080471], [47.226736, 11.093817], [47.23878, 11.101264], [47.263357, 11.120795], [47.366873, 11.172797], [47.386241, 11.180121], [47.405935, 11.184638], [47.437022, 11.179836], [47.489513, 11.192816], [47.522716, 11.186957], [47.677745, 11.107978], [47.71046, 11.101264], [47.767345, 11.130194], [47.892833, 11.132554], [47.948253, 11.125149], [48.130382, 11.136664], [48.160818, 11.145657], [48.173513, 11.157131], [48.195811, 11.186835], [48.215587, 11.196234], [48.217296, 11.203681], [48.2199, 11.211127], [48.22934, 11.214504], [48.246593, 11.21426], [48.255138, 11.215074], [48.273611, 11.220404], [48.2942, 11.222602], [48.30421, 11.227525], [48.310557, 11.234768], [48.313324, 11.242011], [48.314952, 11.24901], [48.31837, 11.25552], [48.331309, 11.268704], [48.342784, 11.275458], [48.373057, 11.282172], [48.444347, 11.289252], [48.478526, 11.296332], [48.506847, 11.313544], [48.521983, 11.319281], [48.585948, 11.316962], [48.636892, 11.329413], [48.654796, 11.330634], [48.723888, 11.315253], [48.762462, 11.301011], [48.800629, 11.279039], [48.888845, 11.250556], [48.904063, 11.247748], [48.921153, 11.248033], [48.939138, 11.249132], [48.976817, 11.25141], [49.108409, 11.276597], [49.239594, 11.300279], [49.278087, 11.316962], [49.293305, 11.337958], [49.303477, 11.345445], [49.315929, 11.340522], [49.32545, 11.33511], [49.335704, 11.334621], [49.400076, 11.340522], [49.4192, 11.344794], [49.435069, 11.35106], [49.488617, 11.381741], [49.507335, 11.385199], [49.521739, 11.393785], [49.544444, 11.436713], [49.558604, 11.453518], [49.576834, 11.460028], [49.59962, 11.461737], [49.644542, 11.460354], [49.650076, 11.462144], [49.666026, 11.471137], [49.675304, 11.473944], [49.686778, 11.474351], [49.716319, 11.46776], [49.804861, 11.458401], [49.851248, 11.464911], [49.880707, 11.488227], [49.88852, 11.487291], [49.906423, 11.498725], [49.917979, 11.501899], [49.921886, 11.503852], [49.934418, 11.512885], [49.942149, 11.51557], [49.949474, 11.51496], [49.956309, 11.512519], [49.961111, 11.509955], [49.962657, 11.508734], [50.053884, 11.511379], [50.07252, 11.508734], [50.131521, 11.539944], [50.151134, 11.557929], [50.161876, 11.563381], [50.197602, 11.562649], [50.206554, 11.566799], [50.214366, 11.572659], [50.225434, 11.578111], [50.268321, 11.589301], [50.28891, 11.602444], [50.372325, 11.668931], [50.418142, 11.678046], [50.437022, 11.690619], [50.470388, 11.727851], [50.500824, 11.754828], [50.512706, 11.771226], [50.517589, 11.79267], [50.518891, 11.815253], [50.52296, 11.837958], [50.52947, 11.859524], [50.538585, 11.878648], [50.561209, 11.907904], [50.575938, 11.920966], [50.589854, 11.926459], [50.602061, 11.927965], [50.627452, 11.940131], [50.632091, 11.946763], [50.636485, 11.951606], [50.641124, 11.954413], [50.647146, 11.954047], [50.655935, 11.948432], [50.661469, 11.947577], [50.682953, 11.953355], [50.724864, 11.971137], [50.761567, 11.978746], [50.771983, 11.985785], [50.797864, 11.989119], [50.867055, 11.942891], [50.970083, 11.932323], [51.029307, 11.885077], [51.048839, 11.878648], [51.127696, 11.878648], [51.147227, 11.873603], [51.181163, 11.855373], [51.199718, 11.851304], [51.222911, 11.850775], [51.247081, 11.847561], [51.267345, 11.839423], [51.292698, 11.833108], [51.277354, 11.800605], [51.266381, 11.759286], [51.249359, 11.728775], [51.255708, 11.681655], [51.247801, 11.652391], [51.22954, 11.635897], [51.212529, 11.607947], [51.181245, 11.578829], [51.148123, 11.536038], [51.124766, 11.511786], [51.12086, 11.505316], [51.121918, 11.494127], [51.126638, 11.478827], [51.127696, 11.470893], [51.125011, 11.447984], [51.118419, 11.426256], [51.086192, 11.357164], [51.081309, 11.341498], [51.079356, 11.275946], [51.07252, 11.233791], [51.085948, 11.187974], [51.130945, 11.160752], [51.17444, 11.158764], [51.189504, 11.138306], [51.164399, 11.116767], [51.142263, 11.068427], [51.131358, 11.052883], [51.12379, 11.038764], [51.118337, 11.016913], [51.115082, 10.993354], [51.124522, 10.85456], [51.138194, 10.676744], [51.160655, 10.598456], [51.154307, 10.587714], [51.131358, 10.58393], [51.107432, 10.576565], [51.101899, 10.55858], [51.107188, 10.515041], [51.102224, 10.494696], [51.092296, 10.482164], [51.076915, 10.475816], [51.055675, 10.474066], [51.035818, 10.467515], [51.018321, 10.452094], [51.010102, 10.434027], [51.018403, 10.41942], [51.038097, 10.416083], [51.19044, 10.446112], [51.200938, 10.44477], [51.211925, 10.44184], [51.220388, 10.442043], [51.223888, 10.449856], [51.219574, 10.461005], [51.210216, 10.467108], [51.200857, 10.471503], [51.196544, 10.477444], [51.195811, 10.500312], [51.193044, 10.521186], [51.186778, 10.541571], [51.176117, 10.562812], [51.191742, 10.548977], [51.20734, 10.538096], [51.220647, 10.524928], [51.237966, 10.515024], [51.24662, 10.50909], [51.257942, 10.503801], [51.280556, 10.48733], [51.292532, 10.480075], [51.3112, 10.476055], [51.325879, 10.47268], [51.335871, 10.474614], [51.345875, 10.480494], [51.35721, 10.48374], [51.377856, 10.48169], [51.395173, 10.479023], [51.403077, 10.456707], [51.417038, 10.447485], [51.410965, 10.429814], [51.397509, 10.395793], [51.38502, 10.391506], [51.380154, 10.387339], [51.372569, 10.381415], [51.37608, 10.367693], [51.367419, 10.367726], [51.349458, 10.375002], [51.336131, 10.374395], [51.320079, 10.378485], [51.300831, 10.372566], [51.272873, 10.377905], [51.265391, 10.396877], [51.26295, 10.408596], [51.256602, 10.420315], [51.240977, 10.425605], [51.090099, 10.407313], [51.017125, 10.381916], [50.927389, 10.327844], [50.90988, 10.295635], [50.901703, 10.234442], [50.912814, 10.176853], [50.8838, 10.101264], [50.888682, 10.05565], [50.900401, 10.024075], [50.901703, 10.011664], [50.89975, 10.000718], [50.890798, 9.986029], [50.877696, 9.916653], [50.881196, 9.905463], [50.86964, 9.884467], [50.863129, 9.866034], [50.854015, 9.816107], [50.840587, 9.779771], [50.833263, 9.768785], [50.838634, 9.740912], [50.836925, 9.73078], [50.831716, 9.712063], [50.824474, 9.651068], [50.806163, 9.624457], [50.805512, 9.59394], [50.812999, 9.541164], [50.836762, 9.477037], [50.840343, 9.456122], [50.837413, 9.437201], [50.830333, 9.419623], [50.768321, 9.319281], [50.748302, 9.303534], [50.706309, 9.285712], [50.689464, 9.274848], [50.676768, 9.259182], [50.646983, 9.211371], [50.641124, 9.196357], [50.649181, 9.132514], [50.648448, 9.110419], [50.633637, 9.073188], [50.604503, 9.037909], [50.494884, 8.951972], [50.464122, 8.920559], [50.439708, 8.88817], [50.422048, 8.857123], [50.40797, 8.816352], [50.389822, 8.733547], [50.374278, 8.698879], [50.326508, 8.641099], [50.319591, 8.620347], [50.322602, 8.55976], [50.319591, 8.541815], [50.303477, 8.504584], [50.290212, 8.486762], [50.274913, 8.479153], [50.256196, 8.472561], [50.246104, 8.456448], [50.239106, 8.436347], [50.230154, 8.41767], [50.166026, 8.33336], [50.156423, 8.320624], [50.141368, 8.287991], [50.113048, 8.19953], [50.091075, 8.161038], [50.058279, 8.130316], [49.929373, 8.051744], [49.842052, 7.962714], [49.824229, 7.933905], [49.812511, 7.897528], [49.803233, 7.82689], [49.808604, 7.815009], [49.823416, 7.805325], [49.827647, 7.782904], [49.825043, 7.757758], [49.819347, 7.739936], [49.790782, 7.69953], [49.760916, 7.667304], [49.752208, 7.650295], [49.748302, 7.606635], [49.744151, 7.589057], [49.640798, 7.409125], [49.586599, 7.314765], [49.520518, 7.239651], [49.367035, 7.025702], [49.293224, 6.880927], [49.247325, 6.810614], [49.197927, 6.67357], [49.074718, 6.415269], [49.072032, 6.393297], [49.074067, 6.370795], [49.083507, 6.329047], [49.085623, 6.307359], [49.0713, 6.219916], [49.036143, 6.144232], [48.850108, 5.824449], [48.695811, 5.587348], [48.646739, 5.480048], [48.620128, 5.443996], [48.548106, 5.375067], [48.448009, 5.208726], [48.328868, 5.079657], [48.202403, 4.908922], [48.055675, 4.612942], [47.948497, 4.457099], [47.840587, 4.341376], [47.577973, 4.059882], [47.489268, 3.936347], [47.335623, 3.778754], [47.206716, 3.644599], [47.039806, 3.469265], [47.01295, 3.441067], [46.834239, 3.232489], [46.700043, 3.113267], [46.625743, 3.023912], [46.487804, 2.90884], [46.414317, 2.833441], [46.351573, 2.788642], [46.34962, 2.780178], [46.3449, 2.770087], [46.339203, 2.761705], [46.334483, 2.758246], [46.317638, 2.751899], [46.307628, 2.736029], [46.299815, 2.715766], [46.289399, 2.696234], [46.275401, 2.685858], [46.236501, 2.667629], [46.142345, 2.568915], [46.13087, 2.554023], [46.114513, 2.523261], [46.104991, 2.510565], [46.062999, 2.484036], [46.047618, 2.455064], [46.027029, 2.438137], [45.826345, 2.308824], [45.711925, 2.24433], [45.605642, 2.183051], [45.266205, 1.987291], [45.232188, 1.967678], [45.210704, 1.963121], [45.199718, 1.959621], [45.001475, 1.86636], [45.0, 1.865347341029067], [45.0, 10.460395], [45.001475, 10.460395], [45.111339, 10.52558], [45.12672, 10.531968], [45.157237, 10.541083], [45.252289, 10.600531], [45.320567, 10.662095], [45.33725, 10.670844], [45.354747, 10.66885], [45.37322, 10.662421], [45.392426, 10.658393], [45.40919, 10.659491], [45.445323, 10.667792]]], [[[53.298066, 12.121873], [53.308239, 12.118395], [53.310267, 12.111444], [53.277495, 12.113829], [53.263076, 12.114869], [53.248326, 12.121302], [53.268071, 12.128832], [53.286884, 12.127337], [53.298066, 12.121873]]], [[[53.01705, 12.175576], [53.02746, 12.179648], [53.03855, 12.180333], [53.053068, 12.17492], [53.068366, 12.17494], [53.082918, 12.164794], [53.087074, 12.148555], [53.086378, 12.134344], [53.071829, 12.130283], [53.05659, 12.128251], [53.026774, 12.139742], [53.006703, 12.156644], [52.985265, 12.162727], [52.98872, 12.172198], [53.003953, 12.176942], [53.01705, 12.175576]]], [[[52.284679, 12.154486], [52.24023, 12.156877], [52.235034, 12.165283], [52.224376, 12.180325], [52.21811, 12.180609], [52.211762, 12.180894], [52.190684, 12.174628], [52.179861, 12.172838], [52.175792, 12.176337], [52.164561, 12.192532], [52.162364, 12.197414], [52.156993, 12.196234], [52.136691, 12.204541], [52.123753, 12.201978], [52.112315, 12.198635], [52.105805, 12.203803], [52.101817, 12.207017], [52.068487, 12.222008], [52.064118, 12.235473], [52.078763, 12.239737], [52.094086, 12.241767], [52.118435, 12.241549], [52.147777, 12.234898], [52.178876, 12.213943], [52.200434, 12.206443], [52.216804, 12.207335], [52.246114, 12.202371], [52.289199, 12.200815], [52.319374, 12.188264], [52.374685, 12.200588], [52.389496, 12.197252], [52.394705, 12.187323], [52.381482, 12.182545], [52.371129, 12.171565], [52.37894, 12.165691], [52.388464, 12.148868], [52.359981, 12.153854], [52.347904, 12.151296], [52.330577, 12.146186], [52.284679, 12.154486]]], [[[54.40234, 12.467224], [54.368661, 12.459569], [54.328169, 12.443457], [54.283337, 12.447291], [54.245942, 12.433539], [54.237478, 12.425198], [54.218761, 12.3994], [54.209727, 12.393785], [54.183849, 12.382514], [54.154959, 12.359809], [54.140498, 12.351344], [54.110711, 12.353811], [54.064229, 12.350548], [54.047546, 12.352962], [54.030886, 12.348361], [54.008244, 12.329857], [53.985932, 12.337144], [53.985688, 12.337144], [53.969981, 12.341864], [53.939281, 12.334757], [53.896471, 12.327908], [53.776352, 12.304969], [53.731165, 12.300414], [53.672924, 12.306342], [53.618265, 12.322706], [53.572147, 12.334614], [53.552, 12.354383], [53.535981, 12.373765], [53.519542, 12.393541], [53.505626, 12.416327], [53.479375, 12.42517], [53.437875, 12.451956], [53.334239, 12.51553], [53.309744, 12.537665], [53.306895, 12.543402], [53.315684, 12.550279], [53.342494, 12.542609], [53.363002, 12.544913], [53.384532, 12.557318], [53.389415, 12.560777], [53.391124, 12.569648], [53.399587, 12.587592], [53.403168, 12.598049], [53.396027, 12.656468], [53.410738, 12.662136], [53.428024, 12.66539], [53.470077, 12.671424], [53.479578, 12.686535], [53.490327, 12.701621], [53.499869, 12.712065], [53.518946, 12.714351], [53.573762, 12.703772], [53.606198, 12.699985], [53.629935, 12.702304], [53.654755, 12.704758], [53.694009, 12.669779], [53.762894, 12.619703], [53.808065, 12.607996], [53.846104, 12.598605], [53.866401, 12.622933], [53.875995, 12.647294], [53.903391, 12.653031], [53.922427, 12.650655], [53.940184, 12.642426], [53.973541, 12.646988], [54.008097, 12.645744], [54.045131, 12.666556], [54.058259, 12.671163], [54.082166, 12.6862], [54.093028, 12.698879], [54.119395, 12.701117], [54.132246, 12.688366], [54.146511, 12.677861], [54.16789, 12.664995], [54.18346, 12.668444], [54.195491, 12.6754], [54.200531, 12.673], [54.210704, 12.661689], [54.218761, 12.652655], [54.237315, 12.652045], [54.26002, 12.647528], [54.269341, 12.632119], [54.284854, 12.626249], [54.319468, 12.610994], [54.360145, 12.602689], [54.400775, 12.580404], [54.421909, 12.574028], [54.470662, 12.543566], [54.496932, 12.546914], [54.516092, 12.558434], [54.526833, 12.557214], [54.540294, 12.550238], [54.527927, 12.537446], [54.498038, 12.529472], [54.476524, 12.522613], [54.457423, 12.519228], [54.446654, 12.51115], [54.444684, 12.484721], [54.40234, 12.467224]]], [[[53.727143, 24.231147], [53.738943, 24.234687], [53.748302, 24.234442], [53.76295, 24.228705], [53.765147, 24.228258], [53.770274, 24.22724], [53.77711, 24.229885], [53.801036, 24.247748], [53.828624, 24.25845], [53.83961, 24.26435], [53.848155, 24.275051], [53.853526, 24.262681], [53.852306, 24.259752], [53.848155, 24.254584], [53.858409, 24.239203], [53.863048, 24.234687], [53.888601, 24.219957], [53.892345, 24.217841], [53.926606, 24.211371], [53.93393, 24.208645], [53.9546, 24.200995], [53.964854, 24.172593], [53.95102, 24.149726], [53.920421, 24.139838], [53.884613, 24.141181], [53.854991, 24.152167], [53.857107, 24.161444], [53.849376, 24.174221], [53.837413, 24.177436], [53.826996, 24.158393], [53.834483, 24.152167], [53.807302, 24.135972], [53.774669, 24.130113], [53.741466, 24.13349], [53.711599, 24.144721], [53.694347, 24.153591], [53.694184, 24.153632], [53.684255, 24.156724], [53.656993, 24.158393], [53.639496, 24.160468], [53.628184, 24.164211], [53.627778, 24.171942], [53.643321, 24.186265], [53.654633, 24.192613], [53.656098, 24.193427], [53.680675, 24.20185], [53.691173, 24.206732], [53.710216, 24.222317], [53.715831, 24.225694], [53.72283, 24.229885], [53.727143, 24.231147]]], [[[51.998627, 24.236965], [52.004731, 24.252834], [52.016612, 24.257554], [52.025401, 24.245714], [52.02475, 24.241929], [52.022878, 24.238837], [52.02475, 24.234768], [52.017914, 24.220445], [52.007904, 24.210842], [52.004487, 24.213772], [51.997813, 24.216417], [51.994314, 24.219184], [51.998627, 24.226304], [51.998627, 24.236965]]], [[[54.188324, 24.277493], [54.198822, 24.253079], [54.190766, 24.22724], [54.180837, 24.245063], [54.159353, 24.253811], [54.134125, 24.260403], [54.112559, 24.271674], [54.101573, 24.297756], [54.115245, 24.318508], [54.136974, 24.32689], [54.1421, 24.322699], [54.150401, 24.315985], [54.175873, 24.290147], [54.188324, 24.277493]]], [[[52.568139, 24.283127], [52.556104, 24.306946], [52.558239, 24.326813], [52.574474, 24.34394], [52.587169, 24.3605], [52.611095, 24.373236], [52.634461, 24.3666], [52.645375, 24.350719], [52.650855, 24.324899], [52.648774, 24.309516], [52.627208, 24.283596], [52.608653, 24.268256], [52.592154, 24.253368], [52.579065, 24.266259], [52.568139, 24.283127]]], [[[54.203787, 24.353746], [54.218028, 24.357978], [54.232432, 24.357571], [54.241222, 24.340766], [54.25115, 24.326565], [54.273448, 24.302924], [54.266368, 24.294501], [54.257335, 24.287746], [54.247813, 24.283189], [54.239268, 24.281195], [54.228282, 24.281399], [54.222179, 24.284491], [54.205089, 24.302924], [54.192393, 24.311103], [54.183116, 24.315009], [54.179454, 24.321438], [54.184581, 24.337063], [54.191905, 24.346177], [54.203787, 24.353746]]], [[[53.187673, 24.294257], [53.191254, 24.30036], [53.194347, 24.302965], [53.231781, 24.295559], [53.241873, 24.297797], [53.267589, 24.308254], [53.272716, 24.312567], [53.278087, 24.316148], [53.311046, 24.328246], [53.329607, 24.336115], [53.338327, 24.33608], [53.348065, 24.320162], [53.357849, 24.315161], [53.36671, 24.319241], [53.368907, 24.330146], [53.367686, 24.340888], [53.361583, 24.350775], [53.399099, 24.401435], [53.416759, 24.412828], [53.417654, 24.40705], [53.42213, 24.397162], [53.423595, 24.39175], [53.446788, 24.37995], [53.447032, 24.379828], [53.44044, 24.341254], [53.427632, 24.328759], [53.38834, 24.312057], [53.369773, 24.301218], [53.345793, 24.298335], [53.331589, 24.288463], [53.331542, 24.277546], [53.322759, 24.262691], [53.308666, 24.278623], [53.294504, 24.279667], [53.276008, 24.288666], [53.266142, 24.27381], [53.228001, 24.278897], [53.213838, 24.280926], [53.192719, 24.277004], [53.189138, 24.275865], [53.186534, 24.275946], [53.184093, 24.281236], [53.184581, 24.287014], [53.187673, 24.294257]]], [[[54.312673, 24.359849], [54.309906, 24.36518], [54.295177, 24.37523], [54.292003, 24.384508], [54.304861, 24.385932], [54.325857, 24.373033], [54.335297, 24.364], [54.336111, 24.350328], [54.32545, 24.321275], [54.30893, 24.31387], [54.281586, 24.357489], [54.279063, 24.364447], [54.286143, 24.365546], [54.297211, 24.36286], [54.306895, 24.357245], [54.311371, 24.355292], [54.312673, 24.359849]]], [[[54.456716, 24.420803], [54.430431, 24.425238], [54.382579, 24.439521], [54.334809, 24.453192], [54.334809, 24.46898], [54.375336, 24.503607], [54.389415, 24.522691], [54.396251, 24.522691], [54.389415, 24.501573], [54.396658, 24.483466], [54.414317, 24.470608], [54.451427, 24.453192], [54.469737, 24.436469], [54.470551, 24.425035], [54.456716, 24.420803]]], [[[52.309744, 24.539496], [52.332565, 24.525414], [52.339238, 24.501552], [52.326224, 24.480646], [52.314228, 24.475651], [52.299653, 24.482896], [52.294444, 24.489], [52.289561, 24.491604], [52.283214, 24.497016], [52.282338, 24.510402], [52.291028, 24.521364], [52.298621, 24.533317], [52.309744, 24.539496]]], [[[51.72226, 24.590481], [51.722179, 24.59455], [51.721365, 24.593288], [51.7199, 24.593248], [51.718435, 24.593533], [51.718842, 24.591824], [51.717703, 24.59162], [51.718761, 24.587795], [51.71282, 24.592597], [51.711681, 24.602159], [51.719656, 24.607733], [51.724132, 24.607408], [51.735362, 24.599473], [51.739513, 24.590725], [51.737641, 24.58454], [51.737153, 24.58161], [51.732921, 24.572903], [51.730235, 24.565212], [51.725108, 24.568956], [51.723969, 24.582587], [51.726492, 24.588731], [51.722748, 24.587022], [51.72226, 24.590481]]], [[[53.072927, 24.859036], [53.071462, 24.863756], [53.063162, 24.873277], [53.058197, 24.886298], [53.060802, 24.893541], [53.079356, 24.891018], [53.0831, 24.873887], [53.079356, 24.853502], [53.072927, 24.859036]]], [[[54.991303, 24.969468], [54.990082, 24.970404], [54.98821, 24.970974], [54.98585, 24.970933], [54.983897, 24.970974], [54.981781, 24.9713], [54.979503, 24.971869], [54.979015, 24.971177], [54.978689, 24.970811], [54.978608, 24.969916], [54.97991, 24.969428], [54.98227, 24.969021], [54.984223, 24.968858], [54.984467, 24.969346], [54.984874, 24.969224], [54.984874, 24.968695], [54.984548, 24.968248], [54.984386, 24.968085], [54.98406, 24.968207], [54.98406, 24.968492], [54.981619, 24.968614], [54.979421, 24.969062], [54.977143, 24.969713], [54.972341, 24.971137], [54.970063, 24.972276], [54.965017, 24.975409], [54.962983, 24.977078], [54.96225, 24.977078], [54.961843, 24.977281], [54.961843, 24.977525], [54.963227, 24.978013], [54.96339, 24.977688], [54.963471, 24.977281], [54.965261, 24.975775], [54.970307, 24.972724], [54.972667, 24.971584], [54.977224, 24.97016], [54.977875, 24.97012], [54.977875, 24.970526], [54.977957, 24.971462], [54.977875, 24.971951], [54.976899, 24.972276], [54.974539, 24.973049], [54.971528, 24.974392], [54.968923, 24.975775], [54.966319, 24.977769], [54.963308, 24.980536], [54.962983, 24.980943], [54.962738, 24.98074], [54.962576, 24.981024], [54.962901, 24.981309], [54.96225, 24.982286], [54.961274, 24.983466], [54.959972, 24.983059], [54.959321, 24.982733], [54.959158, 24.982408], [54.959076, 24.973904], [54.958751, 24.973782], [54.958344, 24.974351], [54.958751, 24.982733], [54.959076, 24.983059], [54.961355, 24.983995], [54.961599, 24.98428], [54.961843, 24.984768], [54.961029, 24.986396], [54.960623, 24.986396], [54.960216, 24.986192], [54.959809, 24.986314], [54.958669, 24.989366], [54.957856, 24.991604], [54.95753, 24.994615], [54.957367, 24.99787], [54.957937, 25.002061], [54.959076, 25.005357], [54.960297, 25.008124], [54.962494, 25.01203], [54.96518, 25.015245], [54.967947, 25.018419], [54.968435, 25.019599], [54.969819, 25.022569], [54.971446, 25.024359], [54.97462, 25.027045], [54.977875, 25.028713], [54.98113, 25.02969], [54.984467, 25.029934], [54.988699, 25.029731], [54.990977, 25.029324], [54.991547, 25.029161], [54.991222, 25.027004], [54.990408, 25.02676], [54.988617, 25.026435], [54.987641, 25.025987], [54.987071, 25.025133], [54.985606, 25.023993], [54.983735, 25.023871], [54.980479, 25.022813], [54.978201, 25.021064], [54.976736, 25.019884], [54.975759, 25.019232], [54.973318, 25.018622], [54.971772, 25.018256], [54.969737, 25.016669], [54.967133, 25.014512], [54.966807, 25.014146], [54.966726, 25.013617], [54.967296, 25.01321], [54.96754, 25.012437], [54.966889, 25.011461], [54.964366, 25.008572], [54.962576, 25.004788], [54.961762, 25.001695], [54.961355, 24.999579], [54.961274, 24.997911], [54.961355, 24.995225], [54.961925, 24.990546], [54.96225, 24.989569], [54.963064, 24.988227], [54.963227, 24.987901], [54.963715, 24.988186], [54.963796, 24.98782], [54.962169, 24.987128], [54.961925, 24.986721], [54.963227, 24.984971], [54.963552, 24.984849], [54.96518, 24.985663], [54.965343, 24.985663], [54.965505, 24.985419], [54.964447, 24.984971], [54.965831, 24.983303], [54.967621, 24.981228], [54.969249, 24.979967], [54.973481, 24.9772], [54.975678, 24.976264], [54.97934, 24.975246], [54.983572, 24.974514], [54.987071, 24.974311], [54.987071, 24.975043], [54.987153, 24.975246], [54.987315, 24.975084], [54.987315, 24.972805], [54.987478, 24.972439], [54.988292, 24.972276], [54.990408, 24.971422], [54.991059, 24.970974], [54.991547, 24.970933], [54.992524, 24.971951], [54.992931, 24.972032], [54.993582, 24.971381], [54.995128, 24.969794], [54.996349, 24.968288], [54.997895, 24.968166], [55.000173, 24.968777], [55.001557, 24.969062], [55.005138, 24.970282], [55.007742, 24.97191], [55.007742, 24.972602], [55.007742, 24.973538], [55.007416, 24.974026], [55.006277, 24.973944], [55.005056, 24.973863], [55.005056, 24.975328], [55.003266, 24.978217], [54.994965, 24.992377], [54.995046, 24.992906], [54.996186, 24.993476], [54.995453, 24.99494], [54.993988, 24.993883], [54.992524, 24.991767], [54.991303, 24.989244], [54.990896, 24.987209], [54.990977, 24.982367], [54.991303, 24.980292], [54.990977, 24.980048], [54.989838, 24.979885], [54.989594, 24.980292], [54.989268, 24.983791], [54.989594, 24.987616], [54.990652, 24.990953], [54.992686, 24.993883], [54.993337, 24.9949], [54.9935, 24.995469], [54.993175, 24.995876], [54.992198, 24.995795], [54.989919, 24.993557], [54.987559, 24.989569], [54.986664, 24.986274], [54.985932, 24.983385], [54.985606, 24.980943], [54.984874, 24.980455], [54.984223, 24.980658], [54.983897, 24.981676], [54.984874, 24.986151], [54.986746, 24.990017], [54.988943, 24.993801], [54.991059, 24.995836], [54.991873, 24.996731], [54.992035, 24.997219], [54.991628, 24.997626], [54.990896, 24.997301], [54.989594, 24.996772], [54.98585, 24.993801], [54.983246, 24.990831], [54.981456, 24.987454], [54.980805, 24.984646], [54.980479, 24.98314], [54.97991, 24.982367], [54.979096, 24.982611], [54.978689, 24.983303], [54.979991, 24.987738], [54.9817, 24.990546], [54.98406, 24.993557], [54.987071, 24.995958], [54.989268, 24.997707], [54.990896, 24.998643], [54.991059, 24.999172], [54.990896, 24.999783], [54.989594, 24.999579], [54.985932, 24.998033], [54.983572, 24.996365], [54.981619, 24.994696], [54.979015, 24.991645], [54.977631, 24.989081], [54.976817, 24.986599], [54.976085, 24.985338], [54.975434, 24.985256], [54.974783, 24.9855], [54.974457, 24.986558], [54.976329, 24.990831], [54.978608, 24.993964], [54.982107, 24.997016], [54.98406, 24.998521], [54.986176, 24.999376], [54.989594, 25.000352], [54.989838, 25.000678], [54.989838, 25.00141], [54.989594, 25.001776], [54.988699, 25.001695], [54.985606, 25.001085], [54.98113, 24.99962], [54.97877, 24.998196], [54.977061, 24.996812], [54.974783, 24.994737], [54.972585, 24.992051], [54.971772, 24.990994], [54.970632, 24.990871], [54.970225, 24.991319], [54.970225, 24.992011], [54.970958, 24.993598], [54.972992, 24.995592], [54.976492, 24.998236], [54.980235, 25.000474], [54.983002, 25.001695], [54.986746, 25.002427], [54.98821, 25.00259], [54.988699, 25.00259], [54.98878, 25.003079], [54.988536, 25.003607], [54.988129, 25.003933], [54.986013, 25.003933], [54.983653, 25.003648], [54.979828, 25.002956], [54.976085, 25.001207], [54.974132, 25.000271], [54.971365, 24.99787], [54.970307, 24.997016], [54.969493, 24.996934], [54.969086, 24.997463], [54.969168, 24.998562], [54.970388, 24.999905], [54.973725, 25.001776], [54.978201, 25.003648], [54.981781, 25.004584], [54.985037, 25.004828], [54.987153, 25.004788], [54.987559, 25.004788], [54.987478, 25.005439], [54.987153, 25.006171], [54.986013, 25.006578], [54.983653, 25.006985], [54.979828, 25.007229], [54.976085, 25.006863], [54.973318, 25.005642], [54.97226, 25.005032], [54.971528, 25.005032], [54.971121, 25.005683], [54.971528, 25.006496], [54.977224, 25.008124], [54.980479, 25.008328], [54.983653, 25.008328], [54.98585, 25.007799], [54.986664, 25.007636], [54.986746, 25.008328], [54.986257, 25.009019], [54.984141, 25.009589], [54.980479, 25.010565], [54.977387, 25.010932], [54.975434, 25.010728], [54.974946, 25.011339], [54.975597, 25.012071], [54.977712, 25.012071], [54.980479, 25.011746], [54.983409, 25.011339], [54.984711, 25.011013], [54.985606, 25.010972], [54.985362, 25.011379], [54.985281, 25.011746], [54.983165, 25.013048], [54.979666, 25.014065], [54.97877, 25.015001], [54.979177, 25.015692], [54.980479, 25.015448], [54.983653, 25.01378], [54.985606, 25.012885], [54.986176, 25.013007], [54.986746, 25.019395], [54.987315, 25.019599], [54.987641, 25.019314], [54.987071, 25.013007], [54.987071, 25.012397], [54.987397, 25.012071], [54.987641, 25.012274], [54.987804, 25.012885], [54.989106, 25.015245], [54.990408, 25.017808], [54.992361, 25.020494], [54.993582, 25.020738], [54.99407, 25.020535], [54.993988, 25.019802], [54.992768, 25.018866], [54.991303, 25.016872], [54.989594, 25.011949], [54.98935, 25.010484], [54.989594, 25.009996], [54.990164, 25.010362], [54.992361, 25.014472], [54.993988, 25.016262], [54.997162, 25.019314], [54.999441, 25.020575], [55.000336, 25.020738], [55.000662, 25.02029], [55.000499, 25.019395], [54.998953, 25.018419], [54.997325, 25.017035], [54.995128, 25.015041], [54.993337, 25.0126], [54.992035, 25.010321], [54.991384, 25.008816], [54.991303, 25.008124], [54.991791, 25.007636], [54.992361, 25.007676], [54.994802, 25.010972], [54.997895, 25.013536], [55.002615, 25.016303], [55.005463, 25.017401], [55.008311, 25.017768], [55.009207, 25.017401], [55.009125, 25.016262], [55.007742, 25.015774], [55.004324, 25.015286], [55.000824, 25.013617], [54.998139, 25.012071], [54.995779, 25.010037], [54.993175, 25.006659], [54.992524, 25.005764], [54.992931, 25.005072], [54.993582, 25.005235], [54.996755, 25.008205], [55.000824, 25.01081], [55.004649, 25.012519], [55.009369, 25.013414], [55.012299, 25.013617], [55.01352, 25.013495], [55.014008, 25.013048], [55.014008, 25.012437], [55.01352, 25.011746], [55.01238, 25.011868], [55.008881, 25.011746], [55.00587, 25.011379], [55.001638, 25.00967], [54.997488, 25.007066], [54.99407, 25.004299], [54.993826, 25.003607], [54.994151, 25.003079], [54.994965, 25.003038], [54.998627, 25.005601], [55.002126, 25.006985], [55.004568, 25.007717], [55.0088, 25.007921], [55.013113, 25.007839], [55.016205, 25.007148], [55.017019, 25.006741], [55.017263, 25.00609], [55.017019, 25.00552], [55.016287, 25.005357], [55.014659, 25.005642], [55.012543, 25.00609], [55.0088, 25.006659], [55.004731, 25.006496], [55.002289, 25.005764], [54.998953, 25.004462], [54.995616, 25.002305], [54.995291, 25.001858], [54.995616, 25.00141], [54.996267, 25.001329], [54.998627, 25.002183], [55.002126, 25.003241], [55.005382, 25.003689], [55.008067, 25.00373], [55.012055, 25.003648], [55.014496, 25.00316], [55.016124, 25.00259], [55.0171, 25.00198], [55.017345, 25.001492], [55.017019, 25.000841], [55.016287, 25.000678], [55.01352, 25.001329], [55.009451, 25.002427], [55.007009, 25.002712], [55.005382, 25.00259], [55.002045, 25.002183], [54.998627, 25.001125], [54.996755, 25.000352], [54.996349, 24.999905], [54.996755, 24.999335], [54.998139, 24.999538], [55.000824, 24.999864], [55.005951, 24.999986], [55.009776, 24.999661], [55.012299, 24.998847], [55.015798, 24.997178], [55.016124, 24.99669], [55.016205, 24.995795], [55.015473, 24.995632], [55.014252, 24.995673], [55.011648, 24.997219], [55.009207, 24.998114], [55.005789, 24.998643], [55.00058, 24.998562], [54.998383, 24.998481], [54.997406, 24.997911], [54.997406, 24.997585], [54.998546, 24.997301], [55.001231, 24.997341], [55.003103, 24.997178], [55.00587, 24.996527], [55.009369, 24.995103], [55.012055, 24.993638], [55.013438, 24.992174], [55.013601, 24.99136], [55.013438, 24.990871], [55.012543, 24.990668], [55.011648, 24.991116], [55.008962, 24.993435], [55.005789, 24.995103], [55.003998, 24.995754], [55.001638, 24.996202], [54.999034, 24.996243], [54.997813, 24.996243], [54.997, 24.995673], [54.996918, 24.995307], [54.997162, 24.994289], [54.997732, 24.99433], [54.998871, 24.994737], [54.999441, 24.994737], [55.001313, 24.992051], [55.009369, 24.978095], [55.01002, 24.977484], [55.011404, 24.976955], [55.011567, 24.976549], [55.011241, 24.976142], [55.009613, 24.974921], [55.009369, 24.974636], [55.009613, 24.974229], [55.010753, 24.973415], [55.011892, 24.974107], [55.013031, 24.974677], [55.015961, 24.976223], [55.017751, 24.97724], [55.01824, 24.97838], [55.017833, 24.978705], [55.01767, 24.981147], [55.017751, 24.984687], [55.018077, 24.985826], [55.018809, 24.98607], [55.019298, 24.986314], [55.021495, 24.989691], [55.019705, 24.990831], [55.02003, 24.991197], [55.020763, 24.990831], [55.022472, 24.993964], [55.023774, 24.997097], [55.025076, 25.000963], [55.02532, 25.004991], [55.024994, 25.009141], [55.023774, 25.011664], [55.022716, 25.013495], [55.022716, 25.014065], [55.023774, 25.014716], [55.022309, 25.01675], [55.021088, 25.015937], [55.021088, 25.016506], [55.021088, 25.017198], [55.018484, 25.019436], [55.015636, 25.021918], [55.013113, 25.023179], [55.011078, 25.024563], [55.00766, 25.025417], [55.004324, 25.026353], [55.000906, 25.026435], [54.997, 25.026435], [54.994477, 25.026435], [54.994314, 25.025865], [54.993907, 25.025946], [54.99464, 25.029812], [55.000092, 25.029975], [55.005138, 25.029405], [55.009451, 25.028388], [55.014659, 25.026475], [55.017263, 25.024807], [55.022146, 25.021064], [55.024343, 25.018663], [55.024587, 25.018134], [55.023529, 25.017605], [55.024994, 25.015408], [55.027761, 25.016995], [55.028412, 25.016954], [55.032237, 25.014472], [55.034272, 25.013088], [55.036388, 25.011583], [55.036388, 25.011176], [55.035818, 25.011461], [55.034109, 25.012885], [55.031993, 25.014146], [55.028412, 25.016628], [55.027761, 25.016628], [55.026215, 25.01557], [55.027273, 25.013495], [55.028087, 25.011461], [55.028901, 25.007717], [55.029145, 25.003933], [55.028901, 25.001207], [55.028494, 24.998236], [55.028005, 24.997056], [55.028087, 24.996894], [55.029959, 24.996243], [55.030284, 24.996405], [55.030772, 24.998725], [55.031261, 25.00141], [55.031505, 25.005032], [55.031016, 25.010403], [55.030121, 25.010606], [55.030121, 25.010972], [55.031179, 25.011583], [55.031586, 25.011583], [55.031586, 25.011217], [55.031423, 25.01081], [55.031505, 25.010199], [55.03183, 25.004991], [55.031586, 25.001085], [55.031179, 24.998521], [55.030284, 24.995225], [55.027761, 24.989814], [55.027843, 24.989488], [55.027843, 24.989285], [55.026459, 24.989163], [55.026541, 24.989488], [55.026947, 24.989651], [55.027354, 24.989814], [55.029796, 24.994737], [55.029633, 24.995185], [55.028168, 24.995673], [55.027599, 24.995673], [55.026378, 24.992743], [55.024181, 24.989163], [55.023041, 24.989081], [55.022472, 24.989], [55.022227, 24.988878], [55.020518, 24.986029], [55.020356, 24.984036], [55.020356, 24.980821], [55.020518, 24.979722], [55.021007, 24.978583], [55.02003, 24.977647], [55.017996, 24.976508], [55.022227, 24.978827], [55.049978, 24.993394], [55.044607, 25.013902], [55.077647, 25.02025], [55.082286, 25.016832], [55.156912, 25.096747], [55.259044, 25.215277], [55.264171, 25.231187], [55.263357, 25.24494], [55.2824, 25.260688], [55.29835, 25.25849], [55.313324, 25.238918], [55.31837, 25.225287], [55.31422, 25.212063], [55.301117, 25.193671], [55.328868, 25.201483], [55.334239, 25.219224], [55.326508, 25.241197], [55.306407, 25.275051], [55.303722, 25.283026], [55.309255, 25.291734], [55.339366, 25.321438], [55.348155, 25.324774], [55.363292, 25.324042], [55.358653, 25.336575], [55.359386, 25.348578], [55.365489, 25.358588], [55.376964, 25.364976], [55.387055, 25.357082], [55.407237, 25.372748], [55.438975, 25.412787], [55.44516, 25.412787], [55.449555, 25.400621], [55.455333, 25.399888], [55.461192, 25.407375], [55.465668, 25.419623], [55.472504, 25.412787], [55.486095, 25.449937], [55.495616, 25.466132], [55.506602, 25.47484], [55.494151, 25.48078], [55.500499, 25.492987], [55.513357, 25.508857], [55.520274, 25.525702], [55.524669, 25.542629], [55.535655, 25.562405], [55.551036, 25.578599], [55.568126, 25.584662], [55.559581, 25.568305], [55.548595, 25.554877], [55.542247, 25.542548], [55.548188, 25.529486], [55.563731, 25.523749], [55.583344, 25.526842], [55.605154, 25.532945], [55.626313, 25.536322], [55.632579, 25.544176], [55.648123, 25.583157], [55.656912, 25.597724], [55.683442, 25.623521], [55.699474, 25.634711], [55.733897, 25.646796], [55.759532, 25.679674], [55.770518, 25.687161], [55.779552, 25.688422], [55.792247, 25.692043], [55.803477, 25.697414], [55.80836, 25.704169], [55.812836, 25.706529], [55.842459, 25.713813], [55.878103, 25.740058], [55.932465, 25.802558], [55.959727, 25.823676], [55.953787, 25.814602], [55.947439, 25.794094], [55.937185, 25.776679], [55.941254, 25.770697], [55.948497, 25.768948], [55.952322, 25.772121], [55.954438, 25.787095], [55.963715, 25.815375], [55.965994, 25.834215], [55.972341, 25.842841], [56.014415, 25.878852], [56.023204, 25.889228], [56.030772, 25.900865], [56.036876, 25.915107], [56.041026, 25.933539], [56.03419, 25.933539], [56.03061, 25.924262], [56.024669, 25.916449], [56.016938, 25.910468], [56.007579, 25.906887], [56.033702, 25.946438], [56.055349, 25.988756], [56.073253, 26.052314], [56.077403, 26.061062], [56.077485, 26.061347], [56.082042, 26.070705], [56.091482, 26.106513], [56.157725, 26.201077], [56.181814, 26.245998], [56.191905, 26.255072], [56.208263, 26.263088], [56.209158, 26.257554], [56.208263, 26.244045], [56.2199, 26.227729], [56.216807, 26.222113], [56.212413, 26.207831], [56.2199, 26.207831], [56.229503, 26.216783], [56.255544, 26.218085], [56.260753, 26.224595], [56.266856, 26.227484], [56.279959, 26.22309], [56.29184, 26.211859], [56.294932, 26.194241], [56.301931, 26.205308], [56.308849, 26.204739], [56.317393, 26.200629], [56.329112, 26.201077], [56.356293, 26.219143], [56.366954, 26.221503], [56.397472, 26.213853], [56.404145, 26.214748], [56.406912, 26.223131], [56.402354, 26.232082], [56.394542, 26.239163], [56.38738, 26.242011], [56.367849, 26.244086], [56.355724, 26.243394], [56.346853, 26.238593], [56.341156, 26.232327], [56.331309, 26.223456], [56.319591, 26.217922], [56.308442, 26.221503], [56.308279, 26.232611], [56.315929, 26.274644], [56.315929, 26.290432], [56.345225, 26.269232], [56.358409, 26.26496], [56.36378, 26.279527], [56.35906, 26.28734], [56.34783, 26.297431], [56.333995, 26.306138], [56.322276, 26.309638], [56.326508, 26.318915], [56.332042, 26.320746], [56.338145, 26.320705], [56.344005, 26.32392], [56.356293, 26.337592], [56.361827, 26.349514], [56.360525, 26.371283], [56.36378, 26.385972], [56.369965, 26.385972], [56.383637, 26.35871], [56.399099, 26.367906], [56.404145, 26.372301], [56.411632, 26.364936], [56.406912, 26.357367], [56.406505, 26.354804], [56.408702, 26.352362], [56.411632, 26.345038], [56.421072, 26.352118], [56.426931, 26.349595], [56.431895, 26.342963], [56.438975, 26.337592], [56.462169, 26.331855], [56.474376, 26.330797], [56.487315, 26.331366], [56.485199, 26.335883], [56.481781, 26.347357], [56.479828, 26.351874], [56.500987, 26.35871], [56.511078, 26.333482], [56.508962, 26.323717], [56.494965, 26.32274], [56.469574, 26.32392], [56.45281, 26.318345], [56.422862, 26.294623], [56.406261, 26.284898], [56.407481, 26.284857], [56.407237, 26.27912], [56.398611, 26.268704], [56.420909, 26.247626], [56.432302, 26.239447], [56.445811, 26.235175], [56.454926, 26.239325], [56.465343, 26.24726], [56.476248, 26.249172], [56.487315, 26.235175], [56.468761, 26.205512], [56.459646, 26.202094], [56.453298, 26.221503], [56.443044, 26.220445], [56.431977, 26.221503], [56.435802, 26.211615], [56.43686, 26.205268], [56.435395, 26.200141], [56.431977, 26.194241], [56.444591, 26.182359], [56.459727, 26.174262], [56.472911, 26.164008], [56.479828, 26.145819], [56.46811, 26.145982], [56.457367, 26.148424], [56.447765, 26.153144], [56.438975, 26.160102], [56.424571, 26.153795], [56.412446, 26.158433], [56.404959, 26.1706], [56.404145, 26.186754], [56.398285, 26.183417], [56.383149, 26.176988], [56.377452, 26.173733], [56.376964, 26.184394], [56.378917, 26.192532], [56.383637, 26.198065], [56.391124, 26.201077], [56.368419, 26.204535], [56.343598, 26.191392], [56.328787, 26.172838], [56.335948, 26.160102], [56.330903, 26.149319], [56.329763, 26.137112], [56.331716, 26.124213], [56.335948, 26.11164], [56.344737, 26.131822], [56.353038, 26.142646], [56.36378, 26.145819], [56.370128, 26.139472], [56.371104, 26.127834], [56.368337, 26.114895], [56.36378, 26.104885], [56.383311, 26.09748], [56.472992, 26.098619], [56.464366, 26.085354], [56.449229, 26.073554], [56.418305, 26.057074], [56.389171, 26.047105], [56.380138, 26.038235], [56.383637, 26.022284], [56.408865, 26.034369], [56.422862, 26.023139], [56.42335, 26.004625], [56.400401, 25.990465], [56.40504, 25.980455], [56.418305, 25.963935], [56.42213, 25.95661], [56.431163, 25.952704], [56.453298, 25.94717], [56.445486, 25.94245], [56.442638, 25.939276], [56.438975, 25.926093], [56.424164, 25.933173], [56.407888, 25.937405], [56.393321, 25.935858], [56.383637, 25.926093], [56.399425, 25.90233], [56.392589, 25.880439], [56.37615, 25.85928], [56.36378, 25.837958], [56.362641, 25.830634], [56.36378, 25.806871], [56.344005, 25.789537], [56.327403, 25.762397], [56.316254, 25.749579], [56.301768, 25.741767], [56.301768, 25.762885], [56.287934, 25.741604], [56.273774, 25.709133], [56.266612, 25.672593], [56.273774, 25.639309], [56.279063, 25.627427], [56.300304, 25.616156], [56.323253, 25.607815], [56.340017, 25.60456], [56.347992, 25.593085], [56.369965, 25.525702], [56.36378, 25.433254], [56.365001, 25.423163], [56.368337, 25.396308], [56.366954, 25.388861], [56.359223, 25.37641], [56.360199, 25.367255], [56.369965, 25.351304], [56.374685, 25.341213], [56.379161, 25.334621], [56.382498, 25.32685], [56.382986, 25.321275], [56.383637, 25.313463], [56.38266, 25.302232], [56.378429, 25.28262], [56.375255, 25.252753], [56.365977, 25.209215], [56.362234, 25.068264], [56.36199, 25.057278], [56.383311, 24.978217], [56.405447, 24.897284], [56.469574, 24.775336], [56.480317, 24.765123], [56.486827, 24.741848], [56.4935, 24.700181], [56.611176, 24.496324], [56.63559, 24.471381], [56.692149, 24.425238], [56.801443, 24.302965], [56.82309, 24.271145], [56.832286, 24.252509], [56.841075, 24.223822], [56.939464, 24.115912], [57.058279, 24.023098], [57.151541, 23.953559], [57.184255, 23.934272], [57.326345, 23.884019], [57.509613, 23.839097], [57.586436, 23.80744], [57.645193, 23.790432], [57.686778, 23.783352], [57.709727, 23.782213], [57.777354, 23.785956], [57.795746, 23.782213], [57.824392, 23.747626], [57.834972, 23.740058], [57.859223, 23.734076], [57.887706, 23.720852], [57.912771, 23.717841], [58.043142, 23.724555], [58.086762, 23.722113], [58.131602, 23.713324], [58.193207, 23.689358], [58.210297, 23.685981], [58.227387, 23.679145], [58.264171, 23.644843], [58.2824, 23.631415], [58.317231, 23.620917], [58.363536, 23.615546], [58.411957, 23.616197], [58.452973, 23.623969], [58.474864, 23.631537], [58.483653, 23.638129], [58.490896, 23.656562], [58.499522, 23.656887], [58.518565, 23.651923], [58.561371, 23.651109], [58.584158, 23.646959], [58.604503, 23.6376], [58.613292, 23.625067], [58.633311, 23.585273], [58.6421, 23.576809], [58.647146, 23.574897], [58.651541, 23.570543], [58.655528, 23.565741], [58.659028, 23.562486], [58.661306, 23.563137], [58.66684, 23.56391], [58.674001, 23.563951], [58.680349, 23.562486], [58.694591, 23.551418], [58.702403, 23.542955], [58.706879, 23.535142], [58.714366, 23.535142], [58.720551, 23.548814], [58.722911, 23.543402], [58.724946, 23.540107], [58.726817, 23.536078], [58.728038, 23.528388], [58.734874, 23.528388], [58.736013, 23.53266], [58.740977, 23.54206], [58.746349, 23.537665], [58.749522, 23.536444], [58.762055, 23.54206], [58.786143, 23.512112], [58.792979, 23.495673], [58.789399, 23.480618], [58.797374, 23.466783], [58.807628, 23.421129], [58.820567, 23.40176], [58.879161, 23.351264], [58.915212, 23.336086], [58.929454, 23.318101], [58.946544, 23.275092], [58.956228, 23.259426], [58.986501, 23.232489], [59.00172, 23.212388], [59.010102, 23.153306], [59.073741, 23.093248], [59.077891, 23.08515], [59.083669, 23.055365], [59.087901, 23.048407], [59.09254, 23.043647], [59.120453, 23.022773], [59.173676, 22.993964], [59.20753, 22.970364], [59.23227, 22.94302], [59.250011, 22.912014], [59.286143, 22.826483], [59.289806, 22.812079], [59.297537, 22.792711], [59.315684, 22.779486], [59.351817, 22.761176], [59.391612, 22.702216], [59.397227, 22.686103], [59.410655, 22.670844], [59.452485, 22.634101], [59.483897, 22.618842], [59.506847, 22.600084], [59.529796, 22.587877], [59.535492, 22.583075], [59.536469, 22.572577], [59.530447, 22.570054], [59.521983, 22.57217], [59.515636, 22.575588], [59.515798, 22.56151], [59.523123, 22.555121], [59.535167, 22.55386], [59.549815, 22.555121], [59.626801, 22.57982], [59.653494, 22.569729], [59.693858, 22.541449], [59.699962, 22.54092], [59.715668, 22.542914], [59.721202, 22.541449], [59.723969, 22.536811], [59.725841, 22.526109], [59.728526, 22.520982], [59.728363, 22.518134], [59.727224, 22.513577], [59.728038, 22.507636], [59.734711, 22.500474], [59.739757, 22.497789], [59.746104, 22.495592], [59.752778, 22.494208], [59.758962, 22.493638], [59.762543, 22.498603], [59.756033, 22.509426], [59.741547, 22.524726], [59.745779, 22.538235], [59.756358, 22.538479], [59.776378, 22.541449], [59.803233, 22.534735], [59.82488, 22.508857], [59.839366, 22.475287], [59.844574, 22.445258], [59.82488, 22.281399], [59.811778, 22.237372], [59.791759, 22.198065], [59.734711, 22.123114], [59.704926, 22.099555], [59.688162, 22.082709], [59.680675, 22.06509], [59.677989, 22.041897], [59.659679, 21.994045], [59.65504, 21.945746], [59.645274, 21.925849], [59.605642, 21.910224], [59.593435, 21.892768], [59.576996, 21.856269], [59.497895, 21.756334], [59.467621, 21.666409], [59.448578, 21.624905], [59.354991, 21.485663], [59.347504, 21.453559], [59.344249, 21.444729], [59.336192, 21.43773], [59.195323, 21.379096], [59.16627, 21.362779], [59.054373, 21.277086], [58.9192, 21.143704], [58.878103, 21.083808], [58.867931, 21.074774], [58.854259, 21.065619], [58.838552, 21.044501], [58.807872, 20.99079], [58.804454, 20.981594], [58.801931, 20.946234], [58.798839, 20.936021], [58.792979, 20.927395], [58.734874, 20.883002], [58.739024, 20.86225], [58.722179, 20.848049], [58.680349, 20.828355], [58.681488, 20.826483], [58.673839, 20.808173], [58.672699, 20.807847], [58.665782, 20.801581], [58.661306, 20.796332], [58.659028, 20.790839], [58.661469, 20.781643], [58.667654, 20.772284], [58.676443, 20.76439], [58.686534, 20.759467], [58.701345, 20.766018], [58.71811, 20.780829], [58.72934, 20.786811], [58.728038, 20.766913], [58.71811, 20.753648], [58.69988, 20.74079], [58.681814, 20.735907], [58.672699, 20.746405], [58.666515, 20.746405], [58.660899, 20.732327], [58.653331, 20.705268], [58.645356, 20.691148], [58.637462, 20.684394], [58.615408, 20.672431], [58.604503, 20.663275], [58.591807, 20.643948], [58.580821, 20.618476], [58.573253, 20.590644], [58.570486, 20.564276], [58.545095, 20.516425], [58.531261, 20.481391], [58.532481, 20.465277], [58.526866, 20.457709], [58.521495, 20.424384], [58.518565, 20.416815], [58.510427, 20.415229], [58.497081, 20.410793], [58.483572, 20.404202], [58.474132, 20.396389], [58.467459, 20.369534], [58.445811, 20.358629], [58.417654, 20.359605], [58.391612, 20.368476], [58.372569, 20.377387], [58.359141, 20.381578], [58.326427, 20.382717], [58.313813, 20.380805], [58.29005, 20.371405], [58.275564, 20.368476], [58.278656, 20.377387], [58.284516, 20.381985], [58.279633, 20.384833], [58.244151, 20.394232], [58.224294, 20.396389], [58.202891, 20.404731], [58.200531, 20.424384], [58.21339, 20.465277], [58.213227, 20.452704], [58.217296, 20.441555], [58.224783, 20.43183], [58.23463, 20.423651], [58.238455, 20.443834], [58.228282, 20.488837], [58.238048, 20.509345], [58.251313, 20.529202], [58.261567, 20.558092], [58.264171, 20.587633], [58.255138, 20.60928], [58.234874, 20.615668], [58.20574, 20.613349], [58.17628, 20.604722], [58.144216, 20.585191], [58.103526, 20.575141], [58.090831, 20.56684], [58.084483, 20.558051], [58.067231, 20.511054], [58.06658, 20.499823], [58.07309, 20.489163], [58.075857, 20.480048], [58.067638, 20.47248], [58.055349, 20.467231], [58.030772, 20.4619], [58.012462, 20.453437], [57.994395, 20.442288], [57.970714, 20.42121], [57.962087, 20.410875], [57.955821, 20.399563], [57.95338, 20.38642], [57.956554, 20.376939], [57.970714, 20.361884], [57.973888, 20.352281], [57.966563, 20.330227], [57.948741, 20.317572], [57.90504, 20.300767], [57.888438, 20.290717], [57.870453, 20.277045], [57.85613, 20.260647], [57.850352, 20.242418], [57.8449, 20.231187], [57.833507, 20.218329], [57.823741, 20.201077], [57.823009, 20.176663], [57.84197, 20.136054], [57.847992, 20.111762], [57.831716, 20.075344], [57.816254, 20.020738], [57.815684, 20.006578], [57.81365, 19.976996], [57.790375, 19.924018], [57.773692, 19.867865], [57.762055, 19.842963], [57.698904, 19.754381], [57.68922, 19.728176], [57.69337, 19.697455], [57.70045, 19.685981], [57.709239, 19.676744], [57.716807, 19.666815], [57.719981, 19.653062], [57.720551, 19.622626], [57.718923, 19.607978], [57.713878, 19.595038], [57.706554, 19.568834], [57.704438, 19.548733], [57.711762, 19.529486], [57.760265, 19.454088], [57.767833, 19.437445], [57.773936, 19.409654], [57.773774, 19.38288], [57.769054, 19.357611], [57.752208, 19.311591], [57.748302, 19.291002], [57.750662, 19.268052], [57.770844, 19.216946], [57.780528, 19.201117], [57.805675, 19.173], [57.81186, 19.156887], [57.802989, 19.115139], [57.802013, 19.094794], [57.839854, 19.029975], [57.840099, 19.015326], [57.815684, 18.991767], [57.801117, 18.980658], [57.79713, 18.979234], [57.752289, 18.973049], [57.747325, 18.967841], [57.742849, 18.961859], [57.731944, 18.953803], [57.719412, 18.946926], [57.709727, 18.943996], [57.501475, 18.953681], [57.445323, 18.945339], [57.20753, 18.90998], [57.083751, 18.87637], [56.91505, 18.810289], [56.850352, 18.765815], [56.807791, 18.745592], [56.784679, 18.728583], [56.77475, 18.70718], [56.766449, 18.696845], [56.659679, 18.595364], [56.641124, 18.559272], [56.636892, 18.511949], [56.643403, 18.479193], [56.644298, 18.467597], [56.641124, 18.454901], [56.626638, 18.435858], [56.621267, 18.419582], [56.612315, 18.399604], [56.60963, 18.389065], [56.60963, 18.34748], [56.600597, 18.305406], [56.548839, 18.189846], [56.563731, 18.170233], [56.56129, 18.149237], [56.547211, 18.129706], [56.527599, 18.114691], [56.484141, 18.096503], [56.462576, 18.084418], [56.431977, 18.032172], [56.425629, 18.027411], [56.411306, 18.023179], [56.404145, 18.01911], [56.357677, 17.969794], [56.354991, 17.962307], [56.356293, 17.940009], [56.3449, 17.937812], [56.188487, 17.957099], [56.168224, 17.954088], [56.138357, 17.940579], [56.116222, 17.936591], [56.031098, 17.943427], [56.010753, 17.940375], [55.946056, 17.915473], [55.909434, 17.906643], [55.653494, 17.895331], [55.552908, 17.870266], [55.530528, 17.868313], [55.522472, 17.866441], [55.517345, 17.86225], [55.512869, 17.857489], [55.506602, 17.85399], [55.488292, 17.853461], [55.486827, 17.85399], [55.453949, 17.845404], [55.44516, 17.84101], [55.431651, 17.824652], [55.417328, 17.785224], [55.40797, 17.768704], [55.393077, 17.752143], [55.388682, 17.744289], [55.373383, 17.703315], [55.369477, 17.696357], [55.355724, 17.681586], [55.263194, 17.607733], [55.235037, 17.558824], [55.228201, 17.538764], [55.225434, 17.515448], [55.229503, 17.488593], [55.240082, 17.475165], [55.273774, 17.457424], [55.293224, 17.43769], [55.300792, 17.416815], [55.301117, 17.371161], [55.2942, 17.352118], [55.253429, 17.29914], [55.251231, 17.289984], [55.249522, 17.276109], [55.250662, 17.263617], [55.256847, 17.258205], [55.264822, 17.254788], [55.265147, 17.247056], [55.260265, 17.23428], [55.254731, 17.228705], [55.228526, 17.216132], [55.219249, 17.210395], [55.213145, 17.202094], [55.209321, 17.193549], [55.205089, 17.176215], [55.195486, 17.160834], [55.198741, 17.155748], [55.18922, 17.144761], [55.158865, 17.13581], [55.143565, 17.127834], [55.138438, 17.118883], [55.132986, 17.105048], [55.124766, 17.092475], [55.112559, 17.086859], [55.071788, 17.042182], [55.026866, 17.011135], [55.020681, 17.011135], [55.010916, 17.026272], [54.999197, 17.01968], [54.98699, 17.005357], [54.975352, 16.997463], [54.959646, 16.994859], [54.945079, 16.989976], [54.931326, 16.987128], [54.917003, 16.990668], [54.901378, 16.974921], [54.882823, 16.969062], [54.841807, 16.963935], [54.808442, 16.951483], [54.79184, 16.951402], [54.780528, 16.963935], [54.769054, 16.957913], [54.750743, 16.960517], [54.739431, 16.956488], [54.705333, 16.977607], [54.697927, 16.97016], [54.689789, 16.989325], [54.685313, 17.006903], [54.674083, 17.019761], [54.633149, 17.026923], [54.60434, 17.036322], [54.592052, 17.038479], [54.580333, 17.03734], [54.559744, 17.032701], [54.547699, 17.031643], [54.51238, 17.038398], [54.499278, 17.038479], [54.488536, 17.03559], [54.467621, 17.026679], [54.461681, 17.024807], [54.414561, 17.037828], [54.389985, 17.039455], [54.369477, 17.024807], [54.360118, 17.029608], [54.350352, 17.031684], [54.164073, 17.011135], [54.084972, 17.011135], [54.067556, 17.006741], [54.023448, 16.985338], [54.012706, 16.977607], [54.008962, 16.968655], [54.009288, 16.960924], [54.011404, 16.953681], [54.012706, 16.94599], [54.009451, 16.937445], [53.995372, 16.92536], [53.992198, 16.919257], [53.98113, 16.908759], [53.955903, 16.903876], [53.910167, 16.901272], [53.850352, 16.889146], [53.83074, 16.887641], [53.812673, 16.881781], [53.792003, 16.870307], [53.771332, 16.862616], [53.753184, 16.867743], [53.73463, 16.856147], [53.709321, 16.836005], [53.687022, 16.813625], [53.677501, 16.795111], [53.669281, 16.784084], [53.650564, 16.773179], [53.615408, 16.75788], [53.582693, 16.749945], [53.423025, 16.746812], [53.338634, 16.734809], [53.175304, 16.684516], [53.090343, 16.642401], [53.090017, 16.642239], [53.069184, 16.631822], [53.021821, 16.619452], [52.984874, 16.62816], [52.973888, 16.618313], [52.962169, 16.616278], [52.950531, 16.615627], [52.940278, 16.610175], [52.921153, 16.591132], [52.909923, 16.583075], [52.885265, 16.575426], [52.851085, 16.556138], [52.809093, 16.548326], [52.788829, 16.5397], [52.752126, 16.518297], [52.736827, 16.511949], [52.597667, 16.476711], [52.532563, 16.447252], [52.420421, 16.371243], [52.318614, 16.291164], [52.292735, 16.263821], [52.27947, 16.243883], [52.261404, 16.20897], [52.228689, 16.171942], [52.221446, 16.160875], [52.217052, 16.148383], [52.217052, 16.138088], [52.219574, 16.125963], [52.222667, 16.1164], [52.224376, 16.113593], [52.216807, 16.09516], [52.194347, 16.070299], [52.184093, 16.029446], [52.160004, 16.002102], [52.155528, 15.983873], [52.163422, 15.964789], [52.177419, 15.942369], [52.186534, 15.919094], [52.175466, 15.877916], [52.19158, 15.862982], [52.224376, 15.846747], [52.225271, 15.831936], [52.217052, 15.760728], [52.221446, 15.716986], [52.231212, 15.67475], [52.238292, 15.668647], [52.242849, 15.663479], [52.244884, 15.657701], [52.243826, 15.651557], [52.238536, 15.642524], [52.237478, 15.637519], [52.236583, 15.62934], [52.233572, 15.621772], [52.228363, 15.616116], [52.220714, 15.613959], [52.198985, 15.611477], [52.04713, 15.570014], [52.038748, 15.563137], [52.031505, 15.555813], [52.025727, 15.551215], [52.016938, 15.548651], [52.001638, 15.547268], [51.99171, 15.545071], [51.913097, 15.515326], [51.874197, 15.491523], [51.875011, 15.469387], [51.874197, 15.465033], [51.871837, 15.463772], [51.869395, 15.463772], [51.868175, 15.463121], [51.868663, 15.451565], [51.865408, 15.4501], [51.859874, 15.453315], [51.853852, 15.455715], [51.846528, 15.45954], [51.838715, 15.466295], [51.829275, 15.468695], [51.816661, 15.459418], [51.809418, 15.455756], [51.7588, 15.445624], [51.679942, 15.403469], [51.667247, 15.391425], [51.66212, 15.377143], [51.667735, 15.357652], [51.676524, 15.346991], [51.676443, 15.340277], [51.655284, 15.33275], [51.54949, 15.322984], [51.530528, 15.31684], [51.513438, 15.308051], [51.498302, 15.298041], [51.474294, 15.270697], [51.454275, 15.269517], [51.446544, 15.266425], [51.443614, 15.260199], [51.432465, 15.25967], [51.382009, 15.238023], [51.367849, 15.229722], [51.342459, 15.237698], [51.314464, 15.226711], [51.288422, 15.210273], [51.268809, 15.201809], [51.069835, 15.149644], [50.851329, 15.109931], [50.661469, 15.058498], [50.554047, 15.04857], [50.459483, 15.010443], [50.432384, 14.995429], [50.358246, 14.933336], [50.343028, 14.92475], [50.302257, 14.917467], [50.243826, 14.887152], [50.179535, 14.843329], [50.16505, 14.842475], [50.146251, 14.849799], [50.12143, 14.844224], [50.079356, 14.82567], [50.060395, 14.820217], [50.051768, 14.818752], [50.04184, 14.818264], [50.035818, 14.838935], [50.029796, 14.850287], [50.021007, 14.84927], [50.006033, 14.844387], [49.942149, 14.838772], [49.798595, 14.792182], [49.578136, 14.737291], [49.46046, 14.67357], [49.417817, 14.656928], [49.372406, 14.649807], [49.352061, 14.639797], [49.312755, 14.612779], [49.228852, 14.575263], [49.190196, 14.54857], [49.181895, 14.516588], [49.171886, 14.518256], [49.156749, 14.526109], [49.137055, 14.53266], [49.113536, 14.530219], [49.092784, 14.519599], [49.077973, 14.50609], [49.028087, 14.436347], [49.009939, 14.401109], [49.000255, 14.359565], [49.007986, 14.354438], [49.008556, 14.343004], [49.006033, 14.331204], [49.003673, 14.324774], [48.991547, 14.316881], [48.950531, 14.300605], [48.941661, 14.294379], [48.935802, 14.270453], [48.92156, 14.261868], [48.903494, 14.25849], [48.886974, 14.250312], [48.882335, 14.243232], [48.880382, 14.234605], [48.880138, 14.212104], [48.876964, 14.206732], [48.869884, 14.201361], [48.862966, 14.194648], [48.85255, 14.166978], [48.835297, 14.156236], [48.797618, 14.140448], [48.738292, 14.068183], [48.719493, 14.057278], [48.713715, 14.055406], [48.701834, 14.046698], [48.695811, 14.043606], [48.689301, 14.042426], [48.681488, 14.043606], [48.564789, 14.046047], [48.548106, 14.040513], [48.503429, 14.002631], [48.493826, 13.998969], [48.485525, 13.998481], [48.47755, 13.996731], [48.468761, 13.988959], [48.45045, 14.010647], [48.415375, 14.016832], [48.338227, 14.016303], [48.341156, 14.012397], [48.345714, 14.002631], [48.30421, 14.001899], [48.188731, 13.969143], [48.193614, 13.993394], [48.177582, 14.009182], [48.155284, 14.020209], [48.140391, 14.030585], [48.133556, 14.023139], [48.105968, 14.036038], [48.016856, 14.057278], [48.001638, 14.04914], [47.948578, 14.033393], [47.931163, 14.030585], [47.917328, 14.021389], [47.866547, 13.961656], [47.820974, 13.938463], [47.667247, 13.887193], [47.645681, 13.873196], [47.56422, 13.78913], [47.436046, 13.678046], [47.398204, 13.654853], [47.16684, 13.585598], [46.911876, 13.533271], [46.824229, 13.476304], [46.700694, 13.430325], [46.683849, 13.427232], [46.66391, 13.43008], [46.628266, 13.440823], [46.604747, 13.440904], [46.583507, 13.435126], [46.540212, 13.416897], [46.52003, 13.413031], [46.312999, 13.41356], [46.269542, 13.420478], [46.247813, 13.432115], [46.234548, 13.436347], [46.228689, 13.431057], [46.224132, 13.428697], [46.19752, 13.420478], [46.111339, 13.406806], [45.940603, 13.399359], [45.923188, 13.395453], [45.890473, 13.38231], [45.875743, 13.379462], [45.833751, 13.381334], [45.81544, 13.379543], [45.803477, 13.372016], [45.665782, 13.341986], [45.632091, 13.324897], [45.535899, 13.228664], [45.508474, 13.208686], [45.494151, 13.194648], [45.481456, 13.157538], [45.434093, 13.098334], [45.403005, 13.070136], [45.365245, 13.053697], [45.193533, 13.012681], [45.154063, 12.992133], [45.118175, 12.961737], [45.104503, 12.944892], [45.099457, 12.936184], [45.093761, 12.926256], [45.093191, 12.924709], [45.086599, 12.907294], [45.083995, 12.889472], [45.082286, 12.886623], [45.058767, 12.827135], [45.056651, 12.817125], [45.062022, 12.776557], [45.058604, 12.76203], [45.039317, 12.756293], [45.017751, 12.759833], [45.0, 12.767021421487602], [45.0, 12.803235101449987], [45.017751, 12.801744], [45.035167, 12.803656], [45.042491, 12.820868], [45.038585, 12.821234], [45.023285, 12.841051], [45.021983, 12.84512], [45.02003, 12.848944], [45.021495, 12.853461], [45.021495, 12.857164], [45.015147, 12.85871], [45.009288, 12.856676], [45.008474, 12.85224], [45.009288, 12.847561], [45.008311, 12.84512], [45.001231, 12.833482], [45.0, 12.83269313610586], [45.0, 42.0], [48.348536884436264, 42.0], [48.386729, 41.937201], [48.416352, 41.915025], [48.462413, 41.900784], [48.51002, 41.8935], [48.552908, 41.875556], [48.578624, 41.845526], [48.578949, 41.845282], [48.589366, 41.838365], [48.620128, 41.824408], [48.655447, 41.800605], [48.743663, 41.70893], [48.777843, 41.68301], [48.79184, 41.667426], [48.797618, 41.643134], [48.865896, 41.585395], [48.904063, 41.523383], [48.924327, 41.517808], [48.941173, 41.504625], [48.953868, 41.489081], [48.962169, 41.476142], [48.985362, 41.450507], [48.989431, 41.444525], [48.994477, 41.440416], [49.019216, 41.43476], [49.027599, 41.43122], [49.042491, 41.414374], [49.078624, 41.35753], [49.108897, 41.30976], [49.123383, 41.293687], [49.135916, 41.27497], [49.141938, 41.25316], [49.154307, 41.166449], [49.160655, 41.148098], [49.171641, 41.140367], [49.178477, 41.128852], [49.195486, 41.057278], [49.243175, 40.997219], [49.363129, 40.894232], [49.373057, 40.882799], [49.382009, 40.866645], [49.403168, 40.852729], [49.448741, 40.831285], [49.471039, 40.835761], [49.489919, 40.823147], [49.507823, 40.80622], [49.527843, 40.797797], [49.538829, 40.788072], [49.534353, 40.766181], [49.516938, 40.728909], [49.510997, 40.70954], [49.509532, 40.699042], [49.510753, 40.687934], [49.514903, 40.681586], [49.528331, 40.66885], [49.531261, 40.663723], [49.531912, 40.662869], [49.53891, 40.653998], [49.556651, 40.641181], [49.576182, 40.62995], [49.58961, 40.62519], [49.633067, 40.623196], [49.652599, 40.619208], [49.668468, 40.612209], [49.704112, 40.58808], [49.723806, 40.580756], [49.773936, 40.575629], [49.816742, 40.565375], [49.840343, 40.563788], [49.858653, 40.566636], [49.914236, 40.584296], [49.938162, 40.58747], [50.052013, 40.584296], [50.060395, 40.577948], [50.064789, 40.57095], [50.068044, 40.563707], [50.07252, 40.556952], [50.090343, 40.540229], [50.109386, 40.527086], [50.129649, 40.518459], [50.220063, 40.503648], [50.237559, 40.496161], [50.248546, 40.481187], [50.260753, 40.458075], [50.27589, 40.436591], [50.295665, 40.427232], [50.317393, 40.42121], [50.335948, 40.405951], [50.350597, 40.385891], [50.360525, 40.36518], [50.370779, 40.28262], [50.377696, 40.2744], [50.385997, 40.255683], [50.391124, 40.235012], [50.387869, 40.221137], [50.368663, 40.249701], [50.347911, 40.2744], [50.32309, 40.296576], [50.273692, 40.327338], [50.252615, 40.33633], [50.229991, 40.34276], [50.185313, 40.34748], [50.147716, 40.35692], [50.127696, 40.358954], [50.116466, 40.357978], [50.102875, 40.35342], [50.093598, 40.351508], [50.055186, 40.351508], [50.037608, 40.345771], [50.003754, 40.324205], [49.983735, 40.324205], [49.976573, 40.329047], [49.963715, 40.344794], [49.955821, 40.351508], [49.945323, 40.354722], [49.919607, 40.35814], [49.893403, 40.369045], [49.873546, 40.360582], [49.840343, 40.337836], [49.847179, 40.314154], [49.819021, 40.29206], [49.778331, 40.275824], [49.711925, 40.26435], [49.653656, 40.23843], [49.577159, 40.216742], [49.559255, 40.206692], [49.520844, 40.174221], [49.503591, 40.164944], [49.492524, 40.153998], [49.490408, 40.132392], [49.49586, 40.105211], [49.496593, 40.09455], [49.442638, 40.078437], [49.432628, 40.062974], [49.435069, 40.042792], [49.448741, 40.022528], [49.457693, 40.015041], [49.471934, 40.006496], [49.479747, 39.998969], [49.483897, 39.988674], [49.478282, 39.982327], [49.468272, 39.977362], [49.450694, 39.96483], [49.442882, 39.961859], [49.435395, 39.957668], [49.428233, 39.947455], [49.423676, 39.935492], [49.423106, 39.9265], [49.428233, 39.90644], [49.439708, 39.884996], [49.443126, 39.873358], [49.438487, 39.861762], [49.429698, 39.854315], [49.422048, 39.849433], [49.416515, 39.843736], [49.414561, 39.834174], [49.416352, 39.828599], [49.419688, 39.82331], [49.422374, 39.817328], [49.421397, 39.810248], [49.417166, 39.805854], [49.40089, 39.796617], [49.394786, 39.782457], [49.395193, 39.77619], [49.40089, 39.769273], [49.396332, 39.756171], [49.402029, 39.742499], [49.424815, 39.718085], [49.423595, 39.70954], [49.409841, 39.701361], [49.383962, 39.690131], [49.358735, 39.666571], [49.33725, 39.64643], [49.318044, 39.621405], [49.319021, 39.604193], [49.307384, 39.587592], [49.29713, 39.565579], [49.289236, 39.542385], [49.284923, 39.522203], [49.285818, 39.495185], [49.295746, 39.476711], [49.388845, 39.410793], [49.40089, 39.399359], [49.408946, 39.38642], [49.408051, 39.382025], [49.403575, 39.378485], [49.397309, 39.34516], [49.398692, 39.33515], [49.407074, 39.323676], [49.394786, 39.328681], [49.38559, 39.334947], [49.378673, 39.342475], [49.373057, 39.350979], [49.366873, 39.350979], [49.370616, 39.336168], [49.37908, 39.31981], [49.391368, 39.305487], [49.407074, 39.296942], [49.407074, 39.289496], [49.384532, 39.293687], [49.370372, 39.305854], [49.357677, 39.320136], [49.306407, 39.346503], [49.273123, 39.336575], [49.247325, 39.310696], [49.237071, 39.278957], [49.237804, 39.169501], [49.234304, 39.156358], [49.229666, 39.138658], [49.215587, 39.10635], [49.210785, 39.090766], [49.207856, 39.055406], [49.203298, 39.034125], [49.193858, 39.016343], [49.118826, 38.975328], [49.079275, 38.963324], [49.051524, 38.981024], [49.054698, 38.992743], [49.054373, 39.0008], [49.055837, 39.007514], [49.065196, 39.015123], [49.110118, 39.021959], [49.125499, 39.028144], [49.138682, 39.043443], [49.146821, 39.063422], [49.147716, 39.083441], [49.136404, 39.102281], [49.116384, 39.110297], [49.068614, 39.111396], [49.068614, 39.120307], [49.062755, 39.161322], [49.05893, 39.172797], [49.041189, 39.184394], [49.022227, 39.188218], [48.979503, 39.187079], [48.967621, 39.183824], [48.961762, 39.175849], [48.957856, 39.165676], [48.949555, 39.151272], [48.948741, 39.146186], [48.949067, 39.135321], [48.946951, 39.127509], [48.942149, 39.125393], [48.937266, 39.125434], [48.934825, 39.124416], [48.932953, 39.077704], [48.936371, 39.053127], [48.952647, 39.031643], [48.948578, 39.007229], [48.921723, 38.935452], [48.918224, 38.928941], [48.898692, 38.893052], [48.896251, 38.890733], [48.867931, 38.863837], [48.831798, 38.871161], [48.83253, 38.835639], [48.834727, 38.819281], [48.839203, 38.803534], [48.863129, 38.756659], [48.8685, 38.602484], [48.874278, 38.434231], [48.874278, 38.434068], [48.877208, 38.346177], [48.865896, 38.316881], [48.872895, 38.295559], [48.874848, 38.242743], [48.893728, 38.205797], [48.907725, 38.083482], [48.949067, 37.966864], [48.941173, 37.94774], [48.940196, 37.924994], [48.944509, 37.903388], [48.952159, 37.888007], [48.987478, 37.842475], [48.987804, 37.832099], [48.984711, 37.823188], [48.983165, 37.815985], [48.993663, 37.77676], [49.014496, 37.739163], [49.065196, 37.67886], [49.132498, 37.623358], [49.205577, 37.581692], [49.366873, 37.51496], [49.441742, 37.494859], [49.826182, 37.453559], [49.867442, 37.458564], [49.901541, 37.469713], [49.933767, 37.474433], [49.969493, 37.459703], [49.959972, 37.458482], [49.948904, 37.460924], [49.943126, 37.461615], [49.935313, 37.453559], [50.018728, 37.42772], [50.148774, 37.403876], [50.195649, 37.38935], [50.227306, 37.365424], [50.223318, 37.329332], [50.232107, 37.315416], [50.245128, 37.279283], [50.254242, 37.264838], [50.268728, 37.246894], [50.292247, 37.192816], [50.322276, 37.153266], [50.357188, 37.126532], [50.429454, 37.082953], [50.478852, 37.03498], [50.493988, 37.027737], [50.513438, 37.023261], [50.624034, 36.963284], [50.644786, 36.959418], [50.658702, 36.954332], [50.688243, 36.928697], [50.703136, 36.918443], [50.86085, 36.849555], [51.004731, 36.767646], [51.088634, 36.737006], [51.367849, 36.692572], [51.546072, 36.650946], [51.730968, 36.624254], [51.909028, 36.582709], [52.094086, 36.602525], [52.258556, 36.650946], [52.430512, 36.685126], [52.608653, 36.712388], [52.779307, 36.740383], [52.950531, 36.781317], [53.115733, 36.822252], [53.447602, 36.881903], [53.492361, 36.887885], [53.885916, 36.905829], [53.957774, 36.919623], [54.006521, 36.952623], [54.004242, 36.914618], [53.947602, 36.898749], [53.876475, 36.891669], [53.83074, 36.880276], [53.818207, 36.87523], [53.803884, 36.877021], [53.77711, 36.883734], [53.762055, 36.881822], [53.734386, 36.873236], [53.719005, 36.870673], [53.660411, 36.876899], [53.609141, 36.876899], [53.616954, 36.865668], [53.631033, 36.861965], [53.663829, 36.863227], [53.643891, 36.857815], [53.635997, 36.857001], [53.660167, 36.831204], [53.70102, 36.816596], [53.856456, 36.805487], [53.872081, 36.798407], [53.889171, 36.793606], [54.014334, 36.821112], [54.026215, 36.829088], [54.033051, 36.845771], [54.033539, 36.949123], [54.028087, 36.966213], [54.013357, 36.97309], [53.994395, 36.979153], [53.997244, 36.99372], [54.02003, 37.027737], [53.996267, 37.057318], [53.980317, 37.094062], [53.958018, 37.178534], [53.927745, 37.243801], [53.923188, 37.258002], [53.913748, 37.34276], [53.913748, 37.343004], [53.899669, 37.468411], [53.889822, 37.508124], [53.871104, 37.547797], [53.865245, 37.567288], [53.860606, 37.611314], [53.82488, 37.744859], [53.80714, 38.031968], [53.810313, 38.048407], [53.823985, 38.081529], [53.834158, 38.130276], [53.858897, 38.206488], [53.854991, 38.23371], [53.866466, 38.265082], [53.868175, 38.30801], [53.863048, 38.381415], [53.861501, 38.38935], [53.85255, 38.403306], [53.848155, 38.412502], [53.845551, 38.422309], [53.843435, 38.442694], [53.828298, 38.503567], [53.826996, 38.525458], [53.836111, 38.606147], [53.847423, 38.646308], [53.863048, 38.679389], [53.909841, 38.737698], [53.926931, 38.773668], [53.917003, 38.803534], [53.931977, 38.813056], [53.939789, 38.831041], [53.945567, 38.851304], [53.9546, 38.867743], [53.965587, 38.881903], [53.97755, 38.90176], [53.982758, 38.916002], [53.972911, 38.913398], [53.971365, 38.934272], [53.958018, 38.944525], [53.923188, 38.954332], [53.922862, 38.956041], [53.918793, 38.964789], [53.917003, 38.967353], [53.912283, 38.969672], [53.89975, 38.972846], [53.896658, 38.974189], [53.891775, 38.980536], [53.887218, 38.988593], [53.884044, 38.998114], [53.882335, 39.008979], [53.870942, 39.028388], [53.859711, 39.035224], [53.820811, 39.036282], [53.796641, 39.041653], [53.787364, 39.042467], [53.776866, 39.03913], [53.772146, 39.033108], [53.767263, 39.030992], [53.756358, 39.039374], [53.747813, 39.054429], [53.728038, 39.101386], [53.721853, 39.111396], [53.712169, 39.104315], [53.71518, 39.088568], [53.724132, 39.072089], [53.732107, 39.062934], [53.732107, 39.056708], [53.715994, 39.063422], [53.701508, 39.078518], [53.694672, 39.097113], [53.705333, 39.124213], [53.697276, 39.142483], [53.698009, 39.15233], [53.703949, 39.158637], [53.732107, 39.172797], [53.702403, 39.175116], [53.702159, 39.196234], [53.72462, 39.241685], [53.703949, 39.232733], [53.67628, 39.216213], [53.660004, 39.200385], [53.674083, 39.193305], [53.683767, 39.083441], [53.67213, 39.098578], [53.647309, 39.123969], [53.635997, 39.138658], [53.631358, 39.156643], [53.630219, 39.176744], [53.623383, 39.191636], [53.601736, 39.193305], [53.606944, 39.205878], [53.610362, 39.22191], [53.608572, 39.235785], [53.598318, 39.241685], [53.592784, 39.235053], [53.576671, 39.203437], [53.567638, 39.193305], [53.563975, 39.216702], [53.568696, 39.246324], [53.588145, 39.303168], [53.560802, 39.28266], [53.577322, 39.316718], [53.581309, 39.330471], [53.574555, 39.327867], [53.553966, 39.323676], [53.564952, 39.34516], [53.562022, 39.353339], [53.549815, 39.348334], [53.533458, 39.330471], [53.526134, 39.337877], [53.514822, 39.332709], [53.471446, 39.330471], [53.452485, 39.318061], [53.44337, 39.318793], [53.444102, 39.337877], [53.437266, 39.337877], [53.429698, 39.327867], [53.418793, 39.318061], [53.405121, 39.311265], [53.389415, 39.310614], [53.394298, 39.317043], [53.403168, 39.337877], [53.396169, 39.338202], [53.382009, 39.337104], [53.375173, 39.337877], [53.37379, 39.336656], [53.365489, 39.33161], [53.361583, 39.330471], [53.358572, 39.332709], [53.351573, 39.342231], [53.347911, 39.344143], [53.334646, 39.340522], [53.309093, 39.330756], [53.293305, 39.330471], [53.293305, 39.337877], [53.29949, 39.34516], [53.296886, 39.349066], [53.288259, 39.350653], [53.276134, 39.350979], [53.264659, 39.352851], [53.249522, 39.361802], [53.238617, 39.364651], [53.218516, 39.363837], [53.170177, 39.352484], [53.149913, 39.344143], [53.185883, 39.326361], [53.197765, 39.323676], [53.179535, 39.301256], [53.173025, 39.288316], [53.170258, 39.272162], [53.17213, 39.255439], [53.184093, 39.213813], [53.181488, 39.189358], [53.171886, 39.177476], [53.161469, 39.179592], [53.136892, 39.321438], [53.130544, 39.333482], [53.088715, 39.383246], [53.085216, 39.400458], [53.094737, 39.419867], [53.104015, 39.429348], [53.132823, 39.450588], [53.137462, 39.459947], [53.14088, 39.472642], [53.145356, 39.483954], [53.165538, 39.496731], [53.178233, 39.515692], [53.21461, 39.593492], [53.24171, 39.636298], [53.27589, 39.664862], [53.313731, 39.65884], [53.292735, 39.649848], [53.277354, 39.639228], [53.248546, 39.607896], [53.244395, 39.599677], [53.235199, 39.570705], [53.232432, 39.567532], [53.211274, 39.550198], [53.21697, 39.525051], [53.25408, 39.521186], [53.363536, 39.538072], [53.426768, 39.535956], [53.446788, 39.530585], [53.458751, 39.517808], [53.46754, 39.502346], [53.478282, 39.488715], [53.492198, 39.48078], [53.509125, 39.476508], [53.550548, 39.474514], [53.567882, 39.467719], [53.577159, 39.467841], [53.581309, 39.477932], [53.580577, 39.487982], [53.577403, 39.495266], [53.5713, 39.499823], [53.560802, 39.501776], [53.573741, 39.527289], [53.586111, 39.523871], [53.599457, 39.507758], [53.615408, 39.49494], [53.634451, 39.495307], [53.663585, 39.51732], [53.683767, 39.522203], [53.692882, 39.519477], [53.715994, 39.509263], [53.72462, 39.508612], [53.736176, 39.51789], [53.733165, 39.527981], [53.722504, 39.537055], [53.711599, 39.543402], [53.689301, 39.550442], [53.647146, 39.558254], [53.629161, 39.570705], [53.645274, 39.574897], [53.654633, 39.582099], [53.655528, 39.592922], [53.646495, 39.607896], [53.633067, 39.618313], [53.61964, 39.62051], [53.571625, 39.6164], [53.568207, 39.622626], [53.567638, 39.642401], [53.564464, 39.652655], [53.556488, 39.664496], [53.545665, 39.674872], [53.533458, 39.680487], [53.539724, 39.646308], [53.539724, 39.632148], [53.533458, 39.632148], [53.497081, 39.676459], [53.471039, 39.696357], [53.444102, 39.701077], [53.447765, 39.695258], [53.457774, 39.673082], [53.451671, 39.676663], [53.435883, 39.683336], [53.429861, 39.686713], [53.430431, 39.667711], [53.449229, 39.648586], [53.450938, 39.632148], [53.416759, 39.64997], [53.412852, 39.685696], [53.429861, 39.762519], [53.418224, 39.757392], [53.405772, 39.755805], [53.393403, 39.757514], [53.382009, 39.762519], [53.382009, 39.769273], [53.415212, 39.78205], [53.46754, 39.83869], [53.499278, 39.865546], [53.493826, 39.870673], [53.488292, 39.881049], [53.485037, 39.885403], [53.493826, 39.88935], [53.502696, 39.891547], [53.522716, 39.892808], [53.53712, 39.896308], [53.536957, 39.903754], [53.530772, 39.910712], [53.526134, 39.912665], [53.537283, 39.924872], [53.552745, 39.936225], [53.567068, 39.94953], [53.574474, 39.967922], [53.569102, 39.965562], [53.566417, 39.96483], [53.56422, 39.963935], [53.560802, 39.961086], [53.54363, 39.974311], [53.528819, 39.976955], [53.491873, 39.974758], [53.474946, 39.979234], [53.451996, 39.99551], [53.437266, 40.002672], [53.419607, 40.006496], [53.40211, 40.006781], [53.385265, 40.003079], [53.368907, 39.995266], [53.326834, 39.958686], [53.310313, 39.953599], [53.305675, 39.951483], [53.29005, 39.942084], [53.282725, 39.940009], [53.274913, 39.942084], [53.257091, 39.951483], [53.248546, 39.953599], [53.237559, 39.95775], [53.172374, 39.997463], [53.155284, 39.992377], [53.140391, 39.981024], [53.125743, 39.974758], [53.053559, 39.967922], [53.059255, 39.977037], [53.065115, 39.984036], [53.072439, 39.989814], [53.081716, 39.995266], [53.012462, 39.978013], [52.974864, 39.974311], [52.943696, 39.981594], [52.927501, 40.011176], [52.913585, 40.021674], [52.896007, 40.008857], [52.895844, 39.998277], [52.903087, 39.984931], [52.919932, 39.964545], [52.923595, 39.952582], [52.930186, 39.895941], [52.936046, 39.8876], [52.964529, 39.858222], [52.974864, 39.851874], [53.012543, 39.797268], [53.043712, 39.774644], [53.053559, 39.769273], [53.053559, 39.762519], [53.00587, 39.782945], [53.019379, 39.775336], [53.046886, 39.748236], [53.04005, 39.742011], [53.008067, 39.766343], [52.994884, 39.780219], [52.966319, 39.832953], [52.952647, 39.846503], [52.917166, 39.858344], [52.905284, 39.874579], [52.898448, 39.895494], [52.892833, 39.934231], [52.884125, 39.944892], [52.787852, 40.00434], [52.753266, 40.031968], [52.738455, 40.053616], [52.746104, 40.096991], [52.753754, 40.12108], [52.761974, 40.13581], [52.768321, 40.153795], [52.758067, 40.172512], [52.730968, 40.20067], [52.743419, 40.20954], [52.738943, 40.219387], [52.717784, 40.235419], [52.698985, 40.273871], [52.701996, 40.312405], [52.736583, 40.484565], [52.750255, 40.517646], [52.772472, 40.550727], [52.83253, 40.614569], [52.863129, 40.658108], [52.868175, 40.694159], [52.859223, 40.700019], [52.833181, 40.704901], [52.827647, 40.711493], [52.829845, 40.720649], [52.837576, 40.739081], [52.83725, 40.742499], [52.83253, 40.745551], [52.845225, 40.751654], [52.861583, 40.756496], [52.868175, 40.755561], [52.870372, 40.765082], [52.868826, 40.775784], [52.865245, 40.785102], [52.86199, 40.790351], [52.885509, 40.865424], [52.92335, 40.941148], [52.931326, 40.975653], [52.917003, 41.044989], [52.916515, 41.08515], [52.927257, 41.079047], [52.951427, 41.068793], [52.961192, 41.060981], [52.965505, 41.049384], [52.963064, 41.037787], [52.958751, 41.026516], [52.958181, 41.016262], [52.968435, 40.997016], [53.012055, 40.954779], [53.019867, 40.937934], [53.031749, 40.899807], [53.04005, 40.885932], [53.072032, 40.868964], [53.074474, 40.865424], [53.099783, 40.86518], [53.111339, 40.867092], [53.121918, 40.87226], [53.106293, 40.858303], [53.081879, 40.851508], [53.064708, 40.84398], [53.070811, 40.827867], [53.077973, 40.822211], [53.094005, 40.812405], [53.102061, 40.803941], [53.104259, 40.794908], [53.104259, 40.783596], [53.107432, 40.773912], [53.118907, 40.769843], [53.163259, 40.767035], [53.182302, 40.768459], [53.2046, 40.776068], [53.249766, 40.812567], [53.26588, 40.817043], [53.24936, 40.790351], [53.244884, 40.77497], [53.256033, 40.768948], [53.330821, 40.776068], [53.339529, 40.780829], [53.341156, 40.791978], [53.341156, 40.804592], [53.344493, 40.81391], [53.359223, 40.829779], [53.369965, 40.835191], [53.382009, 40.831285], [53.383067, 40.825588], [53.375987, 40.807074], [53.375173, 40.797797], [53.3838, 40.778306], [53.398692, 40.762763], [53.418305, 40.752427], [53.440684, 40.748725], [53.446951, 40.746527], [53.461274, 40.736884], [53.471446, 40.735053], [53.483084, 40.737047], [53.491873, 40.740871], [53.505544, 40.748725], [53.541677, 40.761623], [53.555349, 40.773505], [53.560802, 40.794013], [53.559093, 40.836819], [53.562755, 40.852973], [53.587413, 40.891588], [53.592784, 40.893378], [53.605479, 40.893378], [53.614757, 40.891547], [53.624685, 40.88703], [53.632579, 40.881293], [53.635997, 40.876044], [53.638927, 40.872016], [53.652843, 40.867865], [53.656993, 40.865424], [53.657481, 40.859076], [53.654552, 40.852932], [53.65089, 40.847846], [53.649587, 40.844916], [53.655121, 40.823879], [53.66033, 40.81623], [53.670665, 40.810777], [53.66212, 40.796617], [53.656749, 40.78974], [53.649587, 40.783515], [53.660981, 40.766181], [53.676443, 40.725898], [53.691173, 40.707831], [53.701182, 40.703111], [53.711192, 40.701646], [53.719493, 40.69831], [53.72462, 40.687934], [53.722016, 40.680732], [53.708018, 40.659003], [53.704763, 40.650092], [53.721039, 40.625678], [53.759532, 40.625678], [53.804861, 40.632636], [53.862641, 40.626166], [53.879161, 40.637926], [53.894786, 40.653062], [53.937755, 40.671617], [53.947765, 40.673651], [53.957856, 40.672105], [53.985362, 40.66059], [54.010753, 40.657864], [54.030528, 40.662828], [54.049083, 40.669989], [54.080333, 40.676093], [54.088145, 40.682196], [54.093272, 40.69009], [54.095225, 40.697821], [54.08961, 40.69892], [54.063243, 40.708482], [54.05421, 40.715277], [54.112071, 40.713446], [54.141368, 40.716864], [54.171072, 40.729682], [54.232188, 40.728339], [54.235037, 40.725735], [54.230479, 40.719387], [54.220714, 40.69538], [54.21754, 40.690253], [54.22169, 40.687079], [54.252696, 40.676581], [54.403575, 40.673651], [54.383962, 40.682766], [54.362641, 40.687934], [54.375173, 40.700914], [54.414887, 40.708726], [54.430431, 40.721422], [54.331065, 40.720201], [54.318207, 40.721625], [54.310557, 40.730658], [54.308116, 40.752143], [54.303884, 40.770087], [54.285004, 40.797431], [54.278575, 40.823635], [54.268809, 40.839911], [54.266449, 40.848334], [54.268321, 40.855048], [54.271983, 40.859849], [54.274587, 40.864895], [54.273285, 40.87226], [54.2671, 40.874172], [54.257091, 40.873114], [54.248302, 40.874986], [54.245942, 40.885932], [54.250011, 40.890611], [54.257498, 40.891425], [54.266124, 40.891343], [54.273285, 40.893378], [54.299001, 40.916083], [54.312511, 40.923896], [54.331716, 40.926907], [54.360525, 40.91706], [54.421153, 40.879869], [54.437836, 40.879706], [54.465831, 40.865953], [54.468761, 40.85163], [54.456309, 40.835639], [54.437836, 40.817043], [54.474946, 40.809882], [54.590668, 40.826728], [54.62436, 40.836493], [54.639903, 40.838772], [54.657563, 40.862006], [54.699555, 40.879096], [54.708995, 40.884996], [54.746593, 40.932685], [54.756033, 40.948432], [54.76002, 40.965033], [54.756196, 40.981594], [54.746837, 40.995673], [54.722016, 41.019965], [54.690115, 41.059231], [54.677989, 41.064643], [54.677989, 41.070868], [54.700531, 41.068305], [54.724376, 41.059272], [54.767426, 41.03677], [54.760916, 41.045478], [54.740977, 41.057847], [54.732595, 41.064643], [54.723888, 41.074856], [54.720063, 41.080471], [54.718435, 41.08515], [54.7199, 41.091986], [54.724294, 41.098049], [54.729259, 41.100979], [54.732595, 41.098131], [54.716075, 41.11518], [54.688731, 41.121243], [54.659353, 41.124457], [54.636404, 41.132961], [54.63502, 41.162665], [54.600434, 41.192328], [54.400401, 41.309027], [54.311778, 41.338284], [54.29477, 41.34748], [54.258067, 41.375963], [54.211436, 41.395819], [54.190766, 41.407294], [54.186046, 41.412543], [54.174978, 41.429389], [54.152843, 41.45425], [54.144786, 41.459784], [54.108653, 41.465481], [54.089366, 41.474799], [54.073985, 41.487982], [54.061046, 41.502875], [54.041352, 41.534573], [54.030284, 41.569485], [54.02589, 41.608791], [54.025564, 41.695217], [54.019705, 41.731513], [54.008556, 41.764838], [53.992198, 41.797065], [53.944591, 41.858344], [53.93686, 41.876207], [53.932302, 41.884263], [53.921723, 41.887437], [53.91033, 41.889309], [53.902843, 41.893297], [53.898774, 41.905341], [53.901622, 41.914618], [53.906912, 41.923529], [53.910167, 41.934272], [53.909353, 41.940619], [53.904063, 41.960517], [53.902843, 41.972113], [53.914806, 41.995551], [53.915667033562364, 42.0], [112.0, 42.0], [112.0, 21.840999266247955], [111.993175, 21.834174], [111.969249, 21.824042], [111.951671, 21.864976], [111.934093, 21.890448], [111.911876, 21.91356], [111.890391, 21.925116], [111.888927, 21.899115], [111.890636, 21.867377], [111.895763, 21.837063], [111.904063, 21.815253], [111.920665, 21.800035], [111.946381, 21.785875], [111.975108, 21.77619], [112.0, 21.77433797264087], [112.0, 21.773996509938566], [111.991954, 21.763821], [111.914561, 21.719062], [111.905772, 21.715888], [111.904063, 21.708808], [111.904145, 21.701728], [111.900645, 21.698554], [111.895763, 21.695868], [111.884288, 21.682847], [111.87672, 21.678127], [111.867931, 21.676703], [111.838878, 21.678127], [111.836925, 21.685289], [111.842296, 21.699042], [111.85377, 21.707424], [111.869884, 21.698554], [111.87672, 21.698554], [111.875336, 21.709703], [111.869477, 21.716742], [111.860606, 21.721503], [111.849376, 21.725816], [111.836192, 21.716986], [111.829356, 21.728705], [111.828949, 21.749213], [111.835053, 21.766832], [111.822276, 21.752102], [111.806895, 21.743313], [111.793956, 21.744534], [111.787934, 21.759996], [111.769786, 21.753607], [111.757904, 21.753323], [111.725841, 21.766832], [111.721202, 21.762641], [111.700938, 21.768378], [111.678071, 21.781155], [111.695567, 21.76142], [111.76059, 21.725816], [111.772472, 21.705471], [111.779633, 21.675442], [111.773692, 21.650133], [111.746918, 21.643948], [111.760346, 21.640204], [111.772472, 21.635199], [111.782074, 21.62759], [111.787934, 21.616034], [111.748139, 21.614447], [111.728363, 21.61636], [111.712901, 21.62344], [111.69044, 21.603827], [111.665782, 21.558661], [111.651378, 21.54092], [111.640473, 21.533149], [111.630463, 21.529853], [111.619721, 21.533026], [111.606456, 21.544623], [111.600922, 21.554145], [111.596528, 21.565497], [111.591075, 21.575751], [111.581879, 21.581855], [111.580821, 21.568345], [111.582042, 21.555487], [111.586436, 21.543769], [111.595551, 21.534084], [111.577729, 21.530015], [111.556651, 21.522366], [111.537852, 21.520453], [111.527192, 21.534084], [111.521007, 21.534084], [111.516612, 21.524563], [111.504487, 21.518215], [111.48935, 21.514716], [111.476085, 21.513617], [111.46811, 21.518256], [111.467133, 21.529446], [111.472667, 21.554592], [111.455333, 21.551174], [111.444102, 21.563625], [111.432221, 21.602973], [111.424327, 21.590277], [111.41212, 21.576321], [111.411143, 21.568264], [111.415538, 21.557685], [111.430919, 21.544013], [111.437999, 21.534084], [111.387787, 21.541449], [111.362804, 21.541205], [111.349701, 21.526679], [111.363048, 21.532416], [111.376475, 21.532701], [111.404307, 21.526679], [111.393565, 21.51968], [111.362804, 21.506781], [111.356456, 21.501288], [111.34433, 21.487494], [111.292491, 21.450629], [111.267345, 21.439358], [111.25294, 21.444729], [111.269054, 21.452135], [111.280284, 21.465318], [111.30128, 21.499335], [111.279796, 21.506293], [111.255626, 21.517279], [111.232188, 21.524563], [111.212657, 21.520453], [111.206309, 21.53205], [111.192393, 21.531195], [111.15797, 21.520453], [111.15797, 21.513617], [111.171641, 21.513617], [111.167572, 21.508612], [111.164968, 21.506008], [111.171641, 21.499335], [111.184174, 21.505764], [111.198822, 21.507799], [111.213634, 21.505683], [111.226329, 21.499335], [111.184581, 21.485663], [111.161632, 21.476386], [111.143647, 21.465806], [111.134044, 21.471625], [111.119884, 21.473375], [111.08839, 21.472642], [111.08839, 21.480129], [111.129975, 21.493109], [111.129975, 21.499335], [111.12672, 21.50259], [111.12379, 21.506781], [111.11671, 21.500963], [111.107677, 21.495795], [111.097911, 21.492662], [111.08839, 21.493109], [111.079356, 21.49787], [111.078461, 21.502875], [111.079356, 21.508124], [111.07545, 21.513617], [111.034434, 21.53148], [111.027599, 21.54092], [111.023285, 21.527818], [111.011729, 21.521186], [110.985932, 21.513617], [110.995697, 21.507636], [111.002208, 21.489936], [111.013927, 21.485663], [111.001313, 21.462877], [110.992442, 21.454983], [110.979747, 21.452135], [110.979747, 21.444729], [110.995372, 21.445299], [111.008149, 21.449897], [111.016938, 21.458075], [111.020112, 21.469224], [111.026866, 21.479315], [111.042247, 21.484565], [111.058604, 21.4831], [111.068614, 21.472642], [111.043712, 21.469387], [111.024913, 21.456529], [110.992931, 21.424872], [110.965912, 21.432847], [110.941173, 21.422065], [110.917247, 21.405911], [110.893321, 21.397528], [110.889659, 21.395494], [110.877289, 21.386135], [110.869884, 21.383246], [110.869395, 21.384711], [110.852306, 21.389146], [110.829845, 21.392239], [110.806163, 21.401597], [110.790538, 21.403754], [110.768158, 21.397528], [110.743988, 21.382554], [110.704845, 21.348538], [110.690033, 21.331], [110.67628, 21.309638], [110.664887, 21.285631], [110.657074, 21.260403], [110.65089, 21.260403], [110.654796, 21.314602], [110.662852, 21.337226], [110.677582, 21.348538], [110.664561, 21.348375], [110.655528, 21.34276], [110.648936, 21.333319], [110.643321, 21.321845], [110.641856, 21.337307], [110.635753, 21.346422], [110.631847, 21.355373], [110.636485, 21.370266], [110.644786, 21.374579], [110.671641, 21.381293], [110.692393, 21.399156], [110.72462, 21.403144], [110.755382, 21.413398], [110.766368, 21.444729], [110.76002, 21.444729], [110.727306, 21.418891], [110.63559, 21.381049], [110.61671, 21.345404], [110.615733, 21.301215], [110.619721, 21.290758], [110.643321, 21.252916], [110.636485, 21.23017], [110.616954, 21.229682], [110.575206, 21.246731], [110.577159, 21.240383], [110.58017, 21.234605], [110.584076, 21.229682], [110.588715, 21.225572], [110.481456, 21.21719], [110.463227, 21.212144], [110.447602, 21.203599], [110.431163, 21.191474], [110.424327, 21.191474], [110.427013, 21.206], [110.435557, 21.226304], [110.437348, 21.239244], [110.433442, 21.251288], [110.427013, 21.261542], [110.425792, 21.269232], [110.437348, 21.273383], [110.435802, 21.279202], [110.433116, 21.282864], [110.429291, 21.285346], [110.424327, 21.287665], [110.427338, 21.28856], [110.429942, 21.288479], [110.431488, 21.289496], [110.431163, 21.293891], [110.437348, 21.293891], [110.4463, 21.289984], [110.456635, 21.287746], [110.466319, 21.283433], [110.472667, 21.273383], [110.478852, 21.273383], [110.480317, 21.281684], [110.482188, 21.286566], [110.486339, 21.293891], [110.486339, 21.301337], [110.478852, 21.301337], [110.473155, 21.295478], [110.466075, 21.296088], [110.457042, 21.299302], [110.444835, 21.301337], [110.444835, 21.307563], [110.486339, 21.328681], [110.486339, 21.335517], [110.478038, 21.336371], [110.472667, 21.334906], [110.468761, 21.332017], [110.465343, 21.328681], [110.465343, 21.348538], [110.451182, 21.331977], [110.441905, 21.314358], [110.43393, 21.308783], [110.424327, 21.328681], [110.42392, 21.34162], [110.437348, 21.397528], [110.431163, 21.397528], [110.419526, 21.377427], [110.400971, 21.38703], [110.368988, 21.424872], [110.378673, 21.437486], [110.383149, 21.441474], [110.389496, 21.444729], [110.389496, 21.452135], [110.35849, 21.435736], [110.372081, 21.403022], [110.394379, 21.364], [110.389496, 21.328681], [110.385834, 21.331488], [110.376475, 21.335517], [110.38266, 21.321845], [110.368175, 21.325344], [110.344981, 21.338853], [110.328136, 21.342271], [110.328136, 21.335517], [110.341401, 21.330024], [110.3567, 21.319159], [110.366303, 21.306098], [110.362804, 21.293891], [110.362804, 21.287665], [110.37379, 21.280585], [110.384858, 21.271064], [110.393403, 21.260403], [110.396983, 21.249823], [110.399018, 21.245551], [110.408214, 21.238023], [110.410655, 21.232367], [110.409923, 21.223782], [110.407481, 21.216986], [110.404552, 21.212063], [110.403168, 21.208482], [110.402354, 21.193671], [110.399425, 21.176581], [110.394054, 21.162543], [110.386078, 21.156724], [110.375336, 21.152655], [110.347423, 21.133205], [110.333751, 21.11636], [110.315278, 21.107652], [110.280284, 21.095893], [110.269298, 21.089179], [110.221772, 21.03266], [110.218842, 21.027574], [110.210216, 21.034573], [110.205577, 21.049384], [110.203868, 21.066962], [110.2046, 21.082221], [110.195567, 21.071275], [110.190684, 21.059068], [110.184093, 21.03384], [110.177826, 21.020087], [110.156749, 20.986029], [110.143077, 20.992255], [110.143077, 20.986029], [110.154796, 20.977281], [110.155121, 20.961982], [110.150971, 20.943183], [110.149262, 20.923977], [110.154145, 20.90644], [110.171641, 20.877021], [110.177257, 20.862494], [110.167247, 20.872992], [110.164154, 20.876776], [110.156749, 20.876776], [110.160655, 20.867906], [110.161876, 20.862209], [110.160655, 20.856676], [110.156749, 20.848863], [110.160737, 20.847846], [110.162934, 20.847886], [110.16391, 20.846747], [110.164154, 20.842027], [110.168712, 20.842678], [110.169444, 20.84394], [110.168793, 20.846096], [110.170421, 20.848863], [110.177501, 20.84748], [110.180186, 20.846015], [110.18336, 20.846096], [110.191498, 20.848863], [110.191498, 20.835842], [110.211681, 20.840522], [110.28712, 20.842027], [110.300792, 20.852118], [110.319672, 20.859931], [110.335785, 20.858832], [110.341807, 20.842027], [110.348643, 20.848863], [110.355235, 20.839667], [110.361095, 20.835883], [110.365815, 20.838568], [110.368988, 20.848863], [110.386241, 20.825995], [110.40268, 20.790107], [110.409434, 20.750963], [110.396983, 20.718492], [110.383556, 20.713446], [110.368988, 20.719672], [110.356456, 20.732327], [110.348643, 20.746405], [110.34726, 20.761786], [110.348155, 20.803046], [110.341807, 20.821519], [110.333751, 20.805732], [110.328624, 20.79975], [110.3213, 20.794257], [110.333018, 20.778754], [110.332123, 20.76789], [110.32252, 20.759955], [110.307628, 20.753241], [110.314464, 20.746405], [110.310639, 20.745063], [110.308849, 20.745103], [110.308116, 20.743964], [110.307628, 20.738959], [110.337494, 20.725816], [110.329438, 20.707221], [110.308849, 20.683987], [110.300792, 20.65705], [110.307709, 20.660386], [110.313487, 20.664862], [110.317963, 20.6706], [110.3213, 20.677558], [110.328136, 20.677558], [110.3296, 20.664455], [110.32838, 20.652655], [110.323741, 20.643052], [110.314464, 20.636542], [110.325938, 20.630764], [110.339366, 20.631537], [110.352143, 20.636542], [110.362804, 20.643378], [110.362804, 20.622301], [110.371837, 20.634345], [110.380626, 20.633775], [110.389171, 20.625922], [110.396983, 20.616116], [110.391938, 20.606757], [110.397472, 20.595445], [110.408539, 20.585924], [110.425141, 20.580064], [110.442963, 20.570868], [110.451671, 20.567694], [110.458018, 20.567369], [110.472667, 20.56859], [110.478852, 20.567694], [110.495209, 20.553168], [110.511485, 20.527899], [110.53419, 20.478258], [110.515391, 20.43476], [110.502289, 20.412746], [110.482677, 20.403225], [110.475352, 20.39765], [110.458507, 20.36225], [110.40683, 20.305162], [110.399994, 20.300767], [110.37672, 20.305243], [110.362071, 20.304877], [110.355479, 20.297349], [110.34433, 20.279242], [110.319672, 20.269721], [110.294037, 20.262926], [110.280284, 20.252997], [110.265636, 20.264146], [110.256358, 20.269355], [110.245616, 20.273424], [110.237153, 20.27497], [110.208018, 20.273424], [110.196625, 20.27025], [110.192638, 20.263251], [110.191173, 20.256171], [110.187755, 20.252997], [110.127533, 20.247992], [110.10963, 20.252997], [110.09311, 20.270575], [110.085704, 20.273424], [110.077647, 20.274563], [110.069835, 20.277777], [110.063731, 20.283026], [110.061127, 20.290229], [110.057628, 20.296373], [110.04892, 20.300238], [110.037852, 20.301703], [110.02711, 20.300767], [110.021576, 20.297024], [110.011811, 20.283677], [110.005951, 20.280341], [110.000987, 20.280829], [109.995209, 20.282782], [109.991466, 20.28498], [109.992279, 20.286526], [109.965831, 20.280951], [109.950938, 20.272162], [109.944428, 20.25609], [109.941417, 20.251858], [109.93393, 20.244127], [109.924897, 20.238267], [109.917247, 20.239325], [109.914561, 20.248481], [109.917247, 20.259955], [109.921723, 20.26968], [109.924083, 20.273424], [109.928559, 20.294582], [109.930919, 20.317816], [109.928722, 20.326361], [109.919444, 20.342231], [109.917247, 20.352281], [109.885753, 20.36636], [109.874115, 20.376288], [109.889903, 20.382717], [109.862804, 20.406317], [109.865733, 20.410061], [109.878917, 20.410875], [109.888031, 20.414049], [109.893809, 20.420478], [109.896088, 20.431098], [109.903575, 20.431098], [109.914887, 20.418647], [109.945811, 20.395738], [109.9581, 20.382717], [109.974864, 20.354641], [109.982432, 20.351549], [109.985444, 20.372138], [109.992442, 20.384955], [110.006114, 20.40119], [110.015473, 20.418402], [110.009776, 20.434231], [109.983979, 20.453192], [109.97226, 20.464545], [109.964936, 20.478258], [109.962983, 20.471991], [109.96046, 20.466254], [109.958507, 20.459906], [109.9581, 20.451606], [109.943614, 20.460679], [109.93922, 20.473863], [109.937511, 20.489651], [109.930919, 20.506252], [109.929942, 20.471381], [109.927013, 20.454901], [109.917247, 20.44477], [109.914806, 20.457017], [109.909516, 20.471177], [109.902924, 20.484198], [109.896088, 20.49258], [109.882823, 20.497748], [109.849701, 20.500922], [109.835216, 20.506252], [109.827485, 20.511461], [109.822113, 20.516547], [109.819591, 20.523505], [109.821056, 20.534125], [109.825694, 20.542792], [109.831798, 20.544582], [109.837494, 20.544379], [109.841401, 20.547187], [109.843761, 20.557074], [109.845225, 20.581122], [109.848237, 20.595649], [109.841401, 20.595649], [109.827729, 20.554633], [109.821056, 20.554633], [109.818858, 20.589097], [109.802013, 20.616278], [109.77589, 20.631334], [109.74586, 20.629788], [109.75172, 20.645413], [109.750255, 20.660468], [109.751557, 20.673733], [109.765717, 20.684394], [109.775157, 20.686184], [109.779796, 20.683539], [109.785248, 20.679592], [109.79713, 20.677558], [109.805919, 20.679511], [109.812755, 20.684516], [109.827729, 20.697984], [109.830658, 20.693671], [109.837006, 20.689154], [109.841401, 20.684394], [109.844249, 20.689683], [109.848888, 20.696275], [109.854096, 20.70185], [109.858735, 20.70425], [109.861908, 20.708157], [109.860444, 20.715481], [109.854747, 20.719916], [109.829438, 20.707913], [109.813975, 20.708441], [109.801036, 20.706285], [109.793712, 20.691148], [109.786876, 20.691148], [109.760265, 20.729967], [109.75644, 20.749701], [109.773204, 20.766913], [109.763438, 20.776557], [109.758149, 20.792792], [109.760265, 20.807807], [109.773204, 20.814114], [109.773204, 20.821519], [109.752045, 20.842027], [109.752045, 20.848863], [109.759532, 20.848863], [109.759532, 20.855048], [109.753022, 20.863715], [109.745372, 20.867662], [109.737804, 20.865383], [109.731537, 20.855048], [109.739024, 20.807847], [109.728363, 20.815131], [109.713878, 20.833686], [109.704356, 20.842027], [109.706798, 20.831855], [109.717865, 20.807847], [109.689464, 20.835395], [109.665619, 20.880927], [109.661225, 20.927558], [109.691254, 20.958726], [109.678966, 20.973863], [109.680675, 20.994452], [109.69752, 21.040595], [109.700776, 21.03856], [109.708507, 21.035875], [109.711681, 21.03384], [109.709809, 21.057196], [109.699962, 21.082994], [109.685557, 21.106594], [109.670177, 21.123236], [109.676606, 21.138495], [109.695893, 21.170111], [109.704356, 21.178453], [109.720225, 21.183417], [109.728363, 21.177883], [109.73642, 21.169013], [109.752045, 21.16413], [109.746674, 21.179674], [109.754893, 21.192939], [109.7671, 21.204535], [109.773204, 21.215399], [109.770274, 21.271308], [109.765717, 21.280829], [109.765717, 21.287665], [109.773529, 21.299709], [109.773936, 21.318671], [109.765717, 21.355943], [109.776378, 21.353664], [109.783702, 21.348293], [109.787364, 21.339911], [109.786876, 21.328681], [109.799815, 21.332913], [109.803477, 21.341213], [109.803966, 21.350043], [109.807384, 21.355943], [109.816254, 21.357571], [109.841401, 21.355943], [109.924083, 21.362779], [109.924083, 21.370266], [109.904796, 21.390692], [109.917572, 21.413804], [109.940522, 21.437201], [109.951264, 21.458401], [109.933442, 21.453803], [109.924571, 21.465033], [109.927257, 21.479804], [109.944428, 21.485663], [109.944428, 21.493109], [109.917979, 21.489407], [109.886974, 21.481513], [109.858979, 21.482815], [109.841401, 21.506781], [109.827729, 21.493109], [109.827729, 21.485663], [109.835216, 21.485663], [109.835216, 21.480129], [109.826915, 21.470526], [109.823741, 21.465033], [109.821056, 21.458401], [109.81422, 21.458401], [109.802745, 21.473334], [109.799083, 21.498603], [109.800548, 21.554592], [109.783295, 21.546373], [109.770112, 21.551581], [109.765147, 21.563381], [109.773204, 21.5751], [109.773204, 21.581855], [109.748057, 21.574937], [109.748057, 21.574612], [109.747813, 21.545233], [109.760265, 21.511623], [109.773204, 21.493109], [109.773204, 21.485663], [109.765717, 21.485663], [109.765717, 21.493109], [109.759532, 21.493109], [109.741466, 21.474026], [109.708588, 21.483303], [109.649669, 21.520453], [109.659923, 21.528062], [109.668224, 21.559638], [109.677013, 21.5751], [109.67335, 21.582099], [109.671723, 21.596625], [109.670177, 21.602973], [109.673676, 21.606391], [109.676768, 21.610053], [109.677989, 21.615302], [109.677013, 21.62344], [109.658783, 21.614936], [109.637218, 21.60163], [109.625255, 21.585395], [109.635997, 21.568264], [109.628917, 21.56684], [109.622325, 21.567816], [109.615815, 21.570705], [109.608002, 21.5751], [109.608002, 21.581855], [109.612804, 21.589789], [109.613536, 21.601223], [109.61085, 21.611518], [109.604991, 21.616034], [109.603038, 21.620592], [109.615489, 21.650133], [109.594493, 21.634182], [109.585297, 21.630845], [109.581391, 21.640204], [109.579926, 21.650458], [109.575938, 21.659369], [109.569428, 21.66649], [109.560883, 21.671291], [109.56422, 21.69123], [109.567719, 21.698554], [109.560802, 21.707261], [109.567882, 21.719957], [109.581554, 21.732367], [109.594493, 21.74018], [109.594493, 21.746405], [109.583344, 21.744534], [109.574962, 21.745673], [109.569428, 21.750637], [109.567719, 21.759996], [109.492686, 21.698554], [109.498057, 21.69538], [109.500987, 21.691881], [109.503266, 21.688381], [109.506196, 21.684963], [109.503022, 21.684516], [109.495942, 21.685004], [109.492686, 21.684963], [109.492686, 21.678127], [109.499278, 21.680162], [109.513438, 21.682685], [109.519867, 21.684963], [109.521007, 21.665758], [109.506358, 21.65766], [109.484711, 21.658026], [109.464692, 21.664455], [109.464692, 21.65762], [109.529877, 21.635688], [109.540538, 21.626899], [109.543224, 21.619574], [109.572765, 21.581732], [109.571056, 21.576239], [109.564952, 21.57274], [109.560883, 21.568264], [109.562266, 21.536933], [109.560883, 21.526679], [109.556977, 21.521552], [109.543305, 21.508246], [109.540538, 21.503079], [109.530772, 21.491645], [109.48585, 21.474311], [109.472179, 21.465806], [109.466889, 21.47484], [109.465831, 21.482896], [109.467865, 21.490871], [109.472179, 21.499335], [109.463878, 21.492987], [109.4546, 21.481838], [109.447276, 21.47012], [109.444184, 21.462104], [109.438243, 21.455064], [109.424408, 21.452379], [109.343761, 21.453518], [109.335216, 21.458157], [109.320811, 21.480129], [109.315522, 21.459052], [109.29892, 21.443264], [109.277599, 21.436998], [109.258637, 21.444729], [109.253754, 21.440334], [109.250255, 21.4383], [109.247651, 21.436265], [109.244965, 21.431627], [109.23878, 21.431627], [109.237153, 21.458686], [109.23878, 21.485663], [109.227061, 21.472235], [109.219737, 21.449123], [109.21461, 21.417426], [109.171967, 21.417548], [109.157074, 21.423529], [109.149425, 21.438544], [109.144298, 21.427558], [109.144623, 21.417955], [109.148936, 21.40998], [109.156261, 21.403754], [109.138682, 21.401597], [109.096446, 21.425198], [109.077403, 21.431627], [109.050141, 21.437161], [109.039806, 21.450263], [109.043712, 21.466254], [109.060069, 21.480129], [109.08253, 21.486029], [109.109874, 21.489569], [109.132823, 21.495917], [109.142589, 21.510199], [109.1421, 21.553453], [109.135753, 21.602973], [109.128917, 21.602973], [109.12436, 21.590969], [109.116059, 21.590562], [109.107188, 21.597968], [109.101085, 21.609198], [109.094819, 21.609198], [109.087413, 21.599555], [109.077647, 21.596991], [109.069672, 21.60224], [109.066742, 21.616034], [109.060069, 21.616034], [109.056651, 21.611558], [109.046397, 21.602973], [109.049815, 21.614081], [109.054698, 21.622056], [109.066742, 21.636542], [109.066742, 21.643948], [109.048432, 21.636908], [109.013764, 21.615383], [108.992442, 21.609198], [108.970225, 21.60635], [108.958995, 21.606594], [108.944591, 21.609198], [108.927989, 21.615058], [108.920746, 21.622016], [108.906505, 21.650824], [108.901703, 21.665188], [108.897472, 21.671291], [108.891612, 21.672675], [108.875499, 21.670152], [108.869477, 21.671291], [108.85727, 21.683417], [108.855235, 21.684963], [108.855235, 21.694281], [108.860362, 21.697903], [108.866466, 21.700181], [108.869477, 21.70539], [108.864268, 21.731879], [108.86142, 21.733344], [108.865489, 21.739732], [108.867442, 21.7414], [108.869965, 21.742336], [108.875743, 21.746405], [108.885997, 21.750434], [108.916596, 21.753811], [108.922374, 21.762885], [108.924083, 21.766832], [108.91684, 21.76435], [108.904307, 21.762763], [108.897472, 21.759996], [108.903087, 21.774319], [108.893809, 21.771552], [108.886322, 21.767157], [108.880626, 21.761176], [108.875743, 21.753811], [108.869477, 21.753811], [108.86142, 21.759996], [108.86142, 21.766832], [108.866954, 21.774156], [108.875743, 21.800971], [108.869477, 21.800971], [108.858246, 21.787299], [108.855235, 21.781155], [108.849864, 21.791693], [108.850678, 21.800523], [108.855235, 21.808173], [108.86142, 21.815253], [108.840831, 21.811591], [108.801362, 21.818345], [108.779552, 21.815253], [108.78891, 21.81094], [108.821056, 21.800971], [108.817393, 21.796576], [108.816254, 21.793362], [108.815929, 21.789008], [108.81422, 21.781155], [108.832612, 21.78384], [108.84254, 21.768052], [108.843516, 21.745022], [108.834727, 21.725816], [108.828949, 21.720038], [108.822113, 21.715033], [108.816661, 21.716376], [108.81422, 21.729641], [108.814057, 21.741116], [108.812104, 21.752427], [108.805919, 21.75845], [108.793061, 21.753811], [108.798595, 21.748277], [108.800548, 21.744818], [108.799897, 21.733344], [108.796641, 21.736965], [108.795177, 21.737982], [108.792817, 21.73843], [108.786876, 21.74018], [108.793061, 21.733344], [108.789806, 21.729153], [108.786388, 21.727851], [108.78297, 21.727444], [108.779552, 21.725816], [108.799897, 21.725816], [108.799897, 21.719062], [108.793061, 21.719062], [108.793061, 21.712836], [108.816661, 21.699693], [108.834321, 21.685736], [108.838634, 21.668036], [108.821056, 21.643948], [108.842377, 21.646389], [108.851817, 21.645982], [108.86142, 21.643948], [108.849946, 21.625963], [108.833995, 21.627997], [108.81544, 21.637926], [108.796479, 21.643948], [108.787364, 21.641425], [108.782074, 21.635484], [108.778087, 21.62873], [108.772716, 21.62344], [108.762787, 21.620551], [108.745942, 21.620266], [108.738536, 21.616034], [108.745372, 21.602973], [108.73349, 21.612738], [108.731293, 21.629462], [108.72755, 21.644761], [108.711192, 21.650133], [108.711192, 21.65762], [108.733165, 21.662421], [108.740326, 21.660142], [108.745372, 21.650133], [108.751557, 21.650133], [108.751557, 21.691718], [108.742442, 21.684149], [108.740245, 21.679999], [108.738536, 21.671291], [108.7317, 21.671291], [108.712657, 21.688422], [108.715424, 21.709133], [108.724701, 21.729722], [108.724864, 21.746405], [108.717865, 21.74315], [108.711192, 21.746405], [108.70045, 21.72248], [108.694102, 21.712144], [108.683197, 21.70539], [108.674571, 21.715399], [108.654307, 21.723538], [108.649181, 21.733344], [108.658783, 21.733222], [108.667003, 21.734849], [108.683197, 21.74018], [108.683197, 21.746405], [108.665375, 21.751858], [108.652599, 21.749986], [108.646332, 21.75137], [108.649181, 21.766832], [108.65561, 21.778225], [108.664806, 21.787177], [108.673106, 21.798], [108.677013, 21.815253], [108.669688, 21.815253], [108.667003, 21.809516], [108.660167, 21.801337], [108.656016, 21.794827], [108.64975, 21.814154], [108.649181, 21.822089], [108.642345, 21.822089], [108.643077, 21.809394], [108.642182, 21.796861], [108.639659, 21.78498], [108.635509, 21.774319], [108.628673, 21.774319], [108.623302, 21.783515], [108.621837, 21.787909], [108.615001, 21.787909], [108.625011, 21.767808], [108.629161, 21.75609], [108.628673, 21.746405], [108.594493, 21.74018], [108.593761, 21.754828], [108.597504, 21.766547], [108.607514, 21.787909], [108.580577, 21.781317], [108.569428, 21.794379], [108.571381, 21.812812], [108.584239, 21.822089], [108.600597, 21.830634], [108.622081, 21.87108], [108.635509, 21.884182], [108.635509, 21.890326], [108.622569, 21.896226], [108.594493, 21.91767], [108.594086, 21.9112], [108.592296, 21.906806], [108.589692, 21.902899], [108.587657, 21.897854], [108.583344, 21.900539], [108.5796, 21.901801], [108.567149, 21.904608], [108.570893, 21.901272], [108.573985, 21.89997], [108.576996, 21.899359], [108.580821, 21.897854], [108.570323, 21.893378], [108.560313, 21.895494], [108.553722, 21.903754], [108.552989, 21.91767], [108.558116, 21.923651], [108.566905, 21.927802], [108.573822, 21.935452], [108.573334, 21.951809], [108.567149, 21.951809], [108.566987, 21.948554], [108.567393, 21.941962], [108.567149, 21.938788], [108.559825, 21.938788], [108.55836, 21.942572], [108.552989, 21.951809], [108.550548, 21.935452], [108.545665, 21.923814], [108.53769, 21.914496], [108.525645, 21.904608], [108.521495, 21.906724], [108.505138, 21.910834], [108.505138, 21.904608], [108.510753, 21.901597], [108.513194, 21.898505], [108.515391, 21.894924], [108.518809, 21.890326], [108.50172, 21.88581], [108.484874, 21.877102], [108.478363, 21.8664], [108.491466, 21.856269], [108.463145, 21.862982], [108.460704, 21.887112], [108.477794, 21.945014], [108.470225, 21.940253], [108.464692, 21.934312], [108.460704, 21.926947], [108.458018, 21.91767], [108.457286, 21.888332], [108.448741, 21.86579], [108.455658, 21.848782], [108.469574, 21.832953], [108.48463, 21.822089], [108.481537, 21.821479], [108.470958, 21.822089], [108.472016, 21.817532], [108.473888, 21.814439], [108.476085, 21.811713], [108.477794, 21.807807], [108.488292, 21.814765], [108.497081, 21.809027], [108.50294, 21.797593], [108.505138, 21.787909], [108.501964, 21.776679], [108.496104, 21.768256], [108.491303, 21.757717], [108.491466, 21.74018], [108.482188, 21.743598], [108.475922, 21.74433], [108.47047, 21.743069], [108.463471, 21.74018], [108.475434, 21.736762], [108.486827, 21.731879], [108.496918, 21.725898], [108.505138, 21.719062], [108.505138, 21.712836], [108.491466, 21.712836], [108.49171, 21.708686], [108.493907, 21.705878], [108.495046, 21.705634], [108.497651, 21.70539], [108.496349, 21.704779], [108.493826, 21.70539], [108.477794, 21.70539], [108.477794, 21.698554], [108.48642, 21.697252], [108.496349, 21.692939], [108.505138, 21.691718], [108.505138, 21.684963], [108.501475, 21.680365], [108.500824, 21.680325], [108.502289, 21.679145], [108.505138, 21.671291], [108.513031, 21.700181], [108.520112, 21.712633], [108.533051, 21.719062], [108.530528, 21.710191], [108.525971, 21.70539], [108.521495, 21.702297], [108.518809, 21.698554], [108.517914, 21.689276], [108.520763, 21.680569], [108.518809, 21.671291], [108.524018, 21.675605], [108.527924, 21.67768], [108.531016, 21.679877], [108.533051, 21.684963], [108.53712, 21.68537], [108.538585, 21.684027], [108.539317, 21.678127], [108.542247, 21.683824], [108.552989, 21.698554], [108.559825, 21.698554], [108.56544, 21.678534], [108.557221, 21.671617], [108.545177, 21.666083], [108.539317, 21.650133], [108.548839, 21.656195], [108.552989, 21.65762], [108.546886, 21.643052], [108.535981, 21.638007], [108.523448, 21.639309], [108.511974, 21.643948], [108.511974, 21.636542], [108.517345, 21.634955], [108.521007, 21.633002], [108.525401, 21.631171], [108.533051, 21.630316], [108.530528, 21.62051], [108.526866, 21.614244], [108.521007, 21.610785], [108.511974, 21.609198], [108.516612, 21.599189], [108.518809, 21.595526], [108.490489, 21.583686], [108.481212, 21.581855], [108.480072, 21.587836], [108.481781, 21.599514], [108.489106, 21.607611], [108.505138, 21.602973], [108.505138, 21.609198], [108.491466, 21.62344], [108.478526, 21.606147], [108.471772, 21.600491], [108.463471, 21.595526], [108.469981, 21.5869], [108.471202, 21.581204], [108.467133, 21.577541], [108.458018, 21.5751], [108.458018, 21.568264], [108.461029, 21.567857], [108.470958, 21.568264], [108.470958, 21.561998], [108.420014, 21.556871], [108.40211, 21.559801], [108.389659, 21.5751], [108.390636, 21.595364], [108.406749, 21.600246], [108.420909, 21.594224], [108.416352, 21.581855], [108.431895, 21.583238], [108.438731, 21.594184], [108.443696, 21.62344], [108.437511, 21.62344], [108.432465, 21.618109], [108.427582, 21.616685], [108.422374, 21.61872], [108.416352, 21.62344], [108.416352, 21.630316], [108.421235, 21.635159], [108.427338, 21.639146], [108.434825, 21.642157], [108.443696, 21.643948], [108.441417, 21.652086], [108.44809, 21.658108], [108.459483, 21.662095], [108.470958, 21.664455], [108.470958, 21.671291], [108.423432, 21.663275], [108.409679, 21.664455], [108.423595, 21.679389], [108.427013, 21.68773], [108.423839, 21.698554], [108.420909, 21.693183], [108.413585, 21.684801], [108.409679, 21.678127], [108.408051, 21.683295], [108.406993, 21.683295], [108.403331, 21.684963], [108.39796, 21.672838], [108.385997, 21.672919], [108.337657, 21.697455], [108.335948, 21.706855], [108.341319, 21.725816], [108.321544, 21.709662], [108.311371, 21.681708], [108.312755, 21.651842], [108.327647, 21.630316], [108.306488, 21.630316], [108.311127, 21.61994], [108.313975, 21.616034], [108.306407, 21.612738], [108.300792, 21.607245], [108.296641, 21.599433], [108.293468, 21.589301], [108.309093, 21.588935], [108.313975, 21.589301], [108.313975, 21.581855], [108.30714, 21.578111], [108.289561, 21.564032], [108.285981, 21.558295], [108.283783, 21.544745], [108.277843, 21.540107], [108.269135, 21.538642], [108.258637, 21.534084], [108.22641, 21.508002], [108.211029, 21.500637], [108.210297, 21.513617], [108.21933, 21.529364], [108.244965, 21.564358], [108.251964, 21.581855], [108.252778, 21.588528], [108.252533, 21.595282], [108.24936, 21.603095], [108.24171, 21.612616], [108.226817, 21.625556], [108.227875, 21.632066], [108.238292, 21.643948], [108.216889, 21.635403], [108.210297, 21.630316], [108.209809, 21.63349], [108.210297, 21.643948], [108.206065, 21.642564], [108.200938, 21.638617], [108.197276, 21.636542], [108.204682, 21.631008], [108.208832, 21.623928], [108.208832, 21.616197], [108.204112, 21.609198], [108.204112, 21.602973], [108.210297, 21.602973], [108.176362, 21.575751], [108.15797, 21.571519], [108.135265, 21.581855], [108.128429, 21.5751], [108.132335, 21.565375], [108.128266, 21.56273], [108.120942, 21.566311], [108.114757, 21.5751], [108.105805, 21.559068], [108.092784, 21.558661], [108.078461, 21.563218], [108.066254, 21.561998], [108.076996, 21.545478], [108.071056, 21.536566], [108.056895, 21.536038], [108.031993, 21.551907], [108.0171, 21.555243], [108.002289, 21.554267], [107.991222, 21.548407], [108.027354, 21.523342], [108.039561, 21.520453], [108.018647, 21.518948], [108.011241, 21.506537], [108.013682, 21.492418], [108.022227, 21.485663], [108.036225, 21.488227], [108.047618, 21.49315], [108.061046, 21.496161], [108.080577, 21.493109], [108.080577, 21.485663], [108.043224, 21.481635], [108.016612, 21.470364], [107.970714, 21.431627], [107.963878, 21.431627], [107.965343, 21.447333], [107.972667, 21.460273], [107.991222, 21.480129], [107.991222, 21.485663], [107.969981, 21.475775], [107.948578, 21.454983], [107.929698, 21.442613], [107.916026, 21.458401], [107.91627, 21.468248], [107.921235, 21.474799], [107.927013, 21.479315], [107.929698, 21.482856], [107.928559, 21.490546], [107.926036, 21.495917], [107.923432, 21.499945], [107.922211, 21.503079], [107.918712, 21.517524], [107.909679, 21.526516], [107.896739, 21.531562], [107.881928, 21.534084], [107.8838, 21.52676], [107.88266, 21.522528], [107.875092, 21.513617], [107.868419, 21.513617], [107.862804, 21.530219], [107.855968, 21.520941], [107.847911, 21.493109], [107.835948, 21.488349], [107.828868, 21.49494], [107.825938, 21.508979], [107.826671, 21.526679], [107.820567, 21.526679], [107.812999, 21.520453], [107.812999, 21.513617], [107.817393, 21.509345], [107.81894, 21.506252], [107.820567, 21.493109], [107.812999, 21.493109], [107.806895, 21.506781], [107.800059, 21.499335], [107.796235, 21.519477], [107.783458, 21.524319], [107.766856, 21.520209], [107.752208, 21.513617], [107.752208, 21.506781], [107.768321, 21.506903], [107.780365, 21.503079], [107.788585, 21.494452], [107.792572, 21.480129], [107.778901, 21.485663], [107.781098, 21.479153], [107.783946, 21.464911], [107.786388, 21.458401], [107.775645, 21.458564], [107.767589, 21.455715], [107.761811, 21.450751], [107.758556, 21.444729], [107.765229, 21.438544], [107.748546, 21.4112], [107.730317, 21.411811], [107.721446, 21.410875], [107.717377, 21.407457], [107.711518, 21.398912], [107.69809, 21.398383], [107.684174, 21.403266], [107.676524, 21.4112], [107.669037, 21.4112], [107.666026, 21.406806], [107.662852, 21.403754], [107.662852, 21.397528], [107.669444, 21.385443], [107.663422, 21.378079], [107.650238, 21.376858], [107.63502, 21.383246], [107.637299, 21.377753], [107.637218, 21.375434], [107.637787, 21.373725], [107.642345, 21.370266], [107.642345, 21.362779], [107.634125, 21.358588], [107.631196, 21.354478], [107.633881, 21.349351], [107.642345, 21.342271], [107.635753, 21.341376], [107.621349, 21.335517], [107.625336, 21.333726], [107.62672, 21.333889], [107.627208, 21.333157], [107.628754, 21.328681], [107.624115, 21.330715], [107.608165, 21.335517], [107.603526, 21.310492], [107.599213, 21.298774], [107.590587, 21.293891], [107.573741, 21.294745], [107.562266, 21.298041], [107.554047, 21.304511], [107.546886, 21.315009], [107.542572, 21.326565], [107.540375, 21.337348], [107.535167, 21.345364], [107.522309, 21.348538], [107.521983, 21.344306], [107.525971, 21.334418], [107.528819, 21.323228], [107.525157, 21.315009], [107.525157, 21.307563], [107.537446, 21.301947], [107.526622, 21.298774], [107.504487, 21.298407], [107.484141, 21.301337], [107.481781, 21.301337], [107.472179, 21.303697], [107.461681, 21.309272], [107.456798, 21.318345], [107.450938, 21.320502], [107.415294, 21.328681], [107.409028, 21.315009], [107.416026, 21.308539], [107.443126, 21.293891], [107.443126, 21.287665], [107.423595, 21.279608], [107.391612, 21.280422], [107.367442, 21.273383], [107.367442, 21.266588], [107.373302, 21.258979], [107.37086, 21.253363], [107.364838, 21.247626], [107.360606, 21.239244], [107.358897, 21.20307], [107.35434, 21.191474], [107.362071, 21.185614], [107.370697, 21.181627], [107.379649, 21.180976], [107.388438, 21.184638], [107.382335, 21.139797], [107.375499, 21.116156], [107.360606, 21.102118], [107.366303, 21.093492], [107.367442, 21.087877], [107.363536, 21.084418], [107.35434, 21.082221], [107.358246, 21.067328], [107.360362, 21.052436], [107.36435, 21.040351], [107.374278, 21.03384], [107.374278, 21.027574], [107.357677, 21.015204], [107.347748, 21.009955], [107.333832, 21.005845], [107.311046, 21.005276], [107.292328, 21.004625], [107.279552, 20.999701], [107.266449, 21.004299], [107.245291, 21.003079], [107.224132, 20.998236], [107.211192, 20.992255], [107.216319, 20.99022], [107.219574, 20.988227], [107.223806, 20.98664], [107.23113, 20.986029], [107.23113, 20.979193], [107.214854, 20.975246], [107.19337, 20.952704], [107.197032, 20.937649], [107.181895, 20.936754], [107.170909, 20.93358], [107.160899, 20.93244], [107.149181, 20.937649], [107.149181, 20.930813], [107.1338, 20.94481], [107.084972, 20.951402], [107.066091, 20.958726], [107.066091, 20.964911], [107.095225, 21.000474], [107.149181, 21.03384], [107.149181, 21.040595], [107.135997, 21.03974], [107.123057, 21.037258], [107.111176, 21.033108], [107.101329, 21.027574], [107.096853, 21.021064], [107.095388, 21.014065], [107.092459, 21.008246], [107.083751, 21.005845], [107.079763, 21.009101], [107.081065, 21.016303], [107.084727, 21.023668], [107.087169, 21.027574], [107.082774, 21.030178], [107.082367, 21.030992], [107.080333, 21.03384], [107.072276, 21.017076], [107.063243, 21.009345], [107.057628, 21.013861], [107.059825, 21.03384], [107.052989, 21.03384], [107.053477, 21.023017], [107.052501, 21.013658], [107.050141, 21.005927], [107.046153, 20.999701], [107.046886, 21.013983], [107.044607, 21.025092], [107.037934, 21.032172], [107.025645, 21.03384], [107.025645, 21.027574], [107.029145, 21.024563], [107.034679, 21.017808], [107.039317, 21.013373], [107.036143, 21.013007], [107.025645, 21.013373], [107.039317, 20.999701], [107.025157, 20.999823], [107.015636, 21.00434], [106.997813, 21.020168], [106.995453, 21.006415], [107.020844, 20.986396], [107.025645, 20.972357], [107.016775, 20.957668], [107.000987, 20.951077], [106.982107, 20.949937], [106.963634, 20.951239], [106.946951, 20.954291], [106.931895, 20.959418], [106.9192, 20.965766], [106.908946, 20.972357], [106.884613, 20.993232], [106.873383, 20.997138], [106.867442, 20.986029], [106.863536, 20.991604], [106.860199, 20.993109], [106.85377, 20.992255], [106.882823, 20.960517], [106.895274, 20.951239], [106.916352, 20.941107], [106.922048, 20.937649], [106.926117, 20.930976], [106.928233, 20.922756], [106.932384, 20.915188], [106.943126, 20.910305], [106.943126, 20.90351], [106.917247, 20.904039], [106.901703, 20.907864], [106.891449, 20.918036], [106.881602, 20.937649], [106.874278, 20.937649], [106.875499, 20.928697], [106.878429, 20.92121], [106.882335, 20.915107], [106.88795, 20.910305], [106.867931, 20.882717], [106.859874, 20.88939], [106.852224, 20.90998], [106.833263, 20.923977], [106.836681, 20.929145], [106.83546, 20.930609], [106.833263, 20.937649], [106.826427, 20.937649], [106.806, 20.932074], [106.783214, 20.942572], [106.772472, 20.957424], [106.788829, 20.964911], [106.806895, 20.96601], [106.816905, 20.969468], [106.820649, 20.97602], [106.819591, 20.986029], [106.812836, 20.990627], [106.802419, 20.995185], [106.798676, 21.001939], [106.812185, 21.013373], [106.805675, 21.019843], [106.798106, 21.024807], [106.789317, 21.027533], [106.778575, 21.027574], [106.780772, 21.024115], [106.783214, 21.016669], [106.785411, 21.013373], [106.76238, 21.015326], [106.746104, 21.024563], [106.730805, 21.029853], [106.710297, 21.020168], [106.710297, 21.013373], [106.717784, 21.013373], [106.717784, 21.005845], [106.680349, 21.020453], [106.658702, 21.024848], [106.6421, 21.020168], [106.650727, 21.018012], [106.65268, 21.017524], [106.682953, 21.005845], [106.682953, 20.999701], [106.67628, 21.001899], [106.655772, 21.005845], [106.655772, 20.999701], [106.665538, 20.990546], [106.669119, 20.979967], [106.671072, 20.969062], [106.67628, 20.958726], [106.686697, 20.952704], [106.711925, 20.951565], [106.733735, 20.942206], [106.746104, 20.942328], [106.755138, 20.938544], [106.7588, 20.920844], [106.756684, 20.907904], [106.747244, 20.894721], [106.744477, 20.883002], [106.738292, 20.883002], [106.717784, 20.90351], [106.699962, 20.882758], [106.70753, 20.870754], [106.726899, 20.861396], [106.744477, 20.848863], [106.75294, 20.825751], [106.749197, 20.804348], [106.736583, 20.794989], [106.717784, 20.807847], [106.72462, 20.790025], [106.738455, 20.769721], [106.755626, 20.751207], [106.772472, 20.738959], [106.778575, 20.746405], [106.788829, 20.730536], [106.805919, 20.677558], [106.785167, 20.692288], [106.776134, 20.701117], [106.772472, 20.707953], [106.7671, 20.713446], [106.755626, 20.709296], [106.744884, 20.701972], [106.741466, 20.697984], [106.732677, 20.696601], [106.725597, 20.693752], [106.71697, 20.691311], [106.704112, 20.691148], [106.675548, 20.698635], [106.662608, 20.697984], [106.662608, 20.691148], [106.687511, 20.681342], [106.702891, 20.671576], [106.703136, 20.659654], [106.682953, 20.643378], [106.669688, 20.636461], [106.654063, 20.630805], [106.637543, 20.628079], [106.620942, 20.629788], [106.612315, 20.635484], [106.598155, 20.655097], [106.586762, 20.663275], [106.592621, 20.648098], [106.593598, 20.646715], [106.599376, 20.638414], [106.614268, 20.622301], [106.619395, 20.618598], [106.624034, 20.618801], [106.627208, 20.616604], [106.628429, 20.605862], [106.627452, 20.600084], [106.624766, 20.594631], [106.621349, 20.590399], [106.604747, 20.584418], [106.58253, 20.565172], [106.518565, 20.540961], [106.536143, 20.531643], [106.550629, 20.532416], [106.579926, 20.547187], [106.579926, 20.540961], [106.567719, 20.524888], [106.57488, 20.510728], [106.584483, 20.496039], [106.579926, 20.478258], [106.573741, 20.477118], [106.545421, 20.467597], [106.542491, 20.465277], [106.536957, 20.462063], [106.529796, 20.454413], [106.523204, 20.445217], [106.518565, 20.437323], [106.52475, 20.437323], [106.538097, 20.446234], [106.561697, 20.455064], [106.584239, 20.457831], [106.594249, 20.448188], [106.590587, 20.404731], [106.584158, 20.381822], [106.57309, 20.368476], [106.568044, 20.378079], [106.566417, 20.382717], [106.566742, 20.378892], [106.565684, 20.376451], [106.563324, 20.375474], [106.559581, 20.375922], [106.577647, 20.358954], [106.579776, 20.350216], [106.583766, 20.337975], [106.585489, 20.322292], [106.588475, 20.303275], [106.592593, 20.275411], [106.581659, 20.264177], [106.559581, 20.286526], [106.549978, 20.298977], [106.536957, 20.309149], [106.521658, 20.313463], [106.504405, 20.308254], [106.498057, 20.308254], [106.50294, 20.300523], [106.504893, 20.297431], [106.51295, 20.29442], [106.520518, 20.298407], [106.52475, 20.308254], [106.548513, 20.291449], [106.552745, 20.286526], [106.556, 20.277737], [106.566308, 20.261077], [106.572325, 20.246677], [106.569615, 20.231994], [106.554268, 20.224654], [106.541027, 20.226066], [106.529291, 20.222393], [106.504915, 20.217025], [106.473155, 20.215155], [106.460216, 20.211982], [106.39503, 20.204576], [106.39503, 20.211982], [106.401866, 20.211982], [106.401866, 20.218207], [106.394705, 20.217515], [106.390147, 20.216295], [106.380707, 20.211982], [106.380707, 20.204576], [106.38795, 20.197496], [106.381114, 20.192084], [106.360199, 20.184068], [106.353282, 20.176825], [106.340343, 20.14997], [106.305512, 20.108588], [106.283702, 20.094631], [106.259288, 20.061265], [106.236176, 20.048], [106.211925, 20.021186], [106.197032, 20.012763], [106.206391, 20.03498], [106.210704, 20.040107], [106.203298, 20.047512], [106.195974, 20.033433], [106.184093, 20.003607], [106.176036, 19.992336], [106.160899, 19.984076], [106.124034, 19.975002], [106.107107, 19.964993], [106.10141, 19.979967], [106.104503, 19.995917], [106.11085, 20.013414], [106.114513, 20.033271], [106.107107, 20.033271], [106.104015, 20.017239], [106.088878, 19.973863], [106.083507, 19.964993], [106.068858, 19.968492], [106.052745, 19.977281], [106.039073, 19.98843], [106.031912, 19.999172], [106.025157, 19.999172], [106.019786, 19.986029], [106.008311, 19.973456], [105.964366, 19.935289], [105.955577, 19.925482], [105.949474, 19.910346], [105.949474, 19.900824], [105.956554, 19.885199], [105.956798, 19.875637], [105.935802, 19.848293], [105.93214, 19.833441], [105.932302, 19.805406], [105.928884, 19.793647], [105.925792, 19.797431], [105.915294, 19.807318], [105.908946, 19.796861], [105.894705, 19.787299], [105.867442, 19.773179], [105.873709, 19.765692], [105.886974, 19.771633], [105.915538, 19.774482], [105.928884, 19.780015], [105.92335, 19.766791], [105.905447, 19.743801], [105.901622, 19.728217], [105.895274, 19.72134], [105.881114, 19.722154], [105.866954, 19.721096], [105.860606, 19.707994], [105.855968, 19.691636], [105.833507, 19.658149], [105.825938, 19.642239], [105.824067, 19.626614], [105.823904, 19.598944], [105.819021, 19.587592], [105.817556, 19.610012], [105.803884, 19.613023], [105.790863, 19.603461], [105.791759, 19.587592], [105.795746, 19.59455], [105.802989, 19.602932], [105.805431, 19.60871], [105.810557, 19.599595], [105.813162, 19.589748], [105.813731, 19.579047], [105.814708, 19.574408], [105.819021, 19.57392], [105.819347, 19.536689], [105.808116, 19.460761], [105.812755, 19.423163], [105.798595, 19.430569], [105.784923, 19.403266], [105.771251, 19.409491], [105.771251, 19.403266], [105.782563, 19.394355], [105.786876, 19.383043], [105.791759, 19.354885], [105.810069, 19.321479], [105.812755, 19.307034], [105.791759, 19.320705], [105.7942, 19.31094], [105.798595, 19.299628], [105.805919, 19.302151], [105.810802, 19.299628], [105.808767, 19.280178], [105.806244, 19.274319], [105.805431, 19.272284], [105.797537, 19.26732], [105.788585, 19.266832], [105.781016, 19.264879], [105.772309, 19.235989], [105.759532, 19.235338], [105.745779, 19.23725], [105.743419, 19.23192], [105.731212, 19.170233], [105.729828, 19.133857], [105.737071, 19.108466], [105.711762, 19.096625], [105.701996, 19.090481], [105.695567, 19.081122], [105.668305, 19.089545], [105.643809, 19.065375], [105.624848, 19.028469], [105.614268, 18.998603], [105.613292, 18.985541], [105.618663, 18.976304], [105.621104, 18.967841], [105.622244, 18.954535], [105.629649, 18.922309], [105.634776, 18.909817], [105.648285, 18.892727], [105.669932, 18.874945], [105.694509, 18.860785], [105.716645, 18.85456], [105.716645, 18.848334], [105.702891, 18.834133], [105.698741, 18.843004], [105.692882, 18.849555], [105.684906, 18.853461], [105.675059, 18.85456], [105.685802, 18.831285], [105.688731, 18.826646], [105.695323, 18.824693], [105.712657, 18.826321], [105.720063, 18.823554], [105.740977, 18.801581], [105.751964, 18.786322], [105.757579, 18.77204], [105.742686, 18.73078], [105.747081, 18.72427], [105.756114, 18.715969], [105.75766, 18.696967], [105.754731, 18.676256], [105.750743, 18.662787], [105.77003, 18.671576], [105.769867, 18.695054], [105.766775, 18.755601], [105.764415, 18.758979], [105.783458, 18.74726], [105.789724, 18.718736], [105.790863, 18.689683], [105.795177, 18.676459], [105.802013, 18.665432], [105.825938, 18.593899], [105.879242, 18.510932], [105.915294, 18.47309], [105.949474, 18.471015], [105.952159, 18.452379], [105.958832, 18.432563], [105.967784, 18.41474], [105.977306, 18.402086], [106.000499, 18.385403], [106.008067, 18.378485], [106.045746, 18.332261], [106.098155, 18.290025], [106.110118, 18.275539], [106.112153, 18.262885], [106.093435, 18.258734], [106.103282, 18.251532], [106.120128, 18.254828], [106.141775, 18.261786], [106.165782, 18.26557], [106.181163, 18.259711], [106.233653, 18.220852], [106.240571, 18.217108], [106.262218, 18.209459], [106.270844, 18.204088], [106.298839, 18.169338], [106.332286, 18.145209], [106.346039, 18.132717], [106.354015, 18.114691], [106.34669, 18.114691], [106.336925, 18.120673], [106.324067, 18.118069], [106.312511, 18.110175], [106.306326, 18.100491], [106.319347, 18.094224], [106.323741, 18.097357], [106.327403, 18.098782], [106.340343, 18.100491], [106.334483, 18.088609], [106.336436, 18.079006], [106.34669, 18.059475], [106.346934, 18.071845], [106.349864, 18.083645], [106.354503, 18.093655], [106.360199, 18.100491], [106.370779, 18.105618], [106.377289, 18.103461], [106.384125, 18.09984], [106.39503, 18.100491], [106.403494, 18.106187], [106.422374, 18.128363], [106.434825, 18.123521], [106.43336, 18.113267], [106.422374, 18.094224], [106.427745, 18.072903], [106.438975, 18.051988], [106.518565, 17.957017], [106.52475, 17.949612], [106.52475, 17.943427], [106.50408, 17.93065], [106.484386, 17.915473], [106.474294, 17.902899], [106.466075, 17.890204], [106.455089, 17.881822], [106.436046, 17.881985], [106.436046, 17.874498], [106.447032, 17.872138], [106.45102, 17.865709], [106.449474, 17.856635], [106.442882, 17.846584], [106.451834, 17.828192], [106.460704, 17.799384], [106.470063, 17.748196], [106.475108, 17.737006], [106.495372, 17.717963], [106.498057, 17.710639], [106.489513, 17.702582], [106.478526, 17.703518], [106.448741, 17.71601], [106.435557, 17.739447], [106.425792, 17.744778], [106.410655, 17.747016], [106.374522, 17.765286], [106.306651, 17.771918], [106.292003, 17.778266], [106.285167, 17.772121], [106.29949, 17.762274], [106.322765, 17.753485], [106.346934, 17.747219], [106.380626, 17.743394], [106.42921, 17.731147], [106.42921, 17.7237], [106.422374, 17.7237], [106.402599, 17.731513], [106.383067, 17.719184], [106.379649, 17.698798], [106.408702, 17.682766], [106.403005, 17.69481], [106.400238, 17.699164], [106.39503, 17.703192], [106.417491, 17.712958], [106.449962, 17.708645], [106.48227, 17.696438], [106.504405, 17.682766], [106.514903, 17.669908], [106.539073, 17.627509], [106.565929, 17.598049], [106.614757, 17.518704], [106.625987, 17.48664], [106.634613, 17.470404], [106.638438, 17.468899], [106.658214, 17.453762], [106.65919, 17.449937], [106.663585, 17.447252], [106.67628, 17.429511], [106.763927, 17.335517], [106.946625, 17.20539], [107.007498, 17.162218], [107.111827, 17.088284], [107.127208, 17.05976], [107.121267, 17.018541], [107.132579, 17.009833], [107.186534, 16.934394], [107.200694, 16.926256], [107.203868, 16.919257], [107.200694, 16.914293], [107.193614, 16.911078], [107.186534, 16.906562], [107.18336, 16.898139], [107.177419, 16.893948], [107.141775, 16.874579], [107.141775, 16.867743], [107.167247, 16.867621], [107.178966, 16.869534], [107.190196, 16.874579], [107.191417, 16.879218], [107.189952, 16.886176], [107.189464, 16.89232], [107.20753, 16.904975], [107.216482, 16.907945], [107.223399, 16.901353], [107.22934, 16.892239], [107.234548, 16.887641], [107.249278, 16.880032], [107.378673, 16.773383], [107.411632, 16.750027], [107.497813, 16.689032], [107.604666, 16.595689], [107.635265, 16.587226], [107.635265, 16.579779], [107.596039, 16.590522], [107.473643, 16.653144], [107.44337, 16.648017], [107.519786, 16.606431], [107.543956, 16.600572], [107.554942, 16.596625], [107.563975, 16.582709], [107.574555, 16.580024], [107.586192, 16.581692], [107.594249, 16.587226], [107.601573, 16.576565], [107.611095, 16.569281], [107.635265, 16.559272], [107.635265, 16.551825], [107.624522, 16.557115], [107.621593, 16.559272], [107.614594, 16.559272], [107.612478, 16.555894], [107.61085, 16.552639], [107.608409, 16.544989], [107.623057, 16.54442], [107.636729, 16.545885], [107.663097, 16.551825], [107.656993, 16.545478], [107.652599, 16.538723], [107.64975, 16.530911], [107.648936, 16.52143], [107.652599, 16.522447], [107.659841, 16.513129], [107.665294, 16.501858], [107.663097, 16.497219], [107.672862, 16.49726], [107.677989, 16.50137], [107.681651, 16.507717], [107.686697, 16.514594], [107.697113, 16.520087], [107.703136, 16.51439], [107.707205, 16.504543], [107.711436, 16.497219], [107.749522, 16.472235], [107.7588, 16.46308], [107.781749, 16.427558], [107.799978, 16.415717], [107.821625, 16.387519], [107.841156, 16.379788], [107.838878, 16.376858], [107.833507, 16.374213], [107.826915, 16.373684], [107.820486, 16.376532], [107.81422, 16.381171], [107.806895, 16.385443], [107.79656, 16.387356], [107.794444, 16.379218], [107.80714, 16.32274], [107.812266, 16.313178], [107.824067, 16.304836], [107.848155, 16.291693], [107.854991, 16.291693], [107.864024, 16.297797], [107.872569, 16.295885], [107.878917, 16.28856], [107.882172, 16.278062], [107.891368, 16.284166], [107.896495, 16.278062], [107.933116, 16.305406], [107.937511, 16.312079], [107.930919, 16.343411], [107.929942, 16.353217], [107.94516, 16.356838], [107.990408, 16.324774], [108.011974, 16.319037], [108.020518, 16.325181], [108.025157, 16.334377], [108.031016, 16.342719], [108.042979, 16.346381], [108.043793, 16.339911], [108.053477, 16.305406], [108.061778, 16.288235], [108.094493, 16.236518], [108.065929, 16.257229], [108.052013, 16.262112], [108.046072, 16.247382], [108.053966, 16.235989], [108.071951, 16.228949], [108.090668, 16.226874], [108.101329, 16.230292], [108.108165, 16.230292], [108.126313, 16.22248], [108.151215, 16.216986], [108.178722, 16.214748], [108.204356, 16.216702], [108.200125, 16.211575], [108.18922, 16.198472], [108.15447, 16.170844], [108.142263, 16.148383], [108.142833, 16.119371], [108.159923, 16.103746], [108.181977, 16.091376], [108.19752, 16.072008], [108.213064, 16.086819], [108.220958, 16.09162], [108.228282, 16.089748], [108.236664, 16.055121], [108.238536, 16.052191], [108.233246, 16.037095], [108.222911, 16.022895], [108.210134, 16.011298], [108.19752, 16.00373], [108.216319, 16.009467], [108.23463, 16.019355], [108.249848, 16.023261], [108.258962, 16.010565], [108.249197, 16.061916], [108.241954, 16.075751], [108.240896, 16.090522], [108.247732, 16.10871], [108.247325, 16.123236], [108.224864, 16.127265], [108.224864, 16.134711], [108.232758, 16.140326], [108.238617, 16.146715], [108.242686, 16.153957], [108.245372, 16.162014], [108.252696, 16.158922], [108.254161, 16.156643], [108.254893, 16.156968], [108.258962, 16.162014], [108.265798, 16.162014], [108.274587, 16.153469], [108.286306, 16.144517], [108.300548, 16.137519], [108.317393, 16.134711], [108.318207, 16.139553], [108.324474, 16.148871], [108.331391, 16.155341], [108.334727, 16.151516], [108.336599, 16.147773], [108.348399, 16.134711], [108.337169, 16.125393], [108.326182, 16.119045], [108.317638, 16.111762], [108.31422, 16.099921], [108.304942, 16.107164], [108.279552, 16.102037], [108.265798, 16.107408], [108.258556, 16.07099], [108.26531, 16.031562], [108.279145, 15.995673], [108.282319, 15.990058], [108.293712, 15.969631], [108.305919, 15.955227], [108.358653, 15.915432], [108.374278, 15.908271], [108.388194, 15.898383], [108.396169, 15.880845], [108.385265, 15.878892], [108.377126, 15.874213], [108.375173, 15.869452], [108.382498, 15.867174], [108.388357, 15.870551], [108.395356, 15.877265], [108.40268, 15.882392], [108.409923, 15.880845], [108.414806, 15.867418], [108.424083, 15.805732], [108.455333, 15.747016], [108.618663, 15.529242], [108.646251, 15.513861], [108.683442, 15.517768], [108.67449, 15.489407], [108.667735, 15.482652], [108.656261, 15.496649], [108.644542, 15.493109], [108.629405, 15.486518], [108.620942, 15.474758], [108.628917, 15.455715], [108.652517, 15.438788], [108.668468, 15.447821], [108.690929, 15.490424], [108.697113, 15.490424], [108.702647, 15.469916], [108.703949, 15.445136], [108.709483, 15.43769], [108.733409, 15.417914], [108.73878, 15.411322], [108.7435, 15.407294], [108.761567, 15.396552], [108.765961, 15.393866], [108.77296, 15.386786], [108.774587, 15.375067], [108.773285, 15.363186], [108.773611, 15.351264], [108.779796, 15.339586], [108.776134, 15.334459], [108.77475, 15.331366], [108.77296, 15.325344], [108.779796, 15.325344], [108.781261, 15.331], [108.78712, 15.345852], [108.794119, 15.344672], [108.802257, 15.344306], [108.8213, 15.345852], [108.8213, 15.352688], [108.796235, 15.356391], [108.788585, 15.374172], [108.795584, 15.395087], [108.814464, 15.407904], [108.814464, 15.41474], [108.808442, 15.41767], [108.805675, 15.420559], [108.800141, 15.429023], [108.807953, 15.425238], [108.814708, 15.42357], [108.820811, 15.42475], [108.827485, 15.429023], [108.832693, 15.413886], [108.839041, 15.374335], [108.84547, 15.366278], [108.853282, 15.362616], [108.877452, 15.34398], [108.882823, 15.336168], [108.881033, 15.29914], [108.886567, 15.2862], [108.91212, 15.263495], [108.924327, 15.256415], [108.93214, 15.253974], [108.945486, 15.252916], [108.951671, 15.25023], [108.943614, 15.236884], [108.932953, 15.2272], [108.91977, 15.222113], [108.903331, 15.222886], [108.903331, 15.215481], [108.913341, 15.216376], [108.919607, 15.215237], [108.922862, 15.210761], [108.924327, 15.201809], [108.910004, 15.209296], [108.905447, 15.197943], [108.902354, 15.168647], [108.897716, 15.153998], [108.881602, 15.160631], [108.868175, 15.159654], [108.862478, 15.152493], [108.869802, 15.140367], [108.875987, 15.140367], [108.884125, 15.143948], [108.892263, 15.141343], [108.897472, 15.133205], [108.897716, 15.119859], [108.903331, 15.119859], [108.903819, 15.12816], [108.905284, 15.134345], [108.910004, 15.146633], [108.9192, 15.057807], [108.942638, 14.97956], [109.005626, 14.838772], [108.985525, 14.836615], [108.990245, 14.830634], [109.012462, 14.821967], [109.016775, 14.813056], [109.036957, 14.783637], [109.043468, 14.777289], [109.080821, 14.729478], [109.086111, 14.715318], [109.095063, 14.667426], [109.086681, 14.671332], [109.080577, 14.677476], [109.076427, 14.685614], [109.077322, 14.672471], [109.081798, 14.606391], [109.087087, 14.596096], [109.088227, 14.58926], [109.086111, 14.585273], [109.076671, 14.585679], [109.071056, 14.5751], [109.064464, 14.57038], [109.061046, 14.563707], [109.067068, 14.550727], [109.073578, 14.570502], [109.074474, 14.578599], [109.108165, 14.488715], [109.125743, 14.465399], [109.130219, 14.451606], [109.129161, 14.397406], [109.131196, 14.38345], [109.136485, 14.366848], [109.149669, 14.338446], [109.181407, 14.304755], [109.190603, 14.291246], [109.194591, 14.277493], [109.201182, 14.236029], [109.190929, 14.220526], [109.205251, 14.186103], [109.239024, 14.133002], [109.220225, 14.13524], [109.212657, 14.14468], [109.207774, 14.156968], [109.19752, 14.167792], [109.17449, 14.172065], [109.172618, 14.156562], [109.184093, 14.136298], [109.215099, 14.119574], [109.225434, 14.10399], [109.252696, 14.03262], [109.266368, 13.920722], [109.275157, 13.906724], [109.301606, 13.88581], [109.307384, 13.87637], [109.300466, 13.797797], [109.303966, 13.759263], [109.295746, 13.755601], [109.269786, 13.755601], [109.267426, 13.766303], [109.273204, 13.82453], [109.259532, 13.87401], [109.251475, 13.890937], [109.239024, 13.879788], [109.236176, 13.869615], [109.232188, 13.831977], [109.221853, 13.813218], [109.220714, 13.806138], [109.232188, 13.810858], [109.239513, 13.787665], [109.246104, 13.779608], [109.258962, 13.77733], [109.247813, 13.765448], [109.235362, 13.75609], [109.226248, 13.743598], [109.224783, 13.722113], [109.236827, 13.699612], [109.237071, 13.698594], [109.239024, 13.691392], [109.239024, 13.663764], [109.241384, 13.644029], [109.247569, 13.622707], [109.257172, 13.605618], [109.269786, 13.598578], [109.270518, 13.594184], [109.282481, 13.58515], [109.295746, 13.577704], [109.300466, 13.578111], [109.303884, 13.568793], [109.303477, 13.562201], [109.298106, 13.558498], [109.286794, 13.557603], [109.286794, 13.550767], [109.291189, 13.546576], [109.292735, 13.543524], [109.2942, 13.530341], [109.285655, 13.539008], [109.263438, 13.577053], [109.25294, 13.60163], [109.226085, 13.631903], [109.218516, 13.646959], [109.211192, 13.646959], [109.210134, 13.630805], [109.215587, 13.623684], [109.224132, 13.619534], [109.232188, 13.61225], [109.237153, 13.601386], [109.241222, 13.581529], [109.245291, 13.571234], [109.258311, 13.55976], [109.267426, 13.554674], [109.266368, 13.548733], [109.262462, 13.543931], [109.258962, 13.544623], [109.26588, 13.533881], [109.286794, 13.509223], [109.2942, 13.509223], [109.298025, 13.514716], [109.301768, 13.517524], [109.31422, 13.522895], [109.310802, 13.513129], [109.302257, 13.501532], [109.300466, 13.492743], [109.303722, 13.479885], [109.312185, 13.471625], [109.323253, 13.469794], [109.334646, 13.475735], [109.339692, 13.465481], [109.331309, 13.452094], [109.334646, 13.440904], [109.324962, 13.422309], [109.318533, 13.413764], [109.307384, 13.406806], [109.299164, 13.417467], [109.277517, 13.421617], [109.273204, 13.431057], [109.278087, 13.437934], [109.288585, 13.442206], [109.298188, 13.448432], [109.300466, 13.461371], [109.294444, 13.468166], [109.262543, 13.489325], [109.25294, 13.488674], [109.245128, 13.485175], [109.238536, 13.476752], [109.232188, 13.461371], [109.237559, 13.453192], [109.235118, 13.44538], [109.23463, 13.437079], [109.245291, 13.427232], [109.237559, 13.420071], [109.234141, 13.410061], [109.232188, 13.393134], [109.24936, 13.384711], [109.266368, 13.361802], [109.28004, 13.352769], [109.291026, 13.363105], [109.299327, 13.364691], [109.307384, 13.352769], [109.308849, 13.341457], [109.305675, 13.333889], [109.298025, 13.330268], [109.286794, 13.331041], [109.286794, 13.324897], [109.291759, 13.32038], [109.294281, 13.314643], [109.295095, 13.307278], [109.2942, 13.297553], [109.289317, 13.301174], [109.278087, 13.306871], [109.273204, 13.310614], [109.268565, 13.301825], [109.266368, 13.301215], [109.258962, 13.297553], [109.272634, 13.263251], [109.281505, 13.248969], [109.2942, 13.2355], [109.292735, 13.266791], [109.296235, 13.278876], [109.307384, 13.283881], [109.307384, 13.290107], [109.302989, 13.297797], [109.303722, 13.303168], [109.307953, 13.303778], [109.31422, 13.297553], [109.318126, 13.288886], [109.320079, 13.279527], [109.321056, 13.259019], [109.318858, 13.25141], [109.307384, 13.228664], [109.307628, 13.218655], [109.31422, 13.197943], [109.311778, 13.181708], [109.306977, 13.166327], [109.30421, 13.150621], [109.307384, 13.133043], [109.315603, 13.119452], [109.325369, 13.106879], [109.331391, 13.093573], [109.32838, 13.084662], [109.341156, 13.076606], [109.349457, 13.068264], [109.370128, 13.031806], [109.396658, 13.002753], [109.416352, 12.971747], [109.458263, 12.924058], [109.465017, 12.913316], [109.467296, 12.897691], [109.466319, 12.878974], [109.462901, 12.862128], [109.458181, 12.851874], [109.453624, 12.849921], [109.435883, 12.844875], [109.430919, 12.84512], [109.428396, 12.852118], [109.433604, 12.856838], [109.440766, 12.860663], [109.444509, 12.864936], [109.446788, 12.869045], [109.450043, 12.873236], [109.448985, 12.876695], [109.438243, 12.878607], [109.417247, 12.864936], [109.414073, 12.859768], [109.407888, 12.844143], [109.403494, 12.838202], [109.395274, 12.834906], [109.386567, 12.834418], [109.384613, 12.83397], [109.377696, 12.832424], [109.368826, 12.824612], [109.375499, 12.816352], [109.376475, 12.804348], [109.375662, 12.790351], [109.376231, 12.77619], [109.420746, 12.691311], [109.436209, 12.674221], [109.451345, 12.673774], [109.469493, 12.660346], [109.472423, 12.656399], [109.469981, 12.648627], [109.464122, 12.645901], [109.457286, 12.64411], [109.451345, 12.638983], [109.448985, 12.624091], [109.452403, 12.583238], [109.451345, 12.570746], [109.440278, 12.564602], [109.429942, 12.575873], [109.417247, 12.605455], [109.413341, 12.610256], [109.408865, 12.613105], [109.405121, 12.617987], [109.403494, 12.628811], [109.406586, 12.630683], [109.424083, 12.64643], [109.424083, 12.652655], [109.403494, 12.687445], [109.401622, 12.677965], [109.396007, 12.673082], [109.38738, 12.671861], [109.376231, 12.673774], [109.380138, 12.664862], [109.381521, 12.656399], [109.380138, 12.647895], [109.376231, 12.638983], [109.370372, 12.649115], [109.363536, 12.656236], [109.354259, 12.660061], [109.342052, 12.660102], [109.360118, 12.685289], [109.362559, 12.690497], [109.366873, 12.693427], [109.376231, 12.696926], [109.38559, 12.70246], [109.389903, 12.711615], [109.386404, 12.727525], [109.368907, 12.75023], [109.362559, 12.762519], [109.362559, 12.792914], [109.358897, 12.797309], [109.34783, 12.794827], [109.344412, 12.788642], [109.34311, 12.780748], [109.33839, 12.773098], [109.303966, 12.750881], [109.2942, 12.742011], [109.269542, 12.712307], [109.255382, 12.699123], [109.242198, 12.69359], [109.233572, 12.687079], [109.204926, 12.64643], [109.2046, 12.636908], [109.208018, 12.598049], [109.20045, 12.591254], [109.201345, 12.575914], [109.204926, 12.559719], [109.204926, 12.550238], [109.207774, 12.549221], [109.210216, 12.549262], [109.211599, 12.548041], [109.211192, 12.543402], [109.218516, 12.543402], [109.221934, 12.553616], [109.223643, 12.565253], [109.227875, 12.57453], [109.239024, 12.577582], [109.239024, 12.583726], [109.232188, 12.583726], [109.232188, 12.591254], [109.249034, 12.585517], [109.247081, 12.571967], [109.237804, 12.555406], [109.232188, 12.540351], [109.237153, 12.522284], [109.24936, 12.509508], [109.29835, 12.477973], [109.303559, 12.469631], [109.293468, 12.449042], [109.294281, 12.439032], [109.298513, 12.430813], [109.303966, 12.427395], [109.318696, 12.422187], [109.336681, 12.410142], [109.345958, 12.396308], [109.334646, 12.385728], [109.342052, 12.378892], [109.334646, 12.372138], [109.32252, 12.386054], [109.315684, 12.376899], [109.309093, 12.360053], [109.297374, 12.35102], [109.2824, 12.355943], [109.272227, 12.367743], [109.258962, 12.392564], [109.215505, 12.440172], [109.185069, 12.45893], [109.156505, 12.454657], [109.161388, 12.448798], [109.16684, 12.437974], [109.170177, 12.433539], [109.159841, 12.437934], [109.156505, 12.440375], [109.149669, 12.440375], [109.154633, 12.426907], [109.170421, 12.410386], [109.176931, 12.3994], [109.1963, 12.402777], [109.206554, 12.387152], [109.21046, 12.363186], [109.211192, 12.341376], [109.214122, 12.332913], [109.221202, 12.322496], [109.229259, 12.313707], [109.242035, 12.305406], [109.242198, 12.296576], [109.236339, 12.291083], [109.224783, 12.296373], [109.218516, 12.296373], [109.214692, 12.289781], [109.204926, 12.262885], [109.182384, 12.27261], [109.176931, 12.276516], [109.182465, 12.267808], [109.19158, 12.260403], [109.211192, 12.248603], [109.204845, 12.233385], [109.208995, 12.221666], [109.217621, 12.211493], [109.224783, 12.200832], [109.198497, 12.207953], [109.188243, 12.205756], [109.184337, 12.193996], [109.190929, 12.200181], [109.190603, 12.200832], [109.204356, 12.193793], [109.209646, 12.186021], [109.211192, 12.172838], [109.213064, 12.166002], [109.212657, 12.162665], [109.214203, 12.158596], [109.22169, 12.149604], [109.226817, 12.137885], [109.222667, 12.129055], [109.211192, 12.118232], [109.209972, 12.109687], [109.213878, 12.068101], [109.220551, 12.050605], [109.249197, 11.997382], [109.258311, 11.986762], [109.286794, 11.967434], [109.286794, 11.961168], [109.283458, 11.943508], [109.283458, 11.940131], [109.266368, 11.926459], [109.26588, 11.909898], [109.270844, 11.895006], [109.280772, 11.883938], [109.2942, 11.878648], [109.2942, 11.871243], [109.277843, 11.864814], [109.261404, 11.865709], [109.247569, 11.872952], [109.239024, 11.885443], [109.235606, 11.883368], [109.228282, 11.880805], [109.224783, 11.878648], [109.216563, 11.90884], [109.222667, 11.981635], [109.211192, 12.015815], [109.218516, 12.015815], [109.195811, 12.074897], [109.186209, 12.117743], [109.176768, 12.129462], [109.163341, 12.112006], [109.176036, 12.088568], [109.180675, 12.084703], [109.18214, 12.081041], [109.176931, 12.053046], [109.182384, 12.042873], [109.205821, 12.021633], [109.211192, 12.005601], [109.208181, 11.97663], [109.198741, 11.948147], [109.181814, 11.921698], [109.156505, 11.899115], [109.137218, 11.896064], [109.125824, 11.863593], [109.131602, 11.830024], [109.163341, 11.824042], [109.168224, 11.833197], [109.182872, 11.853013], [109.197927, 11.869452], [109.204926, 11.868109], [109.200938, 11.853827], [109.194102, 11.841132], [109.192882, 11.827541], [109.204926, 11.81037], [109.203868, 11.788682], [109.203624, 11.784573], [109.242931, 11.735663], [109.232188, 11.714179], [109.224783, 11.721625], [109.217784, 11.714097], [109.208995, 11.693671], [109.191254, 11.671942], [109.188813, 11.663235], [109.188324, 11.653306], [109.184337, 11.638495], [109.178559, 11.631659], [109.160411, 11.616441], [109.156505, 11.608344], [109.154063, 11.596991], [109.148285, 11.586086], [109.135997, 11.570217], [109.129161, 11.570217], [109.117198, 11.580268], [109.10255, 11.581041], [109.085704, 11.579779], [109.067068, 11.583808], [109.055675, 11.596625], [109.048106, 11.631334], [109.043468, 11.638495], [109.020274, 11.632799], [109.021739, 11.620307], [109.033214, 11.607652], [109.040375, 11.601508], [109.038341, 11.587714], [109.034679, 11.574123], [109.034028, 11.559556], [109.040375, 11.542873], [109.019298, 11.542304], [109.012462, 11.542873], [109.027843, 11.517483], [109.028331, 11.47427], [109.019298, 11.406317], [109.022472, 11.367621], [109.018077, 11.355902], [109.005626, 11.343655], [108.980724, 11.323717], [108.966075, 11.314765], [108.951671, 11.310126], [108.93336, 11.311184], [108.889659, 11.330634], [108.873871, 11.333889], [108.85613, 11.33397], [108.838064, 11.330756], [108.8213, 11.323717], [108.787852, 11.300686], [108.775157, 11.288479], [108.766124, 11.275946], [108.757823, 11.257799], [108.745616, 11.207099], [108.738048, 11.189683], [108.72934, 11.181545], [108.717459, 11.179185], [108.700531, 11.179145], [108.69044, 11.181464], [108.6692, 11.19123], [108.656261, 11.192816], [108.646251, 11.190497], [108.625987, 11.181789], [108.615245, 11.179145], [108.577403, 11.179145], [108.571625, 11.176011], [108.559418, 11.162421], [108.531261, 11.153266], [108.514008, 11.138739], [108.500336, 11.120836], [108.49171, 11.104682], [108.481944, 11.064032], [108.472341, 11.053168], [108.447032, 11.049465], [108.439138, 11.046698], [108.403575, 11.028957], [108.393077, 11.027086], [108.376313, 11.026272], [108.368826, 11.022773], [108.362804, 11.009711], [108.349864, 10.963853], [108.344981, 10.953803], [108.325206, 10.951565], [108.31544, 10.944322], [108.300059, 10.912828], [108.293712, 10.912828], [108.28533, 10.943345], [108.258637, 10.951809], [108.13502, 10.92768], [108.106456, 10.918158], [108.094493, 10.902004], [108.089122, 10.892035], [108.065684, 10.867987], [108.060313, 10.854193], [108.05714, 10.842108], [108.042979, 10.81391], [108.035411, 10.772773], [107.998302, 10.699368], [107.991466, 10.699368], [107.980642, 10.705797], [107.93629, 10.718695], [107.919444, 10.721096], [107.898204, 10.719957], [107.882335, 10.716986], [107.823904, 10.692369], [107.782237, 10.657782], [107.768321, 10.650214], [107.731293, 10.637885], [107.66627, 10.603746], [107.644542, 10.600653], [107.621349, 10.592597], [107.586518, 10.573513], [107.580577, 10.570258], [107.570486, 10.562242], [107.5442, 10.5362], [107.539073, 10.52558], [107.530528, 10.512926], [107.511404, 10.501654], [107.44752, 10.473334], [107.429535, 10.468451], [107.384613, 10.462836], [107.344981, 10.450426], [107.334158, 10.453559], [107.32602, 10.44245], [107.296641, 10.415717], [107.271983, 10.378485], [107.254405, 10.378892], [107.216319, 10.401557], [107.190196, 10.405178], [107.194998, 10.414049], [107.203136, 10.417222], [107.211681, 10.419379], [107.21754, 10.425605], [107.21697, 10.434475], [107.211925, 10.443549], [107.205414, 10.45067], [107.20045, 10.453559], [107.195649, 10.457017], [107.175955, 10.477444], [107.171235, 10.476467], [107.160899, 10.476508], [107.149425, 10.477932], [107.141775, 10.480862], [107.141775, 10.46662], [107.135509, 10.46662], [107.122732, 10.480211], [107.102794, 10.489936], [107.081798, 10.491604], [107.066091, 10.480862], [107.059825, 10.480862], [107.062673, 10.489569], [107.063243, 10.495063], [107.059825, 10.508205], [107.050466, 10.488471], [107.043224, 10.479804], [107.031912, 10.474066], [107.026215, 10.493109], [107.025645, 10.50137], [107.010997, 10.494127], [107.003591, 10.488593], [106.997813, 10.480862], [106.991466, 10.480862], [106.994395, 10.496649], [107.004161, 10.504706], [107.014171, 10.508694], [107.015961, 10.509426], [107.025645, 10.515041], [107.032725, 10.525946], [107.03419, 10.535875], [107.031912, 10.607489], [107.028982, 10.613837], [107.015798, 10.627753], [107.011404, 10.637885], [107.014659, 10.635484], [107.025645, 10.631049], [107.02532, 10.635281], [107.023692, 10.656317], [107.013194, 10.672675], [106.984141, 10.699368], [106.979747, 10.68476], [106.990082, 10.67357], [107.004242, 10.664252], [107.011404, 10.65526], [107.002615, 10.630439], [107.002452, 10.617092], [107.014822, 10.611233], [107.025076, 10.603909], [107.022716, 10.587592], [107.011404, 10.562812], [107.014415, 10.555487], [107.021332, 10.550116], [107.026866, 10.544176], [107.025645, 10.535468], [107.019054, 10.533881], [107.009776, 10.538967], [106.997813, 10.54914], [107.005138, 10.555976], [106.991466, 10.570258], [106.991466, 10.576483], [106.996349, 10.585191], [106.99822, 10.597235], [106.997813, 10.624905], [106.991466, 10.624905], [106.984874, 10.596829], [106.984141, 10.566881], [106.991954, 10.540107], [107.011404, 10.521877], [107.003591, 10.517768], [106.994395, 10.512885], [106.972179, 10.47427], [106.963634, 10.46662], [106.957205, 10.471666], [106.958669, 10.480455], [106.962657, 10.491034], [106.963634, 10.50137], [106.959321, 10.511868], [106.9546, 10.516506], [106.948985, 10.520575], [106.943126, 10.529283], [106.937755, 10.548733], [106.938243, 10.566636], [106.943126, 10.600653], [106.890554, 10.644639], [106.881602, 10.652167], [106.867768, 10.645209], [106.848643, 10.635565], [106.828624, 10.630276], [106.819591, 10.641303], [106.81422, 10.652167], [106.80128, 10.666938], [106.793549, 10.673529], [106.785818, 10.680121], [106.772472, 10.686347], [106.768158, 10.684678], [106.767263, 10.684312], [106.747569, 10.673651], [106.741466, 10.669257], [106.736827, 10.658149], [106.743663, 10.651516], [106.753673, 10.646796], [106.7588, 10.641303], [106.760997, 10.631537], [106.772472, 10.603746], [106.769054, 10.592271], [106.763927, 10.586656], [106.757823, 10.582709], [106.751964, 10.576483], [106.746104, 10.56037], [106.74407, 10.552232], [106.740977, 10.539984], [106.733409, 10.522447], [106.720876, 10.515041], [106.688813, 10.503648], [106.672374, 10.504218], [106.662608, 10.521877], [106.655772, 10.521877], [106.65919, 10.507066], [106.662446, 10.501125], [106.668712, 10.494534], [106.657725, 10.492133], [106.646495, 10.48664], [106.638031, 10.47899], [106.630382, 10.458686], [106.620128, 10.452623], [106.606781, 10.447659], [106.594249, 10.439276], [106.5949, 10.456], [106.592133, 10.468695], [106.587169, 10.478827], [106.579926, 10.487738], [106.581879, 10.452786], [106.586762, 10.438707], [106.597423, 10.433051], [106.615408, 10.436591], [106.630056, 10.445787], [106.641368, 10.45893], [106.648936, 10.474066], [106.655772, 10.474066], [106.660655, 10.46011], [106.662934, 10.443915], [106.670177, 10.432563], [106.689789, 10.433051], [106.698009, 10.440985], [106.713634, 10.468085], [106.724132, 10.474066], [106.741059, 10.468004], [106.75172, 10.453518], [106.759776, 10.436347], [106.769054, 10.422512], [106.781993, 10.407782], [106.788097, 10.393134], [106.795421, 10.30683], [106.790782, 10.284857], [106.775564, 10.275377], [106.756033, 10.277167], [106.704112, 10.289049], [106.598318, 10.28852], [106.525238, 10.302558], [106.487559, 10.30272], [106.468028, 10.307318], [106.452322, 10.316148], [106.437673, 10.321845], [106.422374, 10.316962], [106.480317, 10.280829], [106.720876, 10.199693], [106.726248, 10.196479], [106.742361, 10.182359], [106.748302, 10.179185], [106.753591, 10.177069], [106.758311, 10.172349], [106.765147, 10.16767], [106.775564, 10.165513], [106.785655, 10.164944], [106.793142, 10.162502], [106.797618, 10.157213], [106.799083, 10.148139], [106.79713, 10.125393], [106.79127, 10.110175], [106.737071, 10.054145], [106.720876, 10.044908], [106.704112, 10.048896], [106.709239, 10.056627], [106.710297, 10.065863], [106.708344, 10.075263], [106.704112, 10.083645], [106.696625, 10.083645], [106.692149, 10.066596], [106.689789, 10.062567], [106.676768, 10.049221], [106.671153, 10.041002], [106.668712, 10.032416], [106.672537, 10.029486], [106.679535, 10.020982], [106.684093, 10.01203], [106.679535, 10.007961], [106.664236, 10.00609], [106.660818, 10.001451], [106.660981, 9.994859], [106.653982, 9.985012], [106.651541, 9.977525], [106.648936, 9.974351], [106.644867, 9.973375], [106.607432, 9.97484], [106.591075, 9.98078], [106.576915, 9.991034], [106.562999, 10.004462], [106.547862, 10.015367], [106.498057, 10.035834], [106.468923, 10.058987], [106.44337, 10.089545], [106.359874, 10.220689], [106.331228, 10.249498], [106.292003, 10.261705], [106.297374, 10.255927], [106.302745, 10.253323], [106.307872, 10.25141], [106.337901, 10.228095], [106.349376, 10.21483], [106.358165, 10.176581], [106.3685, 10.155911], [106.461681, 10.035712], [106.484386, 10.015326], [106.561534, 9.979153], [106.614268, 9.939032], [106.670584, 9.90941], [106.686371, 9.905463], [106.6963, 9.896552], [106.693207, 9.87641], [106.682465, 9.855129], [106.668712, 9.842841], [106.668712, 9.850246], [106.675059, 9.857611], [106.676443, 9.866767], [106.674083, 9.876125], [106.668712, 9.883734], [106.662608, 9.883734], [106.657888, 9.848619], [106.637869, 9.825995], [106.611339, 9.817043], [106.586762, 9.822943], [106.563324, 9.841783], [106.504405, 9.905463], [106.479747, 9.923977], [106.39503, 9.974351], [106.144867, 10.228583], [106.136485, 10.234565], [106.127289, 10.239447], [106.121349, 10.240668], [106.118175, 10.238105], [106.113292, 10.23428], [106.117849, 10.229234], [106.127452, 10.224799], [106.13502, 10.22016], [106.157888, 10.19538], [106.166026, 10.181098], [106.172862, 10.147528], [106.18214, 10.133043], [106.19337, 10.120266], [106.215099, 10.100287], [106.24643, 10.07746], [106.283214, 10.050686], [106.292003, 10.04206], [106.298188, 10.033271], [106.306651, 10.016669], [106.312511, 10.007961], [106.363617, 9.96011], [106.369314, 9.956936], [106.388927, 9.932807], [106.475759, 9.861802], [106.500987, 9.834052], [106.518565, 9.801825], [106.527517, 9.762193], [106.537852, 9.751166], [106.562999, 9.747219], [106.574962, 9.739081], [106.579845, 9.720364], [106.580577, 9.699693], [106.575531, 9.648627], [106.563162, 9.614325], [106.543712, 9.585028], [106.518565, 9.562893], [106.497244, 9.549994], [106.484874, 9.547105], [106.473481, 9.551988], [106.464366, 9.554755], [106.453949, 9.550523], [106.439464, 9.541164], [106.398204, 9.54206], [106.38502, 9.548285], [106.337169, 9.584703], [106.250336, 9.631171], [106.064708, 9.804267], [105.97047, 9.920844], [105.932872, 9.95539], [105.904063, 9.976467], [105.869477, 9.985338], [105.838064, 10.005032], [105.819021, 10.007961], [105.83839, 9.979438], [105.90211, 9.916693], [106.073497, 9.747952], [106.079763, 9.73078], [106.083507, 9.71308], [106.092947, 9.692939], [106.197032, 9.541164], [106.203624, 9.526842], [106.207774, 9.511461], [106.210704, 9.470038], [106.205821, 9.457343], [106.1692, 9.418199], [106.178884, 9.408433], [106.187836, 9.404486], [106.194591, 9.398993], [106.197032, 9.384711], [106.19337, 9.36933], [106.18393, 9.362209], [106.155447, 9.356838], [106.01824, 9.315253], [105.868256, 9.254706], [105.759939, 9.210924], [105.538748, 9.12934], [105.514171, 9.108588], [105.470225, 9.061957], [105.443614, 9.04149], [105.432953, 9.028306], [105.428559, 9.010728], [105.426036, 9.008002], [105.413259, 9.004706], [105.408214, 9.000556], [105.4074, 8.995917], [105.408946, 8.984768], [105.408214, 8.980048], [105.333976, 8.839699], [105.315126, 8.812237], [105.293184, 8.787855], [105.25882, 8.760465], [105.216752, 8.75451], [105.184031, 8.740882], [105.154407, 8.705858], [105.12636, 8.660141], [105.101472, 8.634275], [105.034728, 8.616218], [104.856212, 8.565579], [104.832774, 8.569159], [104.826915, 8.572659], [104.822032, 8.577135], [104.814789, 8.581122], [104.752208, 8.590766], [104.728526, 8.599514], [104.722911, 8.602688], [104.720225, 8.613756], [104.728038, 8.61636], [104.740082, 8.612047], [104.759301, 8.61562], [104.808442, 8.64765], [104.819102, 8.654039], [104.828136, 8.656562], [104.835134, 8.660468], [104.839041, 8.670966], [104.834158, 8.680976], [104.823741, 8.686225], [104.819509, 8.690863], [104.832774, 8.698879], [104.845551, 8.698147], [104.911632, 8.685207], [104.925792, 8.688381], [104.942393, 8.696438], [104.956391, 8.707424], [104.963145, 8.719387], [104.939301, 8.708075], [104.907481, 8.699612], [104.87615, 8.699205], [104.853282, 8.712551], [104.848399, 8.723578], [104.852794, 8.729193], [104.864268, 8.731757], [104.880626, 8.733629], [104.904796, 8.733629], [104.91212, 8.735338], [104.928966, 8.747301], [104.928966, 8.753485], [104.919119, 8.770453], [104.91627, 8.790473], [104.92156, 8.809312], [104.857921, 8.78144], [104.816661, 8.771308], [104.791675, 8.784062], [104.774595, 8.817867], [104.785401, 8.856102], [104.796243, 8.891231], [104.811717, 8.937049], [104.808612, 8.975285], [104.807073, 9.045571], [104.811046, 9.132636], [104.819102, 9.192939], [104.825531, 9.340033], [104.826072, 9.400966], [104.832774, 9.514472], [104.835623, 9.55622], [104.856558, 9.738037], [104.872319, 9.793017], [104.892789, 9.851095], [104.939429, 9.849565], [104.969981, 9.853664], [104.976899, 9.871243], [104.993337, 9.888129], [105.054861, 9.933417], [105.076671, 9.943427], [105.086681, 9.93594], [105.089366, 9.919867], [105.113292, 9.857082], [105.113129, 9.871039], [105.107107, 9.908596], [105.107107, 9.952704], [105.100434, 9.974107], [105.087657, 9.996731], [105.042654, 10.05508], [105.003266, 10.092108], [104.983653, 10.103461], [104.963878, 10.105862], [104.924327, 10.096259], [104.901052, 10.097317], [104.868907, 10.116116], [104.845388, 10.147203], [104.82545, 10.180854], [104.804861, 10.207099], [104.771983, 10.22663], [104.738536, 10.231391], [104.707367, 10.222317], [104.681326, 10.199693], [104.677908, 10.19009], [104.678071, 10.181342], [104.675629, 10.174872], [104.664561, 10.172349], [104.658376, 10.168036], [104.654145, 10.14883], [104.65089, 10.144477], [104.615977, 10.14643], [104.613048, 10.144477], [104.607677, 10.15351], [104.609711, 10.15998], [104.613536, 10.167385], [104.613048, 10.179185], [104.608735, 10.185736], [104.59547, 10.200873], [104.59254, 10.210273], [104.59254, 10.237535], [104.588878, 10.260891], [104.579356, 10.274848], [104.551524, 10.295885], [104.547374, 10.289455], [104.546153, 10.286689], [104.545421, 10.282213], [104.537364, 10.282213], [104.535899, 10.309556], [104.52589, 10.328843], [104.503754, 10.357367], [104.499034, 10.370592], [104.501964, 10.372952], [104.509125, 10.372707], [104.517426, 10.378485], [104.525076, 10.389838], [104.53004, 10.399604], [104.530528, 10.409084], [104.524913, 10.41942], [104.517426, 10.41942], [104.509451, 10.403998], [104.499034, 10.391832], [104.48585, 10.383287], [104.469574, 10.378485], [104.453624, 10.379828], [104.453136, 10.390692], [104.455821, 10.407172], [104.451345, 10.419664], [104.451345, 10.419827], [104.449229, 10.425605], [104.432384, 10.446275], [104.422048, 10.452297], [104.407563, 10.446112], [104.372325, 10.482082], [104.363129, 10.487738], [104.33253, 10.487738], [104.315603, 10.481106], [104.306163, 10.478583], [104.297699, 10.480862], [104.289806, 10.497504], [104.286306, 10.540473], [104.274181, 10.54914], [104.268565, 10.552069], [104.256602, 10.565823], [104.249848, 10.570258], [104.242686, 10.569037], [104.236583, 10.564643], [104.230317, 10.563137], [104.222667, 10.570258], [104.207042, 10.549994], [104.181163, 10.549547], [104.130138, 10.562812], [104.113129, 10.56094], [104.089041, 10.554633], [104.071788, 10.555976], [103.976085, 10.582506], [103.959239, 10.58393], [103.945567, 10.588121], [103.917979, 10.611233], [103.91627, 10.618598], [103.894298, 10.658393], [103.891287, 10.659125], [103.876964, 10.658393], [103.873383, 10.660061], [103.873709, 10.664049], [103.874685, 10.668769], [103.87379, 10.672675], [103.87086, 10.678656], [103.869151, 10.693549], [103.866384, 10.699368], [103.858897, 10.679592], [103.859711, 10.658108], [103.866384, 10.621161], [103.862804, 10.603827], [103.854259, 10.586493], [103.832286, 10.555976], [103.820567, 10.544013], [103.807872, 10.537909], [103.791026, 10.535793], [103.7671, 10.535468], [103.754161, 10.537746], [103.74822, 10.543118], [103.743907, 10.549872], [103.736095, 10.555976], [103.726085, 10.558661], [103.709321, 10.559231], [103.701915, 10.562812], [103.701915, 10.555976], [103.723155, 10.544664], [103.741954, 10.526272], [103.747081, 10.508979], [103.726085, 10.50137], [103.693207, 10.503404], [103.655772, 10.495185], [103.63738, 10.494534], [103.623871, 10.500922], [103.617198, 10.515041], [103.615408, 10.52912], [103.616222, 10.535468], [103.613129, 10.538275], [103.610606, 10.551459], [103.606293, 10.555976], [103.598399, 10.556627], [103.594005, 10.553656], [103.590668, 10.550116], [103.585785, 10.54914], [103.579438, 10.550849], [103.570079, 10.55508], [103.561534, 10.562323], [103.553559, 10.585517], [103.543793, 10.596177], [103.523692, 10.611233], [103.507091, 10.604234], [103.501964, 10.617133], [103.506847, 10.635443], [103.52003, 10.644721], [103.528087, 10.652167], [103.538341, 10.669501], [103.54713, 10.688951], [103.551036, 10.70307], [103.567393, 10.726508], [103.605968, 10.737535], [103.684174, 10.74079], [103.684906, 10.740831], [103.688731, 10.740953], [103.688731, 10.742987], [103.688731, 10.747748], [103.675629, 10.751776], [103.672211, 10.75788], [103.678071, 10.801215], [103.681407, 10.809231], [103.689708, 10.816148], [103.701427, 10.822211], [103.71339, 10.830552], [103.722423, 10.84455], [103.724376, 10.856024], [103.722423, 10.894843], [103.707367, 10.930121], [103.678559, 10.980211], [103.659516, 11.029771], [103.674571, 11.063666], [103.655447, 11.078437], [103.645844, 11.082261], [103.616222, 11.085435], [103.604015, 11.090644], [103.595225, 11.098293], [103.583507, 11.134101], [103.56186, 11.152248], [103.53297, 11.162746], [103.502696, 11.166083], [103.504893, 11.162584], [103.505219, 11.16177], [103.506114, 11.161363], [103.51002, 11.159247], [103.49643, 11.138821], [103.489024, 11.138821], [103.484386, 11.145657], [103.481212, 11.148383], [103.468516, 11.151801], [103.468516, 11.145657], [103.474457, 11.133694], [103.468272, 11.118964], [103.448009, 11.090399], [103.468272, 11.099311], [103.470225, 11.089057], [103.462738, 11.070868], [103.437266, 11.025092], [103.430837, 11.006496], [103.428071, 10.98428], [103.417003, 10.958075], [103.414561, 10.946357], [103.415294, 10.936754], [103.420177, 10.920966], [103.421235, 10.909125], [103.415701, 10.89411], [103.40211, 10.884345], [103.385997, 10.880927], [103.372895, 10.884955], [103.368663, 10.880194], [103.364024, 10.876939], [103.352306, 10.871894], [103.344086, 10.895453], [103.32309, 10.909573], [103.298106, 10.919989], [103.277354, 10.932685], [103.236339, 10.908149], [103.219005, 10.892483], [103.222667, 10.878119], [103.208751, 10.878567], [103.196788, 10.876532], [103.187511, 10.871812], [103.181163, 10.864447], [103.161794, 10.87401], [103.138682, 10.87641], [103.12672, 10.881293], [103.140147, 10.898586], [103.109386, 10.922309], [103.101899, 10.92593], [103.095551, 10.933987], [103.100271, 10.951158], [103.108409, 10.967027], [103.112804, 10.970893], [103.110606, 11.001899], [103.100841, 11.053127], [103.098481, 11.080471], [103.101817, 11.089911], [103.108735, 11.100409], [103.115977, 11.113837], [103.118988, 11.131985], [103.117686, 11.149115], [103.113617, 11.161078], [103.098481, 11.186591], [103.096202, 11.194241], [103.095063, 11.202623], [103.093272, 11.210842], [103.088634, 11.217678], [103.082042, 11.219387], [103.062266, 11.219713], [103.057628, 11.220771], [103.059581, 11.231838], [103.071056, 11.238593], [103.079275, 11.245185], [103.0713, 11.25552], [103.0713, 11.261664], [103.078868, 11.273505], [103.105642, 11.299058], [103.134044, 11.316148], [103.146983, 11.30268], [103.153168, 11.30268], [103.15211, 11.318101], [103.142426, 11.343573], [103.140147, 11.357896], [103.125743, 11.352281], [103.119151, 11.348863], [103.112804, 11.343655], [103.100271, 11.356024], [103.096528, 11.367174], [103.095958, 11.380357], [103.092296, 11.398871], [103.085785, 11.413804], [103.070974, 11.434516], [103.064464, 11.447252], [103.072765, 11.44481], [103.075694, 11.444322], [103.076671, 11.44184], [103.078787, 11.43301], [103.084972, 11.43301], [103.091319, 11.443996], [103.101573, 11.452582], [103.114513, 11.458238], [103.129893, 11.460354], [103.143321, 11.45482], [103.15919, 11.431098], [103.174327, 11.426174], [103.142751, 11.485053], [103.133311, 11.494452], [103.137869, 11.505276], [103.140147, 11.508734], [103.133311, 11.508734], [103.131033, 11.505072], [103.126475, 11.494452], [103.130626, 11.486518], [103.128673, 11.477484], [103.122081, 11.47016], [103.112804, 11.46776], [103.102875, 11.472642], [103.091075, 11.490546], [103.064464, 11.503607], [103.057302, 11.525214], [103.056326, 11.550279], [103.057628, 11.570217], [103.050792, 11.563381], [103.054047, 11.583808], [103.057628, 11.591254], [103.04835, 11.59162], [103.043305, 11.594306], [103.03712, 11.604926], [103.037446, 11.570258], [103.035655, 11.554633], [103.030284, 11.542873], [103.023448, 11.542873], [103.012706, 11.546373], [102.998546, 11.543158], [102.98463, 11.536322], [102.975108, 11.529242], [102.9546, 11.557115], [102.975108, 11.570217], [102.980235, 11.563788], [102.995453, 11.549709], [103.00294, 11.549709], [102.99936, 11.559556], [102.988455, 11.572699], [102.982432, 11.583808], [102.982432, 11.624823], [102.993826, 11.635728], [103.007823, 11.631171], [103.024425, 11.623481], [103.043305, 11.624823], [103.043305, 11.63227], [103.031016, 11.631171], [103.021007, 11.633979], [103.01352, 11.63939], [103.009125, 11.645901], [103.009125, 11.652737], [103.016775, 11.652737], [103.016775, 11.659573], [103.006196, 11.655015], [103.00294, 11.652737], [102.995453, 11.652737], [102.994314, 11.660102], [102.989268, 11.673245], [102.982432, 11.673245], [102.982432, 11.652737], [102.975108, 11.659573], [102.975108, 11.638495], [102.968761, 11.638495], [102.970388, 11.666205], [102.975841, 11.687323], [102.986339, 11.702867], [103.00294, 11.714179], [103.012869, 11.718573], [103.021658, 11.720526], [103.030284, 11.718492], [103.040294, 11.711086], [103.052582, 11.705512], [103.066661, 11.708197], [103.078787, 11.716457], [103.084972, 11.727851], [103.078787, 11.727851], [103.069835, 11.715155], [103.056, 11.716132], [103.041352, 11.724677], [103.030284, 11.734687], [103.023448, 11.734687], [102.982432, 11.714179], [102.976817, 11.720364], [102.969737, 11.732856], [102.963878, 11.747138], [102.961436, 11.758531], [102.956065, 11.766913], [102.932628, 11.77912], [102.899262, 11.830268], [102.893077, 11.830268], [102.907888, 11.797553], [102.956798, 11.746812], [102.968761, 11.714179], [102.966563, 11.697455], [102.954845, 11.667873], [102.9546, 11.652737], [102.965017, 11.609931], [102.963715, 11.592353], [102.9546, 11.570217], [102.952647, 11.582953], [102.943126, 11.600979], [102.940929, 11.61518], [102.937266, 11.621731], [102.919688, 11.638373], [102.913585, 11.645901], [102.906016, 11.666205], [102.908702, 11.717963], [102.906749, 11.741441], [102.893321, 11.76968], [102.82545, 11.85814], [102.783458, 11.892279], [102.777029, 11.902533], [102.777029, 11.967434], [102.766938, 12.011786], [102.749685, 12.040269], [102.631847, 12.152045], [102.630138, 12.161363], [102.653575, 12.159166], [102.641368, 12.175482], [102.604503, 12.203925], [102.605724, 12.214423], [102.605724, 12.221259], [102.589366, 12.212226], [102.573904, 12.208726], [102.56186, 12.202094], [102.557302, 12.183743], [102.571625, 12.090969], [102.583995, 12.067328], [102.585948, 12.060248], [102.582367, 12.049262], [102.573985, 12.049262], [102.563487, 12.05386], [102.553884, 12.056789], [102.550141, 12.061184], [102.551036, 12.08275], [102.550466, 12.090969], [102.532237, 12.113593], [102.504242, 12.133368], [102.473643, 12.148993], [102.366222, 12.186021], [102.350352, 12.195705], [102.336192, 12.197577], [102.324474, 12.180325], [102.31837, 12.180325], [102.295909, 12.190009], [102.290375, 12.193996], [102.286469, 12.202541], [102.28712, 12.210191], [102.289399, 12.21662], [102.290375, 12.221259], [102.283458, 12.24136], [102.265391, 12.27147], [102.263194, 12.289537], [102.29005, 12.282904], [102.315196, 12.291246], [102.336274, 12.30744], [102.351899, 12.323676], [102.359874, 12.347073], [102.352061, 12.367255], [102.33725, 12.376125], [102.324474, 12.365302], [102.33253, 12.361884], [102.33839, 12.357164], [102.342459, 12.351304], [102.345063, 12.344794], [102.33074, 12.327826], [102.310232, 12.31623], [102.291677, 12.318061], [102.283539, 12.341376], [102.286143, 12.385688], [102.292247, 12.406887], [102.304047, 12.427395], [102.297862, 12.427395], [102.291515, 12.419582], [102.276703, 12.392564], [102.27003, 12.392564], [102.26588, 12.404771], [102.26352, 12.417304], [102.264415, 12.429429], [102.27003, 12.440375], [102.258474, 12.431871], [102.242442, 12.426256], [102.228282, 12.42772], [102.222179, 12.440375], [102.20574, 12.435777], [102.20102, 12.433539], [102.210623, 12.42768], [102.214366, 12.419623], [102.21339, 12.40998], [102.208507, 12.3994], [102.21461, 12.3994], [102.23585, 12.413723], [102.242524, 12.402777], [102.247081, 12.393012], [102.247813, 12.383205], [102.242686, 12.372138], [102.263031, 12.357001], [102.273448, 12.326158], [102.264822, 12.30622], [102.228282, 12.323676], [102.16684, 12.385728], [102.136892, 12.40176], [102.12436, 12.410549], [102.125987, 12.419908], [102.109874, 12.440904], [102.087169, 12.464748], [102.071951, 12.488511], [102.078136, 12.509263], [102.081798, 12.501125], [102.085948, 12.498358], [102.091482, 12.497626], [102.098643, 12.495592], [102.08546, 12.50434], [102.092133, 12.512681], [102.105642, 12.522895], [102.112315, 12.537258], [102.104747, 12.537258], [102.099457, 12.527411], [102.092947, 12.523383], [102.08546, 12.524359], [102.078136, 12.529731], [102.088227, 12.538723], [102.093272, 12.541449], [102.098643, 12.543402], [102.047862, 12.542304], [102.043305, 12.550523], [102.064464, 12.570746], [102.022227, 12.568549], [102.009288, 12.564521], [102.009288, 12.557074], [102.022472, 12.547756], [102.031505, 12.534125], [102.043224, 12.523505], [102.064464, 12.522935], [102.059581, 12.510484], [102.057465, 12.497219], [102.056977, 12.468329], [102.022472, 12.519517], [102.008962, 12.534084], [101.992198, 12.539781], [101.973481, 12.541449], [101.960785, 12.537258], [101.960785, 12.580634], [101.958832, 12.591254], [101.954356, 12.601304], [101.94988, 12.60635], [101.947765, 12.601752], [101.945974, 12.595689], [101.937022, 12.589179], [101.934255, 12.583726], [101.947276, 12.540717], [101.947765, 12.529731], [101.914073, 12.555121], [101.899587, 12.569729], [101.892589, 12.583726], [101.913097, 12.577582], [101.909434, 12.594224], [101.902599, 12.597886], [101.894298, 12.596503], [101.885753, 12.598049], [101.877615, 12.605536], [101.873546, 12.613023], [101.870453, 12.621568], [101.865245, 12.632148], [101.848806, 12.654527], [101.830251, 12.672797], [101.80836, 12.687934], [101.782725, 12.701117], [101.766124, 12.705878], [101.704438, 12.707913], [101.686371, 12.702135], [101.675955, 12.688625], [101.668468, 12.672797], [101.659841, 12.660102], [101.642345, 12.651353], [101.622081, 12.649644], [101.581065, 12.652655], [101.573497, 12.649807], [101.572032, 12.643297], [101.572602, 12.63642], [101.571056, 12.632148], [101.566417, 12.631293], [101.555431, 12.632392], [101.539073, 12.631741], [101.509044, 12.638983], [101.465099, 12.63231], [101.442882, 12.624823], [101.433279, 12.615424], [101.428884, 12.596869], [101.418142, 12.595649], [101.392914, 12.611721], [101.323497, 12.642157], [101.248871, 12.660102], [101.087738, 12.680609], [101.066661, 12.676256], [101.032074, 12.656968], [100.988617, 12.649359], [100.978038, 12.639594], [100.977712, 12.639228], [100.974457, 12.622219], [100.974457, 12.598049], [100.926117, 12.619127], [100.926117, 12.625393], [100.940766, 12.636379], [100.934581, 12.652899], [100.917654, 12.662584], [100.899587, 12.652655], [100.888682, 12.658759], [100.879893, 12.658149], [100.870616, 12.654731], [100.857921, 12.652655], [100.862641, 12.655992], [100.866873, 12.660305], [100.869884, 12.666002], [100.87143, 12.673774], [100.851085, 12.673774], [100.854503, 12.679674], [100.861339, 12.695136], [100.864594, 12.701117], [100.856293, 12.701402], [100.837413, 12.707913], [100.854828, 12.752265], [100.867931, 12.771145], [100.885916, 12.762519], [100.8921, 12.762519], [100.899181, 12.773505], [100.907888, 12.782538], [100.915701, 12.793647], [100.919932, 12.81094], [100.918468, 12.826321], [100.913259, 12.840399], [100.906098, 12.853217], [100.868663, 12.906236], [100.864594, 12.919582], [100.868175, 12.929023], [100.875499, 12.93476], [100.884044, 12.940009], [100.8921, 12.948065], [100.894542, 12.955512], [100.896739, 12.973863], [100.899587, 12.982245], [100.908214, 12.977444], [100.918793, 12.982408], [100.928396, 12.992499], [100.933604, 13.002753], [100.933116, 13.026435], [100.923106, 13.042792], [100.911388, 13.057034], [100.905772, 13.074408], [100.901541, 13.080634], [100.8921, 13.083482], [100.882823, 13.087836], [100.878266, 13.098334], [100.899587, 13.125637], [100.915782, 13.154853], [100.937022, 13.183987], [100.94516, 13.200914], [100.944509, 13.220038], [100.933604, 13.256008], [100.928966, 13.265611], [100.915375, 13.287055], [100.912446, 13.29385], [100.914724, 13.304389], [100.919281, 13.310777], [100.924001, 13.315619], [100.932384, 13.338121], [100.947113, 13.344428], [100.965343, 13.348538], [100.981293, 13.359036], [100.985362, 13.373033], [100.987153, 13.396145], [100.985118, 13.417711], [100.970876, 13.437201], [100.978363, 13.458889], [100.995779, 13.489325], [100.995779, 13.496161], [100.983897, 13.487982], [100.973888, 13.478827], [100.96339, 13.471381], [100.950694, 13.468248], [100.888927, 13.468248], [100.864024, 13.471503], [100.813975, 13.486029], [100.771332, 13.491156], [100.749766, 13.499905], [100.679861, 13.509223], [100.649669, 13.52025], [100.610199, 13.547512], [100.592052, 13.554511], [100.58961, 13.561957], [100.591563, 13.571519], [100.59669, 13.582668], [100.598888, 13.596503], [100.59783, 13.61225], [100.586925, 13.592027], [100.583181, 13.575995], [100.584239, 13.533677], [100.575857, 13.519599], [100.555919, 13.510891], [100.429942, 13.489325], [100.381114, 13.491523], [100.356456, 13.489691], [100.337169, 13.481879], [100.289887, 13.505032], [100.275076, 13.516669], [100.264985, 13.497545], [100.253266, 13.485785], [100.237153, 13.477362], [100.150401, 13.444037], [100.113048, 13.436591], [100.088959, 13.425971], [100.069347, 13.417385], [100.053071, 13.413031], [100.038829, 13.402737], [100.031261, 13.382025], [100.021658, 13.366604], [100.001313, 13.372016], [100.015636, 13.365871], [100.013927, 13.348375], [100.006196, 13.332831], [99.993663, 13.321723], [99.977387, 13.317369], [99.962738, 13.309882], [99.960704, 13.292426], [99.960867, 13.291571], [99.967133, 13.259019], [99.998546, 13.218085], [100.056488, 13.170315], [100.059825, 13.165676], [100.066742, 13.160102], [100.073985, 13.152777], [100.076996, 13.142727], [100.07781, 13.133775], [100.087738, 13.096177], [100.10434, 13.057318], [100.101899, 13.039862], [100.093028, 13.023993], [100.060069, 12.980292], [100.052989, 12.966132], [100.042979, 12.933824], [100.029307, 12.861802], [100.023936, 12.847073], [99.987641, 12.790473], [99.974294, 12.751207], [99.965017, 12.71015], [99.96046, 12.667914], [99.960785, 12.636176], [99.960948, 12.625393], [99.978038, 12.560777], [99.980805, 12.540351], [99.977061, 12.476874], [99.980805, 12.454657], [100.010997, 12.383246], [100.012218, 12.36872], [100.003673, 12.353949], [99.9817, 12.279934], [99.982758, 12.270453], [99.99171, 12.259467], [100.00172, 12.250312], [100.009288, 12.241116], [100.013927, 12.230699], [100.0171, 12.21011], [100.019705, 12.202216], [100.02003, 12.192694], [100.015636, 12.180325], [100.010427, 12.174954], [99.994314, 12.162584], [99.987641, 12.153022], [99.981456, 12.117174], [99.977387, 12.108303], [99.955333, 12.072496], [99.855317, 11.968411], [99.831228, 11.924709], [99.823253, 11.878648], [99.836925, 11.843451], [99.833751, 11.837714], [99.819591, 11.836371], [99.812511, 11.832099], [99.809825, 11.824612], [99.809581, 11.813463], [99.817068, 11.77558], [99.814952, 11.76968], [99.811778, 11.762274], [99.811046, 11.753079], [99.817068, 11.741441], [99.780447, 11.73725], [99.751801, 11.709866], [99.670584, 11.577867], [99.665538, 11.566799], [99.661306, 11.551011], [99.641856, 11.523261], [99.637543, 11.505316], [99.636078, 11.481838], [99.632009, 11.460639], [99.625743, 11.440497], [99.599946, 11.384223], [99.597341, 11.374945], [99.592947, 11.364203], [99.573741, 11.344062], [99.569347, 11.33397], [99.566254, 11.276313], [99.569347, 11.25552], [99.586192, 11.213853], [99.586192, 11.195136], [99.569347, 11.179145], [99.562022, 11.19892], [99.546153, 11.198432], [99.528575, 11.186835], [99.51531, 11.172919], [99.508149, 11.162177], [99.501313, 11.148749], [99.496349, 11.13288], [99.494151, 11.114569], [99.497569, 11.093085], [99.512055, 11.056952], [99.51531, 11.039211], [99.512462, 11.019232], [99.503429, 10.997056], [99.498709, 10.985297], [99.494151, 10.967475], [99.496104, 10.944241], [99.511567, 10.902411], [99.51531, 10.881537], [99.511567, 10.86636], [99.503266, 10.866848], [99.49586, 10.873847], [99.494151, 10.878119], [99.475352, 10.878852], [99.461192, 10.877427], [99.451671, 10.875312], [99.443207, 10.870347], [99.439708, 10.861029], [99.439708, 10.820054], [99.435069, 10.801825], [99.375011, 10.711982], [99.371349, 10.70307], [99.373709, 10.692572], [99.37672, 10.685492], [99.37436, 10.681383], [99.361095, 10.680121], [99.343516, 10.67536], [99.327159, 10.663275], [99.313162, 10.647366], [99.302419, 10.631049], [99.296153, 10.610907], [99.288259, 10.562934], [99.278168, 10.546047], [99.267263, 10.541693], [99.254731, 10.539944], [99.24464, 10.535142], [99.240408, 10.521877], [99.242686, 10.514472], [99.249034, 10.509996], [99.257986, 10.508002], [99.268321, 10.508205], [99.260997, 10.494818], [99.25172, 10.483954], [99.243826, 10.472357], [99.240408, 10.456977], [99.246755, 10.443915], [99.27768, 10.42357], [99.288748, 10.412014], [99.290538, 10.399237], [99.289317, 10.380845], [99.285004, 10.364488], [99.278168, 10.357367], [99.263845, 10.357327], [99.256358, 10.356147], [99.234141, 10.343695], [99.230724, 10.356513], [99.223399, 10.365383], [99.213064, 10.372056], [99.200043, 10.378485], [99.184744, 10.371283], [99.171641, 10.370266], [99.160655, 10.367987], [99.151622, 10.357367], [99.151378, 10.34634], [99.158458, 10.30272], [99.168956, 10.287746], [99.206309, 10.25434], [99.22462, 10.232367], [99.236095, 10.229315], [99.254649, 10.234442], [99.24171, 10.214504], [99.201345, 10.210639], [99.192556, 10.196275], [99.186778, 10.172431], [99.159923, 10.128323], [99.151622, 10.103461], [99.153494, 10.075832], [99.163097, 10.057685], [99.174001, 10.042914], [99.178884, 10.025295], [99.175792, 10.013495], [99.161632, 10.003323], [99.158458, 9.990546], [99.165294, 9.946479], [99.165294, 9.867621], [99.166759, 9.864691], [99.169932, 9.861802], [99.172374, 9.857408], [99.17213, 9.850246], [99.168305, 9.844468], [99.155772, 9.834784], [99.151622, 9.829169], [99.148204, 9.819241], [99.146169, 9.809719], [99.144949, 9.791246], [99.144786, 9.788235], [99.14796, 9.767401], [99.161957, 9.727118], [99.167247, 9.688137], [99.172862, 9.665229], [99.181407, 9.643256], [99.212087, 9.597724], [99.217784, 9.58218], [99.219981, 9.559149], [99.223155, 9.542629], [99.26531, 9.46601], [99.323578, 9.391547], [99.315684, 9.389594], [99.31072, 9.389838], [99.306, 9.390855], [99.299001, 9.391547], [99.290782, 9.390082], [99.29005, 9.38642], [99.29127, 9.381781], [99.288748, 9.377265], [99.263845, 9.363756], [99.254649, 9.356838], [99.235525, 9.33633], [99.230235, 9.31977], [99.234141, 9.278266], [99.255056, 9.232489], [99.301768, 9.222602], [99.350759, 9.219184], [99.378184, 9.192939], [99.410981, 9.196357], [99.443858, 9.19599], [99.474783, 9.200995], [99.50172, 9.220282], [99.509288, 9.2355], [99.514415, 9.253241], [99.521495, 9.269924], [99.535818, 9.281684], [99.548188, 9.283149], [99.593516, 9.274848], [99.610118, 9.277981], [99.623546, 9.284817], [99.6338, 9.291653], [99.641287, 9.294745], [99.672374, 9.302191], [99.689138, 9.31391], [99.689464, 9.315863], [99.727306, 9.313707], [99.733735, 9.312161], [99.739513, 9.320502], [99.752778, 9.31977], [99.771821, 9.312283], [99.781586, 9.308417], [99.786876, 9.312812], [99.797699, 9.318345], [99.803396, 9.322659], [99.81544, 9.311184], [99.853526, 9.294664], [99.854503, 9.285102], [99.853038, 9.273993], [99.85963, 9.257758], [99.877778, 9.226467], [99.885997, 9.233303], [99.886485, 9.157904], [99.891449, 9.138332], [99.899587, 9.125312], [99.908702, 9.114081], [99.91627, 9.101996], [99.919444, 9.086493], [99.919444, 9.038398], [99.921641, 9.028225], [99.931326, 9.011868], [99.933116, 9.000556], [99.931163, 8.999823], [99.926524, 8.994534], [99.921886, 8.987128], [99.919444, 8.980048], [99.919444, 8.955797], [99.931163, 8.878974], [99.92628, 8.863349], [99.93922, 8.832465], [99.959239, 8.637641], [99.967133, 8.605658], [99.984141, 8.579413], [100.040782, 8.545559], [100.049653, 8.530951], [100.053722, 8.513658], [100.075938, 8.470404], [100.092133, 8.446438], [100.098481, 8.426459], [100.10434, 8.41767], [100.11199, 8.413153], [100.134044, 8.403754], [100.13852, 8.400946], [100.144216, 8.388821], [100.157563, 8.385728], [100.173513, 8.38935], [100.18629, 8.397203], [100.177094, 8.426215], [100.175059, 8.466457], [100.164806, 8.50137], [100.131114, 8.514553], [100.150645, 8.522935], [100.180837, 8.501207], [100.208344, 8.469672], [100.22047, 8.448717], [100.271495, 8.317084], [100.302908, 8.118557], [100.342459, 7.938788], [100.367361, 7.825588], [100.440196, 7.476996], [100.500627, 7.333995], [100.554401, 7.249834], [100.567205, 7.229493], [100.5746, 7.209153], [100.573985, 7.194973], [100.548139, 7.19705], [100.535534, 7.210047], [100.49963, 7.242325], [100.480235, 7.253892], [100.472423, 7.258857], [100.444337, 7.257817], [100.425548, 7.267564], [100.438975, 7.294135], [100.429073, 7.326387], [100.422319, 7.369974], [100.408122, 7.37869], [100.410004, 7.458319], [100.406016, 7.527655], [100.389508, 7.566181], [100.358927, 7.57861], [100.325564, 7.57448], [100.302989, 7.540676], [100.295746, 7.523586], [100.289561, 7.518215], [100.278819, 7.523912], [100.272634, 7.531073], [100.269705, 7.537502], [100.268809, 7.545478], [100.268809, 7.55744], [100.275564, 7.576972], [100.309581, 7.597724], [100.323497, 7.6164], [100.326996, 7.655219], [100.320567, 7.707953], [100.306977, 7.75788], [100.288748, 7.788316], [100.269705, 7.795396], [100.250499, 7.791978], [100.230968, 7.784817], [100.210623, 7.780911], [100.200857, 7.772325], [100.156423, 7.733385], [100.144786, 7.719428], [100.142914, 7.700019], [100.154633, 7.61579], [100.172618, 7.56802], [100.17921, 7.531195], [100.185395, 7.514228], [100.196544, 7.507148], [100.199229, 7.503811], [100.22047, 7.486029], [100.225108, 7.479478], [100.227794, 7.474595], [100.260509, 7.393622], [100.278819, 7.362209], [100.302989, 7.342678], [100.32488, 7.339789], [100.349783, 7.339301], [100.370128, 7.332709], [100.378673, 7.311347], [100.378754, 7.309801], [100.379405, 7.287665], [100.381196, 7.275702], [100.384939, 7.266303], [100.393809, 7.258531], [100.407958, 7.258302], [100.417658, 7.253489], [100.426872, 7.245309], [100.410655, 7.237006], [100.401866, 7.233547], [100.395193, 7.228664], [100.392345, 7.222561], [100.395518, 7.21133], [100.402599, 7.203192], [100.41086, 7.198637], [100.424436, 7.171206], [100.43656, 7.160135], [100.450625, 7.155317], [100.466146, 7.157237], [100.477786, 7.146163], [100.486031, 7.139901], [100.494802, 7.136623], [100.519988, 7.135553], [100.53163, 7.137474], [100.555869, 7.144695], [100.580821, 7.167629], [100.588634, 7.179592], [100.585701, 7.207171], [100.58542, 7.224402], [100.611095, 7.192613], [100.765147, 6.98314], [100.784434, 6.967108], [100.811239, 6.957428], [100.827347, 6.951699], [100.849946, 6.962063], [100.866474, 6.947089], [100.896366, 6.919635], [100.948108, 6.880731], [100.997573, 6.856675], [101.026703, 6.85635], [101.068044, 6.857733], [101.191417, 6.861884], [101.231525, 6.880323], [101.244267, 6.902029], [101.277731, 6.896256], [101.291562, 6.884795], [101.310069, 6.880357], [101.317149, 6.875922], [101.319184, 6.877997], [101.351329, 6.875922], [101.343583, 6.896143], [101.328298, 6.917873], [101.262543, 6.94477], [101.291731, 6.954572], [101.320811, 6.949286], [101.34669, 6.928616], [101.38521, 6.90522], [101.419444, 6.894477], [101.43686, 6.890204], [101.451915, 6.888414], [101.471202, 6.884019], [101.488048, 6.878323], [101.495372, 6.872504], [101.52296, 6.860826], [101.557384, 6.841783], [101.566254, 6.832221], [101.668305, 6.658637], [101.723481, 6.574408], [101.771658, 6.500718], [101.80836, 6.464545], [101.908702, 6.401923], [102.02003, 6.29564], [102.072765, 6.257758], [102.07309, 6.257514], [102.098643, 6.239081], [102.15211, 6.203192], [102.163585, 6.197496], [102.187022, 6.203437], [102.191661, 6.215074], [102.183116, 6.223049], [102.16684, 6.217963], [102.178071, 6.233629], [102.199555, 6.232815], [102.315684, 6.190375], [102.338145, 6.176988], [102.379893, 6.132961], [102.499848, 5.897406], [102.520763, 5.871731], [102.542003, 5.854763], [102.550466, 5.848049], [102.603282, 5.815375], [102.626313, 5.797187], [102.646007, 5.772935], [102.659028, 5.740546], [102.6692, 5.725002], [102.696462, 5.712877], [102.875662, 5.571438], [102.918142, 5.550442], [102.959483, 5.54206], [102.975597, 5.531317], [103.027599, 5.4855], [103.120291, 5.381334], [103.222423, 5.221137], [103.257335, 5.136176], [103.356619, 4.970404], [103.415294, 4.863349], [103.421235, 4.844143], [103.425059, 4.837144], [103.442638, 4.816596], [103.448009, 4.806545], [103.448578, 4.795071], [103.441173, 4.76557], [103.442638, 4.742825], [103.452485, 4.701077], [103.469412, 4.550035], [103.46811, 4.527086], [103.458263, 4.508287], [103.451427, 4.488471], [103.463715, 4.443752], [103.461681, 4.429145], [103.494151, 4.336615], [103.49643, 4.30622], [103.493907, 4.295315], [103.480317, 4.26024], [103.472341, 4.248236], [103.465831, 4.242092], [103.451671, 4.225165], [103.448009, 4.217475], [103.448416, 4.208808], [103.454845, 4.182766], [103.448578, 4.172431], [103.4428, 4.168972], [103.440929, 4.167873], [103.432791, 4.164862], [103.424653, 4.159166], [103.403982, 4.131822], [103.395193, 4.116278], [103.394054, 4.098619], [103.40089, 4.067328], [103.437999, 3.975043], [103.434337, 3.950019], [103.411632, 3.963935], [103.394705, 3.935004], [103.384044, 3.890326], [103.380382, 3.857489], [103.381358, 3.820502], [103.378429, 3.802436], [103.361013, 3.801988], [103.351085, 3.789211], [103.342784, 3.771918], [103.338715, 3.758205], [103.33961, 3.738349], [103.344981, 3.721584], [103.383556, 3.637274], [103.387218, 3.624742], [103.404552, 3.600043], [103.438731, 3.567816], [103.462169, 3.534125], [103.448009, 3.50495], [103.482188, 3.511786], [103.43336, 3.408393], [103.428071, 3.367174], [103.444509, 3.243557], [103.451427, 3.223782], [103.456065, 3.203762], [103.434581, 2.961819], [103.441173, 2.922105], [103.473643, 2.85102], [103.520193, 2.789008], [103.638438, 2.672105], [103.64031, 2.671291], [103.65211, 2.666002], [103.667491, 2.662909], [103.685069, 2.662055], [103.69044, 2.659125], [103.705414, 2.645453], [103.716156, 2.641547], [103.725841, 2.643052], [103.749685, 2.654608], [103.765147, 2.648912], [103.766775, 2.64175], [103.764171, 2.633246], [103.7671, 2.623847], [103.801768, 2.596869], [103.813975, 2.581488], [103.839692, 2.524848], [103.831065, 2.501695], [103.830333, 2.482367], [103.837657, 2.463813], [103.911388, 2.370673], [103.920095, 2.362616], [103.942068, 2.346503], [103.948985, 2.339911], [103.95338, 2.329413], [103.953624, 2.309475], [103.955821, 2.298285], [103.962413, 2.287299], [103.979991, 2.26557], [103.983653, 2.253648], [103.981456, 2.24433], [103.97169, 2.224595], [103.969412, 2.212714], [103.97641, 2.192369], [104.023285, 2.134467], [104.048839, 2.071763], [104.067231, 2.04682], [104.078868, 2.021796], [104.08546, 2.010972], [104.106456, 1.986884], [104.112804, 1.976142], [104.12086, 1.954047], [104.122325, 1.934638], [104.11964, 1.891181], [104.124278, 1.870551], [104.135427, 1.848944], [104.149181, 1.83747], [104.161143, 1.847073], [104.167491, 1.847073], [104.195323, 1.798733], [104.204275, 1.752875], [104.222911, 1.726874], [104.228038, 1.712104], [104.229503, 1.67829], [104.235362, 1.664374], [104.247244, 1.650539], [104.255219, 1.637763], [104.249848, 1.627346], [104.256521, 1.613837], [104.263682, 1.57217], [104.284028, 1.517483], [104.293712, 1.471584], [104.294688, 1.446519], [104.287852, 1.435533], [104.279552, 1.426459], [104.2824, 1.382636], [104.277354, 1.367336], [104.239594, 1.367336], [104.23463, 1.364], [104.224132, 1.349514], [104.219249, 1.346177], [104.174083, 1.348212], [104.15447, 1.352281], [104.114024, 1.368476], [104.106212, 1.37519], [104.105235, 1.385403], [104.105968, 1.404486], [104.100597, 1.41885], [104.088634, 1.429429], [104.07488, 1.438707], [104.064952, 1.448635], [104.059418, 1.485338], [104.086274, 1.502875], [104.12322, 1.517524], [104.147634, 1.545396], [104.128917, 1.549709], [104.111176, 1.545071], [104.094493, 1.535224], [104.060802, 1.510077], [104.053396, 1.506293], [104.049815, 1.513088], [104.043956, 1.531195], [104.012218, 1.596869], [103.988536, 1.632392], [103.965994, 1.647854], [103.960216, 1.63581], [103.970388, 1.608629], [104.008311, 1.548733], [104.008637, 1.534857], [104.003429, 1.506903], [104.005707, 1.493842], [104.01002, 1.479478], [104.012462, 1.46426], [104.009776, 1.448635], [103.974457, 1.419827], [103.926524, 1.431708], [103.839692, 1.476549], [103.814301, 1.474514], [103.774099, 1.453681], [103.753103, 1.448635], [103.712657, 1.452094], [103.697602, 1.450629], [103.681407, 1.441799], [103.630056, 1.377427], [103.600108, 1.353461], [103.564708, 1.359849], [103.562755, 1.364407], [103.555512, 1.374742], [103.547862, 1.382066], [103.5442, 1.377183], [103.545258, 1.365953], [103.550059, 1.35106], [103.551036, 1.342841], [103.548513, 1.331692], [103.530528, 1.305243], [103.516368, 1.270453], [103.50408, 1.289944], [103.469005, 1.319973], [103.454845, 1.339423], [103.4463, 1.35932], [103.41391, 1.467841], [103.395356, 1.506415], [103.367361, 1.538398], [103.325043, 1.565334], [103.206065, 1.610419], [103.03712, 1.715522], [102.996349, 1.734931], [102.974132, 1.741156], [102.951182, 1.743394], [102.934581, 1.747545], [102.923188, 1.75788], [102.906749, 1.784369], [102.887462, 1.807115], [102.863617, 1.827786], [102.835623, 1.845649], [102.804454, 1.860093], [102.788422, 1.854193], [102.73878, 1.846625], [102.721853, 1.847073], [102.699392, 1.859442], [102.686209, 1.879055], [102.667166, 1.921576], [102.650645, 1.940904], [102.568858, 2.006415], [102.557628, 2.018744], [102.550466, 2.03144], [102.559093, 2.033189], [102.560313, 2.036444], [102.558279, 2.040595], [102.557302, 2.045111], [102.544688, 2.057685], [102.526866, 2.070868], [102.489024, 2.092922], [102.348643, 2.14997], [102.187999, 2.216376], [102.154307, 2.235663], [102.126964, 2.25731], [102.05128, 2.340888], [102.040294, 2.346137], [102.018728, 2.350409], [101.999034, 2.36164], [101.987071, 2.377143], [101.98878, 2.394517], [101.972179, 2.398586], [101.956228, 2.404771], [101.926768, 2.422431], [101.90919, 2.410793], [101.877452, 2.40884], [101.865245, 2.394517], [101.858165, 2.41942], [101.856212, 2.451361], [101.851085, 2.478949], [101.834239, 2.490709], [101.827403, 2.494127], [101.817719, 2.502183], [101.803233, 2.518012], [101.783051, 2.575873], [101.774425, 2.586575], [101.760997, 2.592108], [101.71339, 2.596584], [101.700938, 2.604153], [101.690929, 2.614895], [101.673513, 2.627265], [101.618337, 2.636908], [101.597911, 2.646308], [101.56422, 2.652004], [101.542328, 2.661282], [101.502778, 2.689399], [101.479666, 2.716986], [101.430186, 2.792467], [101.399181, 2.819078], [101.355154, 2.82925], [101.310557, 2.833564], [101.286388, 2.849677], [101.303477, 2.894843], [101.281016, 2.897854], [101.283051, 2.9112], [101.332774, 2.972357], [101.347179, 2.9855], [101.361583, 2.991034], [101.372813, 3.002346], [101.372813, 3.028306], [101.365001, 3.076361], [101.358572, 3.08926], [101.329845, 3.111762], [101.323416, 3.124457], [101.303477, 3.254828], [101.297618, 3.274604], [101.283214, 3.290839], [101.248871, 3.319973], [101.244884, 3.327582], [101.241466, 3.336615], [101.235688, 3.344143], [101.215587, 3.349189], [101.20574, 3.353827], [101.197602, 3.35932], [101.194184, 3.364081], [101.187185, 3.380194], [101.139659, 3.442857], [101.108409, 3.473944], [101.102224, 3.482896], [101.094005, 3.505805], [101.074229, 3.53441], [101.064464, 3.579047], [101.05714, 3.600531], [101.040538, 3.621975], [100.967947, 3.672065], [100.94337, 3.682603], [100.933604, 3.689276], [100.927989, 3.696601], [100.912446, 3.724066], [100.886485, 3.756334], [100.86964, 3.768012], [100.822927, 3.776068], [100.812266, 3.786566], [100.813243, 3.803778], [100.823741, 3.827094], [100.841563, 3.843736], [100.845388, 3.851264], [100.833995, 3.854397], [100.811778, 3.851223], [100.800548, 3.847805], [100.795909, 3.843817], [100.784841, 3.839342], [100.760102, 3.847154], [100.73463, 3.859442], [100.720714, 3.868069], [100.709483, 3.883043], [100.70338, 3.898871], [100.700694, 3.917222], [100.701182, 3.967231], [100.706309, 3.983588], [100.718761, 3.990871], [100.781749, 3.988023], [100.801524, 3.991116], [100.817393, 4.01081], [100.834646, 4.018541], [100.854991, 4.022162], [100.87143, 4.018866], [100.861501, 4.040351], [100.838145, 4.037991], [100.814301, 4.026068], [100.803233, 4.018866], [100.777599, 4.021389], [100.77296, 4.037014], [100.776703, 4.060533], [100.776052, 4.086493], [100.76588, 4.09984], [100.713878, 4.134955], [100.69752, 4.150865], [100.677745, 4.165188], [100.655528, 4.169501], [100.632579, 4.155463], [100.622569, 4.175849], [100.613048, 4.208401], [100.608897, 4.23843], [100.615245, 4.251654], [100.600271, 4.256537], [100.595714, 4.268744], [100.594981, 4.28441], [100.590994, 4.300035], [100.5796, 4.311225], [100.569672, 4.313381], [100.56544, 4.319159], [100.570567, 4.34101], [100.579845, 4.366441], [100.583018, 4.380072], [100.584239, 4.399075], [100.588552, 4.412258], [100.607677, 4.426215], [100.612071, 4.440009], [100.614757, 4.46776], [100.632579, 4.532904], [100.645518, 4.560045], [100.630219, 4.553941], [100.612315, 4.558743], [100.597341, 4.571926], [100.590994, 4.590806], [100.594412, 4.610907], [100.60377, 4.629462], [100.616954, 4.638251], [100.632579, 4.629055], [100.639496, 4.643134], [100.647309, 4.654731], [100.656098, 4.663723], [100.666189, 4.669908], [100.642345, 4.674302], [100.620372, 4.666205], [100.604177, 4.665839], [100.59783, 4.693549], [100.594493, 4.743069], [100.603852, 4.756049], [100.632579, 4.758124], [100.632579, 4.76557], [100.626801, 4.766588], [100.612071, 4.772366], [100.619802, 4.786444], [100.617361, 4.792914], [100.59783, 4.799709], [100.587657, 4.800971], [100.581228, 4.797919], [100.576182, 4.799262], [100.570567, 4.813381], [100.569509, 4.827135], [100.577403, 4.84398], [100.577403, 4.854315], [100.571544, 4.857733], [100.561778, 4.858303], [100.553071, 4.862047], [100.550059, 4.875434], [100.539887, 4.870022], [100.529145, 4.867865], [100.505382, 4.867987], [100.494395, 4.87226], [100.499278, 4.881049], [100.509613, 4.888617], [100.51531, 4.889065], [100.514659, 4.902493], [100.510997, 4.906928], [100.503429, 4.910142], [100.49171, 4.919827], [100.4817, 4.924709], [100.470714, 4.922309], [100.460704, 4.916002], [100.453868, 4.908922], [100.44158, 4.922838], [100.435802, 4.936103], [100.432384, 4.949652], [100.426524, 4.964179], [100.401866, 4.992336], [100.395681, 5.013373], [100.380707, 5.047349], [100.372325, 5.061428], [100.364513, 5.084296], [100.365896, 5.092515], [100.369477, 5.093248], [100.374197, 5.091946], [100.378673, 5.09455], [100.388845, 5.105658], [100.400076, 5.114895], [100.409028, 5.126654], [100.41627, 5.159613], [100.430919, 5.190619], [100.433279, 5.211168], [100.430675, 5.222357], [100.421153, 5.242418], [100.418956, 5.248481], [100.421235, 5.260647], [100.431163, 5.278957], [100.433279, 5.290025], [100.430024, 5.302883], [100.406016, 5.348375], [100.385265, 5.376939], [100.380219, 5.390692], [100.378673, 5.413275], [100.384939, 5.499254], [100.378429, 5.522773], [100.355724, 5.56269], [100.350841, 5.584215], [100.344005, 5.669257], [100.353201, 5.665351], [100.364919, 5.662665], [100.376313, 5.663316], [100.384939, 5.669257], [100.386404, 5.679104], [100.378754, 5.685207], [100.369151, 5.689602], [100.364513, 5.694078], [100.375743, 5.81094], [100.349132, 6.012681], [100.340587, 6.029934], [100.325938, 6.049058], [100.313975, 6.070624], [100.296153, 6.115546], [100.26002, 6.180894], [100.247895, 6.220771], [100.232595, 6.236233], [100.199962, 6.258979], [100.174571, 6.290961], [100.152843, 6.33393], [100.137462, 6.38052], [100.131114, 6.423407], [100.127289, 6.442288], [100.119965, 6.463121], [100.108165, 6.47956], [100.090099, 6.484849], [100.102306, 6.517076], [100.103526, 6.533189], [100.093516, 6.540107], [100.080577, 6.536811], [100.072927, 6.52851], [100.063324, 6.506578], [100.029959, 6.534654], [100.001313, 6.56745], [99.997895, 6.576117], [99.995128, 6.587714], [99.991222, 6.597846], [99.984141, 6.6022], [99.971446, 6.595608], [99.964122, 6.593736], [99.960948, 6.598456], [99.963145, 6.605699], [99.972179, 6.617865], [99.973969, 6.622707], [99.971528, 6.632758], [99.962901, 6.649563], [99.960948, 6.660549], [99.956554, 6.664008], [99.947032, 6.663398], [99.937348, 6.66474], [99.933116, 6.674221], [99.928477, 6.692613], [99.917491, 6.705268], [99.891449, 6.725043], [99.867524, 6.7626], [99.851736, 6.776435], [99.833751, 6.770087], [99.82488, 6.769599], [99.817638, 6.78262], [99.809581, 6.808295], [99.802501, 6.817532], [99.797211, 6.821682], [99.710704, 6.854153], [99.685802, 6.877346], [99.686046, 6.917467], [99.69044, 6.935492], [99.695811, 6.93769], [99.710216, 6.937974], [99.713878, 6.942206], [99.712901, 6.951646], [99.707205, 6.961005], [99.6963, 6.965277], [99.680919, 6.973619], [99.68214, 6.992662], [99.686209, 7.013373], [99.67921, 7.02676], [99.695486, 7.059882], [99.70574, 7.075426], [99.716807, 7.081977], [99.719981, 7.088528], [99.748057, 7.126044], [99.740571, 7.137112], [99.723399, 7.131822], [99.704845, 7.121243], [99.692882, 7.116116], [99.677582, 7.123277], [99.671886, 7.135403], [99.672374, 7.170722], [99.637543, 7.150865], [99.621104, 7.13703], [99.614106, 7.136664], [99.61085, 7.150865], [99.603526, 7.150865], [99.583995, 7.15644], [99.557872, 7.197455], [99.54005, 7.244127], [99.545421, 7.266303], [99.566742, 7.278022], [99.585216, 7.306708], [99.598399, 7.342719], [99.603526, 7.376166], [99.597341, 7.376166], [99.569021, 7.322211], [99.549571, 7.301825], [99.524669, 7.311347], [99.520518, 7.326972], [99.525401, 7.370022], [99.521495, 7.383612], [99.508149, 7.384955], [99.497813, 7.370795], [99.490977, 7.35102], [99.488048, 7.335191], [99.492198, 7.299872], [99.488292, 7.285712], [99.470714, 7.279975], [99.460216, 7.282864], [99.44516, 7.2897], [99.431814, 7.297797], [99.426036, 7.304511], [99.420665, 7.30744], [99.392345, 7.312201], [99.378184, 7.32095], [99.365896, 7.336371], [99.336599, 7.383612], [99.345876, 7.400051], [99.347423, 7.423489], [99.344005, 7.46898], [99.341807, 7.475735], [99.331879, 7.491929], [99.329845, 7.503404], [99.325206, 7.504869], [99.303396, 7.504625], [99.295584, 7.507148], [99.308849, 7.528306], [99.307384, 7.550279], [99.300059, 7.575385], [99.292735, 7.620673], [99.285899, 7.621772], [99.277029, 7.617499], [99.268321, 7.6164], [99.259532, 7.620836], [99.249766, 7.627753], [99.246755, 7.634101], [99.258067, 7.636868], [99.262218, 7.643256], [99.255707, 7.657375], [99.243663, 7.671454], [99.230479, 7.677802], [99.214366, 7.679999], [99.206228, 7.68594], [99.192556, 7.705146], [99.172618, 7.719713], [99.153087, 7.730658], [99.137543, 7.74433], [99.130544, 7.767239], [99.124278, 7.767239], [99.121918, 7.733059], [99.112153, 7.705512], [99.091482, 7.69184], [99.056, 7.69892], [99.033214, 7.722805], [99.02768, 7.788886], [99.014415, 7.815009], [99.056, 7.847357], [99.062266, 7.859361], [99.064138, 7.878119], [99.070323, 7.907904], [99.069591, 7.924872], [99.050304, 7.905463], [99.040701, 7.901842], [99.028087, 7.903754], [99.02296, 7.909573], [99.007579, 7.935126], [99.000255, 7.942572], [98.984141, 7.947252], [98.967784, 7.956204], [98.96046, 7.976386], [98.961599, 7.986477], [98.96339, 7.992621], [98.963878, 7.998277], [98.96046, 8.006781], [98.953461, 8.015448], [98.937348, 8.024319], [98.929454, 8.030992], [98.923676, 8.041409], [98.92213, 8.048529], [98.917979, 8.051337], [98.905284, 8.048407], [98.898936, 8.042711], [98.891612, 8.024888], [98.888194, 8.021064], [98.872813, 8.016791], [98.857921, 8.00845], [98.843598, 8.002875], [98.829438, 8.006781], [98.824555, 8.01435], [98.817719, 8.036566], [98.812755, 8.044989], [98.800304, 8.052436], [98.794688, 8.048489], [98.792003, 8.040229], [98.788585, 8.034735], [98.775564, 8.023424], [98.770274, 8.023668], [98.768077, 8.038153], [98.765391, 8.047105], [98.752452, 8.060126], [98.747406, 8.068264], [98.745128, 8.087551], [98.747406, 8.136542], [98.743907, 8.149888], [98.747406, 8.181952], [98.747406, 8.199205], [98.744151, 8.214911], [98.727061, 8.253852], [98.712738, 8.225898], [98.706554, 8.225898], [98.703136, 8.298529], [98.6963, 8.308498], [98.677257, 8.303168], [98.648204, 8.284857], [98.637543, 8.287991], [98.63087, 8.287991], [98.63087, 8.281155], [98.624034, 8.281155], [98.622081, 8.292873], [98.626231, 8.346096], [98.631602, 8.354438], [98.64796, 8.366523], [98.655447, 8.379625], [98.6421, 8.385932], [98.620616, 8.390204], [98.603526, 8.397203], [98.598888, 8.374905], [98.585134, 8.368964], [98.567556, 8.367865], [98.552013, 8.360012], [98.541759, 8.349026], [98.526052, 8.33633], [98.510427, 8.331122], [98.500499, 8.343207], [98.493663, 8.343207], [98.491954, 8.331285], [98.486664, 8.324897], [98.479828, 8.325751], [98.473155, 8.335761], [98.466319, 8.335761], [98.466319, 8.32274], [98.445649, 8.3251], [98.428233, 8.316962], [98.422211, 8.306342], [98.453136, 8.294013], [98.456798, 8.277533], [98.456554, 8.258287], [98.462657, 8.243313], [98.462901, 8.216132], [98.446137, 8.175116], [98.424978, 8.148424], [98.411632, 8.164496], [98.405528, 8.164496], [98.404796, 8.155219], [98.402029, 8.148993], [98.391287, 8.136542], [98.375255, 8.150824], [98.356944, 8.185004], [98.331228, 8.195054], [98.328136, 8.202338], [98.323985, 8.209621], [98.312511, 8.212877], [98.301524, 8.213609], [98.293305, 8.215888], [98.286876, 8.219916], [98.281423, 8.225898], [98.277599, 8.240709], [98.277599, 8.283515], [98.271495, 8.297919], [98.26238, 8.312812], [98.242035, 8.40648], [98.199474, 8.534369], [98.198009, 8.556057], [98.202973, 8.573879], [98.209727, 8.581488], [98.213145, 8.572577], [98.215668, 8.553371], [98.223155, 8.540432], [98.247325, 8.514553], [98.253103, 8.534654], [98.244314, 8.546861], [98.230154, 8.556586], [98.219981, 8.569159], [98.219493, 8.575629], [98.222179, 8.580634], [98.225271, 8.584906], [98.226817, 8.589016], [98.226248, 8.605373], [98.226817, 8.610093], [98.238048, 8.641059], [98.240489, 8.651068], [98.238536, 8.673041], [98.22283, 8.712388], [98.219981, 8.726223], [98.224132, 8.735338], [98.231212, 8.740871], [98.239594, 8.745836], [98.247325, 8.753485], [98.250743, 8.759955], [98.252778, 8.766425], [98.256521, 8.828559], [98.261567, 8.850653], [98.283539, 8.884955], [98.292735, 8.924384], [98.312185, 8.951361], [98.32488, 8.975246], [98.333018, 8.980048], [98.336762, 8.977607], [98.351573, 8.973782], [98.364024, 8.973944], [98.360606, 8.983466], [98.358084, 8.995998], [98.367849, 9.009996], [98.391287, 9.035305], [98.361339, 9.023017], [98.342459, 9.018215], [98.332693, 9.026068], [98.329845, 9.052069], [98.342052, 9.062893], [98.365977, 9.06391], [98.382009, 9.071926], [98.370779, 9.103583], [98.341482, 9.141832], [98.32838, 9.164374], [98.323009, 9.189195], [98.322276, 9.209377], [98.326915, 9.203681], [98.339692, 9.199774], [98.34783, 9.202786], [98.355805, 9.209906], [98.370779, 9.226467], [98.352306, 9.235907], [98.351899, 9.25137], [98.361095, 9.268215], [98.364024, 9.281684], [98.375987, 9.298163], [98.383311, 9.316555], [98.397146, 9.378811], [98.40504, 9.396877], [98.425466, 9.432522], [98.443207, 9.520819], [98.457205, 9.548529], [98.486827, 9.528062], [98.519867, 9.553778], [98.531098, 9.566107], [98.528494, 9.575873], [98.520844, 9.577582], [98.50172, 9.575019], [98.493663, 9.575873], [98.489594, 9.58039], [98.48585, 9.593655], [98.483409, 9.596381], [98.46339, 9.604438], [98.47169, 9.621161], [98.490245, 9.634955], [98.500499, 9.634508], [98.502696, 9.638373], [98.511974, 9.650214], [98.514171, 9.654731], [98.511485, 9.662055], [98.493663, 9.685736], [98.51002, 9.686591], [98.513194, 9.694892], [98.506602, 9.705634], [98.493663, 9.71369], [98.500499, 9.719916], [98.515636, 9.710191], [98.531423, 9.703925], [98.543956, 9.706488], [98.549001, 9.723619], [98.553233, 9.724595], [98.56129, 9.733059], [98.565766, 9.742621], [98.559255, 9.747219], [98.538748, 9.747463], [98.529796, 9.749579], [98.521007, 9.754625], [98.516449, 9.747789], [98.51531, 9.744818], [98.514171, 9.740383], [98.507986, 9.740383], [98.509125, 9.748521], [98.5088, 9.770819], [98.507986, 9.774563], [98.516368, 9.782945], [98.524181, 9.78498], [98.532237, 9.785305], [98.541515, 9.788235], [98.555431, 9.798041], [98.566173, 9.810004], [98.574962, 9.824652], [98.583018, 9.842841], [98.574962, 9.835598], [98.558442, 9.815009], [98.549001, 9.809272], [98.54005, 9.810981], [98.534679, 9.81802], [98.530284, 9.825588], [98.512706, 9.836859], [98.520763, 9.854438], [98.536876, 9.872952], [98.549001, 9.883734], [98.553559, 9.876695], [98.559906, 9.873033], [98.567393, 9.873236], [98.576182, 9.87759], [98.570486, 9.884223], [98.58546, 9.894965], [98.589854, 9.905463], [98.586436, 9.909329], [98.578868, 9.911322], [98.571625, 9.915473], [98.573578, 9.920885], [98.583832, 9.930325], [98.59197, 9.942694], [98.599864, 9.948147], [98.622081, 9.947821], [98.63087, 9.952704], [98.633149, 9.962958], [98.623546, 9.96719], [98.612559, 9.965969], [98.610362, 9.96011], [98.59962, 9.973863], [98.599783, 9.980455], [98.603526, 9.993598], [98.64796, 10.069322], [98.662283, 10.085273], [98.689626, 10.162055], [98.712901, 10.205512], [98.72047, 10.227932], [98.725352, 10.251614], [98.727061, 10.27204], [98.730805, 10.291734], [98.746267, 10.329006], [98.747406, 10.350531], [98.739919, 10.347357], [98.735037, 10.343085], [98.731212, 10.337348], [98.718923, 10.312567], [98.70281, 10.262763], [98.696056, 10.2237], [98.687022, 10.208401], [98.66505, 10.185452], [98.644216, 10.155015], [98.589854, 10.04206], [98.560557, 10.002143], [98.543142, 9.987454], [98.53533, 9.997382], [98.533458, 10.006741], [98.524425, 10.021064], [98.521007, 10.028998], [98.52003, 10.038886], [98.521495, 10.059394], [98.521007, 10.069322], [98.514822, 10.101508], [98.513927, 10.146918], [98.493663, 10.179185], [98.490489, 10.190619], [98.489594, 10.197903], [98.490733, 10.204332], [98.507579, 10.24494], [98.512218, 10.26142], [98.5171, 10.30744], [98.528494, 10.343248], [98.528494, 10.364203], [98.512218, 10.422797], [98.494151, 10.45246], [98.493419, 10.472724], [98.500499, 10.515041], [98.495453, 10.556871], [98.46339, 10.630032], [98.458995, 10.672675], [98.459321, 10.715399], [98.463552, 10.729438], [98.476573, 10.734687], [98.498302, 10.731594], [98.510997, 10.722886], [98.528494, 10.693101], [98.538748, 10.704413], [98.538341, 10.718695], [98.531016, 10.732164], [98.521007, 10.740953], [98.532563, 10.746772], [98.543712, 10.745063], [98.55421, 10.737982], [98.563243, 10.727281], [98.569998, 10.743109], [98.577403, 10.770413], [98.583018, 10.781928], [98.599864, 10.805487], [98.602712, 10.819485], [98.59669, 10.837144], [98.606944, 10.836371], [98.615977, 10.838446], [98.624034, 10.843207], [98.63087, 10.850816], [98.620128, 10.85456], [98.59547, 10.856838], [98.586436, 10.861029], [98.581798, 10.867255], [98.578868, 10.87519], [98.581554, 10.882025], [98.61378, 10.890286], [98.625011, 10.902004], [98.634044, 10.913723], [98.64796, 10.919094], [98.652843, 10.917182], [98.663829, 10.908271], [98.673106, 10.905463], [98.675059, 10.908515], [98.68922, 10.913398], [98.703624, 10.916164], [98.706554, 10.912828], [98.712413, 10.924384], [98.716807, 10.942206], [98.717621, 10.960679], [98.712738, 10.974311], [98.720225, 10.980536], [98.713878, 10.989976], [98.696544, 11.00259], [98.692882, 11.00845], [98.695323, 11.020087], [98.700938, 11.02497], [98.708344, 11.027655], [98.716482, 11.032375], [98.722423, 11.044867], [98.718272, 11.058824], [98.710623, 11.076077], [98.706554, 11.097846], [98.688813, 11.092475], [98.67628, 11.100572], [98.658214, 11.131985], [98.702647, 11.143622], [98.724132, 11.156195], [98.733165, 11.176011], [98.733165, 11.207099], [98.745616, 11.236029], [98.750987, 11.257066], [98.757091, 11.263373], [98.759288, 11.268948], [98.74643, 11.285875], [98.726573, 11.333441], [98.721934, 11.350084], [98.721365, 11.367255], [98.727061, 11.385199], [98.702647, 11.379055], [98.698009, 11.388007], [98.706554, 11.423082], [98.715343, 11.443183], [98.735688, 11.450141], [98.774913, 11.453518], [98.765636, 11.467434], [98.763438, 11.506252], [98.754405, 11.522406], [98.745291, 11.524848], [98.728852, 11.517646], [98.720225, 11.522406], [98.717947, 11.531887], [98.725759, 11.548407], [98.720225, 11.557115], [98.733572, 11.573432], [98.736339, 11.588772], [98.733165, 11.624823], [98.735606, 11.642035], [98.741547, 11.665025], [98.752208, 11.681708], [98.768077, 11.68008], [98.780284, 11.68651], [98.787934, 11.683336], [98.795177, 11.676825], [98.805919, 11.673245], [98.817149, 11.677395], [98.818696, 11.687201], [98.818126, 11.698676], [98.822602, 11.707953], [98.83546, 11.71011], [98.85434, 11.707099], [98.872895, 11.700914], [98.884776, 11.693671], [98.891612, 11.693671], [98.87672, 11.722642], [98.804942, 11.736518], [98.78297, 11.755113], [98.790294, 11.77969], [98.812022, 11.802639], [98.825694, 11.825873], [98.80893, 11.851304], [98.816091, 11.833808], [98.810232, 11.822008], [98.800548, 11.813788], [98.79127, 11.802476], [98.768077, 11.761949], [98.761485, 11.760891], [98.744151, 11.762519], [98.740733, 11.758531], [98.737966, 11.756496], [98.725841, 11.74433], [98.723643, 11.741441], [98.712169, 11.736518], [98.708995, 11.724514], [98.708263, 11.709947], [98.703136, 11.697455], [98.692638, 11.686754], [98.684337, 11.682807], [98.674164, 11.685248], [98.647634, 11.700507], [98.616873, 11.7237], [98.610362, 11.731269], [98.608735, 11.7414], [98.603282, 11.753607], [98.603526, 11.761949], [98.605968, 11.769192], [98.617849, 11.789252], [98.623302, 11.79328], [98.628917, 11.791938], [98.632091, 11.792873], [98.63087, 11.803616], [98.603526, 11.803616], [98.619314, 11.825873], [98.624034, 11.830268], [98.631358, 11.832099], [98.64088, 11.832261], [98.648692, 11.831488], [98.651378, 11.830268], [98.66033, 11.845201], [98.667979, 11.863593], [98.680919, 11.877346], [98.706554, 11.878648], [98.694102, 11.89289], [98.673106, 11.892076], [98.63087, 11.878648], [98.549001, 11.878648], [98.558116, 11.899115], [98.578136, 11.906684], [98.627452, 11.905951], [98.64503, 11.910224], [98.664073, 11.920356], [98.67921, 11.932807], [98.690929, 11.954332], [98.702891, 11.959052], [98.714854, 11.961168], [98.720225, 11.964301], [98.721446, 11.997789], [98.720225, 12.008368], [98.713145, 12.025214], [98.705333, 12.036851], [98.703136, 12.048082], [98.712738, 12.063625], [98.66505, 12.060248], [98.658458, 12.067125], [98.64503, 12.07807], [98.6338, 12.090318], [98.634288, 12.101142], [98.640961, 12.113674], [98.636241, 12.122545], [98.629649, 12.131985], [98.63087, 12.146186], [98.637869, 12.151068], [98.650727, 12.155097], [98.673106, 12.159166], [98.673106, 12.166653], [98.658214, 12.166653], [98.667654, 12.17768], [98.695811, 12.193101], [98.709727, 12.20425], [98.713715, 12.215766], [98.710216, 12.228013], [98.703298, 12.237779], [98.6963, 12.241767], [98.662934, 12.236802], [98.64088, 12.224555], [98.62143, 12.20897], [98.59669, 12.193996], [98.588552, 12.197699], [98.570811, 12.203518], [98.563243, 12.207668], [98.54713, 12.223456], [98.539073, 12.241767], [98.540212, 12.260972], [98.552013, 12.279608], [98.56837, 12.29092], [98.587657, 12.297065], [98.676768, 12.315253], [98.697765, 12.327948], [98.706554, 12.347886], [98.699962, 12.363959], [98.684255, 12.373236], [98.651378, 12.385728], [98.626801, 12.409573], [98.62086, 12.413723], [98.607432, 12.41828], [98.605154, 12.428941], [98.610362, 12.450914], [98.611339, 12.473049], [98.616222, 12.485745], [98.628429, 12.492133], [98.651378, 12.495592], [98.68922, 12.495592], [98.701427, 12.498725], [98.708751, 12.505561], [98.709727, 12.512397], [98.703136, 12.51553], [98.694835, 12.517035], [98.681488, 12.52558], [98.673106, 12.529731], [98.661957, 12.531317], [98.650727, 12.530951], [98.639985, 12.531887], [98.63087, 12.537258], [98.623057, 12.558173], [98.631196, 12.579332], [98.644379, 12.600653], [98.651378, 12.62226], [98.654633, 12.625718], [98.661876, 12.625474], [98.669444, 12.624457], [98.673106, 12.625393], [98.672211, 12.631741], [98.66505, 12.64643], [98.667654, 12.674791], [98.673106, 12.687445], [98.680349, 12.697008], [98.686697, 12.702826], [98.691173, 12.710435], [98.692882, 12.725287], [98.689301, 12.728095], [98.661632, 12.721584], [98.648448, 12.723334], [98.641775, 12.728095], [98.64088, 12.734687], [98.644542, 12.742011], [98.652354, 12.745429], [98.663097, 12.745103], [98.673025, 12.746812], [98.678722, 12.756293], [98.670177, 12.760932], [98.627696, 12.756252], [98.617849, 12.766262], [98.617442, 12.777411], [98.618988, 12.775092], [98.624034, 12.77619], [98.634532, 12.781195], [98.641775, 12.782416], [98.646983, 12.785793], [98.651378, 12.797309], [98.634288, 12.878607], [98.624766, 12.884223], [98.601248, 12.911038], [98.589854, 12.919582], [98.600108, 12.941636], [98.606781, 12.950629], [98.614024, 12.954291], [98.610362, 12.959621], [98.59669, 12.995917], [98.586192, 13.016506], [98.583832, 13.026597], [98.580414, 13.065375], [98.582042, 13.077053], [98.589854, 13.084662], [98.583344, 13.113959], [98.578461, 13.186754], [98.565929, 13.201361], [98.553071, 13.208075], [98.500499, 13.249172], [98.495128, 13.285468], [98.489919, 13.297838], [98.479991, 13.283881], [98.475271, 13.292914], [98.47283, 13.302924], [98.472423, 13.313625], [98.473155, 13.324897], [98.46046, 13.35578], [98.460134, 13.36933], [98.473155, 13.379462], [98.47169, 13.38642], [98.471202, 13.394192], [98.473155, 13.413031], [98.464203, 13.407701], [98.458995, 13.39997], [98.45281, 13.379462], [98.453787, 13.396389], [98.450938, 13.411363], [98.445323, 13.424302], [98.439138, 13.43476], [98.434418, 13.438463], [98.428233, 13.441799], [98.422374, 13.446601], [98.41863, 13.454576], [98.419444, 13.462226], [98.42921, 13.471177], [98.431651, 13.478746], [98.426443, 13.490058], [98.403331, 13.522447], [98.394054, 13.542792], [98.383962, 13.551907], [98.370616, 13.559516], [98.357188, 13.56387], [98.361095, 13.576158], [98.356619, 13.584866], [98.336111, 13.598578], [98.336436, 13.619818], [98.298839, 13.671047], [98.288259, 13.69477], [98.295665, 13.687974], [98.302013, 13.700995], [98.276703, 13.70718], [98.257335, 13.706366], [98.244802, 13.714057], [98.240489, 13.746039], [98.251964, 13.782538], [98.254161, 13.797797], [98.251964, 13.811672], [98.248383, 13.82453], [98.247813, 13.837592], [98.254161, 13.851793], [98.248057, 13.862779], [98.233653, 13.917304], [98.233653, 13.961656], [98.231212, 13.97248], [98.227794, 13.981269], [98.227224, 13.988959], [98.233653, 13.996487], [98.233653, 14.002631], [98.222423, 14.013088], [98.208669, 14.029608], [98.197032, 14.048163], [98.192149, 14.064683], [98.185802, 14.064683], [98.184581, 14.052558], [98.180024, 14.031643], [98.178966, 14.019721], [98.18214, 14.014309], [98.1963, 13.99787], [98.199474, 13.992743], [98.198253, 13.964911], [98.19337, 13.951809], [98.182384, 13.937812], [98.180186, 13.925035], [98.19516, 13.886949], [98.199474, 13.869208], [98.197276, 13.850328], [98.187999, 13.815131], [98.179454, 13.732408], [98.193533, 13.686265], [98.196056, 13.668362], [98.19337, 13.651557], [98.185802, 13.632758], [98.182384, 13.627102], [98.178884, 13.622626], [98.175304, 13.616604], [98.17156, 13.606024], [98.168956, 13.59398], [98.168468, 13.584296], [98.17156, 13.56387], [98.183442, 13.551703], [98.18686, 13.54385], [98.178966, 13.537095], [98.171072, 13.537828], [98.163829, 13.543524], [98.151052, 13.557603], [98.149669, 13.550116], [98.145844, 13.542914], [98.144298, 13.537095], [98.1421, 13.548082], [98.142751, 13.561713], [98.141368, 13.573228], [98.134288, 13.578111], [98.129731, 13.582343], [98.134776, 13.591742], [98.143728, 13.601264], [98.151052, 13.606024], [98.146983, 13.611151], [98.141368, 13.621161], [98.137462, 13.626532], [98.151866, 13.630357], [98.158458, 13.64232], [98.158051, 13.658189], [98.151052, 13.673733], [98.167654, 13.673163], [98.168793, 13.680813], [98.160411, 13.690253], [98.147634, 13.69477], [98.12379, 13.693508], [98.116384, 13.695054], [98.103282, 13.700995], [98.1067, 13.707017], [98.113455, 13.722805], [98.116954, 13.728949], [98.092052, 13.739691], [98.082774, 13.769965], [98.088878, 13.795111], [98.110118, 13.790351], [98.104015, 13.834703], [98.103282, 13.87637], [98.109141, 13.892483], [98.11085, 13.902167], [98.1067, 13.90644], [98.101248, 13.908026], [98.093028, 13.912177], [98.08546, 13.917914], [98.082286, 13.924465], [98.079275, 13.948065], [98.065603, 13.989325], [98.061697, 14.010077], [98.066254, 14.032701], [98.08839, 14.063463], [98.096446, 14.078355], [98.097423, 14.09219], [98.107677, 14.110012], [98.110118, 14.123033], [98.108572, 14.132636], [98.096446, 14.167792], [98.110118, 14.167792], [98.106456, 14.18122], [98.101085, 14.19184], [98.095225, 14.193793], [98.08961, 14.181383], [98.041759, 14.242865], [98.014822, 14.299506], [97.9935, 14.330512], [97.986013, 14.352607], [97.981293, 14.376451], [97.979747, 14.397406], [97.982595, 14.419257], [97.995942, 14.449693], [98.000255, 14.468736], [97.991466, 14.460028], [97.984223, 14.449652], [97.97641, 14.443752], [97.966075, 14.44831], [97.962087, 14.45775], [97.951834, 14.502916], [97.921397, 14.557685], [97.913585, 14.586737], [97.925059, 14.612779], [97.900076, 14.630316], [97.885509, 14.655951], [97.885509, 14.684068], [97.904063, 14.70897], [97.943126, 14.720201], [97.968516, 14.696519], [97.992442, 14.663723], [98.027599, 14.647528], [97.992442, 14.693101], [97.982188, 14.715277], [98.000255, 14.722073], [97.985362, 14.728176], [97.971039, 14.735907], [97.96461, 14.747056], [97.972911, 14.763617], [97.965668, 14.769517], [97.958832, 14.77851], [97.953868, 14.787746], [97.951834, 14.794338], [97.94988, 14.798896], [97.945323, 14.795315], [97.938162, 14.784735], [97.939952, 14.782416], [97.94337, 14.776679], [97.946056, 14.76968], [97.945567, 14.763617], [97.931163, 14.752183], [97.917166, 14.758612], [97.906749, 14.775946], [97.904063, 14.797756], [97.897227, 14.797756], [97.894542, 14.77969], [97.902192, 14.737698], [97.893809, 14.729478], [97.888357, 14.726955], [97.883067, 14.721503], [97.875499, 14.716742], [97.863048, 14.715806], [97.856212, 14.718492], [97.850352, 14.723619], [97.845958, 14.729926], [97.84254, 14.736314], [97.815115, 14.850816], [97.794932, 14.880154], [97.79477, 14.880316], [97.800304, 14.890326], [97.802501, 14.900946], [97.802257, 14.924709], [97.804454, 14.935981], [97.813731, 14.950181], [97.815929, 14.958808], [97.812836, 14.983344], [97.804373, 14.998684], [97.791189, 15.008734], [97.774262, 15.017483], [97.779796, 15.025784], [97.787446, 15.030707], [97.796886, 15.032457], [97.80836, 15.031155], [97.804373, 15.038235], [97.799083, 15.051459], [97.79477, 15.058498], [97.806814, 15.075263], [97.810232, 15.09512], [97.80714, 15.174954], [97.810883, 15.191148], [97.822765, 15.209296], [97.794932, 15.208808], [97.780284, 15.211493], [97.769379, 15.223334], [97.743175, 15.266832], [97.740896, 15.27558], [97.740245, 15.291815], [97.742035, 15.317939], [97.738292, 15.329006], [97.72641, 15.339586], [97.729503, 15.348944], [97.73406, 15.355292], [97.740896, 15.358954], [97.750499, 15.360093], [97.760753, 15.394232], [97.766938, 15.38935], [97.775157, 15.393134], [97.79477, 15.407904], [97.786876, 15.41942], [97.761404, 15.490546], [97.761892, 15.503892], [97.774262, 15.531399], [97.767426, 15.544013], [97.742931, 15.604478], [97.743663, 15.610256], [97.747325, 15.617743], [97.747325, 15.626166], [97.74464, 15.634426], [97.740245, 15.641262], [97.744477, 15.650702], [97.743663, 15.664862], [97.738455, 15.679918], [97.730235, 15.692125], [97.725597, 15.701321], [97.727387, 15.710028], [97.7317, 15.718411], [97.733897, 15.726304], [97.730805, 15.733954], [97.716807, 15.749457], [97.712901, 15.75731], [97.714122, 15.763373], [97.723399, 15.771796], [97.72641, 15.777818], [97.727061, 15.843207], [97.721365, 15.856187], [97.706065, 15.860338], [97.71225, 15.887681], [97.691417, 15.912299], [97.637218, 15.949164], [97.609711, 15.983873], [97.582286, 16.009101], [97.575694, 16.017401], [97.575938, 16.022162], [97.568858, 16.062405], [97.569347, 16.072577], [97.571788, 16.080024], [97.576996, 16.084703], [97.585948, 16.08633], [97.600841, 16.092475], [97.612153, 16.107408], [97.61964, 16.125434], [97.639008, 16.238349], [97.648204, 16.259223], [97.65089, 16.271308], [97.649913, 16.28384], [97.646739, 16.29328], [97.637218, 16.312201], [97.626475, 16.35163], [97.623057, 16.394477], [97.626638, 16.437567], [97.637218, 16.477362], [97.651866, 16.507229], [97.673839, 16.533433], [97.703136, 16.552069], [97.740082, 16.559231], [97.740245, 16.559272], [97.735525, 16.566799], [97.729503, 16.572496], [97.721853, 16.57685], [97.712901, 16.579779], [97.703543, 16.573554], [97.652843, 16.539862], [97.630382, 16.531968], [97.612966, 16.530585], [97.54835, 16.538153], [97.52296, 16.536444], [97.499848, 16.531968], [97.493988, 16.528998], [97.489431, 16.524482], [97.484141, 16.520209], [97.476329, 16.518297], [97.470714, 16.519232], [97.458751, 16.523383], [97.452159, 16.524563], [97.423106, 16.523424], [97.402599, 16.516913], [97.386485, 16.503892], [97.370291, 16.483547], [97.337413, 16.631578], [97.337413, 16.655504], [97.329828, 16.679847], [97.311194, 16.652366], [97.285836, 16.658922], [97.255445, 16.697869], [97.240276, 16.731901], [97.230173, 16.769142], [97.230209, 16.796646], [97.244802, 16.81745], [97.235688, 16.829535], [97.233084, 16.83983], [97.233409, 16.848944], [97.240489, 16.874579], [97.233084, 16.874579], [97.224294, 16.853258], [97.220876, 16.840644], [97.219493, 16.826158], [97.208995, 16.833197], [97.204845, 16.845201], [97.2046, 16.859809], [97.205821, 16.874579], [97.219493, 16.901272], [97.211436, 16.907864], [97.202403, 16.906806], [97.19158, 16.901272], [97.183279, 16.921536], [97.186697, 16.947008], [97.198985, 16.997463], [97.198253, 17.013495], [97.195079, 17.021877], [97.178477, 17.038479], [97.17213, 17.046576], [97.164561, 17.059312], [97.158539, 17.073717], [97.157237, 17.086859], [97.17449, 17.112494], [97.202403, 17.106024], [97.233653, 17.09516], [97.260997, 17.107327], [97.222341, 17.125434], [97.202647, 17.131578], [97.181895, 17.134019], [97.158051, 17.129299], [97.14796, 17.116889], [97.141938, 17.099351], [97.130626, 17.079413], [97.114431, 17.100328], [97.100271, 17.133775], [97.095958, 17.165758], [97.10963, 17.18244], [97.10963, 17.189276], [97.088715, 17.193508], [97.081798, 17.209784], [97.078624, 17.23135], [97.068614, 17.25137], [97.048676, 17.26081], [97.023611, 17.267483], [97.007172, 17.278062], [97.013357, 17.29914], [96.904552, 17.375312], [96.895518, 17.38467], [96.889903, 17.394721], [96.887055, 17.411851], [96.888357, 17.444281], [96.883067, 17.457424], [96.871593, 17.441718], [96.863455, 17.403388], [96.855724, 17.388495], [96.852061, 17.394029], [96.844493, 17.402655], [96.842052, 17.409003], [96.835704, 17.406195], [96.829845, 17.402411], [96.82488, 17.398383], [96.821544, 17.394721], [96.82838, 17.388495], [96.851248, 17.359565], [96.884613, 17.338853], [96.910655, 17.317084], [96.910899, 17.284857], [96.890473, 17.260932], [96.865489, 17.240302], [96.849376, 17.212958], [96.855724, 17.168769], [96.895274, 17.101549], [96.910167, 17.06684], [96.910899, 17.024807], [96.904959, 17.010403], [96.886892, 16.979397], [96.87908, 16.934719], [96.868337, 16.928412], [96.835216, 16.936021], [96.838064, 16.926459], [96.84254, 16.91767], [96.848399, 16.909329], [96.855724, 16.901272], [96.842784, 16.902493], [96.820811, 16.907538], [96.807872, 16.908677], [96.807872, 16.901272], [96.821544, 16.894355], [96.834321, 16.88524], [96.844005, 16.873928], [96.848888, 16.860297], [96.84669, 16.844916], [96.831879, 16.821926], [96.825694, 16.799384], [96.81129, 16.764716], [96.796397, 16.762356], [96.789399, 16.75609], [96.790863, 16.747463], [96.801036, 16.737372], [96.783214, 16.712348], [96.766124, 16.697089], [96.725841, 16.669135], [96.716319, 16.658352], [96.698416, 16.62995], [96.679473, 16.574868], [96.640027, 16.545373], [96.615943, 16.518005], [96.55898, 16.496897], [96.497627, 16.484187], [96.436261, 16.477768], [96.400157, 16.504055], [96.377126, 16.508124], [96.357107, 16.5185], [96.289806, 16.56684], [96.273123, 16.582099], [96.265961, 16.596829], [96.264985, 16.621772], [96.261567, 16.640692], [96.255626, 16.657294], [96.235525, 16.697821], [96.229259, 16.718736], [96.22641, 16.739407], [96.225759, 16.761298], [96.234548, 16.776923], [96.274913, 16.80268], [96.28712, 16.813137], [96.257579, 16.815904], [96.206554, 16.777493], [96.171153, 16.771552], [96.176931, 16.762274], [96.194102, 16.74315], [96.197765, 16.734036], [96.2046, 16.696479], [96.214854, 16.679633], [96.240896, 16.650133], [96.246104, 16.631293], [96.243826, 16.619452], [96.233653, 16.597886], [96.231944, 16.587226], [96.23463, 16.576361], [96.246349, 16.554877], [96.294444, 16.491523], [96.310069, 16.464586], [96.327322, 16.453437], [96.336436, 16.439439], [96.3213, 16.415269], [96.304698, 16.406399], [96.285336, 16.365993], [96.221818, 16.344787], [96.164236, 16.332709], [96.144054, 16.324897], [96.118988, 16.321763], [96.097667, 16.328559], [96.088552, 16.349799], [96.077403, 16.360826], [96.006602, 16.387356], [96.06658, 16.335639], [96.067556, 16.310248], [96.018809, 16.256741], [95.979991, 16.223131], [95.961925, 16.216702], [95.942393, 16.219062], [95.941742, 16.226549], [95.948578, 16.239325], [95.951427, 16.257636], [95.933849, 16.243109], [95.92213, 16.225409], [95.907888, 16.211737], [95.883067, 16.209174], [95.886241, 16.217678], [95.889903, 16.243964], [95.818126, 16.176011], [95.797699, 16.144924], [95.776622, 16.140692], [95.755544, 16.14525], [95.74586, 16.158352], [95.744802, 16.174628], [95.741222, 16.19481], [95.73463, 16.212836], [95.724864, 16.222846], [95.73227, 16.127265], [95.725271, 16.106431], [95.697032, 16.065985], [95.690684, 16.048489], [95.690684, 16.000678], [95.687348, 15.988227], [95.664724, 15.949205], [95.523448, 15.803656], [95.461599, 15.760728], [95.431977, 15.733629], [95.415782, 15.722968], [95.396495, 15.716376], [95.374197, 15.715033], [95.310557, 15.723212], [95.294444, 15.727851], [95.287934, 15.740139], [95.282563, 15.838324], [95.290294, 15.846747], [95.302257, 15.852484], [95.312673, 15.866523], [95.317719, 15.884182], [95.313975, 15.900702], [95.338552, 15.922024], [95.354747, 15.951361], [95.364268, 15.984565], [95.369151, 16.017401], [95.3685, 16.038804], [95.363617, 16.054511], [95.348643, 16.08633], [95.34547, 16.104967], [95.34962, 16.116929], [95.356619, 16.129136], [95.361583, 16.148383], [95.355479, 16.148383], [95.347911, 16.138821], [95.338227, 16.129869], [95.330251, 16.11994], [95.327485, 16.107408], [95.331798, 16.091051], [95.345551, 16.060858], [95.348643, 16.041571], [95.345714, 15.996487], [95.341807, 15.983873], [95.31186, 15.947089], [95.29713, 15.902981], [95.27475, 15.876451], [95.251638, 15.868232], [95.23878, 15.893948], [95.246104, 15.915229], [95.262706, 15.940904], [95.27589, 15.970649], [95.27296, 16.00373], [95.239024, 15.950344], [95.223969, 15.918606], [95.217621, 15.884263], [95.224376, 15.810126], [95.212738, 15.786566], [95.173595, 15.777818], [95.144542, 15.78913], [95.125743, 15.817613], [95.116222, 15.855292], [95.115245, 15.893948], [95.137543, 16.006659], [95.128917, 16.03852], [95.107758, 15.983873], [95.097667, 16.025133], [95.110199, 16.06745], [95.13795, 16.100328], [95.173595, 16.113593], [95.207205, 16.111558], [95.217621, 16.113593], [95.225922, 16.11994], [95.222504, 16.124172], [95.21225, 16.126532], [95.200694, 16.127265], [95.193696, 16.129381], [95.188813, 16.138821], [95.183604, 16.140937], [95.178477, 16.13996], [95.163097, 16.134711], [95.155528, 16.134019], [95.148692, 16.132025], [95.142426, 16.134833], [95.135753, 16.148383], [95.128917, 16.148383], [95.121593, 16.131659], [95.094005, 16.093655], [95.070567, 16.074856], [95.067882, 16.048326], [95.073741, 15.997504], [95.072927, 15.970649], [95.055024, 15.846137], [95.046886, 15.822089], [95.033946, 15.805732], [95.023774, 15.802191], [95.009939, 15.799302], [94.997569, 15.795315], [94.992442, 15.788398], [94.990489, 15.781236], [94.986176, 15.773342], [94.980724, 15.766832], [94.975597, 15.764146], [94.949962, 15.762641], [94.937755, 15.764146], [94.903575, 15.777818], [94.858653, 15.78262], [94.846853, 15.790595], [94.858653, 15.808824], [94.869314, 15.815497], [94.880544, 15.82038], [94.890391, 15.827053], [94.896739, 15.83926], [94.896332, 15.847398], [94.892833, 15.856635], [94.887706, 15.864203], [94.882579, 15.867174], [94.863943, 15.844143], [94.853201, 15.840277], [94.848399, 15.863756], [94.850108, 15.895453], [94.848399, 15.908149], [94.835948, 15.936672], [94.834727, 15.949164], [94.83961, 15.962063], [94.850352, 15.978095], [94.862804, 15.991767], [94.872569, 15.997504], [94.889496, 15.999457], [94.907237, 16.006049], [94.920665, 16.018622], [94.924083, 16.03852], [94.889334, 16.017401], [94.884532, 16.036038], [94.880219, 16.079983], [94.863536, 16.112372], [94.863129, 16.127753], [94.868419, 16.142035], [94.887055, 16.170803], [94.900076, 16.183783], [94.917328, 16.192369], [94.940929, 16.195543], [94.959239, 16.200873], [94.975108, 16.214342], [94.986827, 16.232245], [94.992442, 16.2508], [94.988048, 16.244371], [94.974783, 16.231513], [94.971934, 16.226549], [94.96697, 16.220404], [94.942882, 16.216376], [94.924653, 16.208808], [94.902517, 16.209621], [94.893077, 16.205756], [94.868419, 16.173896], [94.865733, 16.168891], [94.854666, 16.160224], [94.849457, 16.139797], [94.848399, 16.096503], [94.850597, 16.085761], [94.859874, 16.065416], [94.862071, 16.055609], [94.864024, 16.049628], [94.867686, 16.045315], [94.869395, 16.040961], [94.856456, 16.0185], [94.855235, 16.013983], [94.846202, 15.999986], [94.786876, 15.962144], [94.774181, 15.943345], [94.745372, 15.880845], [94.735199, 15.868394], [94.721202, 15.856676], [94.703868, 15.848456], [94.683849, 15.846747], [94.658702, 15.854478], [94.648936, 15.868598], [94.644542, 15.887112], [94.635509, 15.908149], [94.632823, 15.889716], [94.622406, 15.891547], [94.610199, 15.904975], [94.601329, 15.92121], [94.628673, 15.939154], [94.665538, 15.957913], [94.703136, 15.982367], [94.73227, 16.017401], [94.74171, 16.067288], [94.749034, 16.07567], [94.758067, 16.083441], [94.76588, 16.093166], [94.769786, 16.102281], [94.771983, 16.110989], [94.772716, 16.131008], [94.776622, 16.134914], [94.785167, 16.139635], [94.792654, 16.147895], [94.793712, 16.162014], [94.775157, 16.151557], [94.765961, 16.139472], [94.752208, 16.107408], [94.725434, 16.06391], [94.718028, 16.044664], [94.705333, 16.020657], [94.68922, 16.00731], [94.671397, 15.996568], [94.614757, 15.943671], [94.589854, 15.931586], [94.56658, 15.935492], [94.562348, 15.961859], [94.588715, 15.996243], [94.642345, 16.044664], [94.663341, 16.079983], [94.678884, 16.121283], [94.686697, 16.165351], [94.683849, 16.209174], [94.668712, 16.240871], [94.665212, 16.257636], [94.673595, 16.274726], [94.685313, 16.291978], [94.704926, 16.353217], [94.710704, 16.360338], [94.720551, 16.362128], [94.73227, 16.360663], [94.73227, 16.367499], [94.72169, 16.378485], [94.705821, 16.47309], [94.706228, 16.484442], [94.710704, 16.497219], [94.717296, 16.502916], [94.725434, 16.505113], [94.731619, 16.510199], [94.73227, 16.524563], [94.697276, 16.508368], [94.68393, 16.51081], [94.677013, 16.531968], [94.670177, 16.50967], [94.683849, 16.422065], [94.683849, 16.364081], [94.678477, 16.348538], [94.655121, 16.322699], [94.64975, 16.308824], [94.643728, 16.283515], [94.62794, 16.260199], [94.6067, 16.243109], [94.583995, 16.236518], [94.582042, 16.243476], [94.592621, 16.259223], [94.615001, 16.285549], [94.635509, 16.326483], [94.629731, 16.344184], [94.618175, 16.342027], [94.6067, 16.325995], [94.598888, 16.293647], [94.59254, 16.283515], [94.583669, 16.274848], [94.573985, 16.271308], [94.562022, 16.273749], [94.554047, 16.279731], [94.547618, 16.286566], [94.539887, 16.291693], [94.521169, 16.295478], [94.515636, 16.287258], [94.518809, 16.247382], [94.517345, 16.223944], [94.513194, 16.205146], [94.507009, 16.189602], [94.455577, 16.105618], [94.428071, 16.074164], [94.396495, 16.058987], [94.375743, 16.056057], [94.360606, 16.049262], [94.351329, 16.034369], [94.347992, 16.007148], [94.340017, 15.996243], [94.321462, 15.989936], [94.300792, 15.989732], [94.286632, 15.997504], [94.265636, 15.975084], [94.251475, 15.968451], [94.239513, 15.976304], [94.21461, 16.014797], [94.209809, 16.028998], [94.209239, 16.044501], [94.215099, 16.15766], [94.237804, 16.273139], [94.235362, 16.348375], [94.238129, 16.360663], [94.24171, 16.366034], [94.25408, 16.379462], [94.258637, 16.387356], [94.273123, 16.466498], [94.268321, 16.527493], [94.273123, 16.538153], [94.308604, 16.527777], [94.331065, 16.528632], [94.341319, 16.548407], [94.348969, 16.578111], [94.346202, 16.592434], [94.327647, 16.600246], [94.327647, 16.606431], [94.352061, 16.618598], [94.36199, 16.635484], [94.362315, 16.685858], [94.364431, 16.701117], [94.373383, 16.729315], [94.375499, 16.74079], [94.379649, 16.755357], [94.398448, 16.775784], [94.40268, 16.788275], [94.400645, 16.830634], [94.396495, 16.846625], [94.383474, 16.872016], [94.378917, 16.886949], [94.382335, 16.901272], [94.390636, 16.906643], [94.400645, 16.904446], [94.411876, 16.900702], [94.423188, 16.901272], [94.435313, 16.910142], [94.464692, 16.949652], [94.444347, 16.949652], [94.453868, 16.965237], [94.457774, 16.982896], [94.456716, 17.050605], [94.457856, 17.059556], [94.461925, 17.069648], [94.478363, 17.093085], [94.484141, 17.105699], [94.48878, 17.124213], [94.485688, 17.141018], [94.457774, 17.153754], [94.452647, 17.166205], [94.454356, 17.18008], [94.464692, 17.189276], [94.510916, 17.169013], [94.518809, 17.172512], [94.522472, 17.177802], [94.530447, 17.181952], [94.537852, 17.187405], [94.539887, 17.196723], [94.535004, 17.205146], [94.526622, 17.209418], [94.517833, 17.212551], [94.511974, 17.21719], [94.508637, 17.230129], [94.511974, 17.275214], [94.518891, 17.288153], [94.533214, 17.290351], [94.545421, 17.296088], [94.546153, 17.319648], [94.559337, 17.316311], [94.57252, 17.311103], [94.584483, 17.30329], [94.594493, 17.292304], [94.576834, 17.358344], [94.567719, 17.462877], [94.56658, 17.47663], [94.570079, 17.493964], [94.570323, 17.505194], [94.56658, 17.518866], [94.559337, 17.532904], [94.555431, 17.538398], [94.553884, 17.543606], [94.553477, 17.556383], [94.560313, 17.582099], [94.576915, 17.576239], [94.597016, 17.557766], [94.615001, 17.545559], [94.609223, 17.559556], [94.590668, 17.593248], [94.591075, 17.604193], [94.595225, 17.615465], [94.589529, 17.62641], [94.573985, 17.641791], [94.562999, 17.661689], [94.556895, 17.68244], [94.553477, 17.727362], [94.543956, 17.748033], [94.50172, 17.786607], [94.492198, 17.816799], [94.489513, 17.876207], [94.483409, 17.902289], [94.447439, 17.973334], [94.444347, 17.988105], [94.450857, 18.002427], [94.481781, 18.015204], [94.492198, 18.025946], [94.494884, 18.048814], [94.490571, 18.072496], [94.480968, 18.094224], [94.461925, 18.121772], [94.460623, 18.132799], [94.460623, 18.144192], [94.457856, 18.155707], [94.452322, 18.165107], [94.441091, 18.176418], [94.436778, 18.182359], [94.430186, 18.222154], [94.422862, 18.242499], [94.406505, 18.251288], [94.360606, 18.24608], [94.341563, 18.247504], [94.327647, 18.258734], [94.325857, 18.267727], [94.326182, 18.281643], [94.327973, 18.295111], [94.331065, 18.303127], [94.339203, 18.305976], [94.350271, 18.292914], [94.365896, 18.29857], [94.378591, 18.287095], [94.389171, 18.286038], [94.396983, 18.291449], [94.409028, 18.308824], [94.417003, 18.313951], [94.405284, 18.330308], [94.399587, 18.348212], [94.389659, 18.362698], [94.365489, 18.368598], [94.350597, 18.37523], [94.344005, 18.391262], [94.339203, 18.410224], [94.331065, 18.425971], [94.279633, 18.480211], [94.258962, 18.509019], [94.244965, 18.539252], [94.258962, 18.535712], [94.262218, 18.545111], [94.25294, 18.627997], [94.24879, 18.638861], [94.148936, 18.731024], [94.148936, 18.738511], [94.156423, 18.738511], [94.174571, 18.725043], [94.211599, 18.725531], [94.279307, 18.738511], [94.263682, 18.74551], [94.252452, 18.752143], [94.228038, 18.735541], [94.212413, 18.741848], [94.182953, 18.785631], [94.153087, 18.821031], [94.147309, 18.83983], [94.148936, 18.868232], [94.138194, 18.860093], [94.133556, 18.846503], [94.133311, 18.831855], [94.135102, 18.820461], [94.11964, 18.816636], [94.098399, 18.821723], [94.078461, 18.833075], [94.066905, 18.848334], [94.05714, 18.843736], [94.053233, 18.840888], [94.038097, 18.859117], [94.032074, 18.888577], [94.036632, 18.918036], [94.053233, 18.93651], [94.040375, 18.971177], [94.039073, 18.984931], [94.041189, 18.997626], [94.051036, 19.014594], [94.053233, 19.022162], [94.063487, 19.040188], [94.066091, 19.042873], [94.064464, 19.049384], [94.061697, 19.057074], [94.060069, 19.063707], [94.086925, 19.080512], [94.094249, 19.087348], [94.080089, 19.087348], [94.056651, 19.080959], [94.04656, 19.081122], [94.030528, 19.087958], [94.029063, 19.095404], [94.034434, 19.105862], [94.039073, 19.122056], [94.037852, 19.13227], [94.031912, 19.153998], [94.032725, 19.169257], [94.037364, 19.181871], [94.050548, 19.208319], [94.053233, 19.221381], [94.045909, 19.304674], [94.049978, 19.320705], [94.059906, 19.329901], [94.069672, 19.350898], [94.073904, 19.373847], [94.066905, 19.388983], [94.056977, 19.363349], [94.03061, 19.315904], [94.025238, 19.286566], [94.033214, 19.235093], [94.033376, 19.204535], [94.022227, 19.190985], [94.010427, 19.179999], [93.994395, 19.159084], [93.973481, 19.146308], [93.947113, 19.159654], [93.942638, 19.169908], [93.941173, 19.194973], [93.937266, 19.204657], [93.925466, 19.210273], [93.916026, 19.203925], [93.910411, 19.190985], [93.909923, 19.176703], [93.914887, 19.169582], [93.947113, 19.139146], [93.955414, 19.126899], [93.955577, 19.118313], [93.952403, 19.109849], [93.950206, 19.098212], [93.952485, 19.03205], [93.957774, 19.012193], [93.964529, 19.001044], [93.981212, 18.980658], [93.984386, 18.967841], [93.983409, 18.956692], [93.978689, 18.941596], [93.97755, 18.933417], [93.973888, 18.922797], [93.950206, 18.895494], [93.947927, 18.894232], [93.939301, 18.89053], [93.937266, 18.88935], [93.937185, 18.883775], [93.939138, 18.876207], [93.941905, 18.869859], [93.944102, 18.868232], [93.930431, 18.858629], [93.920258, 18.867377], [93.9074, 18.881781], [93.865733, 18.895494], [93.813731, 18.943996], [93.793956, 18.953925], [93.750255, 18.970404], [93.73463, 18.981187], [93.726736, 18.991767], [93.721202, 19.001288], [93.714854, 19.010199], [93.703868, 19.018459], [93.693533, 19.020575], [93.686046, 19.018215], [93.678884, 19.019599], [93.669688, 19.032701], [93.667735, 19.043931], [93.670909, 19.066881], [93.66627, 19.077379], [93.660411, 19.085761], [93.65504, 19.097073], [93.65089, 19.108791], [93.649181, 19.118638], [93.642345, 19.134223], [93.607432, 19.162258], [93.594005, 19.176703], [93.567149, 19.231106], [93.556407, 19.238186], [93.497813, 19.31391], [93.487071, 19.333726], [93.483246, 19.350653], [93.484141, 19.392727], [93.490896, 19.40762], [93.507823, 19.422593], [93.530121, 19.432074], [93.552989, 19.430569], [93.560395, 19.423814], [93.563813, 19.41474], [93.568044, 19.406724], [93.577159, 19.403266], [93.611339, 19.403266], [93.631114, 19.372301], [93.636974, 19.349066], [93.621349, 19.334377], [93.665294, 19.305609], [93.687511, 19.296698], [93.71754, 19.293402], [93.722911, 19.268459], [93.754649, 19.247138], [93.796886, 19.235175], [93.834239, 19.238186], [93.865489, 19.254096], [93.929942, 19.29975], [93.950206, 19.320705], [93.950938, 19.325263], [93.949067, 19.337592], [93.950206, 19.341783], [93.953136, 19.343451], [93.961436, 19.346137], [93.963878, 19.348049], [93.980968, 19.37226], [93.987315, 19.386705], [93.988048, 19.404934], [93.984386, 19.437445], [93.990245, 19.449652], [93.991059, 19.45718], [93.984386, 19.464057], [93.978363, 19.463772], [93.947113, 19.457913], [93.923839, 19.462388], [93.914561, 19.472805], [93.9192, 19.48428], [93.937266, 19.492011], [93.926768, 19.497016], [93.916026, 19.498928], [93.892426, 19.498847], [93.882091, 19.501899], [93.855235, 19.526801], [93.814708, 19.553046], [93.794444, 19.571234], [93.785655, 19.591295], [93.777192, 19.603095], [93.739594, 19.617499], [93.731212, 19.632554], [93.738455, 19.651353], [93.756114, 19.661078], [93.778656, 19.662502], [93.800059, 19.65648], [93.794444, 19.67357], [93.802501, 19.68887], [93.816173, 19.703355], [93.827403, 19.718573], [93.813162, 19.739488], [93.806814, 19.745836], [93.799164, 19.717719], [93.783865, 19.691107], [93.761078, 19.674872], [93.731212, 19.677639], [93.720958, 19.685289], [93.713145, 19.697659], [93.709483, 19.713528], [93.711274, 19.731635], [93.718761, 19.743598], [93.741873, 19.754055], [93.751638, 19.765692], [93.721934, 19.768988], [93.708832, 19.753811], [93.702485, 19.734361], [93.693533, 19.724799], [93.648448, 19.725165], [93.636241, 19.735012], [93.635509, 19.759508], [93.623302, 19.733588], [93.615571, 19.723863], [93.60141, 19.718573], [93.60141, 19.783433], [93.606456, 19.796129], [93.660655, 19.870836], [93.679942, 19.883368], [93.703949, 19.885199], [93.738048, 19.882473], [93.72877, 19.893785], [93.725597, 19.905585], [93.730479, 19.914293], [93.745372, 19.916571], [93.740001, 19.925116], [93.733653, 19.932115], [93.726248, 19.936591], [93.71754, 19.93769], [93.711681, 19.933824], [93.711599, 19.919664], [93.70753, 19.916571], [93.656505, 19.916205], [93.645518, 19.913479], [93.638194, 19.910305], [93.629161, 19.909491], [93.611339, 19.910346], [93.608409, 19.906643], [93.600841, 19.888577], [93.594005, 19.882473], [93.58074, 19.881334], [93.566742, 19.885932], [93.554698, 19.893866], [93.546723, 19.902899], [93.551606, 19.905748], [93.559581, 19.912909], [93.565929, 19.916571], [93.529063, 19.93008], [93.518321, 19.939602], [93.531912, 19.951361], [93.5171, 19.958564], [93.511974, 19.970445], [93.516856, 19.981187], [93.531912, 19.984849], [93.529552, 19.992174], [93.525645, 19.999172], [93.513682, 19.993069], [93.503429, 19.986274], [93.49586, 19.977362], [93.492198, 19.964993], [93.487315, 19.970201], [93.475434, 19.97956], [93.47047, 19.984849], [93.463227, 19.961819], [93.457042, 19.95425], [93.446544, 19.951361], [93.435313, 19.95539], [93.423188, 19.965318], [93.413585, 19.977525], [93.409679, 19.988593], [93.40447, 20.012926], [93.383962, 20.064399], [93.382335, 20.088528], [93.374848, 20.088528], [93.374522, 20.050605], [93.372081, 20.030829], [93.361827, 20.026435], [93.355968, 20.038398], [93.340668, 20.1022], [93.333832, 20.1022], [93.326508, 20.081285], [93.312755, 20.065375], [93.293956, 20.054185], [93.272472, 20.047512], [93.24464, 20.049872], [93.21518, 20.059312], [93.190278, 20.064439], [93.17628, 20.053697], [93.161388, 20.060614], [93.147472, 20.070014], [93.136078, 20.081529], [93.128429, 20.094672], [93.129893, 20.0751], [93.136729, 20.059231], [93.155772, 20.026435], [93.17628, 19.957506], [93.23585, 19.847235], [93.238292, 19.82099], [93.217621, 19.837104], [93.201427, 19.862779], [93.17628, 19.916571], [93.160655, 19.966254], [93.148123, 19.99433], [93.131521, 20.006578], [93.109141, 19.993801], [93.102061, 19.964097], [93.10613, 19.93065], [93.12436, 19.893866], [93.129893, 19.862372], [93.134532, 19.848293], [93.147309, 19.833035], [93.151134, 19.830146], [93.155772, 19.827826], [93.158946, 19.823676], [93.168956, 19.809394], [93.168793, 19.807318], [93.149181, 19.828925], [93.139415, 19.831692], [93.134532, 19.834052], [93.125011, 19.846666], [93.112641, 19.874335], [93.059418, 19.951117], [93.052745, 19.968411], [93.048676, 19.994818], [93.038422, 20.012926], [93.011729, 20.040107], [92.991547, 20.067532], [92.980724, 20.077948], [92.975922, 20.087836], [92.974132, 20.117255], [92.970225, 20.129462], [92.988292, 20.124986], [93.042491, 20.129462], [93.054454, 20.134752], [93.064708, 20.147121], [93.080089, 20.170478], [93.082693, 20.165025], [93.084972, 20.161119], [93.086681, 20.156806], [93.086925, 20.14997], [93.094249, 20.14997], [93.115489, 20.202623], [93.120942, 20.211982], [93.120942, 20.218207], [93.089203, 20.210354], [93.047374, 20.167955], [93.018565, 20.14997], [92.990489, 20.154934], [92.987478, 20.186672], [93.001231, 20.239325], [93.018809, 20.256496], [93.04127, 20.332017], [93.056163, 20.349189], [93.080821, 20.358547], [93.091319, 20.381008], [93.100434, 20.431098], [93.081879, 20.416978], [93.07252, 20.376614], [93.059581, 20.36225], [93.043224, 20.364936], [93.03419, 20.384223], [93.031016, 20.409654], [93.032237, 20.431098], [93.070567, 20.496161], [93.085623, 20.532945], [93.073253, 20.554633], [93.068696, 20.535712], [93.060313, 20.513373], [93.049083, 20.491767], [93.035655, 20.475165], [93.022634, 20.452541], [93.02003, 20.424018], [93.024913, 20.368476], [93.016287, 20.324856], [92.994802, 20.286607], [92.936046, 20.211982], [92.898448, 20.135688], [92.89503, 20.133246], [92.889415, 20.127997], [92.880544, 20.123196], [92.867686, 20.122016], [92.860362, 20.124945], [92.855235, 20.130601], [92.84669, 20.143134], [92.78297, 20.189846], [92.772146, 20.201483], [92.773611, 20.216742], [92.778168, 20.231635], [92.786632, 20.245917], [92.79949, 20.259182], [92.864024, 20.300767], [92.901215, 20.308051], [92.942882, 20.321234], [92.93393, 20.325914], [92.925304, 20.327826], [92.905284, 20.32807], [92.893321, 20.329535], [92.889659, 20.333645], [92.887706, 20.340277], [92.880707, 20.349189], [92.856619, 20.367621], [92.846934, 20.377346], [92.840505, 20.390123], [92.831554, 20.478949], [92.826915, 20.495063], [92.815278, 20.504706], [92.792654, 20.506252], [92.79656, 20.483832], [92.78533, 20.462958], [92.769298, 20.455064], [92.758556, 20.472113], [92.773448, 20.477281], [92.778982, 20.478258], [92.750987, 20.498521], [92.74171, 20.529283], [92.736583, 20.563137], [92.720714, 20.592231], [92.699555, 20.619534], [92.662852, 20.679185], [92.63502, 20.697984], [92.659434, 20.652818], [92.704438, 20.589057], [92.708263, 20.578681], [92.71697, 20.499986], [92.737478, 20.44477], [92.738455, 20.428371], [92.731212, 20.382717], [92.739268, 20.27969], [92.731212, 20.259182], [92.723888, 20.27143], [92.706309, 20.292914], [92.697113, 20.308254], [92.653168, 20.41828], [92.632579, 20.446601], [92.539887, 20.527533], [92.529145, 20.543402], [92.52003, 20.589667], [92.507009, 20.60928], [92.470551, 20.643378], [92.463227, 20.653876], [92.459646, 20.662584], [92.453624, 20.668524], [92.43922, 20.670722], [92.428966, 20.673896], [92.408458, 20.687974], [92.398204, 20.691148], [92.381114, 20.700141], [92.37086, 20.72134], [92.360688, 20.766913], [92.305431, 20.917711], [92.288097, 20.94359], [92.281016, 20.959418], [92.270518, 21.049018], [92.265147, 21.061103], [92.258556, 21.022528], [92.257091, 20.981106], [92.261485, 20.940253], [92.271983, 20.90351], [92.300629, 20.862372], [92.305431, 20.851955], [92.307628, 20.833197], [92.325938, 20.780585], [92.333263, 20.767727], [92.336274, 20.757148], [92.333995, 20.746405], [92.325531, 20.738715], [92.319347, 20.742011], [92.31422, 20.749254], [92.309093, 20.753241], [92.301036, 20.762274], [92.278087, 20.814114], [92.209727, 20.930813], [92.192882, 20.995673], [92.18629, 21.005845], [92.134125, 21.047512], [92.12436, 21.060452], [92.108084, 21.089911], [92.096853, 21.105862], [92.052501, 21.154771], [92.045421, 21.170966], [92.043956, 21.192043], [92.052257, 21.256659], [92.050466, 21.280463], [92.045258, 21.299547], [91.989757, 21.394232], [91.980479, 21.403754], [91.969412, 21.409613], [91.959727, 21.423977], [91.952973, 21.44184], [91.949718, 21.458401], [91.955903, 21.458401], [91.958018, 21.455024], [91.958832, 21.454413], [91.960134, 21.45425], [91.96339, 21.452135], [91.970876, 21.470038], [91.982921, 21.488837], [91.999034, 21.499498], [92.017914, 21.493109], [92.005382, 21.504299], [91.995372, 21.52261], [91.989757, 21.543402], [91.990001, 21.561998], [91.998546, 21.573188], [92.012462, 21.585395], [92.022146, 21.599351], [92.017914, 21.616034], [92.03297, 21.633002], [92.035818, 21.640448], [92.031749, 21.650133], [92.037771, 21.659573], [92.035899, 21.668158], [92.028575, 21.674791], [92.022797, 21.676825], [92.025564, 21.687242], [92.029307, 21.696234], [92.029307, 21.704901], [92.025401, 21.712836], [92.023936, 21.704657], [92.022146, 21.701565], [92.017914, 21.698554], [92.025401, 21.698554], [92.01238, 21.664211], [92.000743, 21.649807], [91.983897, 21.650133], [91.976085, 21.662055], [91.978852, 21.67772], [91.984223, 21.693508], [91.983897, 21.70539], [91.977061, 21.70539], [91.971934, 21.688218], [91.962657, 21.689521], [91.953624, 21.701402], [91.949718, 21.715969], [91.952973, 21.738349], [91.961925, 21.743842], [91.974783, 21.746487], [91.990001, 21.759996], [91.983897, 21.766832], [91.967296, 21.755439], [91.960297, 21.763821], [91.966563, 21.778876], [91.990001, 21.787909], [91.990001, 21.794827], [91.943696, 21.791409], [91.924083, 21.785224], [91.908702, 21.781155], [91.899262, 21.789496], [91.90089, 21.8133], [91.911388, 21.834703], [91.929373, 21.843166], [91.921641, 21.85342], [91.925548, 21.86286], [91.93629, 21.870836], [91.949718, 21.876695], [91.949718, 21.884182], [91.93922, 21.883043], [91.929942, 21.878648], [91.92213, 21.871568], [91.915701, 21.862454], [91.91033, 21.874905], [91.90561, 21.895575], [91.901215, 21.93537], [91.898204, 21.944892], [91.884044, 21.96015], [91.88087, 21.969184], [91.88087, 22.007025], [91.855235, 22.109198], [91.853526, 22.143622], [91.863943, 22.139594], [91.867198, 22.137397], [91.862071, 22.150621], [91.853282, 22.148749], [91.846039, 22.135972], [91.846039, 22.116889], [91.839854, 22.116889], [91.829112, 22.134101], [91.819347, 22.155951], [91.812999, 22.180325], [91.812022, 22.205024], [91.816905, 22.220282], [91.825857, 22.230048], [91.834727, 22.237616], [91.839854, 22.246649], [91.83839, 22.263088], [91.829845, 22.271308], [91.819184, 22.275824], [91.812022, 22.281399], [91.808849, 22.306342], [91.826508, 22.318264], [91.852387, 22.325344], [91.874034, 22.336005], [91.884939, 22.353827], [91.908051, 22.42475], [91.901866, 22.424058], [91.887706, 22.42475], [91.885509, 22.409654], [91.875743, 22.37108], [91.877452, 22.363349], [91.870453, 22.3581], [91.859141, 22.346625], [91.844005, 22.334947], [91.826345, 22.329169], [91.823253, 22.324164], [91.798595, 22.311916], [91.791352, 22.301907], [91.793956, 22.286038], [91.804535, 22.278469], [91.817231, 22.274075], [91.826345, 22.267768], [91.825938, 22.248481], [91.80893, 22.236274], [91.78712, 22.237942], [91.771658, 22.260321], [91.754405, 22.374661], [91.743663, 22.411078], [91.676036, 22.534613], [91.548106, 22.700344], [91.516368, 22.712226], [91.498709, 22.727281], [91.48463, 22.74551], [91.476817, 22.761176], [91.469005, 22.757066], [91.462413, 22.761908], [91.458018, 22.772284], [91.456309, 22.784817], [91.458344, 22.797065], [91.467784, 22.809312], [91.473969, 22.838324], [91.490001, 22.880561], [91.490489, 22.904527], [91.483084, 22.904527], [91.479666, 22.885891], [91.462413, 22.833441], [91.452485, 22.822659], [91.430431, 22.816311], [91.416759, 22.799994], [91.411632, 22.777818], [91.414724, 22.75373], [91.399669, 22.764309], [91.38502, 22.770697], [91.368337, 22.773993], [91.346446, 22.774848], [91.346446, 22.767401], [91.367442, 22.761664], [91.370128, 22.752183], [91.360118, 22.743394], [91.342621, 22.739447], [91.290782, 22.73843], [91.308849, 22.7331], [91.325043, 22.726142], [91.332774, 22.720201], [91.329926, 22.705715], [91.317393, 22.697211], [91.300548, 22.693264], [91.284434, 22.692288], [91.283458, 22.693345], [91.252778, 22.699286], [91.248383, 22.698228], [91.244802, 22.698391], [91.243419, 22.702216], [91.243907, 22.717434], [91.243419, 22.720201], [91.231212, 22.724311], [91.216075, 22.72606], [91.181895, 22.726467], [91.181895, 22.720201], [91.194591, 22.709662], [91.199229, 22.698798], [91.192149, 22.691636], [91.168956, 22.692288], [91.168956, 22.684882], [91.226899, 22.671088], [91.253429, 22.660712], [91.264496, 22.640815], [91.261078, 22.627875], [91.253103, 22.613837], [91.241569, 22.575396], [91.221365, 22.557193], [91.202743, 22.54322], [91.176566, 22.536419], [91.127343, 22.527026], [91.089201, 22.54443], [91.06958, 22.571557], [91.058604, 22.614325], [91.048676, 22.626166], [91.037934, 22.643866], [91.026703, 22.674262], [91.018321, 22.683092], [91.003754, 22.678656], [91.018728, 22.664455], [91.032237, 22.636868], [91.040212, 22.607733], [91.037934, 22.588609], [91.017589, 22.579291], [90.985118, 22.574368], [90.954926, 22.575832], [90.941742, 22.585883], [90.935557, 22.599677], [90.908214, 22.617865], [90.902029, 22.627102], [90.898774, 22.636176], [90.884125, 22.654486], [90.876475, 22.682807], [90.865489, 22.687161], [90.835948, 22.684882], [90.831309, 22.690579], [90.819509, 22.726467], [90.811778, 22.732367], [90.802582, 22.736396], [90.794932, 22.74136], [90.788341, 22.759223], [90.774181, 22.778062], [90.771007, 22.784817], [90.769542, 22.795356], [90.757335, 22.822659], [90.750011, 22.856757], [90.741954, 22.874213], [90.732921, 22.889065], [90.725597, 22.905707], [90.722667, 22.928453], [90.717459, 22.940619], [90.640147, 23.038031], [90.629405, 23.064399], [90.627126, 23.075873], [90.627208, 23.086656], [90.638682, 23.147895], [90.640147, 23.18887], [90.645844, 23.210924], [90.657074, 23.230373], [90.665212, 23.248765], [90.661143, 23.267646], [90.667328, 23.267646], [90.65089, 23.300238], [90.650157, 23.313544], [90.661143, 23.322252], [90.657725, 23.323228], [90.654796, 23.32331], [90.653168, 23.324652], [90.653656, 23.329739], [90.628429, 23.321519], [90.611339, 23.342475], [90.601736, 23.372463], [90.599132, 23.391181], [90.600271, 23.449937], [90.608735, 23.472724], [90.633311, 23.486762], [90.69158, 23.486477], [90.715017, 23.498358], [90.715831, 23.535142], [90.711192, 23.548814], [90.705577, 23.554511], [90.695811, 23.555487], [90.678233, 23.55508], [90.675466, 23.55093], [90.684337, 23.541734], [90.702159, 23.528388], [90.695323, 23.50788], [90.677745, 23.517279], [90.666759, 23.518215], [90.647472, 23.50788], [90.622081, 23.500067], [90.607758, 23.491116], [90.603363, 23.494696], [90.588145, 23.534166], [90.592052, 23.562486], [90.608165, 23.585761], [90.633311, 23.596625], [90.627126, 23.603461], [90.625336, 23.599351], [90.625255, 23.598334], [90.624034, 23.59809], [90.61964, 23.596625], [90.61199, 23.606106], [90.59547, 23.604397], [90.558767, 23.590399], [90.564464, 23.576402], [90.559418, 23.567939], [90.547211, 23.563788], [90.531505, 23.562486], [90.514659, 23.563788], [90.50172, 23.567939], [90.476329, 23.582953], [90.484386, 23.56745], [90.498383, 23.557278], [90.514985, 23.551418], [90.531505, 23.548814], [90.568696, 23.547512], [90.576834, 23.539496], [90.578949, 23.449856], [90.575938, 23.438951], [90.568126, 23.432929], [90.559906, 23.418402], [90.553722, 23.400702], [90.551931, 23.384955], [90.518321, 23.398261], [90.322439, 23.433295], [90.284434, 23.446194], [90.250336, 23.466946], [90.24936, 23.45539], [90.2588, 23.444566], [90.38852, 23.372382], [90.404145, 23.360419], [90.413422, 23.347968], [90.419688, 23.335598], [90.428477, 23.326117], [90.460216, 23.319729], [90.487966, 23.30683], [90.503591, 23.301744], [90.569102, 23.294989], [90.577322, 23.288398], [90.606619, 23.247219], [90.61085, 23.23078], [90.614513, 23.195461], [90.610362, 23.201158], [90.602712, 23.211005], [90.593516, 23.219875], [90.598399, 23.200426], [90.602875, 23.141303], [90.599132, 23.117499], [90.571951, 23.081732], [90.565603, 23.075873], [90.553722, 23.078559], [90.55128, 23.0869], [90.555919, 23.096829], [90.565603, 23.103827], [90.565603, 23.110663], [90.558767, 23.110663], [90.547618, 23.096747], [90.536632, 23.086819], [90.522797, 23.080146], [90.503591, 23.075873], [90.466075, 23.07685], [90.453624, 23.072333], [90.448904, 23.055732], [90.450125, 23.049343], [90.454356, 23.027533], [90.468272, 22.99608], [90.48699, 22.966132], [90.507009, 22.942084], [90.509288, 22.936998], [90.507579, 22.92536], [90.510427, 22.918199], [90.51295, 22.91706], [90.516856, 22.916815], [90.521007, 22.915676], [90.524099, 22.912014], [90.535981, 22.903388], [90.54005, 22.896552], [90.534923, 22.887152], [90.52003, 22.880194], [90.505138, 22.881659], [90.490489, 22.885199], [90.476329, 22.884101], [90.457205, 22.861762], [90.44809, 22.828437], [90.436046, 22.800605], [90.40797, 22.794664], [90.424001, 22.781684], [90.419932, 22.768256], [90.406423, 22.763088], [90.394298, 22.774848], [90.372569, 22.76142], [90.387218, 22.751288], [90.415782, 22.742499], [90.435232, 22.733303], [90.444591, 22.751654], [90.461681, 22.748847], [90.479015, 22.735012], [90.489919, 22.720201], [90.492931, 22.709906], [90.496755, 22.678656], [90.508962, 22.64643], [90.512706, 22.611477], [90.51002, 22.604234], [90.500173, 22.592353], [90.491384, 22.587836], [90.468598, 22.584703], [90.459239, 22.579291], [90.453461, 22.564195], [90.442149, 22.508734], [90.442068, 22.493638], [90.444998, 22.504136], [90.451182, 22.510159], [90.458018, 22.514635], [90.462657, 22.520982], [90.463552, 22.53144], [90.46046, 22.551174], [90.462657, 22.561957], [90.472504, 22.575588], [90.487315, 22.583726], [90.505138, 22.586249], [90.524099, 22.583075], [90.559744, 22.562323], [90.57781, 22.533677], [90.589692, 22.500434], [90.606619, 22.465766], [90.591319, 22.470526], [90.586192, 22.473212], [90.586436, 22.450588], [90.593598, 22.432318], [90.613455, 22.396877], [90.618419, 22.376654], [90.619314, 22.355902], [90.613455, 22.314887], [90.581554, 22.238227], [90.557953, 22.203355], [90.538341, 22.198879], [90.511729, 22.185289], [90.50115, 22.176703], [90.496755, 22.167792], [90.494395, 22.154242], [90.488292, 22.138617], [90.459646, 22.091946], [90.450043, 22.080797], [90.43865, 22.075995], [90.425466, 22.078843], [90.408458, 22.085924], [90.393809, 22.094713], [90.387462, 22.102607], [90.39324, 22.127387], [90.417491, 22.175035], [90.421641, 22.198879], [90.410004, 22.227281], [90.40797, 22.240424], [90.414073, 22.271796], [90.410899, 22.284247], [90.394298, 22.288235], [90.398692, 22.267483], [90.388682, 22.223212], [90.39088, 22.208808], [90.399099, 22.202216], [90.405528, 22.19953], [90.410492, 22.195705], [90.414236, 22.185777], [90.412852, 22.178046], [90.408214, 22.17121], [90.400564, 22.164049], [90.399181, 22.16234], [90.397146, 22.160631], [90.395193, 22.157213], [90.392589, 22.143012], [90.388682, 22.143459], [90.3838, 22.145738], [90.380056, 22.143622], [90.377126, 22.133612], [90.37379, 22.102607], [90.369884, 22.08983], [90.365733, 22.081204], [90.347423, 22.055325], [90.334727, 22.041815], [90.332205, 22.038072], [90.327891, 22.020494], [90.308604, 21.984036], [90.304373, 21.965766], [90.299978, 21.92768], [90.290701, 21.890326], [90.282888, 21.870795], [90.272716, 21.857408], [90.217621, 21.813463], [90.203787, 21.804592], [90.184825, 21.800971], [90.164399, 21.804267], [90.126801, 21.818793], [90.10906, 21.822089], [90.092947, 21.830268], [90.088552, 21.846747], [90.095388, 21.859442], [90.112478, 21.856269], [90.104991, 21.870266], [90.11085, 21.880113], [90.12086, 21.889309], [90.126231, 21.90119], [90.124522, 21.909735], [90.121837, 21.915351], [90.121349, 21.921576], [90.126231, 21.931952], [90.116222, 21.919338], [90.098481, 21.878607], [90.088878, 21.869859], [90.079356, 21.866929], [90.066905, 21.85342], [90.057872, 21.849351], [90.049327, 21.85102], [90.036306, 21.861151], [90.024425, 21.862454], [90.031261, 21.889228], [90.033946, 21.943549], [90.044932, 21.966132], [90.05421, 21.973375], [90.065766, 21.979885], [90.077159, 21.987982], [90.085785, 22.00023], [90.090587, 22.015448], [90.09254, 22.027981], [90.095958, 22.040107], [90.105642, 22.054267], [90.146739, 22.089016], [90.151622, 22.094875], [90.158865, 22.10692], [90.164073, 22.113227], [90.172862, 22.117011], [90.181814, 22.114814], [90.189708, 22.110826], [90.195079, 22.109524], [90.216156, 22.123236], [90.2317, 22.145657], [90.239106, 22.172268], [90.236095, 22.198879], [90.218272, 22.155707], [90.205821, 22.132961], [90.191661, 22.123114], [90.164806, 22.119818], [90.148285, 22.110785], [90.088878, 22.051174], [90.081798, 22.041002], [90.073741, 22.019232], [90.061046, 22.0008], [90.057953, 21.99372], [90.052419, 21.989], [90.038097, 21.986558], [90.028168, 21.988105], [89.996349, 22.00023], [90.002126, 22.014106], [90.003184, 22.029364], [90.010753, 22.041205], [90.020193, 22.048814], [90.028982, 22.052965], [90.035411, 22.059801], [90.038097, 22.075344], [90.034679, 22.10517], [90.039073, 22.116278], [90.042735, 22.131252], [90.052094, 22.141099], [90.063243, 22.145738], [90.072602, 22.152045], [90.07838, 22.164049], [90.052582, 22.155463], [90.04005, 22.138088], [90.024425, 22.089016], [90.015391, 22.077867], [89.988536, 22.053046], [89.982758, 22.044623], [89.985199, 21.999416], [89.982758, 21.986558], [89.967784, 21.974555], [89.949718, 21.980902], [89.934418, 21.997707], [89.928233, 22.017279], [89.92628, 22.027167], [89.917491, 22.049872], [89.914561, 22.061672], [89.912364, 22.135565], [89.903087, 22.176907], [89.90089, 22.201972], [89.898285, 22.211656], [89.885509, 22.230618], [89.880382, 22.240424], [89.876638, 22.253485], [89.875336, 22.263983], [89.876801, 22.274726], [89.880382, 22.288235], [89.900157, 22.33393], [89.982758, 22.445258], [89.988292, 22.45775], [89.991954, 22.469875], [89.997895, 22.480862], [90.010102, 22.49022], [89.982758, 22.473212], [89.979503, 22.470079], [89.947439, 22.439683], [89.933604, 22.423529], [89.928233, 22.407701], [89.920421, 22.391832], [89.903087, 22.39643], [89.872895, 22.418606], [89.874848, 22.39765], [89.880544, 22.380601], [89.884125, 22.363511], [89.880382, 22.342231], [89.838715, 22.267768], [89.850841, 22.246527], [89.861339, 22.211005], [89.872895, 22.143622], [89.874278, 22.108832], [89.871349, 22.091864], [89.862966, 22.079047], [89.846202, 22.070624], [89.831554, 22.071967], [89.816173, 22.075995], [89.797211, 22.075995], [89.797211, 22.068508], [89.81837, 22.060045], [89.835948, 22.049465], [89.847911, 22.033881], [89.852387, 22.010443], [89.851085, 22.000881], [89.845958, 21.982896], [89.846202, 21.972317], [89.850271, 21.963121], [89.86378, 21.943305], [89.871837, 21.924262], [89.881602, 21.912991], [89.887218, 21.900092], [89.880382, 21.884182], [89.87322, 21.881578], [89.850922, 21.877509], [89.825206, 21.856269], [89.819591, 21.849555], [89.817638, 21.844916], [89.81422, 21.840806], [89.804698, 21.835761], [89.786388, 21.828925], [89.775727, 21.827582], [89.771169, 21.832343], [89.76588, 21.846747], [89.753429, 21.843899], [89.738455, 21.834418], [89.725841, 21.828925], [89.709158, 21.830064], [89.69044, 21.833726], [89.67335, 21.840074], [89.661306, 21.849351], [89.656912, 21.857123], [89.653168, 21.867743], [89.652599, 21.878852], [89.663341, 21.896308], [89.661306, 21.905829], [89.646983, 21.925116], [89.618988, 21.869859], [89.630382, 21.851467], [89.64975, 21.826361], [89.672048, 21.804267], [89.692068, 21.794827], [89.700694, 21.784857], [89.689952, 21.765204], [89.668224, 21.750881], [89.643565, 21.756903], [89.631521, 21.764065], [89.620372, 21.76435], [89.59547, 21.759996], [89.592784, 21.754381], [89.60377, 21.727688], [89.605968, 21.719062], [89.586925, 21.700832], [89.565684, 21.713365], [89.53712, 21.753811], [89.53891, 21.77147], [89.527354, 21.812812], [89.530284, 21.835761], [89.538341, 21.848619], [89.556895, 21.868801], [89.564464, 21.884182], [89.567638, 21.900702], [89.563487, 21.973131], [89.5713, 22.031236], [89.576671, 22.051703], [89.600597, 22.091254], [89.605968, 22.113227], [89.60255, 22.134508], [89.593761, 22.155422], [89.581391, 22.174058], [89.567882, 22.18891], [89.567231, 22.202826], [89.597911, 22.240302], [89.605968, 22.256903], [89.607107, 22.278266], [89.610606, 22.298896], [89.616954, 22.318427], [89.626475, 22.336005], [89.615489, 22.328274], [89.606212, 22.315619], [89.592459, 22.288235], [89.580821, 22.277248], [89.577159, 22.2685], [89.586192, 22.245429], [89.580333, 22.236762], [89.561046, 22.22309], [89.549164, 22.205268], [89.550304, 22.192125], [89.5713, 22.157904], [89.576345, 22.145494], [89.578787, 22.135891], [89.579356, 22.113227], [89.576996, 22.101264], [89.566742, 22.082099], [89.564464, 22.072211], [89.556488, 22.00845], [89.551443, 21.994045], [89.532888, 21.984687], [89.52475, 22.000149], [89.523448, 22.044623], [89.526134, 22.055121], [89.536469, 22.075832], [89.53712, 22.089016], [89.492035, 22.188381], [89.489431, 22.208808], [89.494151, 22.253567], [89.493012, 22.273505], [89.483165, 22.295071], [89.475759, 22.295071], [89.467459, 22.22899], [89.475759, 22.102607], [89.483165, 22.102607], [89.48406, 22.116685], [89.48878, 22.129584], [89.494151, 22.136868], [89.496837, 22.133979], [89.49822, 22.125312], [89.50172, 22.113105], [89.506847, 22.10102], [89.51295, 22.092434], [89.518321, 22.081], [89.517426, 22.066474], [89.509125, 22.041205], [89.504161, 22.036689], [89.491873, 22.034573], [89.489431, 22.031236], [89.490408, 22.023993], [89.492686, 22.019192], [89.496837, 22.013861], [89.500499, 22.00259], [89.512706, 21.978095], [89.52003, 21.969184], [89.521821, 21.962307], [89.512543, 21.909125], [89.502289, 21.897528], [89.489106, 21.888373], [89.475759, 21.876695], [89.46461, 21.859198], [89.463634, 21.845038], [89.467052, 21.828599], [89.469493, 21.804389], [89.465831, 21.781317], [89.456228, 21.762397], [89.442719, 21.746649], [89.406423, 21.717353], [89.395193, 21.716376], [89.36964, 21.743313], [89.364268, 21.758205], [89.362804, 21.78384], [89.365896, 21.828925], [89.371267, 21.847154], [89.384288, 21.877834], [89.386974, 21.90119], [89.38266, 21.921332], [89.364024, 21.955064], [89.35963, 21.972317], [89.352224, 21.972317], [89.345958, 21.957017], [89.348806, 21.944159], [89.355235, 21.931627], [89.35963, 21.91767], [89.35963, 21.901679], [89.355968, 21.892524], [89.339122, 21.876695], [89.328868, 21.864651], [89.322602, 21.854641], [89.306163, 21.817613], [89.30128, 21.809394], [89.296235, 21.809068], [89.290701, 21.822089], [89.283946, 21.822089], [89.284434, 21.79682], [89.294688, 21.757799], [89.290701, 21.733344], [89.273692, 21.698798], [89.276622, 21.687567], [89.297537, 21.678127], [89.285899, 21.665595], [89.268728, 21.653998], [89.248709, 21.645901], [89.229259, 21.643948], [89.21046, 21.65412], [89.204438, 21.672675], [89.208263, 21.690619], [89.218598, 21.698554], [89.220714, 21.709418], [89.189708, 21.791246], [89.188243, 21.799709], [89.187673, 21.81151], [89.18336, 21.815619], [89.174083, 21.810045], [89.164561, 21.800198], [89.160411, 21.791327], [89.154552, 21.786851], [89.141287, 21.790229], [89.119395, 21.800971], [89.10906, 21.809516], [89.104666, 21.815863], [89.079926, 21.897406], [89.07781, 21.914252], [89.080414, 21.934882], [89.091075, 21.976793], [89.091482, 22.00023], [89.084239, 22.021186], [89.062022, 22.049506], [89.057384, 22.06509], [89.063487, 22.111029], [89.06140439719425, 22.123718597949644], [89.04572174576495, 22.11225819882823], [89.045665, 22.112047], [89.04284213418583, 22.106600109906182], [89.039, 22.092], [89.043, 22.076], [89.04053980941225, 22.06861942823674], [89.054047, 22.043647], [89.057384, 22.031236], [89.05850419138243, 22.02249580861758], [89.072, 22.009], [89.076, 21.998], [89.077, 21.981], [89.069, 21.964], [89.067, 21.945], [89.062, 21.933], [89.04027920864381, 21.927008057556915], [89.036876, 21.925116], [89.03553495855408, 21.92569929891147], [89.033, 21.925], [89.02728040390053, 21.929289697074605], [89.023123, 21.931098], [89.013031, 21.929429], [89.01302119340235, 21.929411476929673], [89.021, 21.917], [89.016, 21.899], [88.993, 21.905], [88.986, 21.896], [88.98737436214826, 21.890502551406964], [88.99586, 21.884182], [88.99606211082718, 21.883870626161688], [89.029, 21.867], [89.035, 21.852], [89.03, 21.821], [89.02325195065376, 21.812752384132363], [89.030935, 21.770453], [89.04138619515726, 21.740098973147784], [89.06, 21.728], [89.075, 21.702], [89.08065663950616, 21.68260580740743], [89.082774, 21.678209], [89.0828240025595, 21.67813733375992], [89.088, 21.679], [89.096, 21.665], [89.1, 21.637], [89.08523654687792, 21.624872877792583], [89.082693, 21.617336], [89.06422, 21.609198], [89.053233, 21.609809], [89.044688, 21.613511], [89.04177996245261, 21.61645973716829], [89.041, 21.611], [89.027, 21.599], [89.004, 21.599], [89.00345991600594, 21.603860755946545], [89.000255, 21.60342], [88.98724308224679, 21.61005556811614], [88.985, 21.609], [88.973, 21.609], [88.957, 21.617], [88.94528243347663, 21.636299521332592], [88.933849, 21.643948], [88.92945939360405, 21.644684443214857], [88.926, 21.632], [88.92, 21.63], [88.903, 21.648], [88.89961822068909, 21.649690889655457], [88.896983, 21.650133], [88.891612, 21.65351], [88.89142799999999, 21.653786000000004], [88.889, 21.655], [88.88835253333333, 21.658399199999998], [88.886078, 21.661811], [88.881602, 21.672024], [88.88003592793943, 21.684687126106013], [88.873, 21.697], [88.872, 21.706], [88.87580160899948, 21.71892547059823], [88.872081, 21.74901], [88.866059, 21.766832], [88.858653, 21.766832], [88.85765638785995, 21.760712481618675], [88.863, 21.76], [88.867, 21.752], [88.853, 21.737], [88.843, 21.71], [88.843, 21.691], [88.84659233507189, 21.677349126726835], [88.859874, 21.652574], [88.85968488249381, 21.650090845324105], [88.864, 21.642], [88.865, 21.636], [88.852, 21.626], [88.85, 21.618], [88.83681348463188, 21.620397548248746], [88.823985, 21.617255], [88.805837, 21.62287], [88.797862, 21.640204], [88.814789, 21.653876], [88.81837, 21.65762], [88.818533, 21.665839], [88.816661, 21.675035], [88.81415068733483, 21.682283104221725], [88.812, 21.683], [88.811, 21.661], [88.794, 21.655], [88.7895784488049, 21.656861705766357], [88.784028, 21.655951], [88.779063, 21.65119], [88.77711, 21.643541], [88.776866, 21.63345], [88.781749, 21.614244], [88.78688887532051, 21.605722234094554], [88.79, 21.603], [88.796, 21.593], [88.7944144393532, 21.590145990835772], [88.796641, 21.584418], [88.790538, 21.568264], [88.762462, 21.555854], [88.727875, 21.559882], [88.70753, 21.578315], [88.71264935038663, 21.58910760686669], [88.71, 21.591], [88.71, 21.607], [88.71543243375923, 21.622803443663237], [88.687999, 21.678127], [88.684906, 21.697211], [88.703624, 21.810614], [88.698009, 21.825507], [88.694509, 21.83983], [88.69980576383462, 21.85505763834612], [88.7, 21.857], [88.70127063716325, 21.859268994934357], [88.714692, 21.897854], [88.71697, 21.951972], [88.722179, 21.966132], [88.72748291466561, 21.971475503324143], [88.728, 21.976], [88.73197389049513, 21.976], [88.733165, 21.9772], [88.746837, 21.987128], [88.758311, 21.999457], [88.7629156531943, 22.01684346805697], [88.76282130153507, 22.017786984649288], [88.754649, 22.037584], [88.72447554087908, 22.054009783648368], [88.707, 22.061], [88.704, 22.071], [88.696, 22.075], [88.69382375274725, 22.073417274725273], [88.692882, 22.065863], [88.699474, 22.053209], [88.718516, 22.048041], [88.730724, 22.037177], [88.73004183438641, 22.03495816561359], [88.735, 22.03], [88.739, 22.014], [88.723, 22.003], [88.7175849169929, 22.003270754150357], [88.701671, 21.97602], [88.698416, 21.962592], [88.689952, 21.94599], [88.678722, 21.936672], [88.667003, 21.945014], [88.656261, 21.941067], [88.642589, 21.940904], [88.63087, 21.945461], [88.625987, 21.955512], [88.627452, 21.970404], [88.63123660547582, 21.97881025979978], [88.635, 21.997], [88.652948689213, 22.016658088185665], [88.653494, 22.018012], [88.652599, 22.031806], [88.648774, 22.046047], [88.64517820126376, 22.073989352679614], [88.643, 22.076], [88.634, 22.075], [88.626, 22.062], [88.626, 22.052], [88.638, 22.042], [88.624, 22.027], [88.614, 22.012], [88.61, 21.995], [88.601, 21.965], [88.61, 21.948], [88.618, 21.938], [88.607, 21.905], [88.58254121064131, 21.889600021514905], [88.57904483475603, 21.88083626067028], [88.576, 21.858], [88.56463832430559, 21.832436229687595], [88.564626, 21.832343], [88.56506987559271, 21.798993983263657], [88.572, 21.786], [88.567, 21.781], [88.5653866795033, 21.775192046211895], [88.56544, 21.771186], [88.564626, 21.766832], [88.581309, 21.769436], [88.604177, 21.778754], [88.624034, 21.778022], [88.632823, 21.750067], [88.630219, 21.731757], [88.623383, 21.710273], [88.612641, 21.697496], [88.598643, 21.70539], [88.591807, 21.70539], [88.5929753454288, 21.695204025697226], [88.603, 21.684], [88.603, 21.675], [88.59661171634254, 21.663501089416574], [88.59962, 21.637274], [88.59930805028569, 21.63555262902868], [88.603, 21.623], [88.59675008703802, 21.621437521759507], [88.595063, 21.612128], [88.578136, 21.62344], [88.578136, 21.616830000000004], [88.59, 21.602], [88.584, 21.588], [88.578136, 21.581684923076924], [88.578136, 21.571682], [88.572276, 21.557929], [88.55893, 21.555569], [88.54477, 21.561998], [88.536469, 21.5751], [88.53129398514275, 21.566146429428088], [88.5300337968056, 21.560160534826554], [88.529633, 21.553371], [88.534434, 21.542914], [88.543956, 21.534084], [88.51295, 21.524644], [88.493907, 21.534817], [88.48802717789951, 21.556321254266887], [88.482, 21.559], [88.485, 21.584], [88.492, 21.596], [88.50513968939428, 21.591620103535238], [88.5088, 21.594387], [88.51240766971176, 21.59884047706931], [88.512, 21.599], [88.512, 21.61], [88.51623758652747, 21.615826681475276], [88.516612, 21.62641], [88.518809, 21.639146], [88.52296, 21.649888], [88.52386240154603, 21.6509336119817], [88.524, 21.652], [88.52440831672381, 21.65156616348096], [88.52935847423515, 21.657301907206072], [88.528, 21.659], [88.52876448053283, 21.659982903542197], [88.509532, 21.712307], [88.504893, 21.741523], [88.5069264827708, 21.747220551687633], [88.504, 21.756], [88.505, 21.772], [88.514, 21.787], [88.529, 21.804], [88.53221904195804, 21.80560952097902], [88.531016, 21.824123], [88.51588, 21.850816], [88.495616, 21.876695], [88.514659, 21.916205], [88.514985, 21.937201], [88.50868169270558, 21.941954921883266], [88.511, 21.935], [88.503, 21.913], [88.49, 21.91], [88.479, 21.902], [88.476, 21.893], [88.482, 21.885], [88.491, 21.85], [88.48957013671968, 21.84285068359839], [88.492035, 21.837144], [88.495616, 21.818671], [88.4935, 21.805162], [88.488292, 21.803656], [88.481456, 21.805162], [88.474457, 21.800971], [88.47185738633394, 21.791], [88.478, 21.791], [88.469, 21.762], [88.466, 21.725], [88.459, 21.722], [88.457, 21.711], [88.461, 21.697], [88.473, 21.677], [88.47065458479041, 21.669181949301375], [88.472179, 21.663275], [88.468272, 21.643948], [88.46301562707696, 21.63518752492354], [88.463, 21.635], [88.451, 21.612], [88.44, 21.61], [88.43721936812587, 21.614634386456885], [88.426117, 21.611029], [88.4124312775168, 21.601238854563817], [88.41, 21.592], [88.397, 21.591], [88.386, 21.607], [88.3854657978123, 21.625162874381715], [88.383556, 21.631415], [88.38325846575424, 21.647617830133907], [88.38, 21.66], [88.38, 21.681], [88.38905165155991, 21.68869390382593], [88.392589, 21.698554], [88.380626, 21.696194], [88.37571850478415, 21.69338071052511], [88.371, 21.683], [88.357, 21.685], [88.35684017637739, 21.68521623196001], [88.355724, 21.684963], [88.346202, 21.688625], [88.34580589546084, 21.689259955433116], [88.35, 21.675], [88.34614416428748, 21.669491663267834], [88.349457, 21.660956], [88.34917596358578, 21.656353650979916], [88.353, 21.651], [88.347, 21.632], [88.33784250711575, 21.620729239527073], [88.33546, 21.61579], [88.321788, 21.605658], [88.31694708682038, 21.60747354341019], [88.314, 21.606], [88.30987360860901, 21.610126391390992], [88.309744, 21.610175], [88.30972017514596, 21.61027982485405], [88.307, 21.613], [88.307, 21.62224808128544], [88.304454, 21.63345], [88.30403125181908, 21.652800990576], [88.29, 21.624], [88.29, 21.607], [88.28621665312333, 21.60321665312334], [88.28652884392993, 21.60255929672506], [88.31, 21.583], [88.308, 21.575], [88.30573072272084, 21.572463748923283], [88.305837, 21.571682], [88.303722, 21.568793], [88.30178420400034, 21.568052933882726], [88.291, 21.556], [88.28115871369295, 21.556], [88.278982, 21.555162], [88.266124, 21.55386], [88.254405, 21.554674], [88.249278, 21.558295], [88.24897779560784, 21.5602393093816], [88.247, 21.561], [88.242, 21.576], [88.229, 21.6], [88.2187525161108, 21.60951552075426], [88.21340360079748, 21.60617929541454], [88.215, 21.597], [88.205, 21.601], [88.19351781206124, 21.633420295356494], [88.189464, 21.641791], [88.181895, 21.665229], [88.180919, 21.684963], [88.18141127952158, 21.68595185052518], [88.181, 21.695], [88.188, 21.71], [88.20125201368876, 21.7209134230378], [88.203461, 21.724351], [88.21046, 21.74726], [88.201427, 21.774319], [88.209727, 21.78856], [88.203787, 21.805406], [88.17863564403024, 21.8472281465347], [88.178, 21.848], [88.17763989170203, 21.848883902185925], [88.154063, 21.888088], [88.156423, 21.897854], [88.159434, 21.906155], [88.146739, 21.959215], [88.149913, 21.976386], [88.156261, 21.990871], [88.164317, 22.003119], [88.206798, 22.053371], [88.222423, 22.077948], [88.212738, 22.100043], [88.2074183149704, 22.12944224670613], [88.207, 22.13], [88.2071167314284, 22.131108948569896], [88.20338, 22.15176], [88.198009, 22.167792], [88.165294, 22.185004], [88.118419, 22.200181], [88.1058436977638, 22.206], [88.094, 22.206], [88.07, 22.209], [88.062, 22.223], [88.048, 22.216], [88.017, 22.221], [88.016, 22.211], [88.037, 22.208], [88.052, 22.201], [88.05428449605444, 22.199076213848898], [88.057384, 22.198879], [88.09547, 22.19123], [88.09924691932147, 22.19], [88.112, 22.19], [88.133, 22.184], [88.1482632808238, 22.166674113659475], [88.160981, 22.156562], [88.16311052574513, 22.14982048428931], [88.17, 22.142], [88.173, 22.132], [88.189, 22.117], [88.191, 22.107], [88.181, 22.087], [88.148, 22.059], [88.13498939386079, 22.055282683960225], [88.111176, 22.034857], [88.084727, 22.020697], [88.08233074087391, 22.020699719102847], [88.072, 22.015], [88.05, 22.016], [88.052, 22.007], [88.04865937535175, 21.996421355280532], [88.049001, 21.995429], [88.050792, 21.985012], [88.046886, 21.97602], [88.0324, 21.95718], [88.0134489034679, 21.917142324275336], [88.013, 21.914], [88.01088181479128, 21.91171887746753], [87.983653, 21.854193], [87.97047, 21.836493], [87.957774, 21.828925], [87.94859882168674, 21.825598821686746], [87.938, 21.815], [87.919, 21.801], [87.89939230205553, 21.79496686217093], [87.899181, 21.794827], [87.895681, 21.789374], [87.894786, 21.778754], [87.892914, 21.774319], [87.867198, 21.7508], [87.84463911728596, 21.736202596298195], [87.837, 21.729], [87.808, 21.706], [87.804, 21.696], [87.786, 21.69], [87.766, 21.695], [87.76193673785346, 21.694709766989533], [87.755707, 21.691718], [87.75293653137622, 21.689785608806986], [87.754, 21.685], [87.733, 21.671], [87.71579907436923, 21.66388237560106], [87.703787, 21.655504], [87.683849, 21.650133], [87.67366479896553, 21.650609412479827], [87.657, 21.646], [87.647, 21.646], [87.559, 21.632], [87.527, 21.621], [87.505, 21.617], [87.476, 21.607], [87.466, 21.601], [87.449, 21.601], [87.434, 21.596], [87.387, 21.571], [87.37622040012644, 21.575619828517237], [87.35294691331885, 21.56668275353974], [87.375, 21.56], [87.377, 21.55], [87.347, 21.556], [87.3036668600889, 21.555501917932055], [87.293468, 21.553656], [87.28610614272161, 21.555300070605995], [87.26, 21.555], [87.21, 21.547], [87.169, 21.534], [87.147, 21.524], [87.133, 21.515], [87.12495969066805, 21.51392795875574], [87.113048, 21.507961], [87.11234885133652, 21.507493752584303], [87.079, 21.475], [87.06, 21.47], [87.051, 21.46], [87.03754167237922, 21.44853549869341], [86.917654, 21.327379], [86.866954, 21.256049], [86.83725, 21.174709], [86.84265110547257, 21.100758231243884], [86.845, 21.097], [86.84324588043026, 21.092614701075636], [86.84334331281595, 21.091280677909452], [86.864, 21.048], [86.885, 21.022], [86.903, 20.987], [86.913, 20.952], [86.925, 20.932], [86.937, 20.917], [86.941, 20.898], [86.955, 20.867], [86.957, 20.853], [86.962, 20.849], [86.974, 20.825], [86.97, 20.788], [86.962, 20.782], [86.95566966926718, 20.78446179528499], [86.953868, 20.780585], [86.93629, 20.787502], [86.916515, 20.788072], [86.878754, 20.780585], [86.88677993724258, 20.768361755501935], [86.892, 20.767], [86.93, 20.768], [86.97, 20.766], [86.982, 20.771], [86.996, 20.77], [87.011, 20.738], [87.007, 20.717], [86.99889354123741, 20.711595694158273], [86.998709, 20.711127], [86.988617, 20.70425], [86.98819300000001, 20.704462], [86.986, 20.703], [87.005, 20.702], [87.007, 20.695], [87.022, 20.697], [87.028, 20.692], [87.0010969518225, 20.673167866275744], [87.019379, 20.680365], [87.033376, 20.690172], [87.043224, 20.697984], [87.027517, 20.679674], [87.003591, 20.65705], [86.976248, 20.637885], [86.923188, 20.621731], [86.77543729068915, 20.51287458137831], [86.775, 20.512], [86.77121229810436, 20.50896983848349], [86.75578403754135, 20.493487219563864], [86.748, 20.471], [86.73836508752679, 20.46907301750536], [86.7376004737297, 20.46790130275669], [86.734, 20.458], [86.731, 20.435], [86.735, 20.416], [86.73, 20.405], [86.747, 20.397], [86.759, 20.399], [86.76441234933013, 20.397917530133974], [86.769786, 20.400702], [86.788748, 20.390123], [86.788259, 20.402818], [86.789806, 20.4147], [86.796153, 20.437323], [86.809825, 20.415107], [86.7942, 20.37816], [86.77983870538232, 20.358898584377872], [86.777, 20.337], [86.754, 20.32], [86.722, 20.302], [86.69975694860614, 20.301414656542267], [86.693696, 20.293931], [86.701671, 20.284654], [86.719737, 20.291734], [86.754649, 20.314439], [86.717459, 20.286933], [86.67644597343983, 20.26319253320022], [86.679, 20.26], [86.64507283135158, 20.245032131478638], [86.628184, 20.235256], [86.60406297890094, 20.22598382989002], [86.573, 20.208], [86.565, 20.2], [86.55, 20.194], [86.533, 20.194], [86.512, 20.175], [86.524, 20.174], [86.532, 20.183], [86.542, 20.181], [86.521, 20.163], [86.506, 20.133], [86.491, 20.109], [86.478, 20.092], [86.452, 20.07], [86.436, 20.044], [86.435, 20.019], [86.423, 20.002], [86.41776328646581, 19.99894525043839], [86.42628, 19.999172], [86.397227, 19.982856], [86.39458401287936, 19.984263395513306], [86.386, 19.977], [86.343, 19.98], [86.323, 19.993], [86.3165981471572, 19.986598147157192], [86.326671, 19.984849], [86.341563, 19.979885], [86.356456, 19.970404], [86.372406, 19.964993], [86.36481844509305, 19.961], [86.368, 19.961], [86.368, 19.95], [86.34391608997748, 19.95], [86.268565, 19.910346], [86.111583, 19.855699], [86.089041, 19.844224], [86.07838, 19.843573], [86.066742, 19.851996], [86.06163179025742, 19.85446881282063], [86.049, 19.853], [86.048, 19.846], [86.03584079769104, 19.843930348543154], [86.032074, 19.841498], [86.01352, 19.839057], [85.888845, 19.802965], [85.846365, 19.795844], [85.808604, 19.773383], [85.788829, 19.765692], [85.778087, 19.764635], [85.744395, 19.765692], [85.74323122448587, 19.76545073372047], [85.71, 19.752], [85.696, 19.749], [85.65897124587, 19.735357827425787], [85.624278, 19.718573], [85.625987, 19.722886], [85.635997, 19.72663], [85.63795, 19.731635], [85.62658812331873, 19.729858417390812], [85.60420333183782, 19.722163645319252], [85.549164, 19.690619], [85.52922752886973, 19.683568017155178], [85.541, 19.676], [85.488, 19.65], [85.455, 19.635], [85.431, 19.628], [85.403, 19.612], [85.36542696377079, 19.592587264614902], [85.576508, 19.690619], [85.540294, 19.669582], [85.46339, 19.631049], [85.380219, 19.593817], [85.336681, 19.575181], [85.285411, 19.536282], [85.25851295290964, 19.525346420194975], [85.241, 19.514], [85.193, 19.477], [85.171, 19.464], [85.1545357818737, 19.45098795664212], [85.08855167354497, 19.38979730628306], [85.083, 19.378], [85.076, 19.378], [85.067, 19.366], [85.029, 19.343], [85.01019585590036, 19.332814421946036], [84.99812864819202, 19.32481407410719], [84.9932883382401, 19.32116100999253], [84.872081, 19.219875], [84.80016017813489, 19.13178031173606], [84.798, 19.128], [84.79383732374532, 19.12403554642412], [84.791026, 19.120592], [84.78979246732753, 19.120183302216695], [84.777, 19.108], [84.746, 19.117], [84.736, 19.098], [84.74368552643902, 19.078359210211385], [84.756847, 19.097642], [84.760997, 19.10163], [84.767833, 19.101793], [84.775238, 19.100491], [84.78004, 19.097073], [84.77974474454194, 19.096025525545805], [84.78, 19.096], [84.77945279260905, 19.094989770970546], [84.778331, 19.09101], [84.7743615252422, 19.085590508139436], [84.767, 19.072], [84.758, 19.062], [84.75025420202827, 19.051613589083377], [84.741059, 19.028144], [84.699474, 18.977484], [84.679535, 18.945705], [84.66505, 18.930121], [84.64097570691747, 18.919975706917477], [84.61761673613502, 18.896616736135023], [84.58466373959111, 18.849125722936893], [84.58, 18.837], [84.57001345658455, 18.828012110926103], [84.56998373437176, 18.827969276035564], [84.561, 18.811], [84.559, 18.792], [84.537, 18.77], [84.53467348661886, 18.76849902362506], [84.45631924851513, 18.68884958419694], [84.445, 18.671], [84.442, 18.657], [84.4337681278116, 18.649972792034298], [84.432628, 18.645697], [84.423676, 18.636461], [84.39930184231055, 18.620360399472258], [84.372, 18.594], [84.355, 18.564], [84.34909084298756, 18.56945460647302], [84.332856, 18.553697], [84.33002300028168, 18.552734000241454], [84.321, 18.545], [84.325, 18.537], [84.3263410450828, 18.537524756771532], [84.349946, 18.552924], [84.3333669125881, 18.540274009273602], [84.348, 18.546], [84.31, 18.515], [84.276, 18.488], [84.244, 18.46], [84.23162709261668, 18.447970784488444], [84.230479, 18.446234], [84.22843296264801, 18.444865380352244], [84.208, 18.425], [84.176, 18.396], [84.155, 18.376], [84.138, 18.351], [84.13581705840014, 18.351727647199954], [84.132823, 18.343411], [84.13203234845344, 18.342547121651883], [84.134, 18.315], [84.129, 18.31], [84.11399580908211, 18.30110862760421], [84.113129, 18.298285], [84.077403, 18.271552], [83.97051996154991, 18.22488778612191], [83.94, 18.21], [83.93162322629951, 18.20790580657488], [83.87730742469867, 18.184191995481786], [83.872, 18.178], [83.857, 18.17], [83.824, 18.16], [83.77336670696906, 18.1385452148174], [83.67033493929871, 18.078187391040785], [83.651, 18.062], [83.636, 18.052], [83.615, 18.042], [83.587, 18.019], [83.58136622403282, 18.017699897853724], [83.576182, 18.009752], [83.562836, 17.9831], [83.55836, 17.977525], [83.556651, 17.973456], [83.53891, 17.956285], [83.534434, 17.953315], [83.526134, 17.942532], [83.486583, 17.916897], [83.472911, 17.902493], [83.465587, 17.902493], [83.4633097843262, 17.90759850736697], [83.453, 17.896], [83.455, 17.887], [83.4524803830905, 17.88380848524798], [83.452973, 17.868476], [83.431163, 17.854234], [83.425304, 17.838609], [83.417735, 17.80622], [83.402354, 17.784491], [83.341319, 17.717434], [83.319102, 17.703192], [83.313243, 17.701158], [83.304373, 17.692206], [83.298595, 17.690131], [83.29657950696925, 17.690480787783667], [83.295, 17.689], [83.298, 17.676], [83.29665299852475, 17.674285634486033], [83.298595, 17.672797], [83.299083, 17.664293], [83.289236, 17.65762], [83.26824, 17.648586], [83.255138, 17.638129], [83.246918, 17.634223], [83.24525674567823, 17.63425674567823], [83.235, 17.624], [83.239, 17.614], [83.23297513427188, 17.608926428860535], [83.233897, 17.607733], [83.238943, 17.592963], [83.222911, 17.586493], [83.209239, 17.583686], [83.196137, 17.576809], [83.171397, 17.559801], [83.088227, 17.530707], [83.053233, 17.506496], [83.019867, 17.490912], [82.99643, 17.473456], [82.975841, 17.453681], [82.969574, 17.4501], [82.95281, 17.44595], [82.945486, 17.443101], [82.896821, 17.409329], [82.888682, 17.410142], [82.883311, 17.422065], [82.869151, 17.414008], [82.854259, 17.402818], [82.837657, 17.392768], [82.796397, 17.383043], [82.758149, 17.359198], [82.72006485120433, 17.349032425602164], [82.71429413324374, 17.34614706662187], [82.55090783020668, 17.250483210009712], [82.488, 17.208], [82.464, 17.189], [82.44685170470065, 17.17383035415827], [82.435069, 17.153795], [82.422862, 17.13996], [82.40078209433025, 17.13178209433025], [82.347, 17.078], [82.34442967545077, 17.076286450300515], [82.342052, 17.073188], [82.33512104862577, 17.06712104862578], [82.306, 17.038], [82.29823906694598, 17.025804248057963], [82.291677, 16.99844], [82.27811522825448, 16.974345684763446], [82.274, 16.962], [82.275, 16.944], [82.25850226861716, 16.93950061871377], [82.252696, 16.929185], [82.250743, 16.907864], [82.25107311662256, 16.906170753350974], [82.254, 16.905], [82.25598698027956, 16.884136707064634], [82.25610353650534, 16.883974115873666], [82.268, 16.881], [82.274, 16.87], [82.303, 16.864], [82.321, 16.851], [82.338, 16.856], [82.35692929425501, 16.85179349016555], [82.362478, 16.859076], [82.361176, 16.891343], [82.357432, 16.924872], [82.348888, 16.956488], [82.361176, 16.936021], [82.365, 16.916524366970783], [82.365, 16.922], [82.36, 16.952], [82.34, 16.971], [82.333, 16.989], [82.344, 16.985], [82.36, 16.969], [82.364, 16.96], [82.371, 16.914], [82.36740592694518, 16.862245348010696], [82.367442, 16.860297], [82.365571, 16.811591], [82.352061, 16.761298], [82.345958, 16.706122], [82.34314489591395, 16.696144895913953], [82.366, 16.719], [82.369, 16.713], [82.342, 16.684], [82.33826077397585, 16.678822610120402], [82.338145, 16.678412], [82.32294298287, 16.646481727698358], [82.318, 16.616], [82.309, 16.597], [82.30178207120085, 16.60815498087142], [82.299327, 16.610093], [82.29790065434565, 16.614099345654346], [82.28551626566151, 16.626483734338482], [82.28422605251441, 16.62489317364341], [82.299, 16.591], [82.29821852276142, 16.588878847495266], [82.307384, 16.579779], [82.2933369294087, 16.575628808395013], [82.292, 16.572], [82.275, 16.57], [82.259, 16.561], [82.276, 16.554], [82.23588907205051, 16.54349475696561], [82.203461, 16.512681], [82.188243, 16.504055], [82.173025, 16.500922], [82.122895, 16.477362], [82.090668, 16.454779], [82.068614, 16.444281], [82.04696070755479, 16.446621634300158], [82.046, 16.446], [82.04503145853016, 16.446830178402724], [82.037364, 16.447659], [82.02782801216524, 16.439897013179014], [82.027, 16.439], [82.02608040451969, 16.438474516868393], [82.022716, 16.435736], [82.007823, 16.419582], [81.992686, 16.408433], [81.9817, 16.407864], [81.97707028879732, 16.408220157525808], [81.973, 16.406], [81.963, 16.397], [81.94970845022821, 16.394654432393214], [81.94809, 16.391547], [81.940766, 16.388373], [81.899913, 16.38581], [81.89117257133815, 16.38393682537171], [81.877, 16.38], [81.851, 16.369], [81.83377112664913, 16.36229988258577], [81.8046461974811, 16.34862842921914], [81.802, 16.347], [81.77790620211324, 16.33437943920217], [81.76295, 16.322577], [81.74305665818142, 16.318023329839406], [81.726, 16.311], [81.72234737895644, 16.313282888152223], [81.717621, 16.312201], [81.711599, 16.312201], [81.70675728167022, 16.313050161948595], [81.705, 16.311], [81.698, 16.31], [81.69455635040326, 16.31590339930868], [81.68200410934823, 16.32407597476579], [81.652, 16.331], [81.63771881421722, 16.33301616740463], [81.636404, 16.332709], [81.63475194494823, 16.33343501953672], [81.567, 16.343], [81.558, 16.351], [81.54840173737604, 16.35399945706999], [81.549083, 16.352362], [81.53721833616844, 16.350262003402122], [81.537, 16.35], [81.53635006359195, 16.350108322734677], [81.535981, 16.350043], [81.53468721293274, 16.350385464511213], [81.519, 16.353], [81.477, 16.353], [81.44838565605046, 16.350138565605047], [81.416677, 16.340155], [81.41883205100315, 16.34536641020063], [81.397, 16.341], [81.34, 16.32], [81.298, 16.297], [81.272, 16.277], [81.247, 16.252], [81.227, 16.224], [81.22338963006308, 16.217681852610387], [81.218516, 16.199449], [81.20038582556954, 16.1605485464129], [81.199, 16.149], [81.205, 16.138], [81.195, 16.101], [81.189, 16.087], [81.167, 16.049], [81.15589000886627, 16.026780017732527], [81.155447, 15.9855], [81.15145746615433, 15.974387148921002], [81.152, 15.972], [81.15037627527389, 15.971375490489955], [81.14975, 15.969631], [81.14094299757004, 15.96774730675771], [81.139, 15.967], [81.11755300388255, 15.949543142695102], [81.088227, 15.92121], [81.07566115140429, 15.913629427074849], [81.065, 15.904], [81.064, 15.898], [81.04, 15.87], [81.024, 15.857], [81.008, 15.839], [81.00193709219717, 15.827340561917637], [81.00294, 15.825263], [81.0088, 15.817816], [81.012543, 15.811957], [81.019216, 15.792385], [81.019054, 15.784166], [81.012543, 15.777818], [81.01103210847089, 15.777951837293669], [81.019, 15.766], [81.017, 15.763], [80.9877626405353, 15.76884747189294], [80.98756722056865, 15.76836975492371], [80.996, 15.759], [81.013, 15.757], [80.997, 15.741], [80.982, 15.738], [80.973, 15.741], [80.969, 15.731], [80.954, 15.718], [80.938, 15.71], [80.93, 15.725], [80.912, 15.745], [80.895, 15.749], [80.921, 15.726], [80.923, 15.715], [80.912, 15.716], [80.883, 15.712], [80.84, 15.702], [80.835, 15.705], [80.833, 15.742], [80.82749330570547, 15.742], [80.820079, 15.726874], [80.80714, 15.716376], [80.80780273923153, 15.763943836729055], [80.802, 15.777], [80.79, 15.792], [80.785, 15.808], [80.789, 15.818], [80.802, 15.793], [80.80829527338004, 15.799295273380041], [80.80836, 15.803941], [80.802745, 15.842434], [80.79918380412452, 15.848031732602125], [80.795, 15.853], [80.771, 15.866], [80.758, 15.87], [80.722, 15.879], [80.703, 15.88], [80.651, 15.879], [80.601, 15.87], [80.565, 15.861], [80.536, 15.849], [80.507, 15.841], [80.484, 15.831], [80.418, 15.795], [80.405, 15.79], [80.375, 15.772], [80.349, 15.752], [80.331, 15.735], [80.293, 15.696], [80.271, 15.667], [80.264, 15.669], [80.259, 15.657], [80.262, 15.649], [80.256, 15.642], [80.24, 15.609], [80.228, 15.563], [80.226, 15.548], [80.229, 15.535], [80.218, 15.514], [80.208, 15.51], [80.20199904792094, 15.500998571881409], [80.211192, 15.496649], [80.20674063600693, 15.490646578901536], [80.211, 15.486], [80.2, 15.46], [80.186, 15.441], [80.165, 15.421], [80.121, 15.364], [80.105, 15.329], [80.108, 15.319], [80.095, 15.301], [80.09227814828016, 15.294195370700399], [80.08628728274681, 15.239729316296676], [80.09, 15.227], [80.09, 15.208], [80.083, 15.183], [80.07026849789406, 15.158173570893425], [80.052989, 15.092597], [80.054535, 15.014146], [80.05774236043304, 14.99605894343026], [80.063, 14.977], [80.06456639723775, 14.966348498783285], [80.073416, 14.942043], [80.07311135881906, 14.925962137269783], [80.08, 14.903], [80.086, 14.89], [80.09, 14.857], [80.09, 14.837732566091129], [80.10353736894176, 14.771741630068902], [80.11, 14.753], [80.125, 14.735], [80.118, 14.733], [80.145, 14.705], [80.15250270907124, 14.671988080086543], [80.159841, 14.662665], [80.166352, 14.62816], [80.173595, 14.616523], [80.178477, 14.60578], [80.1779906639579, 14.603308402437891], [80.185, 14.597], [80.182, 14.585], [80.168, 14.58], [80.158, 14.571], [80.1605006819796, 14.56599863604081], [80.183279, 14.571112], [80.190196, 14.571234], [80.196951, 14.565009], [80.196056, 14.559027], [80.192393, 14.553209], [80.190196, 14.547593], [80.188243, 14.525702], [80.17946651721017, 14.485015060009328], [80.179, 14.48], [80.17667637081664, 14.448050098728839], [80.178722, 14.38939], [80.174978, 14.34455], [80.16491588890528, 14.331748384649433], [80.153, 14.307], [80.141, 14.273], [80.14, 14.247], [80.1351109901678, 14.22961685392994], [80.13559, 14.229193], [80.13222573329593, 14.219358162829938], [80.131, 14.215], [80.128, 14.184], [80.13, 14.134], [80.1321422692312, 14.116504801278527], [80.13990461639618, 14.077190767207647], [80.144, 14.069], [80.144, 14.057], [80.155, 14.019], [80.161, 14.009], [80.173, 13.977], [80.184, 13.958], [80.19, 13.939], [80.20026458683128, 13.914364991604913], [80.21358801378119, 13.887385429488726], [80.216, 13.883], [80.21785317379333, 13.878748601297634], [80.237153, 13.839667], [80.24259578572193, 13.821986138637916], [80.25, 13.805], [80.257, 13.782], [80.244, 13.75], [80.235, 13.7], [80.23416385378063, 13.66655415122536], [80.238048, 13.660224], [80.259044, 13.591742], [80.288097, 13.527086], [80.309581, 13.479315], [80.31351989182508, 13.44285794604988], [80.316, 13.439], [80.316, 13.427767904787034], [80.326996, 13.430365], [80.333995, 13.413031], [80.344005, 13.375434], [80.34783, 13.349066], [80.34598998930934, 13.326595101561136], [80.347, 13.317], [80.346, 13.283], [80.337, 13.256], [80.335, 13.244], [80.328, 13.233], [80.31786280169534, 13.230235309553276], [80.313731, 13.215033], [80.31753965027346, 13.216694817243985], [80.321, 13.224], [80.331, 13.23], [80.32832778220774, 13.219645156054957], [80.334158, 13.221177], [80.332774, 13.198147], [80.324229, 13.180365], [80.313813, 13.164293], [80.306895, 13.146064], [80.30714, 13.135647], [80.313731, 13.10578], [80.307953, 13.096015], [80.2972053214356, 13.084643532751565], [80.288, 13.067], [80.28567769862117, 13.065838849310586], [80.282725, 13.029364], [80.269054, 12.957261], [80.263194, 12.835354], [80.25513248640777, 12.784180883171503], [80.256, 12.781], [80.2535459394721, 12.774109753133224], [80.25172, 12.762519], [80.233653, 12.711005], [80.228689, 12.674994], [80.222179, 12.65998], [80.203868, 12.632148], [80.19853702510686, 12.618879587873973], [80.19290216471812, 12.599157576513395], [80.188, 12.579110893969998], [80.188, 12.572], [80.18500477505792, 12.566361929520776], [80.18336, 12.54682], [80.179698, 12.53262], [80.15928593429841, 12.482537089365074], [80.156, 12.462], [80.146, 12.443], [80.131, 12.428], [80.1194278013288, 12.409918439576261], [80.117035, 12.400946], [80.095958, 12.36225], [80.087169, 12.35102], [80.063731, 12.33747], [80.059825, 12.334215], [80.057465, 12.331244], [80.025727, 12.276516], [80.01647505786354, 12.267318880192972], [80.015, 12.264], [80.01125043843696, 12.262125219218483], [80.005138, 12.256049], [79.98128995371611, 12.244289953716113], [79.972, 12.235], [79.976, 12.229], [79.997, 12.25], [80.012, 12.257], [80.00087408676166, 12.23913110904144], [80.005138, 12.241767], [79.947602, 12.153632], [79.9409336469114, 12.146537287716214], [79.92333971368802, 12.121535382609292], [79.896983, 12.068752], [79.87512603722242, 12.043252074444815], [79.87, 12.033], [79.86068252781034, 12.012812143589052], [79.860525, 12.011542], [79.861827, 11.977973], [79.85963, 11.972724], [79.850352, 11.959133], [79.849539, 11.955064], [79.844981, 11.933254], [79.83016911630725, 11.900452567567248], [79.824, 11.873], [79.81502562815274, 11.853056951450526], [79.803233, 11.796088], [79.79897935871618, 11.792840030050384], [79.795, 11.762], [79.79, 11.739], [79.778, 11.696], [79.774, 11.674], [79.765, 11.642], [79.763, 11.622], [79.757, 11.59], [79.757, 11.566], [79.763, 11.527], [79.775, 11.507], [79.77, 11.505], [79.8, 11.456], [79.80166237887303, 11.452372991549755], [79.809337, 11.451361], [79.816661, 11.443061], [79.821951, 11.391059], [79.82087356028202, 11.387102181250789], [79.827, 11.366], [79.814, 11.362], [79.797, 11.37], [79.7863296, 11.378892], [79.782725, 11.378892], [79.776052, 11.380357], [79.77366966679214, 11.380558055660124], [79.773, 11.38], [79.791, 11.369], [79.814, 11.359], [79.822, 11.359], [79.84, 11.345], [79.836, 11.335], [79.837, 11.298], [79.844, 11.259], [79.848, 11.247], [79.855, 11.209], [79.86, 11.159], [79.86, 11.098], [79.857, 11.072], [79.859, 11.029], [79.854, 10.972], [79.854, 10.903], [79.851, 10.889], [79.852, 10.837], [79.85, 10.825], [79.85, 10.756], [79.853, 10.727], [79.854, 10.655], [79.855, 10.638], [79.855, 10.593], [79.858, 10.582], [79.858, 10.558538588631235], [79.85963, 10.551459], [79.8598221988132, 10.543459407516385], [79.861, 10.536], [79.863, 10.477], [79.867, 10.428], [79.866, 10.392], [79.87, 10.359], [79.875, 10.344], [79.868, 10.337], [79.876, 10.317], [79.87, 10.31], [79.877, 10.3], [79.861, 10.28], [79.851, 10.276], [79.826, 10.274], [79.81890435891438, 10.273784980573163], [79.814626, 10.272406], [79.795095, 10.269232], [79.778575, 10.275377], [79.78004, 10.296617], [79.757091, 10.309068], [79.65979704539595, 10.324399753782995], [79.655, 10.324], [79.65332162711645, 10.325420161670689], [79.633149, 10.328599], [79.621267, 10.324164], [79.614106, 10.309556], [79.630382, 10.310492], [79.646495, 10.309638], [79.661794, 10.307074], [79.67628, 10.30272], [79.684581, 10.298733], [79.694672, 10.291653], [79.703624, 10.289049], [79.730805, 10.289049], [79.758962, 10.282213], [79.773692, 10.273668], [79.772472, 10.261705], [79.759776, 10.258246], [79.580089, 10.295885], [79.563487, 10.297105], [79.556651, 10.298651], [79.552745, 10.30272], [79.551768, 10.3133], [79.556895, 10.316067], [79.55816949128302, 10.316016947698078], [79.56, 10.327], [79.572, 10.333], [79.592, 10.329], [79.59832560886515, 10.339350996324795], [79.586925, 10.343695], [79.567719, 10.335883], [79.54057564580978, 10.337575645809787], [79.535, 10.332], [79.53024667892106, 10.334535104575437], [79.532237, 10.330024], [79.532237, 10.323188], [79.51439800271773, 10.317521333168623], [79.523, 10.317], [79.512, 10.309], [79.48832367903717, 10.312881364092267], [79.459727, 10.308295], [79.437266, 10.309556], [79.41498747126577, 10.319620905667833], [79.393, 10.32], [79.379, 10.309], [79.378, 10.296], [79.353, 10.287], [79.343, 10.289], [79.33277130542372, 10.284108015637429], [79.31759939021961, 10.275399339404586], [79.308, 10.265], [79.2956889603261, 10.260603200116467], [79.28809212565919, 10.254420340900353], [79.2854682910969, 10.251942274924852], [79.27358418338777, 10.236235713485762], [79.27153218136039, 10.230490107809066], [79.271237688287, 10.228815131332329], [79.28, 10.222], [79.28, 10.213], [79.27026133062141, 10.206182931434984], [79.269216, 10.197821], [79.261974, 10.192857], [79.2585834405011, 10.191948849847503], [79.257, 10.19], [79.243, 10.182], [79.24, 10.17], [79.242, 10.157], [79.23740783831832, 10.152825307562106], [79.237478, 10.151923], [79.239801456675, 10.129158834660004], [79.24, 10.129], [79.23984326428248, 10.128749222851983], [79.244314, 10.084947], [79.24868588653463, 10.071325645386144], [79.252, 10.07], [79.257, 10.061], [79.25409665574918, 10.05446747543566], [79.254161, 10.054267], [79.279063, 10.035834], [79.240733, 10.010565], [79.200369, 9.970282], [79.141856, 9.891181], [79.12471573515165, 9.856966500484376], [79.125, 9.856], [79.12362278472533, 9.85478481005176], [79.121349, 9.850246], [79.103526, 9.830146], [79.100841, 9.826077], [79.094086, 9.802314], [79.07781, 9.782172], [79.038829, 9.747219], [78.980805, 9.667182], [78.979828, 9.658637], [78.980235, 9.649115], [78.977306, 9.637926], [78.97283, 9.631293], [78.962087, 9.622707], [78.956798, 9.617499], [78.94752, 9.602851], [78.938324, 9.583686], [78.931488, 9.561672], [78.925304, 9.513617], [78.913259, 9.47427], [78.915294, 9.45303], [78.92861324761111, 9.426182336518522], [78.946, 9.403], [78.97094299532301, 9.375122534638981], [79.039887, 9.314683], [79.074718, 9.299872], [79.115571, 9.291246], [79.13770426560562, 9.290802843737074], [79.141, 9.293], [79.14540891269883, 9.290648579893961], [79.25172, 9.28852], [79.273774, 9.296698], [79.29713, 9.312649], [79.320079, 9.32331], [79.341075, 9.315863], [79.345714, 9.306545], [79.34254, 9.299018], [79.336681, 9.290473], [79.333669, 9.278266], [79.335704, 9.267646], [79.340587, 9.260932], [79.345225, 9.255927], [79.347341, 9.250312], [79.353526, 9.240912], [79.367931, 9.227607], [79.438243, 9.176337], [79.453624, 9.159003], [79.440278, 9.151353], [79.424001, 9.159084], [79.361013, 9.213446], [79.292735, 9.250312], [79.232432, 9.25788], [79.21697, 9.267401], [79.20102, 9.266506], [79.184093, 9.271796], [79.165375, 9.274237], [79.129405, 9.256334], [79.098643, 9.257229], [79.087169, 9.253811], [79.07448066066958, 9.259], [79.063, 9.259], [79.03, 9.267], [79.004, 9.27], [78.966, 9.271], [78.94619758358652, 9.268171083369506], [78.928966, 9.253811], [78.918468, 9.251614], [78.91527740437002, 9.251849663933015], [78.911, 9.248], [78.89054653358825, 9.253113366602937], [78.861013, 9.248969], [78.85888020066426, 9.248350250830315], [78.857, 9.246], [78.84907076513656, 9.245504422821035], [78.843761, 9.243964], [78.815196, 9.22842], [78.77711, 9.219387], [78.761567, 9.209703], [78.751964, 9.200588], [78.740733, 9.192816], [78.727794, 9.187445], [78.72, 9.186946319563614], [78.72, 9.185], [78.71362618763125, 9.186538506433836], [78.67628, 9.184149], [78.661306, 9.177191], [78.655121, 9.161566], [78.65238933643198, 9.157091548325374], [78.655, 9.151], [78.64542537386225, 9.149740180771348], [78.634776, 9.144599], [78.618826, 9.14053], [78.59577173392609, 9.137806851783608], [78.583, 9.127], [78.564, 9.133], [78.55507676208059, 9.133], [78.49765064229223, 9.126216880764078], [78.494, 9.125], [78.48468293436972, 9.124556330208081], [78.44988, 9.116604], [78.41212, 9.09984], [78.377452, 9.07746], [78.239757, 8.965562], [78.217621, 8.938951], [78.182791, 8.877102], [78.177908, 8.86107], [78.17449, 8.79442], [78.170421, 8.771877], [78.16949914531415, 8.769772649574014], [78.172, 8.77], [78.18361687354957, 8.764836945089082], [78.188731, 8.765448], [78.20045, 8.76968], [78.210216, 8.788275], [78.21518, 8.765448], [78.2046, 8.753323], [78.186534, 8.74494], [78.1692, 8.733629], [78.164806, 8.726508], [78.154959, 8.698879], [78.140473, 8.680609], [78.136729, 8.669867], [78.142589, 8.657904], [78.13238866666666, 8.657904], [78.12688567246467, 8.639036591307406], [78.135509, 8.6258], [78.142345, 8.593085], [78.12926241956814, 8.495458601439546], [78.13, 8.493], [78.1287835190234, 8.491884892438117], [78.128266, 8.488023], [78.123302, 8.477525], [78.114594, 8.466132], [78.087169, 8.440497], [78.079845, 8.431952], [78.06442916898564, 8.378951849790544], [78.07, 8.374], [78.06054616938894, 8.370132523840935], [78.055919, 8.363715], [78.038829, 8.360907], [77.999766, 8.344916], [77.96351261694, 8.323147079644986], [77.96, 8.317], [77.941, 8.303], [77.909, 8.288], [77.897, 8.274], [77.878, 8.268], [77.854, 8.255], [77.84745927738395, 8.253461006443283], [77.806163, 8.228664], [77.793468, 8.215318], [77.78465142039265, 8.203477130588979], [77.779, 8.195], [77.77812137076616, 8.194707123588723], [77.768321, 8.181545], [77.752452, 8.173814], [77.73136594169092, 8.170299689296112], [77.719, 8.165], [77.697, 8.164], [77.668, 8.158], [77.6605479671951, 8.158496802186994], [77.643809, 8.155707], [77.595225, 8.138983], [77.56367491826849, 8.116446831727286], [77.56191069711801, 8.108017775119409], [77.565278, 8.082506], [77.5563471410626, 8.0814363406324], [77.555, 8.075], [77.537, 8.074], [77.53162901387049, 8.0784758217746], [77.510916, 8.075995], [77.449718, 8.08747], [77.32662203374986, 8.124443305062478], [77.317, 8.123], [77.306, 8.133], [77.30571811081725, 8.13426850132233], [77.294688, 8.14704], [77.286794, 8.15351], [77.26799459052738, 8.165251352368152], [77.249, 8.17], [77.24265791249067, 8.174077056255994], [77.238943, 8.175116], [77.225271, 8.184394], [77.20068651602438, 8.206656741987809], [77.188, 8.213], [77.171, 8.233], [77.157, 8.245], [77.085, 8.297], [77.026, 8.345], [77.01, 8.352], [77.00427905682723, 8.362011650552345], [76.99586, 8.368109], [76.98931497850387, 8.375302349097161], [76.972, 8.388], [76.97313099241786, 8.393089465880369], [76.962576, 8.40469], [76.90908663410603, 8.479960395561038], [76.885, 8.506], [76.868, 8.53], [76.86292180654105, 8.536463155311388], [76.826508, 8.56981], [76.81840000866382, 8.589769987437467], [76.801, 8.615], [76.78, 8.638], [76.76625477279418, 8.656143699911667], [76.74171, 8.684516], [76.74049854392028, 8.687241630809286], [76.73, 8.699], [76.70288416636983, 8.733346722598217], [76.695649, 8.739814], [76.6676893503953, 8.787261253849397], [76.656, 8.802], [76.65, 8.808], [76.64078398750908, 8.82213121915275], [76.57076206138466, 8.880548822720634], [76.563, 8.883], [76.546, 8.9], [76.54, 8.929], [76.561, 8.926], [76.573, 8.927], [76.57456754926359, 8.928732554449237], [76.572276, 8.931627], [76.573985, 8.942572], [76.582286, 8.956366], [76.593272, 8.968207], [76.603282, 8.973212], [76.64384032635783, 8.968104195814702], [76.647, 8.97], [76.64475735211424, 8.981773901400283], [76.640391, 8.984442], [76.634288, 8.986884], [76.63694292459503, 8.98843739117482], [76.617, 8.98], [76.60781109805572, 8.98918890194428], [76.606456, 8.989407], [76.60476475335751, 8.990203204240226], [76.585, 8.992], [76.585, 8.979], [76.569, 8.955], [76.567, 8.947], [76.55, 8.957], [76.53612413734851, 8.949194827258532], [76.538097, 8.939114], [76.528087, 8.946967], [76.521495, 8.96133], [76.517914, 8.977444], [76.516856, 8.990627], [76.513845, 9.002143], [76.500173, 9.022284], [76.489268, 9.055569], [76.46046, 9.114936], [76.462413, 9.138332], [76.464529, 9.132514], [76.466645, 9.128974], [76.468272, 9.124579], [76.469086, 9.116604], [76.47108450526315, 9.116604], [76.47, 9.119], [76.47647197388692, 9.121157324628973], [76.476248, 9.131252], [76.47894838498212, 9.148079836859345], [76.472, 9.142], [76.46902404545455, 9.151353], [76.462413, 9.151353], [76.45088814493016, 9.18814381366121], [76.444, 9.197], [76.441, 9.215], [76.44111600730857, 9.21708813155407], [76.428233, 9.245347], [76.4260055606439, 9.2456122334166], [76.423, 9.239], [76.43, 9.229], [76.44, 9.202], [76.437, 9.194], [76.416, 9.237], [76.41591048521849, 9.237154616440794], [76.416026, 9.236314], [76.446788, 9.159613], [76.448741, 9.145168], [76.442556, 9.145168], [76.362966, 9.325181], [76.311778, 9.492987], [76.291026, 9.633205], [76.2934490609998, 9.643219577801961], [76.292, 9.658], [76.291, 9.681], [76.286, 9.73], [76.279, 9.773], [76.265, 9.83], [76.265, 9.846], [76.2621951541217, 9.855972785345056], [76.253184, 9.883734], [76.246755, 9.893744], [76.240245, 9.939399], [76.236339, 9.952704], [76.23896518429218, 9.954511410265038], [76.236, 9.964], [76.247, 9.971], [76.267, 9.97], [76.285, 9.961], [76.27, 9.991], [76.27396439351985, 9.996097077382663], [76.269298, 10.016262], [76.27024593262857, 10.0202622021143], [76.27, 10.021], [76.269, 10.034], [76.253, 10.037], [76.24, 10.033], [76.23275656544818, 10.016702272258408], [76.2335446490767, 10.012683026384941], [76.24, 10.003], [76.2385151738914, 9.997060695565613], [76.242686, 9.987454], [76.23727913867474, 9.992116554698926], [76.236, 9.987], [76.22, 10.0], [76.20398801250276, 10.051238359991173], [76.19409740863684, 10.076152393982992], [76.183, 10.099], [76.18445108809368, 10.10045108809368], [76.182384, 10.105658], [76.181163, 10.121161], [76.184906, 10.13581], [76.18482309488905, 10.13813491440358], [76.1798628964543, 10.152113655446986], [76.177745, 10.155341], [76.17769922257894, 10.158211281822986], [76.176, 10.163], [76.168, 10.18], [76.186, 10.182], [76.208, 10.195], [76.2006418069097, 10.199087885050162], [76.184093, 10.189358], [76.18022939085976, 10.190614695429879], [76.171, 10.186], [76.156, 10.184], [76.147, 10.216], [76.14028091705221, 10.255354628694183], [76.138194, 10.261054], [76.13772471504849, 10.263257033616663], [76.132, 10.279], [76.128, 10.3], [76.118, 10.325], [76.111, 10.35], [76.098, 10.377], [76.095, 10.391], [76.0843988523425, 10.413686455987053], [76.070079, 10.432807], [76.065115, 10.449856], [76.06456068060368, 10.456140143508142], [76.045, 10.498], [76.045, 10.507], [76.035, 10.526], [76.04429416614003, 10.52957467928463], [76.03954789091964, 10.534], [76.031, 10.534], [76.023, 10.541], [76.013, 10.56], [76.0124447082294, 10.561469889981014], [76.008067, 10.567084], [76.00498826854832, 10.581207524430928], [75.996, 10.605], [75.976, 10.642], [75.969, 10.665], [75.953, 10.698], [75.95276784314177, 10.698928627432919], [75.939138, 10.72606], [75.9350809918242, 10.742928807321768], [75.93194570441142, 10.751214924055539], [75.926931, 10.757717], [75.922048, 10.76557], [75.921072, 10.775702], [75.92108124613218, 10.775717369276514], [75.92, 10.778], [75.924, 10.785], [75.93287112576476, 10.787772226801486], [75.936534, 10.790717], [75.94158, 10.79621], [75.93342506583804, 10.799698694606004], [75.929, 10.799], [75.912, 10.785], [75.90104179635648, 10.833890447024919], [75.894542, 10.849758], [75.880138, 10.932685], [75.832774, 11.097846], [75.80822009763679, 11.155861676164674], [75.804, 11.162], [75.795, 11.187], [75.785, 11.206], [75.78455572436143, 11.211775583301502], [75.742931, 11.310126], [75.737804, 11.319485], [75.733653, 11.325181], [75.730805, 11.331732], [75.729259, 11.343655], [75.73347744173141, 11.34656767480577], [75.72610532741795, 11.368684017746109], [75.722179, 11.367499], [75.711192, 11.381781], [75.69516, 11.419989], [75.677094, 11.4501], [75.67429881556187, 11.45295091524765], [75.66, 11.464], [75.64958304886069, 11.467787982232478], [75.64870954634002, 11.467830568698343], [75.637, 11.461], [75.63141924766833, 11.468673534456052], [75.630138, 11.468736], [75.616547, 11.473619], [75.608897, 11.484931], [75.606293, 11.505316], [75.600841, 11.523383], [75.581879, 11.549791], [75.585297, 11.563381], [75.530772, 11.693671], [75.506114, 11.72724], [75.50237902627289, 11.731310486863556], [75.501, 11.732], [75.4930627390991, 11.741463657228001], [75.47199579980494, 11.764423042197658], [75.456, 11.772], [75.44934789625418, 11.789105409632107], [75.42778127593586, 11.812609362032076], [75.423, 11.815], [75.41811102309482, 11.823148294841966], [75.41162538914297, 11.830216534067118], [75.383, 11.858], [75.367, 11.851], [75.35944187124124, 11.859187972821996], [75.355805, 11.857652], [75.35255, 11.861558], [75.349376, 11.871975], [75.324555, 11.899115], [75.31887359187746, 11.91021836516227], [75.318, 11.911], [75.31661979894075, 11.914623027780534], [75.307628, 11.932196], [75.30949728669992, 11.932558570333427], [75.301, 11.942], [75.304, 11.95], [75.32967679885665, 11.935186462198086], [75.33006891015687, 11.935103365235305], [75.336, 11.944], [75.315, 11.951], [75.305, 11.96], [75.30213713511914, 11.96620287390854], [75.290375, 11.981106], [75.2861756270883, 11.989149710574633], [75.28, 11.992], [75.29, 11.97], [75.305, 11.954], [75.293, 11.952], [75.286, 11.957], [75.265, 11.991], [75.26313690848103, 11.992863091518965], [75.276703, 11.967434], [75.245616, 12.002916], [75.239268, 12.008368], [75.233246, 12.010484], [75.22822407517926, 12.015060969341082], [75.22, 12.01], [75.20809229743658, 12.00940461487183], [75.208507, 12.008368], [75.20743850769792, 12.009371925384896], [75.2, 12.009], [75.19379048063848, 12.022195228643234], [75.193696, 12.022284], [75.19346229654153, 12.022892619849273], [75.168, 12.077], [75.136, 12.154], [75.132, 12.169], [75.12, 12.195], [75.128, 12.211], [75.118, 12.211], [75.112, 12.218], [75.10908187088096, 12.225052145371004], [75.105479, 12.221259], [75.10605924880117, 12.23235681539714], [75.1, 12.247], [75.082, 12.297], [75.06054708037253, 12.343568532849869], [75.03247751107453, 12.390971451873192], [75.029, 12.393], [75.02339819447826, 12.406304288114125], [75.01907614906398, 12.413603209113353], [75.015, 12.417], [74.996, 12.456], [74.99583121446108, 12.45819421200602], [74.992035, 12.461737], [74.98878, 12.471381], [74.985362, 12.49136], [74.98347739391787, 12.494782484845409], [74.978, 12.494], [74.966, 12.518], [74.96328385465327, 12.525954425658261], [74.955251, 12.537258], [74.8924482154828, 12.69362365881891], [74.884, 12.707], [74.88, 12.721], [74.87374098773483, 12.736271989926989], [74.870128, 12.742865], [74.855724, 12.759426], [74.854259, 12.765286], [74.85464476013308, 12.782461811826996], [74.845, 12.795], [74.83899718881617, 12.812341454531085], [74.834972, 12.815823], [74.827647, 12.824652], [74.824962, 12.838202], [74.83968538150702, 12.831134799144298], [74.84, 12.832], [74.868, 12.832], [74.867, 12.841], [74.846, 12.839], [74.832, 12.85], [74.83150898517574, 12.859820296485031], [74.817556, 12.861762], [74.770274, 13.052436], [74.77602900632425, 13.066591154465383], [74.775, 13.074], [74.762, 13.116], [74.7629481153161, 13.118844345948318], [74.76256636405701, 13.127624264084032], [74.75451968881389, 13.159191990037833], [74.75294, 13.160386], [74.74879, 13.170844], [74.745564004899, 13.185683988569009], [74.742, 13.194], [74.735, 13.221], [74.731, 13.248], [74.727, 13.263], [74.719, 13.28], [74.718, 13.302], [74.709, 13.333], [74.695, 13.343], [74.69433739458383, 13.37016682206319], [74.689464, 13.381578], [74.69432855635503, 13.392542465230884], [74.69437180321125, 13.393666883492646], [74.687511, 13.410346], [74.68336, 13.442816], [74.680919, 13.468248], [74.690766, 13.439114], [74.693696, 13.415269], [74.708263, 13.413031], [74.701915, 13.420356], [74.70201646194768, 13.424983538052318], [74.702, 13.425], [74.70201961891539, 13.42512752294998], [74.70238289919747, 13.441696230405773], [74.697, 13.454], [74.69, 13.461], [74.68465342458897, 13.506445890993778], [74.677094, 13.52676], [74.677989, 13.54914], [74.67227910868874, 13.596614731929373], [74.671, 13.605], [74.67166852288413, 13.605891363845497], [74.673513, 13.619086], [74.669932, 13.622016], [74.667979, 13.625149], [74.667166, 13.628607], [74.666677, 13.632758], [74.672862, 13.628892], [74.677094, 13.630316], [74.67725894943908, 13.630705252804608], [74.677, 13.632], [74.67812559900203, 13.632750399334686], [74.679698, 13.636461], [74.680919, 13.646959], [74.687185, 13.646959], [74.696788, 13.640448], [74.709972, 13.64057], [74.71638885443429, 13.642891552439181], [74.699, 13.652], [74.68, 13.65], [74.68, 13.679], [74.674, 13.675], [74.669, 13.662], [74.675, 13.648], [74.665, 13.637], [74.66, 13.656], [74.65, 13.664], [74.644, 13.682], [74.63764070030841, 13.72413036045676], [74.623057, 13.774156], [74.61485634514513, 13.833614865951711], [74.61382669480543, 13.836998002782185], [74.595958, 13.871487], [74.583995, 13.903876], [74.550792, 13.945502], [74.5442615289008, 13.956552206338579], [74.518, 13.98], [74.513, 13.987], [74.51031288570435, 14.003122685773883], [74.504731, 14.01024], [74.495372, 14.030585], [74.494802, 14.040717], [74.49606553027884, 14.058650505179472], [74.493, 14.075], [74.49, 14.081], [74.48967952650933, 14.08273055684953], [74.479177, 14.095649], [74.474864, 14.105699], [74.473155, 14.161689], [74.467459, 14.181383], [74.45684728603288, 14.195691895988045], [74.456, 14.196], [74.45534144021717, 14.19772238712432], [74.438731, 14.22012], [74.429047, 14.240424], [74.43233172258242, 14.25790164863063], [74.43, 14.264], [74.437, 14.264], [74.44779341332507, 14.253806220748546], [74.46442453780375, 14.25014151260125], [74.473, 14.253], [74.48175296594287, 14.248137241142848], [74.49352040071983, 14.247536721295706], [74.496, 14.252], [74.48746190342064, 14.262245715895238], [74.45380780824533, 14.27373644238902], [74.442, 14.272], [74.439, 14.278], [74.422, 14.286], [74.41776813100348, 14.297755191656982], [74.415375, 14.301093], [74.41512071197097, 14.305109133413954], [74.413, 14.311], [74.41, 14.34], [74.40355797965533, 14.363007215516703], [74.396983, 14.372748], [74.394379, 14.384914], [74.394216, 14.410793], [74.39318962264154, 14.414367924528193], [74.393, 14.415], [74.387, 14.414], [74.38405865017721, 14.427866363450313], [74.381602, 14.43122], [74.37639353932329, 14.456857659183004], [74.36903175858102, 14.47697985987855], [74.35907483588053, 14.49540645514933], [74.353, 14.503], [74.35390078251642, 14.50498172153613], [74.353852, 14.505072], [74.35261880983879, 14.520950665122385], [74.327, 14.513], [74.3122176996737, 14.519086829546124], [74.309825, 14.519436], [74.300548, 14.527411], [74.303559, 14.537665], [74.295909, 14.565009], [74.29539378456104, 14.580703363193766], [74.292, 14.588], [74.29543764768682, 14.587618039145907], [74.3037410786738, 14.59752678651931], [74.29, 14.596], [74.278, 14.608], [74.27729472964774, 14.609645630821978], [74.27589, 14.610175], [74.268077, 14.61994], [74.266856, 14.631293], [74.276215, 14.640082], [74.269216, 14.658922], [74.26323455699202, 14.701318531609587], [74.261, 14.704], [74.261, 14.70531487419544], [74.25294, 14.71894], [74.23406, 14.734076], [74.22625605600136, 14.736389619600478], [74.208, 14.73], [74.208, 14.717], [74.19831904704, 14.72022698432], [74.194347, 14.715806], [74.19074575106981, 14.722751416310064], [74.19, 14.723], [74.19010885934571, 14.723979734111467], [74.180675, 14.742174], [74.17786192158611, 14.745371839724156], [74.157, 14.749], [74.15696960227696, 14.749136789753685], [74.153331, 14.749945], [74.146495, 14.761868], [74.145844, 14.763617], [74.111339, 14.780341], [74.096446, 14.793362], [74.09620459300714, 14.794212645354591], [74.094, 14.795], [74.09568659725092, 14.796037906000569], [74.091319, 14.811428], [74.109141, 14.802639], [74.114024, 14.808417], [74.114268, 14.82095], [74.118663, 14.831855], [74.125, 14.835381137647408], [74.125, 14.836], [74.1257518649319, 14.835799502684829], [74.128754, 14.83747], [74.140473, 14.838772], [74.14694565140994, 14.836630434273292], [74.167, 14.85], [74.162, 14.86], [74.152, 14.856], [74.139, 14.845], [74.118, 14.839], [74.111, 14.846], [74.11045867111432, 14.847849540359414], [74.103038, 14.85692], [74.091156, 14.8876], [74.081065, 14.893988], [74.077159, 14.898383], [74.0649907146938, 14.905152417645203], [74.064, 14.905], [74.044, 14.913], [74.04298599918987, 14.917394003510582], [74.035981, 14.921291], [74.030284, 14.935207], [74.031016, 14.949774], [74.035981, 14.979641], [74.031261, 14.995307], [74.020193, 15.001776], [74.006847, 15.004869], [73.995779, 15.010688], [73.99218246409194, 15.017977191988509], [73.992, 15.018], [73.992, 15.018346996664755], [73.97588800963923, 15.05100158264939], [73.97226163537421, 15.057529056326421], [73.97044228023037, 15.05916828982722], [73.96241979420556, 15.065185154345826], [73.913097, 15.078925], [73.92180061436497, 15.105599180846706], [73.92, 15.108], [73.92403572349649, 15.110825006447545], [73.928966, 15.120592], [73.937022, 15.130439], [73.94501243554868, 15.135214602810152], [73.951, 15.151], [73.946, 15.154], [73.935, 15.196], [73.935, 15.2008206214435], [73.91865048407068, 15.254075908528078], [73.913, 15.27], [73.91167150288142, 15.276808547732754], [73.89290609976578, 15.337933105456726], [73.88752202978182, 15.34843204192544], [73.882579, 15.355292], [73.869477, 15.359565], [73.8501166066338, 15.360049974271627], [73.843, 15.357], [73.83719163108933, 15.362808368910681], [73.827403, 15.36518], [73.81421166414223, 15.374805145695843], [73.807, 15.377], [73.807, 15.38133144872214], [73.79547361060217, 15.394034068717264], [73.79, 15.395], [73.78758514947565, 15.402727521677951], [73.782888, 15.407904], [73.78603479592863, 15.407688653028362], [73.785, 15.411], [73.797, 15.413], [73.80168014546358, 15.40661798345875], [73.839366, 15.404039], [73.848399, 15.404486], [73.860118, 15.407864], [73.871918, 15.401842], [73.88289152906634, 15.398618457362819], [73.886, 15.4], [73.888, 15.417], [73.883, 15.43], [73.864, 15.428], [73.86174298309632, 15.434771050711028], [73.858572, 15.435207], [73.854177, 15.4383], [73.846853, 15.447089], [73.84555237593985, 15.447529097744361], [73.841, 15.445], [73.83130875645756, 15.449845621771217], [73.81735321084236, 15.4511611487689], [73.804, 15.45], [73.80372351246957, 15.451382437652157], [73.796397, 15.448879], [73.795177, 15.460761], [73.800466, 15.475002], [73.808849, 15.488023], [73.80973480724816, 15.48890056670755], [73.81, 15.495], [73.79362727926258, 15.498118613473794], [73.786388, 15.492174], [73.78610523403327, 15.492245546077646], [73.786, 15.492], [73.77, 15.49], [73.7679915560551, 15.496828709412656], [73.766287, 15.49726], [73.751231, 15.513129], [73.756114, 15.537584], [73.741222, 15.559963], [73.736827, 15.571723], [73.73537168989624, 15.58388493031128], [73.734, 15.588], [73.735, 15.604], [73.74251504629419, 15.604884123093434], [73.746593, 15.608385], [73.748709, 15.616767], [73.760427, 15.632025], [73.77308689230972, 15.63661483956256], [73.783, 15.647], [73.776, 15.65], [73.764, 15.636], [73.75, 15.629], [73.734, 15.615], [73.73004109225253, 15.62152055393699], [73.728282, 15.619574], [73.718272, 15.627143], [73.707042, 15.643704], [73.697927, 15.662828], [73.690766, 15.693793], [73.685883, 15.704291], [73.686778, 15.713121], [73.700857, 15.723212], [73.6944362384326, 15.723948990746084], [73.687, 15.718], [73.67866868676929, 15.72577589234866], [73.672374, 15.726508], [73.656016, 15.730292], [73.646251, 15.736884], [73.643565, 15.749091], [73.646251, 15.792141], [73.64048724391164, 15.811647960080327], [73.639, 15.813], [73.639, 15.816681415203915], [73.638845, 15.817206], [73.61951716176948, 15.853193135292209], [73.615, 15.855], [73.6060525945438, 15.878263254186095], [73.604666, 15.880845], [73.587576, 15.902899], [73.57914839463604, 15.909553318909166], [73.573, 15.911], [73.567, 15.919], [73.549, 15.93], [73.543, 15.936], [73.531, 15.933], [73.526, 15.939], [73.511, 15.938], [73.504, 15.956], [73.509, 15.962], [73.509, 15.969088171660134], [73.50542390153876, 15.973927170461627], [73.499, 15.972], [73.487, 15.988], [73.489577845526, 16.001404796735216], [73.487315, 16.014228], [73.4917025058187, 16.014713986035144], [73.48633040053441, 16.027607038717417], [73.483897, 16.028225], [73.472504, 16.036363], [73.46811, 16.048489], [73.464854, 16.051663], [73.45753, 16.054185], [73.450369, 16.058905], [73.447032, 16.068915], [73.452973, 16.074164], [73.45753, 16.079535], [73.460704, 16.08633], [73.460704, 16.122201142857147], [73.46, 16.122], [73.45029146332914, 16.154361788902833], [73.448009, 16.143297], [73.447032, 16.113593], [73.440196, 16.162014], [73.440196, 16.196980799999988], [73.44, 16.198], [73.440196, 16.19810553846154], [73.440196, 16.202338], [73.43959987495576, 16.204199749911524], [73.438, 16.201], [73.42687669502163, 16.215831073304482], [73.425955, 16.215155], [73.419688, 16.216702], [73.413585, 16.223944], [73.410411, 16.230455], [73.406098, 16.2508], [73.378673, 16.332709], [73.377778, 16.337958], [73.378673, 16.35692], [73.375662, 16.360256], [73.37146850227806, 16.362], [73.37, 16.362], [73.37020944729537, 16.362523618238384], [73.358246, 16.367499], [73.359386, 16.380601], [73.364431, 16.389309], [73.373057, 16.395657], [73.37380020840972, 16.396028541655756], [73.367, 16.397], [73.36531077739764, 16.409950706618094], [73.352061, 16.418118], [73.341319, 16.432074], [73.333995, 16.468166], [73.319184, 16.509752], [73.313813, 16.518297], [73.305837, 16.52265], [73.302989, 16.533026], [73.303722, 16.555569], [73.307302, 16.563178], [73.314952, 16.557603], [73.321951, 16.548489], [73.32216688340304, 16.548000260083654], [73.328, 16.555], [73.338, 16.557], [73.349, 16.538], [73.348, 16.528], [73.362, 16.524], [73.36033921992768, 16.527170580138055], [73.356212, 16.530748], [73.350841, 16.538153], [73.3529822026701, 16.541215794902516], [73.351, 16.545], [73.359, 16.55], [73.35437745089808, 16.55963031062899], [73.354015, 16.559638], [73.336436, 16.565619], [73.322765, 16.576158], [73.317231, 16.590277], [73.316091, 16.598293], [73.314626, 16.599433], [73.316091, 16.600043], [73.323497, 16.606431], [73.326996, 16.607123], [73.351559464809, 16.617773718341184], [73.353, 16.62], [73.36694917593057, 16.626277129168756], [73.366466, 16.628079], [73.36275162512547, 16.630084525092002], [73.349, 16.62], [73.342, 16.632], [73.34167945004945, 16.63220741467388], [73.338878, 16.631659], [73.323497, 16.620673], [73.312185, 16.644721], [73.310557, 16.651435], [73.312511, 16.658393], [73.321462, 16.670844], [73.323497, 16.679104], [73.321625, 16.69245], [73.31658, 16.699897], [73.300304, 16.713202], [73.289561, 16.74022], [73.295258, 16.768052], [73.304454, 16.793524], [73.30386282343062, 16.80936381701542], [73.301, 16.81], [73.30096444126752, 16.81011683583528], [73.296886, 16.80565], [73.286632, 16.820868], [73.274669, 16.848822], [73.269379, 16.875637], [73.279552, 16.887641], [73.279063, 16.891913], [73.269379, 16.929185], [73.270518, 16.945014], [73.274913, 16.958645], [73.289399, 16.983832], [73.26238, 16.996975], [73.254568, 17.006741], [73.262706, 17.018541], [73.26110474880694, 17.020443105011985], [73.259, 17.02], [73.25877027145471, 17.023216199634057], [73.251231, 17.032172], [73.251475, 17.042426], [73.2573053625641, 17.0437249241027], [73.257, 17.048], [73.266, 17.048], [73.27271704908728, 17.041282950912727], [73.277354, 17.054674], [73.275727, 17.078599], [73.267426, 17.101386], [73.255138, 17.120998], [73.261974, 17.134955], [73.26059, 17.150539], [73.255138, 17.165188], [73.236176, 17.199205], [73.236013, 17.220608], [73.218028, 17.253241], [73.214854, 17.268744], [73.21272557091112, 17.272433587071607], [73.205, 17.269], [73.20415887647287, 17.282457976434014], [73.193126, 17.294013], [73.19308279945709, 17.294097667119086], [73.192, 17.295], [73.19241211545912, 17.295412115459133], [73.187022, 17.305976], [73.19809656321256, 17.301096563212568], [73.201, 17.304], [73.225, 17.298], [73.22799813367399, 17.28101057584738], [73.22801426894084, 17.281001902525446], [73.243, 17.283], [73.24301489403753, 17.282974467364223], [73.249034, 17.284857], [73.24296272324352, 17.29225672619827], [73.242, 17.292], [73.24211243992063, 17.293293059087173], [73.234711, 17.302314], [73.2221353343277, 17.325967877883905], [73.221, 17.327], [73.22140035786512, 17.327350313131983], [73.207367, 17.353746], [73.195974, 17.369371], [73.170584, 17.389716], [73.166515, 17.402167], [73.165294, 17.413031], [73.177094, 17.426663], [73.185395, 17.441881], [73.17335, 17.457424], [73.180675, 17.477688], [73.165538, 17.503404], [73.131684, 17.539374], [73.125987, 17.556545], [73.12794, 17.564683], [73.136404, 17.567206], [73.149425, 17.567288], [73.163422, 17.569485], [73.16513020311162, 17.570264489121122], [73.182, 17.582], [73.157, 17.59], [73.15049698105847, 17.596845283096354], [73.139171, 17.600775], [73.128184, 17.611558], [73.121349, 17.62641], [73.120291, 17.642035], [73.12615, 17.655422], [73.118907, 17.663479], [73.110525, 17.675727], [73.105479, 17.68891], [73.108165, 17.699774], [73.117361, 17.711249], [73.12322, 17.723334], [73.123302, 17.735785], [73.115001, 17.748196], [73.109874, 17.758287], [73.106619, 17.785549], [73.101329, 17.796332], [73.08546, 17.813666], [73.079438, 17.824612], [73.073741, 17.857123], [73.065196, 17.878363], [73.018565, 17.951728], [73.0171, 17.972113], [73.02943977730807, 17.9854124104732], [73.026, 17.987], [73.02387902479765, 17.992302438005854], [73.018891, 17.992499], [73.008637, 18.00023], [73.005219, 18.012356], [73.00636299707375, 18.016697502438536], [73.006, 18.017], [73.00656727027578, 18.01747272522982], [73.0088, 18.025946], [73.01610165503499, 18.03269503489503], [73.01219226078908, 18.044423217632744], [73.0088, 18.039008], [73.00353326697802, 18.048], [72.999, 18.048], [72.992, 18.059], [72.993153455109, 18.060441818886236], [72.987315, 18.066555], [72.980968, 18.080552], [72.983165, 18.081732], [72.986664, 18.087714], [72.988129, 18.096015], [72.98520678766599, 18.102844909250507], [72.981, 18.106], [72.97950640315031, 18.110480790549065], [72.978363, 18.111884], [72.976085, 18.118638], [72.97572178683926, 18.1218346394822], [72.973, 18.13], [72.97463479532749, 18.13140125313784], [72.967296, 18.19599], [72.95569328323403, 18.2160485076209], [72.95002448236046, 18.2186252352907], [72.926931, 18.223944], [72.935232, 18.244778], [72.939952, 18.251288], [72.934825, 18.25788], [72.933279, 18.266588], [72.935069, 18.276313], [72.939952, 18.286038], [72.94827975536167, 18.28305595107233], [72.953, 18.284], [72.967, 18.279], [72.974, 18.267], [72.975, 18.246], [72.98253976324526, 18.24422593805994], [72.995128, 18.245063], [72.99846684976191, 18.244694520734132], [73.004, 18.247], [73.021, 18.243], [73.03195961021243, 18.237976845319302], [73.0324, 18.23786], [73.03324267681826, 18.23738877312496], [73.069, 18.221], [73.07186074215316, 18.206696289234202], [73.073985, 18.224189], [73.06830173563307, 18.24596712284399], [73.064, 18.25], [73.062, 18.257], [73.069, 18.271], [73.053, 18.28], [73.05228588943248, 18.28142822113503], [73.04845469033873, 18.281817964491903], [73.055, 18.272], [73.052, 18.266], [73.032, 18.265], [73.023, 18.27], [73.023, 18.28], [73.02259163638611, 18.28025522725868], [73.012462, 18.279202], [72.994884, 18.283596], [72.99407276171488, 18.284128031738117], [72.991, 18.284], [72.98477281434741, 18.290227185652594], [72.977387, 18.295071], [72.9769742775453, 18.29575643061368], [72.972, 18.297], [72.967, 18.31], [72.95337729444655, 18.331407108726857], [72.950857, 18.332953], [72.94831127043305, 18.336195179086218], [72.934, 18.349], [72.921, 18.347], [72.91786133910907, 18.3564159826728], [72.917328, 18.356391], [72.912608, 18.361151], [72.909841, 18.368069], [72.910167, 18.372504], [72.911632, 18.377346], [72.912608, 18.385647], [72.910167, 18.399237], [72.904307, 18.408515], [72.897227, 18.417304], [72.891449, 18.429389], [72.889659, 18.441311], [72.891449, 18.480902], [72.895763, 18.502997], [72.907237, 18.523586], [72.91282090696, 18.527447860320006], [72.913, 18.529], [72.91698657337466, 18.530328857791552], [72.924653, 18.535631], [72.930392219635, 18.534797406544996], [72.937, 18.537], [72.958, 18.539], [72.969, 18.529], [72.975, 18.499], [72.988, 18.49], [72.9882459152481, 18.491229576240503], [72.980968, 18.508857], [72.98068671145525, 18.510244617399223], [72.98, 18.511], [72.971, 18.537], [72.962, 18.543], [72.944, 18.545], [72.93, 18.54], [72.92211986979845, 18.55505980438519], [72.921153, 18.554877], [72.910167, 18.558987], [72.905772, 18.577135], [72.88943967800972, 18.617515282025884], [72.885, 18.626], [72.88535740981713, 18.627608344177105], [72.882172, 18.635484], [72.88075547910022, 18.636561130224948], [72.871, 18.639], [72.86635919430687, 18.647508143770736], [72.864513, 18.648912], [72.855317, 18.681138], [72.851736, 18.719672], [72.852387, 18.769924], [72.856944, 18.7862], [72.865571, 18.799384], [72.879161, 18.807359], [72.887055, 18.807034], [72.89594005104432, 18.802567146503165], [72.902, 18.803], [72.90404072065344, 18.799598798910946], [72.912608, 18.799994], [72.926931, 18.826646], [72.93518059336134, 18.82001289952581], [72.949, 18.821], [72.955, 18.807], [72.974, 18.789], [72.99253319065123, 18.78105720400662], [72.99507424131527, 18.786283839123154], [72.982, 18.795], [72.99, 18.8], [72.985, 18.816], [72.98813097800043, 18.82487110433456], [72.987966, 18.824937], [72.981293, 18.832709], [72.974783, 18.848334], [72.976085, 18.854397], [72.97776974997547, 18.85851548219017], [72.977, 18.86], [72.952, 18.845], [72.924, 18.853], [72.925, 18.86], [72.92034500081948, 18.86884449844298], [72.91627, 18.87051], [72.896821, 18.894477], [72.912608, 18.923489], [72.928071, 18.911363], [72.934581, 18.920803], [72.936778, 18.947414], [72.949229, 18.951483], [72.96064701978194, 18.948661754945487], [72.97, 18.951], [72.971, 18.958], [72.955, 18.963], [72.95560985714286, 18.964423], [72.953624, 18.964423], [72.953624, 18.971259], [72.968272, 18.972602], [72.992035, 18.982489], [73.03130970514269, 18.992881351313915], [73.035, 19.001], [73.008, 18.998], [73.00389300921167, 19.005757649266855], [72.988292, 18.998603], [72.983572, 19.010443], [72.987804, 19.036933], [72.980968, 19.046373], [72.99152913667962, 19.066549080737865], [72.985, 19.068], [72.98724935475579, 19.072498709511567], [72.985688, 19.074286], [72.973806, 19.078559], [72.967296, 19.09101], [72.97258021719011, 19.14187032578517], [72.966, 19.132], [72.965, 19.123], [72.953, 19.106], [72.95, 19.09], [72.961, 19.06], [72.96, 19.041], [72.946, 19.026], [72.936, 19.025], [72.927, 19.01], [72.914, 18.997], [72.89753555186948, 18.997784021339548], [72.891449, 18.991767], [72.891449, 19.00052037500001], [72.885, 19.011], [72.866, 19.006], [72.858, 18.993], [72.862, 18.981], [72.85, 18.97], [72.846, 18.927], [72.837, 18.927], [72.83, 18.909], [72.82164603991397, 18.904126856616482], [72.8213, 18.903306], [72.81593739242301, 18.899731131665312], [72.808, 18.891], [72.804, 18.906], [72.80511992087364, 18.906808831742072], [72.802745, 18.909817], [72.802013, 18.920478], [72.805349, 18.930976], [72.807384, 18.942816], [72.80590531906375, 18.947524255250997], [72.799, 18.942], [72.79, 18.947], [72.799, 18.957], [72.79923480000001, 18.957587], [72.795909, 18.957587], [72.792328, 18.951239], [72.788259, 18.946519], [72.775401, 18.93651], [72.770356, 18.948188], [72.776052, 18.959703], [72.795909, 18.984931], [72.802419, 18.999661], [72.804942, 19.011054], [72.802745, 19.040188], [72.812999, 19.035549], [72.817068, 19.032701], [72.821788, 19.041978], [72.822, 19.042981634576016], [72.822, 19.06087318607031], [72.8213, 19.063178], [72.809581, 19.06684], [72.821951, 19.097113], [72.82309, 19.108466], [72.82225978858051, 19.112850528548723], [72.817, 19.126], [72.805, 19.141], [72.789, 19.13], [72.79, 19.146], [72.7875519996341, 19.150406400658618], [72.784923, 19.150377], [72.781586, 19.159654], [72.783376, 19.168647], [72.7955238086981, 19.19593939446484], [72.786, 19.202], [72.78191945248243, 19.210569149786892], [72.775401, 19.204657], [72.772227, 19.265123], [72.775645, 19.299018], [72.785411, 19.31391], [72.839366, 19.319078], [72.867035, 19.316799], [72.87714905190239, 19.305437800201442], [72.8936709693263, 19.293179603403072], [72.900564, 19.290758], [72.904412288211, 19.290216384281333], [72.905, 19.291], [72.892, 19.303], [72.88746500680772, 19.314013554895535], [72.883556, 19.316392], [72.85697404956015, 19.33814780008378], [72.842, 19.341], [72.834, 19.339], [72.82, 19.325], [72.813, 19.324], [72.796, 19.335], [72.785, 19.347], [72.777, 19.348], [72.771, 19.363], [72.759, 19.372], [72.759, 19.38], [72.76178084371936, 19.38417126557905], [72.759776, 19.388983], [72.74822, 19.444241], [72.74785782419502, 19.450453244718595], [72.746, 19.454], [72.746, 19.464], [72.74702460082865, 19.464745164239027], [72.746837, 19.467963], [72.754405, 19.481757], [72.769216, 19.490465], [72.81072341313642, 19.506287235522738], [72.809, 19.506], [72.763, 19.506], [72.745, 19.514], [72.74439112922333, 19.514747250498644], [72.741547, 19.516018], [72.722504, 19.536282], [72.710785, 19.587592], [72.718028, 19.606676], [72.709646, 19.64997], [72.686697, 19.724799], [72.694102, 19.720201], [72.699962, 19.714179], [72.7046, 19.706529], [72.707774, 19.697455], [72.7113159263858, 19.699040466296967], [72.712, 19.704], [72.695, 19.726], [72.696, 19.736], [72.68841877833465, 19.748635369442244], [72.677908, 19.746568], [72.675792, 19.764146], [72.679861, 19.800482], [72.672862, 19.812812], [72.66727426477408, 19.81996624328451], [72.665, 19.821], [72.655, 19.833], [72.65570934443167, 19.834773361079183], [72.650076, 19.841986], [72.649181, 19.851996], [72.65919, 19.866441], [72.664236, 19.881578], [72.666189, 19.916571], [72.662771, 19.941799], [72.665212, 19.952948], [72.676443, 19.957506], [72.684337, 19.964016], [72.694509, 19.979315], [72.70338, 19.997626], [72.707774, 20.012763], [72.707774, 20.071112], [72.710297, 20.082913], [72.728282, 20.129462], [72.734548, 20.173529], [72.737641, 20.184272], [72.74636955886005, 20.195885845725172], [72.748, 20.202], [72.74572208857401, 20.219084335694912], [72.744395, 20.219387], [72.741954, 20.225043], [72.741954, 20.245551], [72.74214133241216, 20.245940006908803], [72.742, 20.247], [72.74314966255365, 20.248609527575095], [72.74822, 20.280341], [72.756602, 20.295966], [72.767833, 20.311957], [72.77554072610539, 20.326368792295572], [72.777, 20.336], [72.77904007515814, 20.338380087684488], [72.781586, 20.352281], [72.786794, 20.35224], [72.798188, 20.35932], [72.810313, 20.368842], [72.817068, 20.375922], [72.820811, 20.386135], [72.82309, 20.416815], [72.8281338007132, 20.433595092511382], [72.828, 20.435], [72.82905388923785, 20.436656111659488], [72.829438, 20.437934], [72.840017, 20.458726], [72.879161, 20.512437], [72.886485, 20.531562], [72.88770175992434, 20.538140478259677], [72.888, 20.545], [72.88977745780376, 20.549362850972866], [72.890391, 20.55268], [72.891449, 20.575141], [72.890636, 20.587063], [72.886241, 20.608466], [72.885265, 20.619208], [72.888438, 20.628485], [72.89115759262191, 20.63106382139164], [72.888, 20.648], [72.881, 20.656], [72.855, 20.715], [72.847, 20.744], [72.861, 20.737], [72.877, 20.735], [72.897, 20.739], [72.922, 20.75], [72.902, 20.753], [72.894, 20.744], [72.873, 20.744], [72.857, 20.752], [72.85, 20.759], [72.845, 20.801], [72.838, 20.792], [72.83, 20.799], [72.83, 20.816], [72.817, 20.842], [72.8, 20.884], [72.783, 20.915], [72.786, 20.92], [72.802, 20.92], [72.813, 20.931], [72.824, 20.95], [72.826, 20.962], [72.804, 20.95], [72.796, 20.943], [72.775, 20.942], [72.764, 20.93], [72.757, 20.93], [72.743, 20.976], [72.734, 20.998], [72.735, 21.007], [72.726, 21.034], [72.728, 21.054], [72.742, 21.043], [72.777, 21.046], [72.781, 21.055], [72.796, 21.058], [72.8, 21.069], [72.81, 21.077], [72.816, 21.089], [72.799, 21.085], [72.793, 21.071], [72.778, 21.065], [72.763, 21.065], [72.752, 21.081], [72.739, 21.077], [72.715, 21.08], [72.71409380878045, 21.080792917317112], [72.700369, 21.074774], [72.70457420110137, 21.099128994493153], [72.704, 21.102], [72.7055022097587, 21.10450368293118], [72.705821, 21.10635], [72.71, 21.11297625417514], [72.71, 21.131], [72.719, 21.14], [72.72510583753807, 21.14], [72.72687573749457, 21.144], [72.721, 21.144], [72.696, 21.151], [72.68584167206905, 21.15777221862063], [72.676443, 21.153632], [72.672699, 21.145738], [72.671886, 21.134426], [72.673025, 21.112616], [72.671235, 21.099799], [72.666352, 21.097398], [72.65920876156584, 21.097588486358244], [72.644, 21.079], [72.635, 21.084], [72.63289601486865, 21.086945579183897], [72.629649, 21.087958], [72.615001, 21.105862], [72.615489, 21.119818], [72.62258598120322, 21.127515887219282], [72.625, 21.142], [72.621, 21.158], [72.637, 21.181], [72.638, 21.207], [72.654, 21.209], [72.662, 21.226], [72.674, 21.219], [72.679, 21.204], [72.702, 21.2], [72.702, 21.213], [72.682, 21.223], [72.677, 21.22], [72.662, 21.232], [72.65, 21.23], [72.64, 21.235], [72.62263753233279, 21.25693153810594], [72.618419, 21.252916], [72.60613, 21.266588], [72.602061, 21.277655], [72.597911, 21.307563], [72.588634, 21.331977], [72.586762, 21.341213], [72.590505, 21.348538], [72.603201, 21.352729], [72.63852, 21.357164], [72.645763, 21.362779], [72.638682, 21.371243], [72.623383, 21.370266], [72.594086, 21.362779], [72.578868, 21.367011], [72.567638, 21.37641], [72.564626, 21.38581], [72.573741, 21.390082], [72.635102, 21.407457], [72.672862, 21.428127], [72.676443, 21.431627], [72.69853418058435, 21.44619237474088], [72.697, 21.46], [72.716, 21.461], [72.7275777123521, 21.465341642132035], [72.728282, 21.465806], [72.72847033210138, 21.465676374538017], [72.732, 21.467], [72.73151185060748, 21.46358295425234], [72.747081, 21.452867], [72.74968043242124, 21.457893477473746], [72.744, 21.456], [72.743, 21.474], [72.728, 21.478], [72.713, 21.47], [72.695, 21.468], [72.688, 21.46], [72.672, 21.451], [72.652, 21.445], [72.64982286861853, 21.44697921034679], [72.612478, 21.421861], [72.583669, 21.417426], [72.589854, 21.432766], [72.61964, 21.487372], [72.635102, 21.499335], [72.651052, 21.507025], [72.690115, 21.540676], [72.703949, 21.548407], [72.726817, 21.553168], [72.74093890868193, 21.56011085100735], [72.747, 21.57], [72.759, 21.575], [72.777, 21.598], [72.78801228614383, 21.594522435954584], [72.789073, 21.595526], [72.810395, 21.635077], [72.82309, 21.643948], [72.83303653573178, 21.64443050503458], [72.829, 21.66], [72.843, 21.671], [72.894, 21.663], [72.916, 21.667], [72.927, 21.673], [72.918, 21.681], [72.885, 21.69], [72.858, 21.688], [72.823, 21.669], [72.797, 21.664], [72.784, 21.664], [72.759, 21.672], [72.74935023857172, 21.685670495356728], [72.733246, 21.687486], [72.7315904071797, 21.68721322051291], [72.715, 21.68], [72.70561366541328, 21.682933229558348], [72.676443, 21.678127], [72.653005, 21.680569], [72.64915871432632, 21.681435297819448], [72.60807302160245, 21.682828033166018], [72.58988228541237, 21.676851071287054], [72.571, 21.668], [72.555, 21.659], [72.537, 21.663], [72.528, 21.673], [72.527, 21.711], [72.536, 21.732], [72.54303972902163, 21.736969220485857], [72.550141, 21.751939], [72.556326, 21.774319], [72.562755, 21.839423], [72.566905, 21.849351], [72.58546, 21.858873], [72.598806, 21.881008], [72.618419, 21.925116], [72.634044, 21.937486], [72.64633836865511, 21.939922960818883], [72.652, 21.947], [72.679, 21.955], [72.686, 21.944], [72.69270066268257, 21.94064966865872], [72.702322, 21.947577], [72.70611305456173, 21.963292598166365], [72.698, 21.971], [72.677, 21.964], [72.654, 21.962], [72.647, 21.965], [72.62, 21.953], [72.594, 21.933], [72.58477731040742, 21.93036494583069], [72.581798, 21.928168], [72.57587277221951, 21.924872772219516], [72.569, 21.918], [72.55, 21.907], [72.537, 21.896], [72.522, 21.904], [72.514, 21.914], [72.507, 21.943], [72.513, 21.949], [72.51198302333238, 21.95449167400522], [72.507091, 21.962307], [72.50172, 21.97602], [72.504568, 21.994208], [72.51571780612845, 22.02628219387156], [72.515, 22.027], [72.518, 22.041], [72.52059297481796, 22.046185949635923], [72.522227, 22.054267], [72.521495, 22.066148], [72.519542, 22.077541], [72.519542, 22.088446], [72.53004, 22.107489], [72.533376, 22.118557], [72.535899, 22.14053], [72.542166, 22.156724], [72.557384, 22.176663], [72.57545, 22.194525], [72.57792220947408, 22.196249060263593], [72.586, 22.205], [72.601, 22.213], [72.616, 22.216], [72.646, 22.216], [72.671, 22.2], [72.678, 22.199], [72.70035604787144, 22.185027470080357], [72.707774, 22.185777], [72.71544956747968, 22.183415236196534], [72.725, 22.183], [72.743, 22.174], [72.7560772146967, 22.174], [72.77754811186034, 22.201192447441336], [72.78, 22.211], [72.79, 22.228], [72.8, 22.229], [72.803, 22.242], [72.813, 22.252], [72.83, 22.259], [72.857, 22.244], [72.868, 22.235], [72.896, 22.244], [72.912, 22.258], [72.911, 22.266], [72.89489513522552, 22.26680524323872], [72.886078, 22.262397], [72.869477, 22.262397], [72.854259, 22.270819], [72.838634, 22.276557], [72.82757164450948, 22.274860306420333], [72.793, 22.255], [72.778, 22.243], [72.757, 22.231], [72.748, 22.231], [72.711, 22.242], [72.679, 22.265], [72.65671999999999, 22.273912], [72.646495, 22.273912], [72.635265, 22.271633], [72.625011, 22.271389], [72.606619, 22.28384], [72.596365, 22.286933], [72.573741, 22.288235], [72.553071, 22.282457], [72.521169, 22.253119], [72.50172, 22.240424], [72.479015, 22.233385], [72.466156, 22.232571], [72.457042, 22.236721], [72.45674590686261, 22.237878148692637], [72.445, 22.223], [72.441, 22.213], [72.431, 22.205], [72.412, 22.224], [72.412, 22.246895780924536], [72.391856, 22.253485], [72.386241, 22.266506], [72.381033, 22.289944], [72.380382, 22.312405], [72.388194, 22.322333], [72.3887802929771, 22.322704394656537], [72.389, 22.326], [72.38, 22.337], [72.373, 22.339], [72.36, 22.325], [72.349, 22.302], [72.356, 22.285], [72.34, 22.285], [72.331, 22.248], [72.315, 22.232], [72.307, 22.237], [72.29900981973472, 22.22900981973472], [72.306488, 22.22956], [72.317231, 22.184882], [72.307628, 22.079006], [72.298025, 22.061672], [72.295665, 22.051174], [72.291759, 22.053412], [72.283458, 22.043606], [72.276134, 22.031643], [72.275157, 22.027533], [72.25766, 22.012152], [72.24936, 22.008287], [72.237315, 22.007025], [72.23247697298142, 22.008192432453527], [72.232, 22.007], [72.238, 22.0], [72.237, 21.977], [72.24, 21.943], [72.227, 21.944], [72.248, 21.912], [72.247, 21.903], [72.256, 21.894], [72.252, 21.882], [72.257, 21.865], [72.257, 21.84], [72.254, 21.818], [72.247, 21.808], [72.231, 21.81], [72.215, 21.825], [72.203, 21.825], [72.188, 21.832], [72.204, 21.805], [72.215, 21.796], [72.223, 21.782], [72.222, 21.775], [72.235, 21.755], [72.225, 21.749], [72.232, 21.74], [72.237, 21.719], [72.248, 21.706], [72.252, 21.695], [72.277, 21.694], [72.286, 21.677], [72.2868746004212, 21.66388099368207], [72.292491, 21.659491], [72.295665, 21.653876], [72.29576391228234, 21.652688343200012], [72.303, 21.645], [72.306, 21.632], [72.304, 21.619], [72.297, 21.615], [72.26917594406376, 21.574703091402693], [72.26611518532383, 21.56404713028819], [72.264, 21.554], [72.266, 21.542], [72.256, 21.513], [72.253, 21.494], [72.236, 21.454], [72.225, 21.439], [72.196, 21.407], [72.172, 21.386], [72.169, 21.377], [72.129, 21.334], [72.122, 21.325], [72.11072617272939, 21.300717910494082], [72.111501, 21.296088], [72.11047616176383, 21.294416716913283], [72.113, 21.29], [72.104, 21.279], [72.101, 21.266], [72.09592221084957, 21.26092221084957], [72.093598, 21.258205], [72.090831, 21.252916], [72.093516, 21.243557], [72.104503, 21.222154], [72.10459049057859, 21.21602607381955], [72.109, 21.212], [72.108, 21.197], [72.09138570672954, 21.19201571201886], [72.090831, 21.191474], [72.08546563096276, 21.189008710042167], [72.074, 21.18], [72.065, 21.178], [72.06454734640738, 21.17767667600528], [72.062836, 21.174709], [72.055024, 21.168362], [72.00889974682957, 21.14541645569131], [72.0, 21.138], [71.99130137240292, 21.13666174960045], [71.990733, 21.136379], [71.98541746698785, 21.135186125879468], [71.952, 21.118], [71.912, 21.112], [71.89, 21.101], [71.882, 21.088], [71.871, 21.089], [71.851, 21.077], [71.828, 21.068], [71.822, 21.071], [71.8060478231528, 21.061983552216795], [71.788585, 21.047512], [71.76724245156228, 21.03484217740881], [71.768, 21.035], [71.783, 21.03], [71.74, 21.017], [71.722, 21.021], [71.698, 21.007], [71.68, 21.002], [71.677, 20.995], [71.662, 20.998], [71.645, 20.992], [71.626, 20.982], [71.625, 20.973], [71.608, 20.964], [71.58374973285987, 20.958403784506125], [71.583507, 20.958238], [71.58194372565767, 20.957915588486507], [71.578, 20.952], [71.562, 20.949], [71.56282888699857, 20.953973321991487], [71.549571, 20.951239], [71.55606430320499, 20.963645232265005], [71.552, 20.965], [71.54, 20.954], [71.52492991337978, 20.954685003937282], [71.493419, 20.929145], [71.49117840191661, 20.926167457722464], [71.494, 20.913], [71.48135696096232, 20.90327458535563], [71.4808168299485, 20.900801959381905], [71.48, 20.891], [71.465, 20.879], [71.452, 20.878], [71.442, 20.868], [71.408, 20.866], [71.40441812603726, 20.867535088841176], [71.38217433141457, 20.860694118146554], [71.384, 20.854], [71.358, 20.848], [71.346, 20.849], [71.324, 20.845], [71.279, 20.825], [71.252, 20.811], [71.24, 20.81], [71.227, 20.8], [71.21750709529962, 20.80180817232388], [71.20505379612005, 20.795957267020434], [71.204, 20.787], [71.189, 20.782], [71.1720709083174, 20.78046099166522], [71.140636, 20.765692], [71.13832430081733, 20.765811186922644], [71.139, 20.755], [71.086, 20.757], [71.08, 20.753], [71.082, 20.737], [71.073, 20.733], [71.043, 20.733], [71.013, 20.738], [71.006, 20.735], [71.00509416841734, 20.73415078289126], [71.000824, 20.722154], [70.99276234678085, 20.71689235987154], [70.998, 20.711], [70.981, 20.7], [70.953, 20.702], [70.93855682599794, 20.70761678988969], [70.92086306117946, 20.706586970138048], [70.911, 20.699], [70.897, 20.704], [70.8908432681061, 20.70483955434917], [70.84018, 20.70189], [70.83818839393174, 20.701992746207342], [70.835, 20.7], [70.839, 20.69], [70.8, 20.703], [70.789, 20.712], [70.762, 20.72], [70.748, 20.718], [70.7456822657265, 20.719035583398796], [70.740245, 20.718492], [70.730805, 20.723212], [70.72174979187959, 20.729728816394225], [70.701, 20.739], [70.66911811056767, 20.757929871850443], [70.66895825191733, 20.757992409439513], [70.658, 20.756], [70.651, 20.762], [70.64992559706502, 20.765438089391925], [70.63674366684474, 20.770594933475785], [70.631, 20.766], [70.614, 20.771], [70.587, 20.782], [70.578, 20.79], [70.563, 20.793], [70.55379169012376, 20.803045428955905], [70.55049942298335, 20.804333076881484], [70.543, 20.801], [70.518, 20.818], [70.495, 20.827], [70.486, 20.836], [70.471, 20.838], [70.462, 20.845], [70.442, 20.853], [70.425, 20.869], [70.414, 20.874], [70.396, 20.891], [70.374, 20.902], [70.363, 20.902], [70.345, 20.915], [70.314, 20.933], [70.301, 20.945], [70.262, 20.97], [70.24, 20.991], [70.228, 20.995], [70.212, 21.012], [70.183, 21.033], [70.156, 21.055], [70.134, 21.077], [70.103, 21.105], [70.092, 21.111], [70.052, 21.15], [70.019, 21.186], [69.983, 21.223], [69.974, 21.236], [69.912, 21.302], [69.881, 21.339], [69.862, 21.358], [69.855, 21.37], [69.815, 21.413], [69.805, 21.425], [69.762, 21.471], [69.748, 21.489], [69.725, 21.513], [69.706, 21.535], [69.687, 21.549], [69.641, 21.597], [69.6123113515041, 21.625688648495903], [69.59005166718059, 21.638025833590294], [69.584, 21.635], [69.573, 21.643], [69.511, 21.698], [69.481, 21.727], [69.478, 21.733], [69.454, 21.75], [69.443, 21.761], [69.437, 21.762], [69.409, 21.787], [69.385, 21.813], [69.38, 21.824], [69.38, 21.84], [69.368, 21.832], [69.355, 21.835], [69.335, 21.848], [69.303, 21.878], [69.297, 21.88], [69.262, 21.912], [69.251, 21.926], [69.212, 21.963], [69.20633497801418, 21.972711466261405], [69.198416, 21.979722], [69.19364846348721, 21.985857991447016], [69.182, 21.997], [69.12658246791435, 22.05723644791918], [69.119314, 22.062079], [69.103038, 22.076361], [69.09447044561941, 22.094480293507985], [69.052, 22.133], [69.041, 22.147], [69.01, 22.178], [68.976, 22.215], [68.961, 22.237], [68.954, 22.252], [68.957, 22.259], [68.941, 22.287], [68.935, 22.307], [68.942, 22.331], [68.95032107181744, 22.332386845302906], [68.951427, 22.334866], [68.9587566579472, 22.346541166334358], [68.956, 22.364], [68.96730692397136, 22.384729360614173], [68.967621, 22.387193], [68.974376, 22.404731], [68.983246, 22.419379], [68.992931, 22.431586], [69.007498, 22.443183], [69.047537, 22.464016], [69.0657121548678, 22.47648337035457], [69.068, 22.479], [69.06938094245088, 22.479], [69.073578, 22.481879], [69.081391, 22.480536], [69.085216, 22.472886], [69.082286, 22.45954], [69.074474, 22.449449], [69.056, 22.44184], [69.048188, 22.431586], [69.062266, 22.407701], [69.071788, 22.399482], [69.088552, 22.396877], [69.09531286709436, 22.398396689886837], [69.099, 22.407], [69.112, 22.41], [69.11434666917084, 22.40806744891813], [69.122732, 22.411078], [69.132009, 22.410468], [69.139822, 22.407131], [69.146983, 22.404853], [69.154633, 22.407701], [69.168793, 22.42064], [69.178559, 22.427639], [69.188243, 22.426418], [69.202159, 22.414862], [69.20574, 22.398668], [69.18214, 22.366441], [69.185313, 22.349677], [69.169688, 22.327948], [69.173839, 22.308295], [69.19044, 22.292304], [69.212087, 22.281399], [69.212087, 22.273912], [69.286469, 22.284613], [69.32520890559724, 22.30154966026161], [69.326, 22.303], [69.335, 22.306], [69.336, 22.322], [69.352, 22.327], [69.35216248590257, 22.326715649670522], [69.359874, 22.329169], [69.435395, 22.33039], [69.468923, 22.337836], [69.479666, 22.342231], [69.485362, 22.347561], [69.48612039079664, 22.34855531044033], [69.486, 22.35], [69.497, 22.367], [69.50080040070044, 22.36838196389107], [69.502696, 22.37226], [69.508556, 22.374254], [69.515147, 22.37519], [69.519867, 22.377631], [69.52326014666667, 22.386113866666665], [69.517, 22.404], [69.5204152537761, 22.408838276182813], [69.516938, 22.416083], [69.513682, 22.431586], [69.515961, 22.448147], [69.521983, 22.44892], [69.530772, 22.446112], [69.541026, 22.452094], [69.547862, 22.452094], [69.559825, 22.411526], [69.561697, 22.391588], [69.55483376497551, 22.37790173464254], [69.55500950998012, 22.377477017548053], [69.569021, 22.370551], [69.57401188156159, 22.369505940780797], [69.575, 22.37], [69.57614138456438, 22.369060036241105], [69.601085, 22.363837], [69.61574365120106, 22.356069109170537], [69.61616201851393, 22.356584022786382], [69.617442, 22.365058], [69.619884, 22.371039], [69.629731, 22.383775], [69.640391, 22.375963], [69.647227, 22.380439], [69.652354, 22.389879], [69.657725, 22.396877], [69.661306, 22.400214], [69.665212, 22.404975], [69.669444, 22.409247], [69.674653, 22.411078], [69.680837, 22.409613], [69.694509, 22.403957], [69.699, 22.40425682920336], [69.699, 22.422], [69.709, 22.433], [69.701, 22.442], [69.703, 22.45], [69.728, 22.475], [69.72933744529642, 22.472213655632434], [69.733409, 22.480048], [69.742198, 22.472968], [69.788748, 22.423163], [69.794932, 22.418606], [69.806977, 22.420966], [69.812999, 22.429511], [69.816905, 22.440985], [69.822276, 22.452094], [69.833263, 22.463813], [69.841807, 22.466376], [69.851085, 22.465237], [69.86378, 22.465766], [69.884776, 22.473578], [69.905284, 22.486396], [69.92456326376671, 22.50300991055721], [69.93, 22.51], [69.93302590061867, 22.51030259006187], [69.94719628690122, 22.52251392412046], [69.946, 22.527], [69.95939884140384, 22.53302947863173], [69.962087, 22.535346], [69.972992, 22.541449], [69.973888, 22.539984], [69.97501767068927, 22.54005795181017], [69.986, 22.545], [70.009, 22.548], [70.00993254465155, 22.547928265796035], [70.020844, 22.555121], [70.0319895832154, 22.556081439286725], [70.033, 22.557], [70.046, 22.56], [70.05042662150596, 22.557670199207394], [70.059093, 22.558417], [70.12362206575612, 22.550412296473272], [70.143, 22.55], [70.153, 22.555], [70.15779769878507, 22.55328653614819], [70.17764041566956, 22.561606235043254], [70.178, 22.567], [70.187, 22.576], [70.18869913270503, 22.576364099865362], [70.189708, 22.577786], [70.19860011446438, 22.59659916059451], [70.198, 22.601], [70.20220334711824, 22.604222566123987], [70.207286, 22.614976], [70.234874, 22.648871], [70.267263, 22.705959], [70.2677092657897, 22.706581468420605], [70.261, 22.72], [70.278, 22.723], [70.28039653511829, 22.724278152063086], [70.31629445260161, 22.774349926585483], [70.316, 22.777], [70.32228745193235, 22.801251600310533], [70.321544, 22.811713], [70.32252, 22.822659], [70.32545, 22.826321], [70.33826650089013, 22.838659912813302], [70.346, 22.871], [70.351, 22.885], [70.377, 22.91], [70.38691006709132, 22.91141572387019], [70.387706, 22.912014], [70.39905179061401, 22.917032369133757], [70.4067865709581, 22.92186660684882], [70.40748294928069, 22.92263154905938], [70.42, 22.939], [70.428, 22.956], [70.441, 22.959], [70.442, 22.967], [70.434, 22.979], [70.418, 22.978], [70.40380223969227, 22.981155057846166], [70.403494, 22.967841], [70.401622, 22.953843], [70.398774, 22.945502], [70.3938475978303, 22.941901877179394], [70.387, 22.933], [70.347, 22.923], [70.32, 22.936], [70.30742732316806, 22.93935271382185], [70.303477, 22.938137], [70.30199475473958, 22.940801398736113], [70.29, 22.944], [70.267, 22.953], [70.26, 22.962], [70.237, 22.977], [70.23485636212841, 22.998793651694474], [70.233084, 23.000149], [70.231944, 22.974921], [70.23138576872827, 22.97403557817931], [70.233, 22.97], [70.224, 22.953], [70.205, 22.944], [70.188, 22.942], [70.177, 22.946], [70.167, 22.94], [70.144, 22.948], [70.136, 22.929], [70.12947542233535, 22.928067917476476], [70.120128, 22.925035], [70.11785649425187, 22.924768881520237], [70.109, 22.92], [70.1, 22.908], [70.085, 22.913], [70.07, 22.912], [70.0691176404623, 22.919058876301634], [70.061778, 22.918199], [69.996918, 22.893785], [69.940684, 22.886135], [69.884288, 22.867825], [69.8616556143498, 22.864775935724968], [69.857, 22.864], [69.812, 22.847], [69.81056806532757, 22.847159103852494], [69.806814, 22.845282], [69.780121, 22.82746], [69.760102, 22.808336], [69.728852, 22.754828], [69.715831, 22.746894], [69.715577978761, 22.746927058583964], [69.711, 22.738], [69.692, 22.74], [69.675, 22.752], [69.658, 22.748], [69.628, 22.755], [69.598, 22.76], [69.578, 22.76], [69.561, 22.774], [69.55002759203268, 22.780269947409902], [69.544444, 22.781684], [69.510753, 22.780504], [69.50151841201141, 22.78151841201141], [69.494, 22.774], [69.478, 22.771], [69.452, 22.775], [69.431, 22.79], [69.388, 22.811], [69.361, 22.819], [69.352, 22.818], [69.35631934245096, 22.825641913567075], [69.35378548664688, 22.826678229970327], [69.348, 22.818], [69.317, 22.831], [69.303, 22.83], [69.288, 22.825], [69.268, 22.822], [69.23, 22.833], [69.196, 22.836], [69.192, 22.847], [69.18, 22.855], [69.175, 22.849], [69.149, 22.864], [69.131, 22.87], [69.116, 22.892], [69.108, 22.887], [69.08, 22.908], [69.074, 22.917], [69.057, 22.921], [69.003, 22.95], [68.991, 22.954], [68.967, 22.969], [68.952, 22.974], [68.93, 22.99], [68.8989478565427, 23.006876164922446], [68.866222, 23.019965], [68.77964004646412, 23.074672534367192], [68.779, 23.075], [68.757, 23.08], [68.737, 23.1], [68.71608904258052, 23.114827769806542], [68.691254, 23.13052], [68.660655, 23.154242], [68.654063, 23.157782], [68.650645, 23.162055], [68.6511257585611, 23.171295592465654], [68.644, 23.17], [68.633, 23.18], [68.617, 23.188], [68.602, 23.204], [68.591, 23.211], [68.579, 23.227], [68.587, 23.238], [68.59595109394888, 23.239523590459385], [68.595714, 23.240383], [68.59632079837777, 23.23958651887281], [68.61898941376651, 23.243445006598552], [68.620128, 23.245429], [68.62322, 23.256171], [68.623057, 23.267646], [68.605317, 23.259589], [68.57781, 23.255276], [68.552257, 23.259711], [68.541026, 23.278225], [68.561046, 23.316107], [68.568533, 23.318427], [68.599132, 23.322252], [68.606944, 23.325588], [68.6058939924565, 23.327535056998872], [68.593, 23.335], [68.58867453943328, 23.340898355318252], [68.57838, 23.343411], [68.571056, 23.346381], [68.566661, 23.352973], [68.563731, 23.359931], [68.561046, 23.363918], [68.555186, 23.363959], [68.548513, 23.361518], [68.543142, 23.358588], [68.541026, 23.357001], [68.52947, 23.363105], [68.520681, 23.369208], [68.515147, 23.377021], [68.513194, 23.388088], [68.515147, 23.399319], [68.520763, 23.407538], [68.529552, 23.411933], [68.534785528968, 23.411821706548004], [68.53, 23.419], [68.52811846731531, 23.425450969204654], [68.522146, 23.42475], [68.513194, 23.418524], [68.501475, 23.423285], [68.49643, 23.417873], [68.490489, 23.409329], [68.475352, 23.404853], [68.462576, 23.409125], [68.458832, 23.419827], [68.461111, 23.433173], [68.465505, 23.445787], [68.451915, 23.43773], [68.44044, 23.434272], [68.430919, 23.436591], [68.423676, 23.445787], [68.432953, 23.465888], [68.4473187412722, 23.48727496508879], [68.45, 23.498], [68.462, 23.507], [68.454, 23.516], [68.44713381694915, 23.536598549152547], [68.44694384725045, 23.536879672679525], [68.44289319116332, 23.52819969534999], [68.447439, 23.516343], [68.44706462960399, 23.506104583391018], [68.448, 23.504], [68.44698767495879, 23.504], [68.446951, 23.502997], [68.431163, 23.493598], [68.411632, 23.494696], [68.406098, 23.508734], [68.410818, 23.548814], [68.404959, 23.597602], [68.408865, 23.621324], [68.427501, 23.631415], [68.4698845574736, 23.619114940630972], [68.47, 23.62], [68.48357188206954, 23.640842533178215], [68.476899, 23.63935], [68.468761, 23.640815], [68.465505, 23.65526], [68.469412, 23.659247], [68.488943, 23.664781], [68.504731, 23.674221], [68.51441631173176, 23.67508286918769], [68.522, 23.685], [68.548, 23.714], [68.58090736842105, 23.73269736842105], [68.583507, 23.735297], [68.601736, 23.748684], [68.60308998263744, 23.74916581741766], [68.604, 23.75], [68.63, 23.761], [68.633, 23.772], [68.645, 23.786], [68.654, 23.8], [68.667, 23.812], [68.66724597353496, 23.812135285444228], [68.670746, 23.815741], [68.67577159645232, 23.81682437804878], [68.687, 23.823], [68.718, 23.826], [68.742, 23.84], [68.765, 23.841], [68.79, 23.86], [68.791, 23.867], [68.774, 23.869], [68.753, 23.849], [68.73505406602176, 23.850583464762785], [68.717784, 23.84101], [68.691905, 23.836656], [68.6616614463109, 23.83633072315545], [68.659, 23.835], [68.65686805163507, 23.836279169018958], [68.654063, 23.836249], [68.6455930947191, 23.834943279500628], [68.64, 23.825], [68.624, 23.82], [68.62111439550084, 23.820262327681743], [68.609386, 23.795233], [68.598888, 23.781887], [68.587738, 23.775702], [68.554698, 23.768541], [68.5385838862841, 23.76140555183443], [68.532, 23.752], [68.52840547393126, 23.754516168248124], [68.52475, 23.752021], [68.51002, 23.744086], [68.47283, 23.737494], [68.449718, 23.723334], [68.427745, 23.714301], [68.41729247823243, 23.705783124105746], [68.413, 23.688], [68.398, 23.663], [68.395, 23.647], [68.4, 23.642], [68.396, 23.628], [68.382, 23.621], [68.393, 23.609], [68.386, 23.6], [68.375, 23.603], [68.369, 23.59], [68.35, 23.582], [68.286, 23.569], [68.283, 23.563], [68.269, 23.556], [68.254, 23.568], [68.217, 23.573], [68.209, 23.577], [68.1898802683305, 23.59303590398087], [68.181407, 23.594062], [68.1574, 23.600816], [68.143403, 23.612698], [68.150076, 23.631415], [68.154145, 23.63231], [68.174327, 23.631415], [68.178233, 23.634345], [68.181895, 23.647854], [68.184255, 23.651923], [68.19809, 23.659084], [68.209321, 23.662746], [68.220063, 23.659247], [68.232677, 23.645006], [68.245128, 23.659125], [68.261892, 23.661444], [68.27589, 23.665839], [68.280447, 23.685981], [68.258962, 23.674709], [68.25258131151445, 23.674463848165498], [68.246, 23.671], [68.24290781628828, 23.674092183711714], [68.240977, 23.674018], [68.224864, 23.681871], [68.208751, 23.696234], [68.19752, 23.714545], [68.19731566997801, 23.716807216703305], [68.19, 23.729], [68.19632849120651, 23.738342058447714], [68.197927, 23.753404], [68.197765, 23.774807], [68.178233, 23.754299], [68.17810673018134, 23.754213460362656], [68.168, 23.734], [68.162, 23.746], [68.16443007072252, 23.756125294677126], [68.163748, 23.757717], [68.166026, 23.773179], [68.175629, 23.798245], [68.179698, 23.82746], [68.182465, 23.835761], [68.183035, 23.842108], [68.183116, 23.843451], [68.157481, 23.905097], [68.156423, 23.87401], [68.157481, 23.864163], [68.160167, 23.857856], [68.168712, 23.844794], [68.170584, 23.839911], [68.166759, 23.820014], [68.148692, 23.780911], [68.143321, 23.761135], [68.144216, 23.74315], [68.154796, 23.714301], [68.157481, 23.696234], [68.149099, 23.694525], [68.130382, 23.708197], [68.102224, 23.733832], [68.098888, 23.709296], [68.081716, 23.708686], [68.062755, 23.723131], [68.053884, 23.74372], [68.056977, 23.750963], [68.071056, 23.760647], [68.074392, 23.764838], [68.073253, 23.783433], [68.074392, 23.788398], [68.081716, 23.80565], [68.088227, 23.809516], [68.102224, 23.809516], [68.102224, 23.815741], [68.08839, 23.826077], [68.07252, 23.841864], [68.059418, 23.861884], [68.053884, 23.88467], [68.061697, 23.911282], [68.063731, 23.923163], [68.047699, 23.92121], [68.024181, 23.935248], [68.01352, 23.939276], [68.041515, 23.85224], [68.053884, 23.829413], [68.035655, 23.792426], [68.024425, 23.774604], [68.01352, 23.768541], [68.007986, 23.774237], [68.003429, 23.785305], [68.000336, 23.797309], [67.999278, 23.805813], [67.994151, 23.811184], [67.983165, 23.809638], [67.973399, 23.805243], [67.971934, 23.802069], [67.961925, 23.804674], [67.950857, 23.808905], [67.941661, 23.815863], [67.937755, 23.826321], [67.934255, 23.832994], [67.926036, 23.834052], [67.916759, 23.833645], [67.909923, 23.836249], [67.904633, 23.846259], [67.905935, 23.85928], [67.899913, 23.86758], [67.891938, 23.869574], [67.883474, 23.864814], [67.868907, 23.850491], [67.864513, 23.86579], [67.863292, 23.902818], [67.855235, 23.911933], [67.849132, 23.889472], [67.839041, 23.823391], [67.831716, 23.809516], [67.802582, 23.812812], [67.773204, 23.821112], [67.718598, 23.843695], [67.730724, 23.835598], [67.741059, 23.823065], [67.743663, 23.808783], [67.73227, 23.795233], [67.715668, 23.791693], [67.693614, 23.793443], [67.656586, 23.802069], [67.646495, 23.802883], [67.637706, 23.801744], [67.631602, 23.803453], [67.629242, 23.812649], [67.630707, 23.824774], [67.634288, 23.833075], [67.638845, 23.840644], [67.642914, 23.850491], [67.651052, 23.90705], [67.656586, 23.919379], [67.656586, 23.925605], [67.652029, 23.925279], [67.651052, 23.926907], [67.651215, 23.929755], [67.650401, 23.933051], [67.638031, 23.91592], [67.63738, 23.874254], [67.629242, 23.856676], [67.614513, 23.850084], [67.59962, 23.854234], [67.589366, 23.866523], [67.58839, 23.88467], [67.574555, 23.871772], [67.566091, 23.876451], [67.558116, 23.888658], [67.546641, 23.898261], [67.532563, 23.899156], [67.530121, 23.891262], [67.535899, 23.880032], [67.546641, 23.870998], [67.491059, 23.883124], [67.478526, 23.891506], [67.488048, 23.893052], [67.495291, 23.892279], [67.502615, 23.89289], [67.512543, 23.898261], [67.520518, 23.90705], [67.532237, 23.929145], [67.540538, 23.939276], [67.530528, 23.935492], [67.519867, 23.92829], [67.509044, 23.923245], [67.498871, 23.925605], [67.496918, 23.935614], [67.499766, 23.951646], [67.506358, 23.974026], [67.463634, 23.982001], [67.451182, 23.987698], [67.46811, 24.021959], [67.478201, 24.032416], [67.492198, 24.028022], [67.519867, 24.045071], [67.529796, 24.054918], [67.533051, 24.070258], [67.509776, 24.052069], [67.489106, 24.054104], [67.467296, 24.064154], [67.440684, 24.070258], [67.383556, 24.066799], [67.354015, 24.070868], [67.341319, 24.086371], [67.337087, 24.118964], [67.326427, 24.143785], [67.300304, 24.186265], [67.295584, 24.199205], [67.293305, 24.212226], [67.292328, 24.261868], [67.288422, 24.269965], [67.279145, 24.281236], [67.283865, 24.287909], [67.289317, 24.298651], [67.292817, 24.302965], [67.285981, 24.329576], [67.305919, 24.342841], [67.336436, 24.346422], [67.362478, 24.34394], [67.34254, 24.353827], [67.325369, 24.357611], [67.28297, 24.357611], [67.271658, 24.369086], [67.273611, 24.395087], [67.286632, 24.439521], [67.280528, 24.432318], [67.273611, 24.426947], [67.2588, 24.419094], [67.256847, 24.444973], [67.246837, 24.467963], [67.230724, 24.488837], [67.210948, 24.50845], [67.230805, 24.525092], [67.226736, 24.532375], [67.204112, 24.535102], [67.194591, 24.547268], [67.18865, 24.561347], [67.185232, 24.576117], [67.183604, 24.590318], [67.199474, 24.584784], [67.21811, 24.582424], [67.236664, 24.58397], [67.252615, 24.590318], [67.223888, 24.607164], [67.208995, 24.613756], [67.19044, 24.617662], [67.172699, 24.615871], [67.159923, 24.61225], [67.15211, 24.615709], [67.149587, 24.635077], [67.156993, 24.662909], [67.175548, 24.688707], [67.199962, 24.710639], [67.22462, 24.726955], [67.25294, 24.740383], [67.255544, 24.747992], [67.245128, 24.761664], [67.232677, 24.770738], [67.223806, 24.769721], [67.212657, 24.764716], [67.176036, 24.757717], [67.167328, 24.760159], [67.161632, 24.781399], [67.156016, 24.791571], [67.148204, 24.799791], [67.139659, 24.80329], [67.121837, 24.801215], [67.111095, 24.797756], [67.099946, 24.797065], [67.081228, 24.80329], [67.073741, 24.795803], [67.08253, 24.774156], [67.063731, 24.781684], [67.02296, 24.810045], [67.005056, 24.813544], [66.987315, 24.822211], [66.972992, 24.833157], [66.965099, 24.843573], [66.957693, 24.843573], [66.957856, 24.825426], [66.960216, 24.817816], [66.965099, 24.810045], [66.941173, 24.812567], [66.921886, 24.824286], [66.903331, 24.839179], [66.882091, 24.85102], [66.85377, 24.85224], [66.827322, 24.844143], [66.802501, 24.839545], [66.779633, 24.85102], [66.769298, 24.847235], [66.716319, 24.841539], [66.691417, 24.832587], [66.679698, 24.830552], [66.654145, 24.839179], [66.656749, 24.85871], [66.677013, 24.879543], [66.704438, 24.892035], [66.704438, 24.898871], [66.681326, 24.910549], [66.681326, 24.948879], [66.697032, 25.025458], [66.699555, 25.085273], [66.704438, 25.104315], [66.713552, 25.120754], [66.73227, 25.143256], [66.737966, 25.159491], [66.737153, 25.181098], [66.721446, 25.212592], [66.71754, 25.231187], [66.710216, 25.239244], [66.674083, 25.269029], [66.659516, 25.27558], [66.648285, 25.283189], [66.595225, 25.330227], [66.56072, 25.349677], [66.547862, 25.365627], [66.553722, 25.385443], [66.579275, 25.379381], [66.591156, 25.399604], [66.587087, 25.426215], [66.56422, 25.439439], [66.550548, 25.457099], [66.541677, 25.492174], [66.531016, 25.518134], [66.512706, 25.508368], [66.51059, 25.512926], [66.507335, 25.517564], [66.50587, 25.52204], [66.492849, 25.518052], [66.486583, 25.525621], [66.482921, 25.538235], [66.477875, 25.549302], [66.444102, 25.582506], [66.437022, 25.597724], [66.41212, 25.590562], [66.387706, 25.592434], [66.372569, 25.603909], [66.375499, 25.625678], [66.358653, 25.614488], [66.338552, 25.6081], [66.303233, 25.60456], [66.29127, 25.605943], [66.270518, 25.61164], [66.258149, 25.612006], [66.254242, 25.609605], [66.248383, 25.604682], [66.239757, 25.599921], [66.203949, 25.593207], [66.183442, 25.58161], [66.167166, 25.566067], [66.155772, 25.549302], [66.13738, 25.513821], [66.131602, 25.508368], [66.12086, 25.504584], [66.10963, 25.495429], [66.099946, 25.484361], [66.094412, 25.47484], [66.121104, 25.475165], [66.20045, 25.48786], [66.213064, 25.49136], [66.223643, 25.499498], [66.238455, 25.515815], [66.241547, 25.518459], [66.245128, 25.520413], [66.249685, 25.521633], [66.255138, 25.52204], [66.2588, 25.524848], [66.258311, 25.531399], [66.256847, 25.538479], [66.258149, 25.543118], [66.279145, 25.549994], [66.309337, 25.554023], [66.336436, 25.553371], [66.348318, 25.54621], [66.352712, 25.535549], [66.363536, 25.530341], [66.376964, 25.527045], [66.38852, 25.52204], [66.397146, 25.512885], [66.411957, 25.491116], [66.423188, 25.481024], [66.437266, 25.491278], [66.456228, 25.496039], [66.475841, 25.493313], [66.492198, 25.481024], [66.45753, 25.453762], [66.497895, 25.430487], [66.511567, 25.414211], [66.498383, 25.398505], [66.483897, 25.400539], [66.465505, 25.411607], [66.437022, 25.433254], [66.359548, 25.465237], [66.31186, 25.474921], [66.278656, 25.467353], [66.251801, 25.472886], [66.219493, 25.464911], [66.187022, 25.452948], [66.15919, 25.446926], [66.069021, 25.446234], [66.004649, 25.429633], [65.92449, 25.418606], [65.881521, 25.419623], [65.858409, 25.417548], [65.823985, 25.402248], [65.800304, 25.395819], [65.765391, 25.377997], [65.724376, 25.371161], [65.671641, 25.347398], [65.65211, 25.344468], [65.629731, 25.34691], [65.488129, 25.383124], [65.467784, 25.385443], [65.446056, 25.381008], [65.422862, 25.372382], [65.400727, 25.366685], [65.382335, 25.371161], [65.386974, 25.37641], [65.395356, 25.392279], [65.362804, 25.39057], [65.336192, 25.385321], [65.313243, 25.376858], [65.292328, 25.364976], [65.259776, 25.380439], [65.23227, 25.370673], [65.211111, 25.347846], [65.187999, 25.311021], [65.180186, 25.303656], [65.170177, 25.299465], [65.155284, 25.296088], [65.143403, 25.295885], [65.118012, 25.301947], [65.08961, 25.305569], [65.058849, 25.314521], [65.042003, 25.316596], [64.980642, 25.316596], [64.920665, 25.327053], [64.889659, 25.328355], [64.861095, 25.316596], [64.839122, 25.325344], [64.807302, 25.328518], [64.744395, 25.324042], [64.718516, 25.314399], [64.695974, 25.297593], [64.678559, 25.276801], [64.66863, 25.255113], [64.662771, 25.229071], [64.663341, 25.217027], [64.66863, 25.206732], [64.679861, 25.201483], [64.6963, 25.197089], [64.709158, 25.19066], [64.710216, 25.179389], [64.702322, 25.178778], [64.65504, 25.165717], [64.640636, 25.166571], [64.615245, 25.173163], [64.600352, 25.173163], [64.626964, 25.211615], [64.627696, 25.228461], [64.610606, 25.251695], [64.593028, 25.261298], [64.56544, 25.27025], [64.53712, 25.275865], [64.518403, 25.27558], [64.506602, 25.266913], [64.492035, 25.245673], [64.480235, 25.241441], [64.46754, 25.240383], [64.448009, 25.235745], [64.439301, 25.234605], [64.417491, 25.240912], [64.382823, 25.27147], [64.360688, 25.283026], [64.318207, 25.292304], [64.275076, 25.296088], [64.265798, 25.298651], [64.252778, 25.311591], [64.24464, 25.316596], [64.18393, 25.318671], [64.094493, 25.335883], [64.094737, 25.349921], [64.103689, 25.367865], [64.106944, 25.385443], [64.101736, 25.390855], [64.092296, 25.395982], [64.083507, 25.40351], [64.0796, 25.416205], [64.083751, 25.426744], [64.093761, 25.431789], [64.106212, 25.433254], [64.117442, 25.433254], [64.14088, 25.42886], [64.15089, 25.432115], [64.155284, 25.446926], [64.150727, 25.451402], [64.140636, 25.453355], [64.127289, 25.453762], [64.081554, 25.443752], [64.056488, 25.441718], [64.045421, 25.450344], [63.989594, 25.425442], [63.976573, 25.412787], [63.991384, 25.416653], [63.997081, 25.419623], [64.004242, 25.402045], [64.011729, 25.397284], [64.021495, 25.402737], [64.035167, 25.416205], [64.048839, 25.41649], [64.061697, 25.399156], [64.0796, 25.364976], [64.066742, 25.346259], [64.059744, 25.34455], [64.042003, 25.344468], [64.004893, 25.339016], [63.987071, 25.338324], [63.969737, 25.344468], [63.944102, 25.334906], [63.906586, 25.341213], [63.804942, 25.374986], [63.737804, 25.385321], [63.669932, 25.383612], [63.604666, 25.374416], [63.57252, 25.364976], [63.554373, 25.356187], [63.537608, 25.344468], [63.510509, 25.316596], [63.495779, 25.291409], [63.485199, 25.284329], [63.469493, 25.289252], [63.474132, 25.273139], [63.4817, 25.260159], [63.511974, 25.226711], [63.516856, 25.223578], [63.518728, 25.220852], [63.517914, 25.214179], [63.515391, 25.206855], [63.511729, 25.200263], [63.506602, 25.195502], [63.500499, 25.193671], [63.468761, 25.199042], [63.411143, 25.22248], [63.376964, 25.227769], [63.308116, 25.220364], [63.291352, 25.222805], [63.244151, 25.241441], [63.178477, 25.258043], [63.144054, 25.260932], [63.113129, 25.255113], [63.050955, 25.224189], [63.027843, 25.220364], [62.942393, 25.227769], [62.770518, 25.261908], [62.604959, 25.265997], [62.527479, 25.264188], [62.477179, 25.259064], [62.465017, 25.23725], [62.467621, 25.223538], [62.489431, 25.214179], [62.469493, 25.206732], [62.444347, 25.213935], [62.413829, 25.206529], [62.385265, 25.19245], [62.365896, 25.179389], [62.354747, 25.16942], [62.34311, 25.155463], [62.336192, 25.139838], [62.339122, 25.124742], [62.35199, 25.112829], [62.373222, 25.108394], [62.387243, 25.101575], [62.381052, 25.087572], [62.339713, 25.087399], [62.289954, 25.090016], [62.256055, 25.098627], [62.280284, 25.116604], [62.283946, 25.11994], [62.287771, 25.12226], [62.290782, 25.124742], [62.299327, 25.128811], [62.308279, 25.12816], [62.315278, 25.130194], [62.318126, 25.141832], [62.303977, 25.166923], [62.297479, 25.185133], [62.275184, 25.19989], [62.254222, 25.212032], [62.225792, 25.214054], [62.191809, 25.220081], [62.145193, 25.218411], [62.102712, 25.205146], [62.080031, 25.197152], [62.068045, 25.178142], [62.058989, 25.161636], [62.07309, 25.15058], [62.077828, 25.127713], [62.088902, 25.118422], [62.097179, 25.107123], [62.075551, 25.100749], [62.035841, 25.103044], [61.98911, 25.108074], [61.929498, 25.109563], [61.881114, 25.103013], [61.869884, 25.083889], [61.866384, 25.075426], [61.857432, 25.06684], [61.847341, 25.037909], [61.835216, 25.038398], [61.814853, 25.02618], [61.790478, 25.017763], [61.754868, 25.013467], [61.729551, 25.021783], [61.720064, 25.037436], [61.725759, 25.058905], [61.73585, 25.069525], [61.728526, 25.083075], [61.732432, 25.09162], [61.749522, 25.104315], [61.76002, 25.115383], [61.762706, 25.121975], [61.763845, 25.134996], [61.766775, 25.145657], [61.780121, 25.162543], [61.783702, 25.173163], [61.783051, 25.187974], [61.779552, 25.191067], [61.773692, 25.188422], [61.766856, 25.186225], [61.763927, 25.184272], [61.755138, 25.175605], [61.749522, 25.173163], [61.744314, 25.174954], [61.73113, 25.184068], [61.725352, 25.186225], [61.713634, 25.188056], [61.70753, 25.192206], [61.702485, 25.197008], [61.694184, 25.200507], [61.682791, 25.201646], [61.650157, 25.200507], [61.634125, 25.203925], [61.624197, 25.204413], [61.612437, 25.200507], [61.588227, 25.202094], [61.581879, 25.216702], [61.579763, 25.233466], [61.562348, 25.244818], [61.559255, 25.250963], [61.554454, 25.254096], [61.544688, 25.248277], [61.54184, 25.24258], [61.540375, 25.226508], [61.537283, 25.220364], [61.542817, 25.215644], [61.552745, 25.205064], [61.55836, 25.200507], [61.536957, 25.202704], [61.520763, 25.208645], [61.504242, 25.208808], [61.482595, 25.193671], [61.506196, 25.186835], [61.515961, 25.181871], [61.524181, 25.173163], [61.518809, 25.16352], [61.503184, 25.14525], [61.498546, 25.13467], [61.498546, 25.129381], [61.497406, 25.125434], [61.489513, 25.118598], [61.475108, 25.11164], [61.420584, 25.096869], [61.435069, 25.087714], [61.411717, 25.059408], [61.24353, 25.111886], [61.185068, 25.123249], [61.185476, 25.139608], [61.170269, 25.16444], [61.03061, 25.209784], [60.86671, 25.234605], [60.727712, 25.26439], [60.633474, 25.27497], [60.616954, 25.283189], [60.632335, 25.296088], [60.608165, 25.327582], [60.604991, 25.341051], [60.604747, 25.397162], [60.601573, 25.405951], [60.565196, 25.438625], [60.549653, 25.446926], [60.532074, 25.44892], [60.514171, 25.447333], [60.445649, 25.428168], [60.428477, 25.419623], [60.418956, 25.405992], [60.403331, 25.388861], [60.395274, 25.377875], [60.39503, 25.371324], [60.398123, 25.364976], [60.402029, 25.344672], [60.406912, 25.341946], [60.413748, 25.341295], [60.424815, 25.336371], [60.433442, 25.336493], [60.437673, 25.33393], [60.441661, 25.327582], [60.452207, 25.317385], [60.441254, 25.318793], [60.441091, 25.316596], [60.470063, 25.303087], [60.467246, 25.290276], [60.455645, 25.29279], [60.423523, 25.304965], [60.382823, 25.320258], [60.362559, 25.330552], [60.319223, 25.329851], [60.290294, 25.351304], [60.299653, 25.367255], [60.303966, 25.371161], [60.289399, 25.377183], [60.271251, 25.379584], [60.235037, 25.377997], [60.207367, 25.373114], [60.201508, 25.371161], [60.192556, 25.362006], [60.192556, 25.356147], [60.195079, 25.351223], [60.215974, 25.33828], [60.20921, 25.319689], [60.181977, 25.319892], [60.161876, 25.331977], [60.15089, 25.335273], [60.11671, 25.33983], [60.108897, 25.34512], [60.097911, 25.35814], [60.082038, 25.36595], [60.045325, 25.363858], [59.994423, 25.35685], [59.940823, 25.354911], [59.903806, 25.329863], [59.861696, 25.343057], [59.819865, 25.379201], [59.774873, 25.389869], [59.659134, 25.383361], [59.613997, 25.383777], [59.53799, 25.39975], [59.490443, 25.443467], [59.453902, 25.461607], [59.397288, 25.451846], [59.279145, 25.434719], [59.251069, 25.430732], [59.195323, 25.422919], [59.138357, 25.398505], [59.117198, 25.394192], [59.108735, 25.395697], [59.101329, 25.402248], [59.094086, 25.406399], [59.08546, 25.404608], [59.076182, 25.400702], [59.066905, 25.398505], [59.043956, 25.399604], [59.024181, 25.403225], [59.007335, 25.409735], [58.994314, 25.419623], [58.94809, 25.486518], [58.923513, 25.513373], [58.884451, 25.529486], [58.84962, 25.528795], [58.840343, 25.532904], [58.834158, 25.542385], [58.830577, 25.552314], [58.825206, 25.56037], [58.813731, 25.563625], [58.728038, 25.563625], [58.546397, 25.593655], [58.484141, 25.584662], [58.430512, 25.587958], [58.411794, 25.596015], [58.418956, 25.612006], [58.389659, 25.610297], [58.357595, 25.60456], [58.344086, 25.598131], [58.321056, 25.580797], [58.305919, 25.577297], [58.299001, 25.57982], [58.295584, 25.583889], [58.290701, 25.583726], [58.278982, 25.573879], [58.271007, 25.568671], [58.260753, 25.565741], [58.251964, 25.56684], [58.248302, 25.573879], [58.242442, 25.571438], [58.207286, 25.549302], [58.170421, 25.544094], [58.137869, 25.549791], [58.106212, 25.558905], [58.07309, 25.563625], [58.046235, 25.574937], [58.024181, 25.601874], [57.994314, 25.659166], [57.963227, 25.693183], [57.925304, 25.701321], [57.884044, 25.691636], [57.843516, 25.672838], [57.809418, 25.647773], [57.787446, 25.635443], [57.771739, 25.635565], [57.77589, 25.679674], [57.779796, 25.691148], [57.782481, 25.696112], [57.783051, 25.699774], [57.781505, 25.707587], [57.771251, 25.730455], [57.755626, 25.742743], [57.734711, 25.747707], [57.709727, 25.748521], [57.687185, 25.746405], [57.631847, 25.734931], [57.61964, 25.737006], [57.598806, 25.746405], [57.587169, 25.748521], [57.575694, 25.747504], [57.555837, 25.742825], [57.545584, 25.741767], [57.520681, 25.743557], [57.452485, 25.762885], [57.459972, 25.769029], [57.326182, 25.777004], [57.311534, 25.784125], [57.304373, 25.79975], [57.298676, 25.8487], [57.274425, 25.8994], [57.261974, 25.939887], [57.253591, 25.95897], [57.243663, 25.967027], [57.242035, 25.970893], [57.219737, 25.995022], [57.215343, 25.995836], [57.202647, 25.993883], [57.198578, 25.995022], [57.196788, 25.999172], [57.194102, 26.010972], [57.180512, 26.046861], [57.176524, 26.063544], [57.166759, 26.082994], [57.164561, 26.094916], [57.170909, 26.115627], [57.201996, 26.146226], [57.212901, 26.166246], [57.199229, 26.198188], [57.133067, 26.263739], [57.138438, 26.290432], [57.131033, 26.296617], [57.125255, 26.341864], [57.118175, 26.364325], [57.107107, 26.38227], [57.087901, 26.398993], [57.083181, 26.40648], [57.080333, 26.415351], [57.076671, 26.438218], [57.076345, 26.447455], [57.093435, 26.572211], [57.090017, 26.618801], [57.024913, 26.850979], [57.011241, 26.868883], [56.977306, 26.895331], [56.96518, 26.911119], [56.966482, 26.927232], [56.93572, 26.945543], [56.925548, 26.955146], [56.940115, 26.954291], [56.95102, 26.958157], [56.961111, 26.963853], [56.973318, 26.968817], [56.964854, 26.975653], [56.963552, 26.985053], [56.967052, 26.994818], [56.973318, 27.002997], [56.942556, 26.991116], [56.932384, 26.989325], [56.923106, 26.9914], [56.917247, 26.99608], [56.913097, 27.0008], [56.908214, 27.002997], [56.903087, 27.006415], [56.897797, 27.013007], [56.89088, 27.017035], [56.871349, 27.00845], [56.865489, 27.011868], [56.862966, 27.020087], [56.863455, 27.03026], [56.850597, 27.027655], [56.843761, 27.032904], [56.844086, 27.040229], [56.853526, 27.043931], [56.858409, 27.047431], [56.875987, 27.064399], [56.884613, 27.070624], [56.884613, 27.07807], [56.855317, 27.081692], [56.831391, 27.096137], [56.815196, 27.117011], [56.808849, 27.139553], [56.797211, 27.12934], [56.784434, 27.125312], [56.757335, 27.12523], [56.742361, 27.129584], [56.733084, 27.139228], [56.725597, 27.14883], [56.716075, 27.153144], [56.612315, 27.154242], [56.589692, 27.160631], [56.582856, 27.153144], [56.558604, 27.165188], [56.528575, 27.170722], [56.466156, 27.173651], [56.436534, 27.17886], [56.384125, 27.197496], [56.353038, 27.201606], [56.291189, 27.198472], [56.259613, 27.19123], [56.236583, 27.177069], [56.21518, 27.167873], [56.150157, 27.165351], [56.123709, 27.160631], [56.115571, 27.155748], [56.098888, 27.141018], [56.095551, 27.136135], [56.093516, 27.125556], [56.088145, 27.122219], [56.080414, 27.120754], [56.071788, 27.115627], [56.054535, 27.102607], [55.987315, 27.066352], [55.963145, 27.048041], [55.962738, 27.043931], [55.95753, 27.040758], [55.939301, 27.026679], [55.928396, 27.023424], [55.8838, 27.018744], [55.842459, 27.009752], [55.831798, 27.008734], [55.79835, 27.009752], [55.787283, 27.007717], [55.772472, 26.998277], [55.763682, 26.996161], [55.726329, 26.996161], [55.694835, 27.002753], [55.684825, 27.002997], [55.665863, 26.995429], [55.632335, 26.967515], [55.61964, 26.961371], [55.608572, 26.953681], [55.554454, 26.899888], [55.568858, 26.90412], [55.575043, 26.907172], [55.582367, 26.91356], [55.586436, 26.889065], [55.580414, 26.859117], [55.568533, 26.830797], [55.554454, 26.810533], [55.521739, 26.784573], [55.48406, 26.767524], [55.442231, 26.759914], [55.397309, 26.762152], [55.316742, 26.787095], [55.270844, 26.792548], [55.232921, 26.776435], [55.221039, 26.757392], [55.215587, 26.739488], [55.205903, 26.726386], [55.181651, 26.721177], [55.16212, 26.719143], [55.118175, 26.707587], [55.103282, 26.701321], [55.037934, 26.648912], [55.026866, 26.642646], [54.930675, 26.572659], [54.822032, 26.515774], [54.815196, 26.510443], [54.80893, 26.503852], [54.801524, 26.498236], [54.791026, 26.495836], [54.778494, 26.49787], [54.761567, 26.506822], [54.749685, 26.508938], [54.663829, 26.502021], [54.619965, 26.508246], [54.602875, 26.530992], [54.590587, 26.559963], [54.56129, 26.584662], [54.516612, 26.592515], [54.425629, 26.589342], [54.389415, 26.605129], [54.37143, 26.630845], [54.356619, 26.662828], [54.337738, 26.693427], [54.308116, 26.714993], [54.286876, 26.718655], [54.266856, 26.715766], [54.247569, 26.710842], [54.171397, 26.706122], [54.150401, 26.708197], [54.081716, 26.726142], [54.064464, 26.728583], [54.053722, 26.731635], [54.034516, 26.745307], [54.026215, 26.749091], [54.015798, 26.749457], [53.995128, 26.745592], [53.929373, 26.718004], [53.883474, 26.712348], [53.842784, 26.702094], [53.820811, 26.701321], [53.776134, 26.71426], [53.75172, 26.716051], [53.728282, 26.704739], [53.716075, 26.708564], [53.663829, 26.749091], [53.588634, 26.788764], [53.491547, 26.854315], [53.477224, 26.870103], [53.471446, 26.889635], [53.469086, 26.937201], [53.461111, 26.957099], [53.444102, 26.975653], [53.41212, 26.993557], [53.072032, 27.096869], [53.050141, 27.098578], [53.028656, 27.104071], [53.01531, 27.117336], [53.004731, 27.133246], [52.992198, 27.146959], [52.932628, 27.160346], [52.92335, 27.170233], [52.914724, 27.191962], [52.894298, 27.20307], [52.848318, 27.215277], [52.767751, 27.279731], [52.732188, 27.301337], [52.678803, 27.322374], [52.601329, 27.352932], [52.58074, 27.37226], [52.579112, 27.392768], [52.588552, 27.405504], [52.605235, 27.412055], [52.62615, 27.413886], [52.644867, 27.413316], [52.666515, 27.415351], [52.678966, 27.425279], [52.670095, 27.448635], [52.654145, 27.460883], [52.613536, 27.474677], [52.598399, 27.485826], [52.590505, 27.497748], [52.574474, 27.530585], [52.567638, 27.540717], [52.492524, 27.609442], [52.459646, 27.632636], [52.423106, 27.646633], [52.244884, 27.681383], [52.207205, 27.698228], [52.089203, 27.795396], [52.052582, 27.817369], [52.011241, 27.832709], [51.963715, 27.838446], [51.894298, 27.830878], [51.878429, 27.835354], [51.85963, 27.845893], [51.823864, 27.843597], [51.785295, 27.835454], [51.722799, 27.825117], [51.683443, 27.830581], [51.596934, 27.846666], [51.585134, 27.849311], [51.580089, 27.85578], [51.578868, 27.865302], [51.575531, 27.872789], [51.570323, 27.877631], [51.539135, 27.881627], [51.496424, 27.893041], [51.475096, 27.91348], [51.452077, 27.947515], [51.428156, 27.961147], [51.420405, 27.933201], [51.399876, 27.931713], [51.380271, 27.991418], [51.36061, 28.016378], [51.345222, 28.052669], [51.30753, 28.107132], [51.290369, 28.121519], [51.269759, 28.140454], [51.264822, 28.160549], [51.286876, 28.214301], [51.28533, 28.240912], [51.264822, 28.270453], [51.229991, 28.298407], [51.217621, 28.311428], [51.182384, 28.359768], [51.149425, 28.39053], [51.141856, 28.400784], [51.08074, 28.533922], [51.07252, 28.565253], [51.071544, 28.692694], [51.058849, 28.735907], [51.036388, 28.772528], [51.010916, 28.79914], [50.978689, 28.816636], [50.936534, 28.825344], [50.896007, 28.827338], [50.87615, 28.832017], [50.867686, 28.842678], [50.860037, 28.862454], [50.812999, 28.9147], [50.804861, 28.93358], [50.798839, 28.961127], [50.802582, 28.985826], [50.823253, 28.996649], [50.842784, 28.990668], [50.862478, 28.976142], [50.878917, 28.957994], [50.888682, 28.941392], [50.899262, 28.949449], [50.89796, 28.956732], [50.893403, 28.965033], [50.894867, 28.976142], [50.902029, 28.983385], [50.922211, 28.999213], [50.928966, 29.00967], [50.932384, 29.03148], [50.929942, 29.054633], [50.920177, 29.069037], [50.901703, 29.064887], [50.893321, 29.093899], [50.886567, 29.104071], [50.87436, 29.113267], [50.868337, 29.112047], [50.859141, 29.107815], [50.850841, 29.105455], [50.847179, 29.109931], [50.845958, 29.126858], [50.844005, 29.135199], [50.840343, 29.140611], [50.816417, 29.144192], [50.738292, 29.140082], [50.720225, 29.137193], [50.693696, 29.12344], [50.665863, 29.12641], [50.643809, 29.143459], [50.634939, 29.171332], [50.633067, 29.195502], [50.635753, 29.207709], [50.644786, 29.219794], [50.651866, 29.233344], [50.658376, 29.249945], [50.667491, 29.25727], [50.682628, 29.243069], [50.687022, 29.283881], [50.689464, 29.290839], [50.679861, 29.293647], [50.673595, 29.299628], [50.661469, 29.318793], [50.66863, 29.343329], [50.668224, 29.38227], [50.663097, 29.421942], [50.655284, 29.449123], [50.6421, 29.469794], [50.622732, 29.493069], [50.607432, 29.499498], [50.606944, 29.469631], [50.601085, 29.480658], [50.572765, 29.518012], [50.52003, 29.555976], [50.511404, 29.568915], [50.504568, 29.586086], [50.48878, 29.605373], [50.456065, 29.634101], [50.396983, 29.654731], [50.387869, 29.665107], [50.381602, 29.685004], [50.367035, 29.704088], [50.340017, 29.730292], [50.313324, 29.763983], [50.267914, 29.836371], [50.243826, 29.866848], [50.225108, 29.881171], [50.183849, 29.903144], [50.144867, 29.938056], [50.141368, 29.942572], [50.138438, 29.954657], [50.137543, 29.972968], [50.133962, 29.983547], [50.149669, 29.985175], [50.153331, 29.991034], [50.147472, 29.998236], [50.133962, 30.004055], [50.144786, 30.037909], [50.121837, 30.09455], [50.127696, 30.120673], [50.113617, 30.130316], [50.097911, 30.148505], [50.084727, 30.168891], [50.079356, 30.185248], [50.073416, 30.195746], [50.058849, 30.204576], [50.050629, 30.207343], [50.024099, 30.216254], [49.988292, 30.219916], [49.95102, 30.215033], [49.914561, 30.203925], [49.600759, 30.030097], [49.564464, 30.016832], [49.532237, 30.022935], [49.50408, 30.058661], [49.501638, 30.074897], [49.501231, 30.120063], [49.493419, 30.137437], [49.486176, 30.146389], [49.483653, 30.151801], [49.479828, 30.156073], [49.469086, 30.161689], [49.459321, 30.165188], [49.44988, 30.167182], [49.428233, 30.168524], [49.417654, 30.167467], [49.396007, 30.162787], [49.383962, 30.161689], [49.372813, 30.163764], [49.358409, 30.173163], [49.349946, 30.175279], [49.329275, 30.172268], [49.29184, 30.158515], [49.271251, 30.154853], [49.245128, 30.15648], [49.235688, 30.165107], [49.237071, 30.206366], [49.23406, 30.209418], [49.220225, 30.217922], [49.215994, 30.223782], [49.215505, 30.229193], [49.215994, 30.244208], [49.21754, 30.251776], [49.22169, 30.258205], [49.221202, 30.264553], [49.209158, 30.27147], [49.20338, 30.254462], [49.192882, 30.237738], [49.178477, 30.225898], [49.161388, 30.223782], [49.143321, 30.233547], [49.134776, 30.246324], [49.124034, 30.256415], [49.1067, 30.257799], [49.083507, 30.264838], [49.017345, 30.298285], [49.003673, 30.309394], [48.997081, 30.34162], [48.979503, 30.361762], [48.953298, 30.373521], [48.921153, 30.380764], [48.931814, 30.397162], [48.948578, 30.401068], [48.989431, 30.395006], [49.010753, 30.395941], [49.043712, 30.405666], [49.062022, 30.408108], [49.082367, 30.403795], [49.123383, 30.385077], [49.137462, 30.380764], [49.159679, 30.378852], [49.176443, 30.372748], [49.189952, 30.362209], [49.202891, 30.346625], [49.208751, 30.360093], [49.227712, 30.389228], [49.257172, 30.421861], [49.262869, 30.432563], [49.263845, 30.449652], [49.243175, 30.446031], [49.228282, 30.454413], [49.219005, 30.469794], [49.211192, 30.506334], [49.199392, 30.501614], [49.183849, 30.487047], [49.168224, 30.476996], [49.169688, 30.489732], [49.171153, 30.493109], [49.175059, 30.497463], [49.166759, 30.508775], [49.158214, 30.506985], [49.14796, 30.500393], [49.134044, 30.497463], [49.128103, 30.501125], [49.116954, 30.514879], [49.110118, 30.517971], [49.10377, 30.516832], [49.094412, 30.512193], [49.089366, 30.511135], [49.069347, 30.513821], [49.05128, 30.518378], [49.034353, 30.519273], [49.017345, 30.511135], [48.981456, 30.515611], [48.952973, 30.50019], [48.945649, 30.479722], [48.972667, 30.469468], [49.004405, 30.464016], [49.02947, 30.450263], [49.037283, 30.432522], [49.017345, 30.414944], [49.000499, 30.415188], [48.946462, 30.421576], [48.934825, 30.418647], [48.880138, 30.374579], [48.87615, 30.370103], [48.867361, 30.3581], [48.862315, 30.345608], [48.873709, 30.336656], [48.86964, 30.329495], [48.863048, 30.321519], [48.85963, 30.31623], [48.867035, 30.294745], [48.884532, 30.279364], [48.904796, 30.266018], [48.921153, 30.250434], [48.929535, 30.232652], [48.936046, 30.21011], [48.941661, 30.165107], [48.939708, 30.152533], [48.930837, 30.131985], [48.927989, 30.120673], [48.928559, 30.110053], [48.934255, 30.09101], [48.934825, 30.079739], [48.928559, 30.060004], [48.915294, 30.042182], [48.897227, 30.029446], [48.87672, 30.024482], [48.808849, 30.03144], [48.791352, 30.024482], [48.771983, 30.032375], [48.701996, 30.031928], [48.659516, 30.052232], [48.643321, 30.055406], [48.640636, 30.038072], [48.645518, 30.026109], [48.658946, 30.00727], [48.661632, 29.993476], [48.658702, 29.983629], [48.651378, 29.975002], [48.642345, 29.967963], [48.6338, 29.963039], [48.61085, 29.957017], [48.537446, 29.963039], [48.537446, 29.969875], [48.532074, 29.963813], [48.531016, 29.96133], [48.530772, 29.960761], [48.530772, 29.956204], [48.554942, 29.956488], [48.559255, 29.946601], [48.546886, 29.934719], [48.520518, 29.9289], [48.411876, 29.938422], [48.33546, 29.961412], [48.299571, 29.984524], [48.264659, 29.993964], [48.209239, 30.024482], [48.165782, 30.037543], [48.119151, 30.044989], [48.076345, 30.04564], [48.038259, 30.036851], [47.969005, 30.004055], [47.961925, 30.030341], [47.958507, 30.060614], [47.951671, 30.088324], [47.934825, 30.107082], [47.947113, 30.07453], [47.948497, 30.062323], [47.946056, 30.049384], [47.941742, 30.037258], [47.940929, 30.026516], [47.948497, 30.017646], [47.948009, 29.994045], [47.955089, 29.977281], [47.965505, 29.962063], [47.975271, 29.942572], [47.979747, 29.921454], [47.979503, 29.884345], [47.982677, 29.860663], [47.995616, 29.827704], [48.021739, 29.779731], [48.052419, 29.742987], [48.078868, 29.743964], [48.096039, 29.699164], [48.119151, 29.654527], [48.161306, 29.60163], [48.180917, 29.562217], [48.176758, 29.541916], [48.154518, 29.53909], [48.113536, 29.554633], [48.09254, 29.565823], [48.085948, 29.575019], [48.066349, 29.577556], [48.041923, 29.582093], [48.023859, 29.584809], [48.006692, 29.582304], [47.965531, 29.576298], [47.935977, 29.554025], [47.91062, 29.531789], [47.849258, 29.501979], [47.807043, 29.467622], [47.784952, 29.437049], [47.763865, 29.412933], [47.718387, 29.394195], [47.714206, 29.378471], [47.704717, 29.363633], [47.726999, 29.361926], [47.764148, 29.367699], [47.791744, 29.372481], [47.813999, 29.379994], [47.837304, 29.387505], [47.851152, 29.380198], [47.822612, 29.363431], [47.822695, 29.351433], [47.816434, 29.337556], [47.840926, 29.322931], [47.857903, 29.323029], [47.876954, 29.328671], [47.899185, 29.335249], [47.905387, 29.359263], [47.920202, 29.364872], [47.939326, 29.359433], [47.959374, 29.372437], [47.969883, 29.387239], [47.98574, 29.393761], [47.993012, 29.387926], [48.008393, 29.369167], [48.010509, 29.366523], [48.025238, 29.354885], [48.035411, 29.351793], [48.063274, 29.343368], [48.100266, 29.349954], [48.093053, 29.305679], [48.092073, 29.287233], [48.095376, 29.257746], [48.106131, 29.213525], [48.114659, 29.193256], [48.128447, 29.1739], [48.133804, 29.153617], [48.158458, 29.017279], [48.176036, 28.983791], [48.225922, 28.91828], [48.240977, 28.905666], [48.27947, 28.894436], [48.2824, 28.879381], [48.278168, 28.859687], [48.276866, 28.839586], [48.285167, 28.819892], [48.312511, 28.785956], [48.31837, 28.77383], [48.328787, 28.759955], [48.352306, 28.751207], [48.393565, 28.743394], [48.3838, 28.728013], [48.379649, 28.710354], [48.380707, 28.692084], [48.386729, 28.675116], [48.371593, 28.684394], [48.366222, 28.688707], [48.365001, 28.680813], [48.365977, 28.675727], [48.370453, 28.671942], [48.379893, 28.66767], [48.372406, 28.659166], [48.367686, 28.656724], [48.36378, 28.658149], [48.359548, 28.661444], [48.352712, 28.661444], [48.351817, 28.64053], [48.361013, 28.635565], [48.374685, 28.641669], [48.386729, 28.653998], [48.389496, 28.643744], [48.393565, 28.595649], [48.397146, 28.583319], [48.405284, 28.569892], [48.420909, 28.551581], [48.432465, 28.540717], [48.432791, 28.540473], [48.456391, 28.518459], [48.468761, 28.510647], [48.49464, 28.500149], [48.498546, 28.492906], [48.50766, 28.449164], [48.507823, 28.415717], [48.499034, 28.393378], [48.476085, 28.400784], [48.471202, 28.394192], [48.469981, 28.391303], [48.468761, 28.387112], [48.488292, 28.385891], [48.504893, 28.389635], [48.517345, 28.398993], [48.523936, 28.414455], [48.535492, 28.40762], [48.534923, 28.398668], [48.523936, 28.380316], [48.517833, 28.354193], [48.5171, 28.342434], [48.522227, 28.318834], [48.534923, 28.298814], [48.618419, 28.217271], [48.623546, 28.205268], [48.609141, 28.186103], [48.601736, 28.167385], [48.600841, 28.147773], [48.606456, 28.126451], [48.616466, 28.110541], [48.648123, 28.071967], [48.654796, 28.061591], [48.653331, 28.049872], [48.65211, 28.046088], [48.667817, 28.037665], [48.701996, 28.023993], [48.712901, 28.022895], [48.747081, 28.023993], [48.75587, 28.021715], [48.77589, 28.011949], [48.787934, 28.009711], [48.792003, 28.007025], [48.791515, 28.0008], [48.788259, 27.993883], [48.784516, 27.989244], [48.778087, 27.98664], [48.771332, 27.987006], [48.764008, 27.989244], [48.746837, 27.981635], [48.742361, 27.975246], [48.743663, 27.96133], [48.753266, 27.947984], [48.773285, 27.929755], [48.796235, 27.913642], [48.814708, 27.906684], [48.815196, 27.902248], [48.837657, 27.872301], [48.87794, 27.836819], [48.88266, 27.826728], [48.87379, 27.806586], [48.872569, 27.793891], [48.873383, 27.782131], [48.87672, 27.777004], [48.874522, 27.769924], [48.865489, 27.754055], [48.852794, 27.737494], [48.839203, 27.728583], [48.846202, 27.740302], [48.847667, 27.748725], [48.84547, 27.773261], [48.848481, 27.787299], [48.854259, 27.795356], [48.857595, 27.803534], [48.852875, 27.817939], [48.838064, 27.804023], [48.821788, 27.766832], [48.805024, 27.756496], [48.823416, 27.799628], [48.825531, 27.811103], [48.820567, 27.830024], [48.812511, 27.828599], [48.804047, 27.815009], [48.785167, 27.744696], [48.784516, 27.728583], [48.782237, 27.726142], [48.778819, 27.71955], [48.78004, 27.714097], [48.791352, 27.714911], [48.796886, 27.719713], [48.803966, 27.736477], [48.81129, 27.742825], [48.81129, 27.698188], [48.815278, 27.687567], [48.824555, 27.688951], [48.833995, 27.697455], [48.839203, 27.708075], [48.846202, 27.697089], [48.847341, 27.683824], [48.84547, 27.667141], [48.858084, 27.662828], [48.867686, 27.667792], [48.875011, 27.677476], [48.880138, 27.687567], [48.880544, 27.670315], [48.878429, 27.664211], [48.873302, 27.659654], [48.878184, 27.65058], [48.877126, 27.644477], [48.870616, 27.641181], [48.85963, 27.640448], [48.869802, 27.618557], [48.873302, 27.612494], [48.848969, 27.623358], [48.838878, 27.623196], [48.831798, 27.612494], [48.852794, 27.604641], [48.870779, 27.605618], [48.884776, 27.615058], [48.893809, 27.632961], [48.900645, 27.632961], [48.907481, 27.61872], [48.895274, 27.607733], [48.891124, 27.588121], [48.896739, 27.572008], [48.914317, 27.571519], [48.921641, 27.578843], [48.917247, 27.585842], [48.909516, 27.592678], [48.907481, 27.599433], [48.915294, 27.608629], [48.926036, 27.613837], [48.949067, 27.61872], [48.968516, 27.620347], [48.9817, 27.614569], [49.017345, 27.585191], [49.05421, 27.568264], [49.063975, 27.556342], [49.044688, 27.544176], [49.05893, 27.538153], [49.071625, 27.539496], [49.077647, 27.546536], [49.072032, 27.557847], [49.088878, 27.551093], [49.106293, 27.546861], [49.144298, 27.544176], [49.15268, 27.546332], [49.170421, 27.555732], [49.178477, 27.557847], [49.188975, 27.556708], [49.208751, 27.551581], [49.219574, 27.550442], [49.239757, 27.545111], [49.255138, 27.532375], [49.278087, 27.503241], [49.28533, 27.497626], [49.292491, 27.494127], [49.299083, 27.489895], [49.305349, 27.482123], [49.307872, 27.474514], [49.309825, 27.456692], [49.312755, 27.448635], [49.300141, 27.448065], [49.292654, 27.452948], [49.289887, 27.462348], [49.291759, 27.475328], [49.284923, 27.475328], [49.263927, 27.452867], [49.208832, 27.458075], [49.18922, 27.441148], [49.181895, 27.441148], [49.175059, 27.458319], [49.157725, 27.458482], [49.119802, 27.441148], [49.128103, 27.436916], [49.150076, 27.431342], [49.161388, 27.426907], [49.170258, 27.421047], [49.176117, 27.415839], [49.183116, 27.411119], [49.195486, 27.40644], [49.201996, 27.398668], [49.207042, 27.395168], [49.212576, 27.396796], [49.229503, 27.411811], [49.229666, 27.413886], [49.235037, 27.418158], [49.237315, 27.423977], [49.240245, 27.427191], [49.246918, 27.423774], [49.254568, 27.417792], [49.263845, 27.413886], [49.256847, 27.400051], [49.247325, 27.393134], [49.237478, 27.388129], [49.229666, 27.379706], [49.226736, 27.36872], [49.226085, 27.34276], [49.223399, 27.331285], [49.23406, 27.333889], [49.245779, 27.339423], [49.257335, 27.34691], [49.267426, 27.355211], [49.278819, 27.358791], [49.292166, 27.355455], [49.312755, 27.344957], [49.304861, 27.325507], [49.307872, 27.306301], [49.315115, 27.286811], [49.319021, 27.266425], [49.317068, 27.2237], [49.322602, 27.205715], [49.339529, 27.207831], [49.33839, 27.189602], [49.345225, 27.182807], [49.355968, 27.185004], [49.366873, 27.194159], [49.361827, 27.209133], [49.37086, 27.218736], [49.386404, 27.219631], [49.40089, 27.207831], [49.407074, 27.215277], [49.412364, 27.204006], [49.409434, 27.193915], [49.403982, 27.183295], [49.40089, 27.170233], [49.397472, 27.162584], [49.388845, 27.159329], [49.377696, 27.159166], [49.366873, 27.160631], [49.374848, 27.149075], [49.399099, 27.144721], [49.407074, 27.132717], [49.417166, 27.138129], [49.423595, 27.14647], [49.435069, 27.166815], [49.435883, 27.16234], [49.436778, 27.16177], [49.438487, 27.162055], [49.441905, 27.160631], [49.431895, 27.142768], [49.440196, 27.139797], [49.465668, 27.146959], [49.481293, 27.144436], [49.508311, 27.133979], [49.524425, 27.132717], [49.497325, 27.159084], [49.489106, 27.17475], [49.50408, 27.187934], [49.516449, 27.188381], [49.526134, 27.182807], [49.534923, 27.176174], [49.544932, 27.173651], [49.552745, 27.176744], [49.572113, 27.194159], [49.568614, 27.17829], [49.559418, 27.153998], [49.558604, 27.139553], [49.564626, 27.116685], [49.570079, 27.104071], [49.575531, 27.098578], [49.594249, 27.090725], [49.612478, 27.071967], [49.670177, 26.990912], [49.699474, 26.958238], [49.708263, 26.952135], [49.736664, 26.940904], [49.74586, 26.934272], [49.760509, 26.92064], [49.770844, 26.91356], [49.833018, 26.888007], [49.871837, 26.862494], [49.894054, 26.860297], [49.917247, 26.861477], [49.942149, 26.858344], [49.972992, 26.842353], [50.001964, 26.816962], [50.052013, 26.755927], [50.069102, 26.728583], [50.141938, 26.681342], [50.158458, 26.664862], [50.161876, 26.639228], [50.11671, 26.67536], [50.09254, 26.689114], [50.037852, 26.695217], [50.023692, 26.69953], [50.014008, 26.710761], [50.006358, 26.747626], [49.997569, 26.74136], [49.988455, 26.724433], [49.983735, 26.708197], [49.982921, 26.695705], [49.983246, 26.683743], [49.986501, 26.672756], [49.993663, 26.663153], [50.003673, 26.653632], [50.006358, 26.648586], [50.002208, 26.587388], [50.003673, 26.570705], [50.03061, 26.494615], [50.04184, 26.478461], [50.058279, 26.463935], [50.076508, 26.453762], [50.162283, 26.427069], [50.19158, 26.403551], [50.209239, 26.369534], [50.216563, 26.32392], [50.215994, 26.215074], [50.21225, 26.191311], [50.201996, 26.171373], [50.182384, 26.160102], [50.181895, 26.175482], [50.174083, 26.180732], [50.163422, 26.177232], [50.154552, 26.166246], [50.160981, 26.141099], [50.158376, 26.102484], [50.150401, 26.063218], [50.141368, 26.035956], [50.125824, 26.046454], [50.12143, 26.060736], [50.121837, 26.076483], [50.120291, 26.091213], [50.113292, 26.103258], [50.10434, 26.111233], [50.0949, 26.117621], [50.086762, 26.125312], [50.081309, 26.129096], [50.076671, 26.129096], [50.073578, 26.131537], [50.071625, 26.159247], [50.069591, 26.165961], [50.065684, 26.173733], [50.057872, 26.18358], [50.045665, 26.194525], [50.0324, 26.201077], [50.021007, 26.197659], [49.994884, 26.152167], [49.986827, 26.145819], [49.975841, 26.139594], [49.980968, 26.126125], [49.991547, 26.113105], [49.997325, 26.108222], [49.999522, 26.100898], [50.0088, 26.086493], [50.010427, 26.07689], [50.007091, 26.074408], [50.000173, 26.07217], [49.993175, 26.068061], [49.990001, 26.060452], [49.992361, 26.045885], [49.996104, 26.031724], [49.996918, 26.017279], [49.990001, 26.001776], [50.006847, 25.996527], [50.021007, 26.004462], [50.028168, 26.019477], [50.024099, 26.035956], [50.033702, 26.033352], [50.040538, 26.028266], [50.052013, 26.015448], [50.057384, 26.01317], [50.061697, 26.014146], [50.064626, 26.013373], [50.065684, 26.00552], [50.065766, 25.999457], [50.066905, 25.996283], [50.069835, 25.995103], [50.075938, 25.995022], [50.101329, 25.989488], [50.111501, 25.97602], [50.11671, 25.958238], [50.127696, 25.940375], [50.127696, 25.933539], [50.107758, 25.91474], [50.118337, 25.867865], [50.141938, 25.816107], [50.161876, 25.782701], [50.222016, 25.717353], [50.247244, 25.679429], [50.257498, 25.631903], [50.251231, 25.631903], [50.233735, 25.679511], [50.226736, 25.687161], [50.21461, 25.689643], [50.199962, 25.695868], [50.187511, 25.703559], [50.174978, 25.720445], [50.15919, 25.731757], [50.144705, 25.733344], [50.141368, 25.713813], [50.148692, 25.699856], [50.174327, 25.68301], [50.182384, 25.672838], [50.187673, 25.682929], [50.18922, 25.687161], [50.196056, 25.687161], [50.23406, 25.61518], [50.347992, 25.482123], [50.374278, 25.461168], [50.371349, 25.474514], [50.364757, 25.490058], [50.36199, 25.502997], [50.370779, 25.508368], [50.381358, 25.512885], [50.385916, 25.510647], [50.389985, 25.488674], [50.39503, 25.483303], [50.399913, 25.480373], [50.40211, 25.477973], [50.410167, 25.464097], [50.428722, 25.456204], [50.462901, 25.446926], [50.471528, 25.437201], [50.490896, 25.392279], [50.483409, 25.385443], [50.495616, 25.370063], [50.509125, 25.343573], [50.520356, 25.314765], [50.525076, 25.29267], [50.523936, 25.280219], [50.518728, 25.258002], [50.517589, 25.244859], [50.519786, 25.232123], [50.524425, 25.22309], [50.529063, 25.216295], [50.534679, 25.199042], [50.549083, 25.174791], [50.551606, 25.159491], [50.545421, 25.118598], [50.553477, 25.077948], [50.562185, 25.054836], [50.572765, 25.042873], [50.580414, 25.062161], [50.606293, 25.042711], [50.633474, 25.01142], [50.644786, 24.995063], [50.661632, 24.979967], [50.681407, 24.913886], [50.706554, 24.898871], [50.72641, 24.881659], [50.735037, 24.843411], [50.737315, 24.782172], [50.741466, 24.770575], [50.750011, 24.753119], [50.76059, 24.736396], [50.771332, 24.726955], [50.786143, 24.72724], [50.807872, 24.746649], [50.826671, 24.748684], [50.852794, 24.770006], [50.85963, 24.7956], [50.851085, 24.890815], [50.842784, 24.916083], [50.799978, 24.988756], [50.796641, 25.003607], [50.807384, 25.031643], [50.809744, 25.051215], [50.808604, 25.069159], [50.802419, 25.076972], [50.775727, 25.091864], [50.768403, 25.1258], [50.766938, 25.162584], [50.757823, 25.186225], [50.764985, 25.204291], [50.763438, 25.225287], [50.759044, 25.247504], [50.757823, 25.269355], [50.765798, 25.323554], [50.765147, 25.344468], [50.750987, 25.419623], [50.762462, 25.462714], [50.763845, 25.482408], [50.750987, 25.494696], [50.778005, 25.527045], [50.797093, 25.529896], [50.808484, 25.517239], [50.811648, 25.498887], [50.820508, 25.491293], [50.820486, 25.471829], [50.847179, 25.467353], [50.831309, 25.507799], [50.827891, 25.525051], [50.826671, 25.543118], [50.828624, 25.554348], [50.832205, 25.566148], [50.832856, 25.578518], [50.826671, 25.590888], [50.818533, 25.595771], [50.79656, 25.599595], [50.785004, 25.60456], [50.796397, 25.617255], [50.809581, 25.620592], [50.823497, 25.622138], [50.836925, 25.628811], [50.84018, 25.634508], [50.846528, 25.649848], [50.850597, 25.652981], [50.857188, 25.650824], [50.863536, 25.641425], [50.870942, 25.639309], [50.87615, 25.631781], [50.874278, 25.614936], [50.867686, 25.587836], [50.867686, 25.567043], [50.868663, 25.559556], [50.87672, 25.540595], [50.881521, 25.535142], [50.888682, 25.529486], [50.898692, 25.532213], [50.900727, 25.534857], [50.900076, 25.53974], [50.904145, 25.563137], [50.904796, 25.587063], [50.90919, 25.597724], [50.920584, 25.608344], [50.927501, 25.60517], [50.93572, 25.598334], [50.949555, 25.597724], [50.955903, 25.604682], [50.9699, 25.633857], [50.97755, 25.646145], [50.94988, 25.636461], [50.924327, 25.63231], [50.903168, 25.640123], [50.888682, 25.666653], [50.887543, 25.680894], [50.894867, 25.728095], [50.897309, 25.732571], [50.906993, 25.739936], [50.90919, 25.745103], [50.90797, 25.749254], [50.902843, 25.755276], [50.901703, 25.759467], [50.901703, 25.789537], [50.915538, 25.786444], [50.920258, 25.794379], [50.923595, 25.805162], [50.932872, 25.810614], [50.939708, 25.807196], [50.945567, 25.798489], [50.949229, 25.787014], [50.949555, 25.775295], [50.963715, 25.783881], [50.972992, 25.797512], [50.975922, 25.813788], [50.970714, 25.830512], [50.963878, 25.823676], [50.949392, 25.837958], [50.951182, 25.85928], [50.977306, 25.916449], [50.981456, 25.935858], [50.984223, 25.98135], [50.992524, 25.975735], [50.995616, 25.972846], [50.998546, 25.967027], [51.004731, 25.967027], [51.027354, 26.026923], [51.047374, 26.053046], [51.075938, 26.06391], [51.091075, 26.066962], [51.133149, 26.082099], [51.141856, 26.087795], [51.147227, 26.103095], [51.170584, 26.124579], [51.176117, 26.139594], [51.194347, 26.133531], [51.214854, 26.13935], [51.251231, 26.160102], [51.33074, 26.121161], [51.346853, 26.104885], [51.348481, 26.085639], [51.346365, 26.060696], [51.347179, 26.039008], [51.357677, 26.029731], [51.376638, 26.022895], [51.382498, 26.006171], [51.383474, 25.985582], [51.388438, 25.967027], [51.403982, 25.954088], [51.416515, 25.952094], [51.424327, 25.950873], [51.46754, 25.954047], [51.491954, 25.95189], [51.511974, 25.946112], [51.52947, 25.937323], [51.546072, 25.926093], [51.559418, 25.913764], [51.570323, 25.898383], [51.577485, 25.880845], [51.594737, 25.771877], [51.594493, 25.758246], [51.591563, 25.746649], [51.583507, 25.741767], [51.577647, 25.745063], [51.572032, 25.759508], [51.563324, 25.762885], [51.555431, 25.758694], [51.54835, 25.748847], [51.544607, 25.737372], [51.546072, 25.728095], [51.555024, 25.720649], [51.56365, 25.721625], [51.570323, 25.727484], [51.573985, 25.734931], [51.590099, 25.7119], [51.576834, 25.688666], [51.556814, 25.681627], [51.552908, 25.707587], [51.539317, 25.703925], [51.505138, 25.687161], [51.519705, 25.681708], [51.534923, 25.673245], [51.54713, 25.663153], [51.552908, 25.652981], [51.54949, 25.631171], [51.535899, 25.622382], [51.518809, 25.61872], [51.505138, 25.612006], [51.498302, 25.615912], [51.491384, 25.618232], [51.493663, 25.565823], [51.491547, 25.550645], [51.491384, 25.549302], [51.48585, 25.540513], [51.47755, 25.531073], [51.471934, 25.521389], [51.474294, 25.512112], [51.510997, 25.454291], [51.516938, 25.440172], [51.518809, 25.426215], [51.515717, 25.382839], [51.511974, 25.330227], [51.513194, 25.308254], [51.518809, 25.297065], [51.531261, 25.292182], [51.590017, 25.283759], [51.599132, 25.274888], [51.607595, 25.255113], [51.611095, 25.237535], [51.614594, 25.219794], [51.616547, 25.137193], [51.605724, 25.034247], [51.611013, 25.022366], [51.602306, 25.013821], [51.586925, 24.953437], [51.574067, 24.934394], [51.539399, 24.898871], [51.528819, 24.874416], [51.520844, 24.870592], [51.511729, 24.867865], [51.505138, 24.864081], [51.500255, 24.855373], [51.474213, 24.764472], [51.47283, 24.759426], [51.46754, 24.748684], [51.455821, 24.740668], [51.450369, 24.721666], [51.443614, 24.679755], [51.430431, 24.664496], [51.389985, 24.642483], [51.381521, 24.635077], [51.37615, 24.611884], [51.363536, 24.59634], [51.349783, 24.583808], [51.340587, 24.569892], [51.328949, 24.584784], [51.332693, 24.598863], [51.341645, 24.614691], [51.346853, 24.635077], [51.339122, 24.646186], [51.321137, 24.648179], [51.285981, 24.645006], [51.284434, 24.662502], [51.278087, 24.662991], [51.267914, 24.656195], [51.254568, 24.651801], [51.23699, 24.650051], [51.220958, 24.644232], [51.212576, 24.633694], [51.214854, 24.627183], [51.215261, 24.625841], [51.217621, 24.617662], [51.268809, 24.624498], [51.278168, 24.618883], [51.286388, 24.608385], [51.295177, 24.602607], [51.306407, 24.610826], [51.307465, 24.603095], [51.306326, 24.594062], [51.302419, 24.586615], [51.295909, 24.583564], [51.290294, 24.578518], [51.292247, 24.567816], [51.296886, 24.558092], [51.299571, 24.55622], [51.29656, 24.521918], [51.302419, 24.517157], [51.320079, 24.522691], [51.333669, 24.53205], [51.361095, 24.576117], [51.375173, 24.589097], [51.38795, 24.597073], [51.395844, 24.608344], [51.395274, 24.631334], [51.410004, 24.624335], [51.428396, 24.62287], [51.443858, 24.619696], [51.45045, 24.607408], [51.455333, 24.594184], [51.46754, 24.592353], [51.483084, 24.59219], [51.498302, 24.583564], [51.498302, 24.576117], [51.482107, 24.569241], [51.461436, 24.563463], [51.443696, 24.554755], [51.436209, 24.538804], [51.432302, 24.538764], [51.409516, 24.515855], [51.404796, 24.507758], [51.39975, 24.494574], [51.395274, 24.487942], [51.336192, 24.447943], [51.326915, 24.436103], [51.324229, 24.431301], [51.311371, 24.414862], [51.306407, 24.405992], [51.304373, 24.396186], [51.302257, 24.37401], [51.299571, 24.364447], [51.299083, 24.35871], [51.299978, 24.351996], [51.299653, 24.34634], [51.295909, 24.34394], [51.285167, 24.344468], [51.280447, 24.343573], [51.278575, 24.340522], [51.277843, 24.318996], [51.278819, 24.307766], [51.282237, 24.302965], [51.344981, 24.297797], [51.367849, 24.302965], [51.380138, 24.309963], [51.38852, 24.316555], [51.397797, 24.321519], [51.412852, 24.323472], [51.479015, 24.310858], [51.496918, 24.298285], [51.526134, 24.268256], [51.569347, 24.256171], [51.590668, 24.28441], [51.591645, 24.328599], [51.573985, 24.364447], [51.593761, 24.384914], [51.602387, 24.367906], [51.62379, 24.339342], [51.62794, 24.319729], [51.62794, 24.26203], [51.634451, 24.226874], [51.648692, 24.218573], [51.662934, 24.232815], [51.672618, 24.278062], [51.679373, 24.265774], [51.689301, 24.234687], [51.695974, 24.224351], [51.700694, 24.22191], [51.709809, 24.221096], [51.718272, 24.22309], [51.723643, 24.227769], [51.724864, 24.232571], [51.720876, 24.234687], [51.740082, 24.277533], [51.7588, 24.290513], [51.77947, 24.26203], [51.782237, 24.240383], [51.771983, 24.176337], [51.773448, 24.153225], [51.785655, 24.103746], [51.786794, 24.093004], [51.785655, 24.059312], [51.787771, 24.04857], [51.79713, 24.028225], [51.799164, 24.018378], [51.809418, 24.000678], [51.833263, 23.99494], [51.881847, 23.993883], [51.893565, 23.990383], [51.902517, 23.985663], [51.919688, 23.970364], [51.928722, 23.964748], [51.936371, 23.964748], [51.939138, 23.969184], [51.93336, 23.977118], [51.931407, 23.987982], [51.952891, 23.990912], [52.01002, 23.98786], [52.016938, 23.989691], [52.023936, 23.98786], [52.036388, 23.977118], [52.067393, 23.963446], [52.075694, 23.963813], [52.117931, 23.970893], [52.13559, 23.966539], [52.145518, 23.971991], [52.155528, 23.966539], [52.171072, 23.973375], [52.188243, 23.97427], [52.206309, 23.973131], [52.224376, 23.974026], [52.240977, 23.979641], [52.279063, 24.00137], [52.295909, 24.00373], [52.32781, 24.003852], [52.341075, 24.007514], [52.35255, 24.016343], [52.364757, 24.027899], [52.378103, 24.037991], [52.392345, 24.042304], [52.408865, 24.045233], [52.428071, 24.052639], [52.444184, 24.06269], [52.450938, 24.07331], [52.456554, 24.084662], [52.48699, 24.096625], [52.501801, 24.107489], [52.514985, 24.119818], [52.532481, 24.131822], [52.550059, 24.141059], [52.56365, 24.144721], [52.574555, 24.152086], [52.577647, 24.169013], [52.577973, 24.187445], [52.58074, 24.199368], [52.600271, 24.20954], [52.618419, 24.203681], [52.634125, 24.189887], [52.670095, 24.144721], [52.681326, 24.140815], [52.685395, 24.143459], [52.68865, 24.148586], [52.697439, 24.152167], [52.720063, 24.151516], [52.760997, 24.140611], [52.782725, 24.137885], [52.795421, 24.139879], [52.816905, 24.149319], [52.827647, 24.152167], [52.839203, 24.152004], [52.84783, 24.149604], [52.854747, 24.146674], [52.86199, 24.144721], [52.947113, 24.137885], [52.956716, 24.139635], [52.992198, 24.152167], [52.996918, 24.155911], [52.998302, 24.161363], [52.999766, 24.165676], [53.00587, 24.165839], [53.010997, 24.162787], [53.014822, 24.158433], [53.017589, 24.154364], [53.019542, 24.152167], [53.048839, 24.12995], [53.067231, 24.121894], [53.107188, 24.137885], [53.127696, 24.130683], [53.146495, 24.121324], [53.163422, 24.124823], [53.149669, 24.132229], [53.145763, 24.14175], [53.145356, 24.153062], [53.142426, 24.165839], [53.165294, 24.170315], [53.19158, 24.15941], [53.215587, 24.141547], [53.231781, 24.124823], [53.245616, 24.104153], [53.253754, 24.098782], [53.309093, 24.095771], [53.437022, 24.119818], [53.445811, 24.119818], [53.4546, 24.114407], [53.468272, 24.100328], [53.47877, 24.093695], [53.493012, 24.090644], [53.507823, 24.091539], [53.519298, 24.096869], [53.537446, 24.084296], [53.548188, 24.078762], [53.557384, 24.076402], [53.561534, 24.072577], [53.574392, 24.054389], [53.581309, 24.048529], [53.58961, 24.047065], [53.601085, 24.047187], [53.612071, 24.048977], [53.629161, 24.057034], [53.639415, 24.054755], [53.648936, 24.05036], [53.656993, 24.048529], [53.687836, 24.062079], [53.694591, 24.066474], [53.70281, 24.070502], [53.712413, 24.068834], [53.722423, 24.06509], [53.732107, 24.06273], [53.85377, 24.061998], [53.878917, 24.064846], [53.889822, 24.07331], [53.951182, 24.103746], [54.014334, 24.113267], [54.03419, 24.122748], [54.055186, 24.12641], [54.081554, 24.137885], [54.112071, 24.141791], [54.122569, 24.144721], [54.135427, 24.152045], [54.153656, 24.165269], [54.170095, 24.181098], [54.177094, 24.196194], [54.187022, 24.203599], [54.252778, 24.221096], [54.305919, 24.256781], [54.314952, 24.258246], [54.323009, 24.270657], [54.34197, 24.269761], [54.382579, 24.254584], [54.390147, 24.265855], [54.427257, 24.292141], [54.445974, 24.316148], [54.485606, 24.388332], [54.479991, 24.413398], [54.483165, 24.425116], [54.499278, 24.432685], [54.490001, 24.438381], [54.485606, 24.439521], [54.485606, 24.446967], [54.50115, 24.445624], [54.525727, 24.435207], [54.540294, 24.432685], [54.533946, 24.445258], [54.516856, 24.462388], [54.513438, 24.474311], [54.528331, 24.467963], [54.544281, 24.463568], [54.558604, 24.457709], [54.568126, 24.446967], [54.574392, 24.446967], [54.5713, 24.473334], [54.552501, 24.481635], [54.526052, 24.482856], [54.499278, 24.487942], [54.440684, 24.523912], [54.417328, 24.528957], [54.417328, 24.535102], [54.429373, 24.538275], [54.441661, 24.545722], [54.451915, 24.556545], [54.453624, 24.550198], [54.457042, 24.541897], [54.465099, 24.535102], [54.462413, 24.545356], [54.465831, 24.554348], [54.47877, 24.569892], [54.485606, 24.569892], [54.4935, 24.542304], [54.512869, 24.515286], [54.537446, 24.49844], [54.56129, 24.501614], [54.555186, 24.504584], [54.540294, 24.515855], [54.551768, 24.515326], [54.573253, 24.508979], [54.581798, 24.50845], [54.585134, 24.511949], [54.593761, 24.525824], [54.598888, 24.528957], [54.636404, 24.597805], [54.619802, 24.604315], [54.612153, 24.613227], [54.615896, 24.621161], [54.632986, 24.624498], [54.643403, 24.630561], [54.646332, 24.644232], [54.65211, 24.658393], [54.670584, 24.666083], [54.670584, 24.672309], [54.661876, 24.678127], [54.657725, 24.688381], [54.654796, 24.700995], [54.650157, 24.713853], [54.655528, 24.721096], [54.648285, 24.725328], [54.640473, 24.732611], [54.643321, 24.748684], [54.652517, 24.758002], [54.691661, 24.782172], [54.696544, 24.788886], [54.701345, 24.798285], [54.707042, 24.8039], [54.737804, 24.79092], [54.739431, 24.789618], [54.754161, 24.792426], [54.768565, 24.801459], [54.773611, 24.814765], [54.76002, 24.830552], [54.868826, 24.888658], [54.917735, 24.920885], [54.94809, 24.946438], [54.96811, 24.958645], [54.992849, 24.96601], [54.992931, 24.966539], [54.992768, 24.967556], [54.992361, 24.968288], [54.991303, 24.969468]], [[88.28721672584055, 21.702497055020025], [88.30337151652678, 21.68299989384699], [88.3026067482795, 21.718006604256853], [88.3, 21.72], [88.3, 21.708], [88.2849739347801, 21.70958169107578], [88.28721672584055, 21.702497055020025]], [[79.604015, 10.329088], [79.60512002587973, 10.33156001293986], [79.602, 10.33], [79.59956711204526, 10.327296791161396], [79.604015, 10.329088]], [[74.372406, 14.530219], [74.37321112727336, 14.531469614544857], [74.363, 14.541], [74.35, 14.533], [74.35196243525839, 14.529402202026272], [74.351899, 14.530219], [74.36292785999986, 14.517203108999905], [74.378, 14.527], [74.37671567058655, 14.528198707452557], [74.372406, 14.530219]], [[73.07175098768462, 18.205792489737178], [73.06, 18.196], [73.06, 18.188940343490316], [73.06303230586066, 18.192919235348374], [73.063, 18.193], [73.06330553863897, 18.193277762399067], [73.071544, 18.204088], [73.07175098768462, 18.205792489737178]], [[72.977, 18.962], [72.97969222222223, 18.964423], [72.971245375, 18.964423], [72.977, 18.962]], [[72.844, 19.528], [72.83174124070004, 19.514299033723578], [72.8750815841658, 19.53081996504969], [72.867, 19.537], [72.85299986729086, 19.540500033177285], [72.8430654789232, 19.538279731844916], [72.844, 19.528]], [[89.031, 21.626], [89.03855219267496, 21.6205074962364], [89.036876, 21.626899], [89.03526319178219, 21.630392683876615], [89.03315982453641, 21.632172456161506], [89.031, 21.629223157397206], [89.031, 21.626]], [[88.331228, 21.719062], [88.32821032800796, 21.714132867948276], [88.329, 21.709], [88.3259098464115, 21.70848497440192], [88.32549410827764, 21.706], [88.327, 21.706], [88.34324508474246, 21.693364934089196], [88.340668, 21.697496], [88.336436, 21.708726], [88.331228, 21.719062]]], [[[55.043305, 25.029934], [55.046397, 25.026882], [55.063731, 25.039333], [55.062592, 25.041897], [55.052664, 25.036322], [55.062918, 25.042548], [55.065929, 25.034613], [55.04656, 25.023301], [55.041921, 25.029405], [55.051117, 25.035386], [55.043305, 25.029934]]], [[[55.149506, 25.096055], [55.149587, 25.095486], [55.149425, 25.094835], [55.149343, 25.094184], [55.147797, 25.092719], [55.146332, 25.090806], [55.146007, 25.090155], [55.146007, 25.089464], [55.146007, 25.088202], [55.145518, 25.088039], [55.1456, 25.088487], [55.145274, 25.089342], [55.144786, 25.089464], [55.144135, 25.090033], [55.144135, 25.090806], [55.144542, 25.091335], [55.146007, 25.092434], [55.147553, 25.094184], [55.148692, 25.095038], [55.149099, 25.09573], [55.149506, 25.096055]]], [[[55.141124, 25.092882], [55.141449, 25.092882], [55.141856, 25.092963], [55.142019, 25.093166], [55.1421, 25.093411], [55.1421, 25.094021], [55.1421, 25.094306], [55.141856, 25.094387], [55.141856, 25.094591], [55.142019, 25.094672], [55.1421, 25.094631], [55.142426, 25.094265], [55.142507, 25.093858], [55.142507, 25.093207], [55.142182, 25.092882], [55.141368, 25.092434], [55.138031, 25.091579], [55.134451, 25.091213], [55.130707, 25.091091], [55.127696, 25.091376], [55.125255, 25.091864], [55.12379, 25.092515], [55.121837, 25.093492], [55.120209, 25.094794], [55.120128, 25.095282], [55.120372, 25.096869], [55.12143, 25.096259], [55.121918, 25.096096], [55.122651, 25.096055], [55.123383, 25.095689], [55.12558, 25.094468], [55.127208, 25.093899], [55.129893, 25.093533], [55.132172, 25.093573], [55.135183, 25.093736], [55.138357, 25.094346], [55.139171, 25.094468], [55.139985, 25.094021], [55.140636, 25.09337], [55.141124, 25.092882]]], [[[55.141043, 25.104234], [55.142589, 25.106309], [55.142182, 25.106798], [55.141694, 25.107571], [55.141449, 25.108059], [55.14088, 25.108629], [55.140636, 25.109442], [55.14088, 25.109687], [55.14088, 25.11046], [55.140554, 25.110582], [55.140229, 25.110053], [55.13974, 25.108425], [55.139334, 25.105089], [55.139415, 25.102891], [55.13974, 25.100938], [55.140473, 25.099351], [55.140473, 25.098822], [55.139822, 25.098456], [55.139008, 25.098538], [55.138357, 25.100369], [55.138031, 25.102688], [55.138357, 25.107327], [55.138682, 25.109442], [55.139171, 25.110663], [55.138845, 25.110826], [55.138357, 25.110663], [55.137706, 25.109076], [55.136567, 25.105821], [55.136241, 25.10342], [55.136078, 25.101426], [55.136404, 25.098741], [55.136322, 25.097886], [55.135671, 25.097602], [55.135102, 25.097561], [55.134451, 25.098212], [55.134451, 25.100491], [55.134858, 25.10399], [55.136404, 25.108507], [55.137462, 25.110216], [55.137869, 25.11107], [55.13795, 25.111477], [55.137869, 25.111599], [55.137462, 25.111477], [55.136811, 25.110745], [55.135102, 25.108791], [55.133311, 25.105699], [55.132253, 25.103339], [55.131684, 25.100979], [55.13144, 25.098619], [55.13144, 25.097805], [55.131114, 25.097398], [55.130544, 25.097235], [55.1303, 25.097602], [55.130382, 25.098009], [55.130382, 25.100775], [55.131114, 25.103339], [55.131765, 25.105048], [55.133149, 25.107652], [55.135346, 25.110622], [55.136404, 25.111762], [55.136811, 25.112128], [55.137136, 25.112413], [55.136729, 25.112698], [55.136404, 25.112616], [55.135671, 25.112006], [55.132091, 25.108995], [55.129893, 25.106309], [55.128917, 25.104397], [55.12794, 25.102078], [55.127696, 25.100816], [55.127615, 25.098822], [55.127208, 25.09809], [55.126475, 25.097846], [55.125987, 25.098212], [55.125824, 25.099189], [55.125987, 25.100287], [55.126638, 25.102525], [55.127615, 25.105089], [55.128835, 25.107327], [55.131033, 25.109849], [55.135102, 25.11282], [55.13559, 25.113105], [55.135753, 25.113471], [55.13559, 25.113674], [55.135346, 25.113796], [55.134939, 25.113511], [55.132823, 25.112616], [55.130056, 25.110867], [55.127452, 25.108385], [55.125499, 25.106309], [55.123871, 25.104153], [55.12322, 25.102484], [55.122406, 25.101996], [55.121755, 25.102078], [55.12143, 25.102484], [55.121349, 25.103339], [55.121918, 25.104397], [55.123546, 25.106513], [55.126069, 25.109117], [55.128917, 25.111436], [55.132253, 25.113471], [55.134125, 25.114122], [55.134369, 25.114325], [55.134288, 25.114569], [55.133718, 25.114651], [55.131684, 25.113959], [55.129242, 25.113227], [55.126475, 25.112006], [55.123871, 25.109931], [55.122244, 25.108507], [55.121511, 25.10814], [55.120697, 25.108425], [55.120616, 25.109198], [55.121593, 25.110297], [55.125336, 25.112576], [55.128754, 25.114163], [55.132009, 25.114895], [55.132579, 25.11518], [55.132579, 25.115465], [55.132335, 25.115871], [55.131684, 25.115749], [55.129568, 25.115749], [55.127126, 25.11522], [55.125255, 25.114732], [55.123057, 25.113878], [55.122406, 25.114244], [55.122406, 25.114854], [55.123383, 25.115587], [55.126069, 25.11636], [55.128591, 25.116767], [55.130951, 25.116645], [55.13087, 25.117296], [55.130544, 25.117499], [55.129568, 25.117703], [55.128347, 25.117703], [55.125987, 25.117418], [55.124848, 25.117499], [55.12436, 25.117987], [55.12436, 25.11872], [55.125011, 25.118964], [55.126313, 25.119045], [55.126801, 25.119249], [55.126801, 25.119859], [55.12672, 25.120185], [55.126394, 25.120551], [55.126313, 25.121243], [55.126882, 25.121772], [55.127533, 25.121772], [55.128103, 25.121365], [55.128429, 25.121324], [55.128835, 25.121324], [55.129161, 25.121731], [55.128917, 25.123603], [55.129487, 25.12401], [55.130219, 25.123887], [55.130544, 25.123033], [55.130382, 25.121812], [55.130544, 25.120754], [55.130707, 25.120266], [55.131521, 25.119249], [55.131684, 25.11872], [55.131847, 25.118557], [55.132172, 25.118557], [55.132253, 25.118923], [55.132172, 25.120022], [55.132091, 25.122585], [55.132335, 25.125718], [55.132823, 25.126288], [55.133393, 25.126288], [55.133718, 25.125881], [55.133311, 25.122504], [55.133393, 25.117174], [55.133718, 25.116767], [55.134125, 25.116767], [55.134288, 25.117662], [55.134451, 25.120266], [55.135183, 25.122748], [55.136322, 25.12519], [55.137869, 25.127875], [55.138357, 25.128689], [55.139171, 25.128811], [55.139985, 25.128282], [55.140229, 25.127712], [55.139659, 25.126858], [55.137462, 25.124335], [55.136078, 25.121609], [55.135671, 25.119737], [55.135346, 25.116604], [55.135346, 25.115871], [55.135346, 25.115627], [55.135753, 25.115587], [55.135916, 25.115749], [55.135997, 25.116645], [55.136404, 25.117906], [55.137543, 25.120103], [55.138682, 25.122056], [55.140473, 25.124579], [55.142996, 25.127265], [55.144542, 25.128607], [55.145518, 25.128892], [55.146251, 25.128567], [55.146332, 25.127997], [55.145681, 25.127387], [55.143728, 25.126288], [55.141856, 25.124335], [55.140473, 25.122545], [55.138276, 25.119534], [55.137055, 25.116563], [55.136729, 25.115098], [55.136729, 25.114732], [55.136892, 25.114651], [55.137218, 25.114895], [55.138031, 25.116441], [55.139415, 25.118964], [55.141287, 25.120714], [55.14446, 25.123236], [55.147553, 25.124905], [55.149099, 25.125759], [55.150727, 25.126207], [55.151378, 25.126207], [55.151622, 25.125434], [55.151378, 25.124905], [55.150564, 25.12462], [55.148123, 25.123806], [55.14503, 25.122097], [55.141856, 25.119615], [55.140473, 25.117784], [55.137869, 25.114366], [55.137869, 25.114081], [55.138194, 25.113959], [55.138682, 25.114163], [55.14088, 25.1164], [55.143565, 25.11872], [55.146251, 25.120388], [55.148774, 25.121568], [55.15268, 25.122789], [55.153168, 25.122341], [55.15325, 25.121853], [55.15325, 25.121446], [55.15268, 25.121161], [55.149425, 25.120266], [55.146983, 25.119289], [55.144216, 25.117784], [55.141449, 25.115749], [55.139334, 25.113593], [55.139171, 25.113227], [55.139171, 25.112942], [55.139496, 25.112942], [55.140147, 25.113308], [55.142019, 25.114732], [55.144786, 25.116278], [55.148204, 25.117296], [55.151541, 25.118109], [55.15268, 25.118354], [55.153575, 25.118272], [55.153901, 25.117865], [55.153901, 25.117296], [55.153494, 25.116848], [55.151622, 25.116807], [55.148529, 25.116156], [55.145274, 25.115098], [55.142182, 25.113634], [55.140798, 25.112616], [55.14031, 25.112047], [55.14031, 25.111843], [55.140636, 25.111843], [55.141287, 25.112209], [55.142914, 25.113227], [55.145681, 25.114285], [55.147553, 25.114529], [55.153168, 25.114529], [55.153494, 25.11404], [55.153494, 25.113511], [55.153168, 25.113227], [55.152436, 25.113186], [55.148204, 25.113227], [55.145518, 25.112982], [55.142751, 25.112006], [55.1421, 25.111477], [55.141856, 25.110989], [55.142914, 25.110338], [55.143403, 25.110297], [55.144216, 25.11046], [55.144786, 25.110216], [55.145356, 25.10989], [55.145518, 25.109239], [55.145925, 25.109198], [55.146414, 25.109198], [55.146658, 25.109565], [55.146739, 25.110216], [55.148123, 25.111762], [55.148692, 25.111518], [55.148936, 25.110297], [55.149262, 25.109076], [55.148285, 25.108262], [55.148692, 25.107896], [55.150564, 25.106431], [55.151378, 25.106187], [55.15211, 25.106513], [55.15268, 25.107082], [55.152761, 25.107489], [55.153168, 25.107571], [55.153494, 25.107611], [55.153819, 25.107937], [55.153819, 25.108262], [55.153819, 25.108507], [55.154063, 25.108507], [55.155203, 25.10753], [55.155121, 25.107327], [55.154959, 25.107245], [55.154307, 25.107408], [55.153901, 25.107367], [55.153901, 25.107001], [55.153901, 25.106676], [55.153819, 25.106513], [55.15325, 25.106309], [55.152924, 25.105821], [55.152843, 25.105496], [55.152924, 25.105007], [55.15561, 25.103135], [55.157807, 25.101223], [55.158621, 25.099799], [55.158621, 25.099026], [55.158295, 25.098456], [55.156749, 25.096706], [55.156098, 25.096381], [55.155447, 25.0963], [55.154633, 25.096503], [55.153901, 25.096829], [55.147634, 25.101671], [55.145274, 25.103217], [55.144786, 25.103217], [55.144054, 25.103054], [55.143077, 25.103135], [55.142507, 25.103135], [55.141449, 25.103176], [55.14088, 25.103502], [55.141043, 25.104234]]], [[[55.12322, 25.127387], [55.125255, 25.129055], [55.12794, 25.13113], [55.130219, 25.132554], [55.134125, 25.134182], [55.136404, 25.134792], [55.139171, 25.135077], [55.143077, 25.135118], [55.145681, 25.134914], [55.147878, 25.134508], [55.149587, 25.133897], [55.152924, 25.132554], [55.153982, 25.131781], [55.153982, 25.131374], [55.152761, 25.130194], [55.152354, 25.130235], [55.150727, 25.131293], [55.148204, 25.132148], [55.145518, 25.132636], [55.141287, 25.132799], [55.138601, 25.132717], [55.137055, 25.13231], [55.13559, 25.131578], [55.134288, 25.130154], [55.133311, 25.129625], [55.132253, 25.129747], [55.13144, 25.129706], [55.130544, 25.129503], [55.128754, 25.128079], [55.12558, 25.125759], [55.122976, 25.122585], [55.120291, 25.119534], [55.118988, 25.117377], [55.117605, 25.114651], [55.116466, 25.11168], [55.116466, 25.108791], [55.116791, 25.105821], [55.117279, 25.102688], [55.118175, 25.100694], [55.118419, 25.100409], [55.118093, 25.100124], [55.118744, 25.099392], [55.11907, 25.098741], [55.118826, 25.097561], [55.1185, 25.096584], [55.118093, 25.096544], [55.117035, 25.097886], [55.115652, 25.09988], [55.114757, 25.101833], [55.114187, 25.104763], [55.113943, 25.109565], [55.114187, 25.113023], [55.115082, 25.116278], [55.11671, 25.119412], [55.118337, 25.121568], [55.121349, 25.125596], [55.12322, 25.127387]]], [[[52.884858, 25.150539], [52.886729, 25.134548], [52.881196, 25.138251], [52.874929, 25.141343], [52.87379, 25.160061], [52.884858, 25.150539]]], [[[55.146658, 25.200385], [55.147309, 25.200222], [55.147634, 25.19949], [55.147309, 25.199001], [55.146495, 25.199042], [55.145681, 25.19953], [55.145925, 25.2001], [55.146658, 25.200385]]], [[[55.147146, 25.201646], [55.147634, 25.202257], [55.148367, 25.202135], [55.148692, 25.20128], [55.148204, 25.200751], [55.147797, 25.200792], [55.147309, 25.201077], [55.147146, 25.201646]]], [[[55.145844, 25.204291], [55.146495, 25.204901], [55.147309, 25.204861], [55.147553, 25.203843], [55.147065, 25.20303], [55.146495, 25.202786], [55.145925, 25.202786], [55.1456, 25.20364], [55.145844, 25.204291]]], [[[55.141368, 25.21129], [55.14088, 25.210801], [55.141287, 25.209662], [55.142426, 25.208645], [55.1421, 25.207587], [55.141124, 25.206488], [55.141124, 25.20543], [55.141694, 25.20425], [55.142751, 25.203233], [55.143728, 25.203111], [55.144216, 25.202501], [55.144379, 25.201768], [55.145112, 25.201646], [55.145193, 25.20128], [55.14446, 25.201036], [55.144135, 25.201036], [55.144054, 25.200466], [55.144135, 25.199774], [55.143403, 25.199205], [55.142833, 25.198798], [55.142589, 25.197903], [55.142751, 25.19713], [55.142996, 25.196763], [55.143403, 25.196438], [55.143077, 25.196072], [55.142263, 25.196072], [55.141449, 25.195868], [55.141287, 25.195543], [55.141124, 25.194932], [55.141287, 25.194363], [55.141694, 25.193752], [55.142589, 25.193549], [55.14324, 25.193671], [55.14446, 25.194403], [55.145112, 25.194566], [55.1456, 25.193874], [55.145518, 25.192735], [55.14446, 25.192206], [55.14324, 25.191962], [55.142263, 25.192125], [55.141449, 25.192125], [55.141124, 25.191799], [55.140554, 25.191636], [55.14031, 25.191881], [55.139985, 25.193101], [55.140147, 25.193956], [55.139171, 25.194485], [55.137706, 25.194363], [55.137462, 25.194892], [55.137625, 25.19538], [55.139008, 25.195217], [55.139171, 25.195705], [55.138276, 25.19595], [55.137543, 25.196194], [55.137869, 25.196641], [55.139089, 25.196194], [55.139496, 25.196234], [55.139822, 25.196723], [55.139903, 25.19831], [55.13974, 25.198717], [55.138845, 25.199123], [55.139008, 25.2001], [55.139659, 25.200181], [55.14031, 25.199286], [55.141775, 25.200344], [55.1421, 25.200914], [55.142182, 25.201565], [55.141287, 25.202541], [55.140473, 25.202704], [55.140229, 25.202419], [55.140473, 25.20185], [55.14088, 25.201239], [55.140473, 25.200954], [55.139496, 25.201606], [55.139171, 25.201402], [55.138682, 25.20067], [55.137543, 25.200832], [55.137869, 25.201606], [55.138194, 25.202663], [55.138194, 25.204169], [55.138682, 25.206326], [55.139089, 25.207546], [55.138357, 25.208645], [55.137706, 25.209662], [55.137625, 25.210476], [55.138276, 25.211249], [55.138357, 25.21247], [55.138031, 25.213813], [55.137543, 25.214789], [55.13795, 25.215969], [55.138601, 25.216864], [55.139089, 25.2178], [55.139171, 25.218817], [55.139171, 25.219509], [55.139903, 25.219468], [55.141449, 25.219184], [55.141775, 25.218736], [55.141287, 25.218004], [55.140636, 25.217271], [55.14088, 25.215969], [55.140147, 25.215481], [55.13974, 25.214179], [55.140473, 25.213446], [55.142589, 25.212795], [55.143321, 25.211982], [55.142833, 25.211493], [55.141368, 25.21129]]], [[[55.145193, 25.206977], [55.145518, 25.207343], [55.145925, 25.207343], [55.146983, 25.20718], [55.147553, 25.206407], [55.147553, 25.205797], [55.146983, 25.205797], [55.1456, 25.206285], [55.145193, 25.206977]]], [[[55.144705, 25.209744], [55.145274, 25.209825], [55.146169, 25.209011], [55.146414, 25.208401], [55.146007, 25.207953], [55.145274, 25.20836], [55.14446, 25.209215], [55.144705, 25.209744]]], [[[55.146821, 25.211371], [55.146983, 25.210761], [55.146332, 25.210273], [55.145518, 25.210476], [55.145193, 25.210761], [55.145274, 25.211493], [55.146169, 25.211575], [55.146821, 25.211371]]], [[[55.146495, 25.214545], [55.145925, 25.214097], [55.1456, 25.214057], [55.145681, 25.215562], [55.146658, 25.215766], [55.146739, 25.215196], [55.146495, 25.214545]]], [[[55.145112, 25.214993], [55.144542, 25.214586], [55.144135, 25.214545], [55.143972, 25.214626], [55.143728, 25.215318], [55.143728, 25.216132], [55.144135, 25.216579], [55.144705, 25.216661], [55.145274, 25.216539], [55.145356, 25.215888], [55.145274, 25.215399], [55.145112, 25.214993]]], [[[55.129893, 25.205715], [55.129405, 25.202297], [55.130219, 25.199083], [55.132091, 25.194078], [55.1338, 25.190701], [55.135997, 25.187242], [55.137136, 25.186062], [55.137706, 25.185533], [55.137625, 25.185045], [55.136892, 25.185167], [55.135916, 25.186103], [55.134532, 25.187934], [55.131521, 25.194078], [55.129405, 25.199083], [55.128754, 25.202623], [55.129161, 25.205878], [55.130056, 25.210191], [55.130951, 25.213202], [55.131114, 25.215888], [55.132091, 25.219875], [55.133637, 25.223049], [55.134939, 25.225816], [55.135346, 25.22842], [55.135916, 25.230292], [55.136892, 25.232367], [55.138764, 25.234768], [55.14031, 25.236721], [55.14031, 25.236802], [55.14088, 25.238593], [55.141694, 25.241441], [55.142589, 25.244249], [55.143728, 25.245836], [55.144542, 25.24669], [55.145356, 25.247138], [55.146332, 25.247667], [55.146739, 25.247504], [55.146739, 25.247056], [55.145925, 25.246568], [55.14446, 25.245917], [55.143647, 25.244818], [55.142507, 25.241848], [55.141775, 25.240017], [55.141449, 25.238349], [55.140961, 25.236802], [55.140798, 25.236151], [55.139171, 25.234076], [55.137625, 25.231838], [55.136567, 25.229885], [55.135997, 25.228176], [55.135346, 25.225613], [55.133962, 25.222805], [55.132498, 25.219428], [55.131765, 25.215603], [55.131521, 25.212877], [55.13087, 25.209947], [55.129893, 25.205715]]], [[[55.145274, 25.218166], [55.1456, 25.218573], [55.146332, 25.218614], [55.147146, 25.218573], [55.147146, 25.217963], [55.146414, 25.217515], [55.145844, 25.217149], [55.145274, 25.217434], [55.145274, 25.218166]]], [[[55.146739, 25.221055], [55.147146, 25.220689], [55.147553, 25.219997], [55.147146, 25.219875], [55.146739, 25.219875], [55.146332, 25.220201], [55.146251, 25.221055], [55.146739, 25.221055]]], [[[55.145274, 25.221829], [55.145844, 25.221829], [55.146251, 25.22134], [55.145844, 25.220486], [55.145193, 25.220201], [55.144786, 25.220526], [55.145112, 25.22134], [55.145274, 25.221829]]], [[[55.147797, 25.221462], [55.147878, 25.222276], [55.148529, 25.222276], [55.149018, 25.221951], [55.149018, 25.220852], [55.148692, 25.220364], [55.148204, 25.220364], [55.147797, 25.220486], [55.147797, 25.221462]]], [[[55.144705, 25.222195], [55.144705, 25.221584], [55.144379, 25.220771], [55.143403, 25.220649], [55.143077, 25.221137], [55.143403, 25.222317], [55.144216, 25.222317], [55.144705, 25.222195]]], [[[55.148692, 25.224433], [55.149506, 25.224392], [55.150727, 25.224148], [55.151215, 25.223538], [55.150483, 25.222846], [55.150076, 25.222317], [55.149425, 25.222561], [55.148774, 25.222968], [55.148285, 25.223009], [55.147472, 25.222683], [55.146739, 25.222317], [55.145925, 25.22248], [55.145681, 25.222846], [55.146169, 25.223253], [55.147797, 25.223253], [55.148204, 25.223619], [55.148692, 25.224433]]], [[[55.146414, 25.225124], [55.14739, 25.225124], [55.147878, 25.224677], [55.147797, 25.224066], [55.147472, 25.223944], [55.146414, 25.223944], [55.145925, 25.224514], [55.146414, 25.225124]]], [[[55.143647, 25.225328], [55.143565, 25.225084], [55.143728, 25.22484], [55.143728, 25.224229], [55.143891, 25.223944], [55.143403, 25.223538], [55.14324, 25.223415], [55.142833, 25.223538], [55.142589, 25.224148], [55.142589, 25.225002], [55.143077, 25.225816], [55.144135, 25.225857], [55.144542, 25.225735], [55.144542, 25.225369], [55.144054, 25.225328], [55.143647, 25.225328]]], [[[54.197927, 25.232001], [54.211111, 25.249416], [54.23113, 25.243476], [54.239838, 25.208645], [54.22698, 25.214219], [54.214285, 25.214219], [54.197927, 25.232001]]], [[[50.785069, 25.648238], [50.786967, 25.652668], [50.793296, 25.652035], [50.799624, 25.651402], [50.811648, 25.649504], [50.816711, 25.644441], [50.815445, 25.636847], [50.811648, 25.631784], [50.807851, 25.63305], [50.802788, 25.634315], [50.795827, 25.63305], [50.790764, 25.630518], [50.786334, 25.638745], [50.788233, 25.643808], [50.785069, 25.648238]]], [[[50.780006, 25.682411], [50.77431, 25.678614], [50.766083, 25.671653], [50.762286, 25.667856], [50.766716, 25.654566], [50.77431, 25.645074], [50.776209, 25.638745], [50.769248, 25.636214], [50.765451, 25.629886], [50.764185, 25.621659], [50.769881, 25.617862], [50.77431, 25.612166], [50.767982, 25.60647], [50.762286, 25.597611], [50.757224, 25.588751], [50.759755, 25.582422], [50.756591, 25.579891], [50.7452, 25.584954], [50.737606, 25.595712], [50.741403, 25.605205], [50.748997, 25.621026], [50.748364, 25.630518], [50.748364, 25.644441], [50.739504, 25.653301], [50.740137, 25.662161], [50.741403, 25.674185], [50.7452, 25.687474], [50.755325, 25.70203], [50.768615, 25.716585], [50.77431, 25.721648], [50.782537, 25.720382], [50.790764, 25.726078], [50.80089, 25.73114], [50.80089, 25.724812], [50.798358, 25.715952], [50.790764, 25.705827], [50.78317, 25.696967], [50.788233, 25.692537], [50.795827, 25.684943], [50.79203, 25.67988], [50.780006, 25.682411]]], [[[50.804687, 25.679247], [50.819875, 25.678614], [50.816711, 25.669122], [50.808484, 25.664059], [50.804054, 25.669755], [50.802156, 25.674817], [50.804687, 25.679247]]], [[[50.790132, 25.755188], [50.791397, 25.74886], [50.780639, 25.745063], [50.775576, 25.752657], [50.78317, 25.755821], [50.790132, 25.755188]]], [[[55.026459, 25.888739], [55.043712, 25.89289], [55.048676, 25.885769], [55.049897, 25.876085], [55.054373, 25.86461], [55.046479, 25.858385], [55.038259, 25.857733], [55.032644, 25.854641], [55.023041, 25.86286], [55.018403, 25.859605], [55.018972, 25.865749], [55.015636, 25.871853], [55.012055, 25.881619], [55.026459, 25.888739]]], [[[54.543224, 25.893052], [54.529633, 25.895982], [54.513682, 25.902655], [54.509776, 25.913764], [54.522797, 25.920111], [54.54656, 25.9265], [54.551606, 25.917711], [54.553233, 25.899848], [54.543224, 25.893052]]], [[[50.603526, 25.85456], [50.594493, 25.832709], [50.56544, 25.7897], [50.565278, 25.789537], [50.558604, 25.81977], [50.547211, 25.852932], [50.531423, 25.88524], [50.511404, 25.913031], [50.467784, 25.957587], [50.46046, 25.985297], [50.479991, 26.018866], [50.485444, 26.033433], [50.490896, 26.048], [50.485199, 26.085639], [50.469981, 26.122626], [50.452973, 26.149563], [50.448904, 26.161607], [50.449555, 26.177965], [50.461192, 26.225246], [50.468516, 26.236884], [50.481456, 26.24258], [50.481619, 26.24254], [50.482595, 26.24254], [50.503917, 26.242011], [50.516368, 26.239691], [50.5324, 26.2331], [50.545421, 26.227729], [50.586681, 26.242499], [50.593272, 26.238593], [50.597423, 26.225531], [50.604747, 26.216498], [50.606944, 26.212388], [50.609141, 26.208279], [50.603526, 26.197659], [50.594086, 26.195299], [50.565603, 26.198879], [50.551606, 26.194241], [50.594737, 26.160305], [50.604871, 26.174732], [50.619898, 26.185466], [50.626339, 26.170438], [50.632779, 26.146823], [50.64566, 26.14575], [50.635507, 26.134382], [50.634926, 26.115694], [50.614757, 26.111151], [50.620616, 26.052965], [50.618419, 25.964748], [50.603526, 25.85456]]], [[[50.419172, 26.166144], [50.419172, 26.14897], [50.421319, 26.135016], [50.423466, 26.119988], [50.405218, 26.124282], [50.385897, 26.123208], [50.38053, 26.139309], [50.382676, 26.159704], [50.397704, 26.174732], [50.408438, 26.171511], [50.419172, 26.166144]]], [[[50.647807, 26.239136], [50.633852, 26.242356], [50.620972, 26.244503], [50.612384, 26.241283], [50.599504, 26.262751], [50.60165, 26.278852], [50.632779, 26.287439], [50.65532, 26.276705], [50.656394, 26.261677], [50.656394, 26.24665], [50.671421, 26.227328], [50.684302, 26.221961], [50.678935, 26.208007], [50.673568, 26.20264], [50.657467, 26.211227], [50.653174, 26.225181], [50.647807, 26.239136]]], [[[54.488129, 26.298041], [54.492198, 26.309638], [54.498383, 26.317369], [54.506847, 26.321234], [54.516449, 26.319403], [54.526378, 26.309638], [54.533214, 26.306789], [54.53891, 26.30272], [54.543712, 26.297349], [54.547374, 26.290432], [54.526378, 26.251939], [54.521007, 26.250963], [54.509288, 26.254218], [54.497569, 26.259711], [54.492198, 26.26557], [54.490896, 26.278713], [54.488536, 26.288723], [54.488129, 26.298041]]], [[[54.034923, 26.546129], [54.035818, 26.544013], [54.035818, 26.543891], [54.035411, 26.534817], [54.035574, 26.533718], [54.036469, 26.52676], [54.036632, 26.526679], [54.043712, 26.523179], [54.047944, 26.519761], [54.050466, 26.517768], [54.051362, 26.51203], [54.052419, 26.505805], [54.050141, 26.499823], [54.048025, 26.493842], [54.036876, 26.48843], [53.963064, 26.492174], [53.955414, 26.49258], [53.923106, 26.506537], [53.902843, 26.5362], [53.912852, 26.550198], [53.927582, 26.560126], [53.945486, 26.56509], [53.964854, 26.564114], [53.9817, 26.558905], [54.018809, 26.555569], [54.033051, 26.550442], [54.034923, 26.546129]]], [[[53.65919, 26.66885], [53.646251, 26.657172], [53.628673, 26.659329], [53.611176, 26.667304], [53.601248, 26.679592], [53.609223, 26.690497], [53.629161, 26.691107], [53.639415, 26.688788], [53.651215, 26.683824], [53.65919, 26.66885]]], [[[53.178071, 26.856879], [53.262462, 26.833645], [53.337413, 26.828681], [53.360688, 26.820502], [53.37379, 26.809801], [53.382009, 26.803127], [53.367524, 26.799628], [53.329112, 26.802558], [53.317149, 26.799994], [53.299083, 26.790717], [53.279796, 26.790676], [53.22283, 26.799547], [53.205251, 26.80622], [53.203136, 26.80744], [53.189789, 26.815172], [53.158458, 26.838568], [53.149425, 26.847886], [53.153331, 26.8522], [53.160492, 26.853705], [53.168468, 26.85635], [53.178071, 26.856879]]], [[[49.557465, 27.305487], [49.556407, 27.304836], [49.551768, 27.304023], [49.54363, 27.309272], [49.538259, 27.311428], [49.538097, 27.311469], [49.538097, 27.317694], [49.551443, 27.322821], [49.554047, 27.328315], [49.549815, 27.334459], [49.545502, 27.338324], [49.541515, 27.341864], [49.531261, 27.346177], [49.520274, 27.344631], [49.509613, 27.340888], [49.500255, 27.338772], [49.487559, 27.334133], [49.474946, 27.322333], [49.463878, 27.306627], [49.456228, 27.290351], [49.453624, 27.316392], [49.472179, 27.342027], [49.501231, 27.360541], [49.531261, 27.365465], [49.542491, 27.363715], [49.551036, 27.360053], [49.56544, 27.351752], [49.585134, 27.344306], [49.638438, 27.330634], [49.688813, 27.317694], [49.670421, 27.311428], [49.655121, 27.314602], [49.640391, 27.32099], [49.62379, 27.324449], [49.60727, 27.322455], [49.591807, 27.316799], [49.577647, 27.308295], [49.56544, 27.297797], [49.557465, 27.305487]]], [[[50.295001, 29.275218], [50.305817, 29.271275], [50.323841, 29.264177], [50.334651, 29.258661], [50.330111, 29.241368], [50.333018, 29.224026], [50.326427, 29.20893], [50.316531, 29.207572], [50.30663, 29.215446], [50.296748, 29.237473], [50.290466, 29.257138], [50.283267, 29.268939], [50.295001, 29.275218]]], [[[48.335927, 29.420593], [48.316867, 29.427013], [48.290404, 29.430649], [48.269242, 29.429685], [48.27003, 29.455959], [48.281098, 29.471096], [48.298513, 29.473131], [48.338227, 29.462795], [48.353852, 29.457424], [48.361664, 29.451606], [48.37322, 29.443061], [48.381114, 29.433987], [48.389008, 29.424872], [48.399464, 29.397639], [48.397356, 29.387497], [48.382541, 29.392089], [48.373014, 29.393919], [48.363482, 29.399436], [48.335927, 29.420593]]], [[[48.073741, 29.77969], [48.053722, 29.790025], [48.046072, 29.800442], [48.065196, 29.812201], [48.076834, 29.817572], [48.098481, 29.830715], [48.109548, 29.833319], [48.113292, 29.839097], [48.119151, 29.873603], [48.103282, 29.879136], [48.0949, 29.880316], [48.085297, 29.87991], [48.085134, 29.879869], [48.095063, 29.894721], [48.109223, 29.893622], [48.133556, 29.879869], [48.144867, 29.878323], [48.158702, 29.879218], [48.166515, 29.885932], [48.160818, 29.901557], [48.178884, 29.908515], [48.193696, 29.916449], [48.197439, 29.92536], [48.181326, 29.935126], [48.169932, 29.936469], [48.156749, 29.931138], [48.147227, 29.935126], [48.142833, 29.941718], [48.140391, 29.952216], [48.139415, 29.962795], [48.140391, 29.969794], [48.122732, 29.969672], [48.120291, 29.971422], [48.11671, 29.974066], [48.12086, 29.981391], [48.133556, 29.989691], [48.14796, 29.99494], [48.16212, 29.995673], [48.175792, 29.991889], [48.188731, 29.983547], [48.344493, 29.790595], [48.359548, 29.754462], [48.352712, 29.709784], [48.333832, 29.679267], [48.303071, 29.645209], [48.266287, 29.615953], [48.229015, 29.599921], [48.222341, 29.600531], [48.185802, 29.603949], [48.161632, 29.629706], [48.12672, 29.702338], [48.085134, 29.767808], [48.079275, 29.773912], [48.073741, 29.77969]]], [[[48.093761, 30.029283], [48.109223, 30.027981], [48.10613, 30.017646], [48.078868, 30.004055], [48.072439, 29.998725], [48.062755, 29.987454], [48.05836, 29.983547], [48.031098, 29.971015], [48.023692, 29.969875], [48.016287, 29.9737], [48.010753, 29.980455], [48.009288, 29.986884], [48.023123, 29.995185], [48.04363, 30.019029], [48.054698, 30.024482], [48.093761, 30.029283]]], [[[49.015229, 30.46369], [49.008474, 30.465928], [49.006765, 30.476589], [49.007579, 30.480211], [49.007335, 30.485622], [49.010997, 30.489244], [49.011485, 30.498806], [49.022146, 30.500759], [49.023285, 30.500718], [49.029145, 30.50198], [49.032725, 30.497992], [49.03533, 30.498155], [49.039806, 30.502631], [49.044363, 30.502509], [49.055512, 30.502794], [49.062185, 30.501247], [49.063406, 30.495958], [49.061534, 30.492174], [49.058035, 30.49018], [49.061615, 30.487698], [49.06308, 30.479478], [49.064138, 30.469672], [49.06422, 30.464586], [49.049815, 30.464586], [49.040131, 30.465562], [49.039724, 30.469387], [49.038422, 30.469713], [49.037364, 30.46544], [49.029307, 30.45779], [49.026622, 30.461859], [49.026785, 30.466213], [49.021821, 30.461493], [49.015229, 30.46369]]], [[[53.097992, 38.769232], [53.098399, 38.763902], [53.102061, 38.755072], [53.094737, 38.755072], [53.092133, 38.778795], [53.062999, 38.864691], [53.046886, 38.891669], [53.040212, 38.906684], [53.038422, 38.916938], [53.04005, 38.943427], [53.037852, 38.97016], [53.028575, 39.016303], [53.026378, 39.039374], [53.029959, 39.061347], [53.040294, 39.081], [53.057628, 39.094428], [53.081716, 39.097724], [53.086599, 39.091295], [53.087901, 39.088121], [53.087901, 39.083441], [53.058849, 39.067084], [53.053966, 39.026801], [53.067393, 38.946845], [53.079438, 38.863471], [53.102061, 38.781724], [53.097992, 38.769232]]], [[[53.506196, 39.508612], [53.491873, 39.508612], [53.486583, 39.516343], [53.475271, 39.548082], [53.468272, 39.560452], [53.462901, 39.573798], [53.468516, 39.584947], [53.479991, 39.593329], [53.491873, 39.597968], [53.498302, 39.59101], [53.503754, 39.586127], [53.508637, 39.585517], [53.51295, 39.591213], [53.517345, 39.569403], [53.519298, 39.56387], [53.539724, 39.539618], [53.534434, 39.527655], [53.521983, 39.516099], [53.506196, 39.508612]]], [[[50.625743, 40.31037], [50.618907, 40.299994], [50.600108, 40.303697], [50.587576, 40.300605], [50.572765, 40.310045], [50.562999, 40.324856], [50.565278, 40.337836], [50.578298, 40.330024], [50.587901, 40.332343], [50.59669, 40.33747], [50.606944, 40.337836], [50.621267, 40.326077], [50.625743, 40.31037]]], [[[50.395274, 40.420396], [50.396251, 40.408515], [50.388438, 40.401679], [50.373546, 40.399075], [50.353689, 40.399888], [50.358653, 40.424221], [50.32602, 40.458075], [50.326427, 40.481879], [50.338634, 40.476874], [50.353689, 40.480658], [50.360525, 40.474433], [50.362804, 40.453559], [50.372569, 40.442572], [50.38502, 40.433987], [50.395274, 40.420396]]], [[[52.830821, 41.701483], [52.880544, 41.697903], [52.903819, 41.689765], [52.916515, 41.674221], [52.915375, 41.660793], [52.899913, 41.640326], [52.896007, 41.629543], [52.897146, 41.619452], [52.901866, 41.59984], [52.902843, 41.588528], [52.898936, 41.565985], [52.832693, 41.437486], [52.827647, 41.417182], [52.815684, 41.388739], [52.813487, 41.37934], [52.81544, 41.369534], [52.827647, 41.344631], [52.83725, 41.302924], [52.844005, 41.24018], [52.851329, 41.223578], [52.903982, 41.140204], [52.909679, 41.122707], [52.904307, 41.101996], [52.883067, 41.072496], [52.882335, 41.050442], [52.875499, 41.050442], [52.869965, 41.060004], [52.854015, 41.070502], [52.848318, 41.077704], [52.84669, 41.08869], [52.854503, 41.11933], [52.854666, 41.142524], [52.851085, 41.163316], [52.844086, 41.182563], [52.833832, 41.201239], [52.829275, 41.206488], [52.816661, 41.217841], [52.813487, 41.221747], [52.811046, 41.23371], [52.813731, 41.252672], [52.813487, 41.262641], [52.79127, 41.321275], [52.789561, 41.331], [52.77711, 41.339545], [52.760997, 41.37759], [52.745291, 41.386176], [52.731944, 41.388251], [52.723399, 41.394232], [52.719086, 41.403957], [52.717784, 41.417182], [52.715831, 41.426418], [52.710297, 41.432278], [52.693614, 41.444525], [52.682384, 41.450344], [52.655935, 41.453355], [52.646251, 41.458197], [52.611664, 41.492377], [52.593923, 41.502631], [52.575369, 41.508734], [52.562185, 41.519477], [52.560232, 41.54385], [52.563487, 41.54621], [52.584158, 41.574612], [52.587738, 41.582709], [52.588634, 41.594184], [52.587576, 41.616156], [52.589122, 41.623196], [52.595225, 41.633734], [52.595551, 41.640041], [52.59254, 41.645738], [52.587738, 41.649563], [52.583018, 41.652004], [52.58074, 41.653713], [52.57252, 41.673774], [52.567149, 41.681708], [52.560232, 41.687812], [52.552908, 41.689643], [52.536632, 41.687934], [52.529552, 41.69123], [52.519867, 41.702094], [52.514496, 41.706936], [52.49879, 41.712104], [52.483572, 41.726264], [52.47462, 41.729438], [52.450206, 41.734809], [52.437673, 41.748847], [52.435802, 41.768541], [52.443614, 41.79092], [52.481944, 41.863959], [52.490977, 41.902045], [52.484548, 41.941636], [52.474132, 41.962592], [52.461192, 41.978949], [52.451671, 41.986314], [52.441661, 41.992377], [52.434192219808864, 42.0], [52.98648618964767, 42.0], [52.960297, 41.984361], [52.937022, 41.95539], [52.821462, 41.764879], [52.804047, 41.744859], [52.789561, 41.736274], [52.782074, 41.725531], [52.773774, 41.701321], [52.769216, 41.675605], [52.772472, 41.660549], [52.784679, 41.663072], [52.815684, 41.693834], [52.830821, 41.701483]]], [[[55.161469, 25.108181], [55.161143, 25.107815], [55.160899, 25.107082], [55.160655, 25.106228], [55.160411, 25.106309], [55.16033, 25.106798], [55.15976, 25.106757], [55.159434, 25.106309], [55.159353, 25.105821], [55.158621, 25.105577], [55.158214, 25.105373], [55.157888, 25.105618], [55.158051, 25.105943], [55.159028, 25.107082], [55.160085, 25.108425], [55.161306, 25.109524], [55.161469, 25.11046], [55.16155, 25.11107], [55.162446, 25.111192], [55.163585, 25.111233], [55.164561, 25.110745], [55.165375, 25.11046], [55.165375, 25.110093], [55.164724, 25.110053], [55.164236, 25.109646], [55.163666, 25.10928], [55.162852, 25.10928], [55.16269, 25.108995], [55.161794, 25.108791], [55.162283, 25.108507], [55.162039, 25.107978], [55.161469, 25.108181]]], [[[55.158376, 25.112413], [55.157888, 25.112779], [55.158132, 25.113023], [55.158621, 25.112779], [55.159028, 25.112616], [55.159434, 25.11282], [55.159841, 25.113105], [55.160004, 25.113511], [55.160004, 25.113715], [55.158539, 25.114244], [55.158214, 25.114569], [55.158376, 25.118232], [55.158539, 25.121039], [55.158051, 25.123155], [55.156749, 25.125556], [55.15504, 25.128119], [55.153982, 25.129096], [55.154145, 25.129421], [55.155284, 25.130316], [55.155528, 25.130439], [55.156016, 25.130032], [55.158376, 25.126736], [55.160167, 25.123358], [55.160818, 25.119289], [55.160655, 25.116156], [55.160411, 25.113349], [55.160004, 25.112698], [55.159434, 25.112291], [55.159028, 25.112291], [55.158376, 25.112413]]], [[[55.141368, 25.185696], [55.140473, 25.187283], [55.140147, 25.187812], [55.140473, 25.188056], [55.141694, 25.186021], [55.143321, 25.183173], [55.144379, 25.182278], [55.145518, 25.181993], [55.150238, 25.180243], [55.151622, 25.179592], [55.153819, 25.179023], [55.155528, 25.178941], [55.1574, 25.179185], [55.163748, 25.179389], [55.166596, 25.179185], [55.168875, 25.179511], [55.170746, 25.180325], [55.171641, 25.18122], [55.172211, 25.182359], [55.172374, 25.183824], [55.172293, 25.184678], [55.172374, 25.185614], [55.17335, 25.185574], [55.17335, 25.184068], [55.173106, 25.183173], [55.172862, 25.182196], [55.171723, 25.180528], [55.171153, 25.179999], [55.169281, 25.179104], [55.166677, 25.178656], [55.163748, 25.178819], [55.157725, 25.178738], [55.156016, 25.178534], [55.153982, 25.178534], [55.151703, 25.178941], [55.149913, 25.179755], [55.145518, 25.181342], [55.144216, 25.181871], [55.142914, 25.182807], [55.141368, 25.185696]]], [[[55.155772, 25.195705], [55.156423, 25.195705], [55.156749, 25.195868], [55.157237, 25.196194], [55.157725, 25.196112], [55.157807, 25.195461], [55.157563, 25.194892], [55.156749, 25.194566], [55.156098, 25.194892], [55.155772, 25.195705]]], [[[55.154063, 25.194892], [55.15325, 25.194892], [55.15268, 25.195136], [55.151622, 25.195746], [55.150727, 25.196153], [55.150727, 25.196519], [55.150971, 25.196763], [55.151703, 25.196763], [55.152924, 25.196194], [55.153819, 25.195868], [55.154063, 25.195502], [55.154063, 25.194892]]], [[[55.159028, 25.195421], [55.158621, 25.195705], [55.158621, 25.196234], [55.160085, 25.196316], [55.160655, 25.196112], [55.160818, 25.195502], [55.159028, 25.195421]]], [[[55.165863, 25.196682], [55.165863, 25.197089], [55.166677, 25.197903], [55.167654, 25.197984], [55.168061, 25.197781], [55.168142, 25.197089], [55.167491, 25.196316], [55.166921, 25.19599], [55.16627, 25.196072], [55.165863, 25.196682]]], [[[55.148367, 25.196682], [55.147797, 25.197048], [55.147634, 25.197618], [55.148285, 25.197781], [55.149262, 25.197537], [55.150157, 25.19717], [55.150564, 25.19656], [55.150157, 25.196194], [55.149343, 25.196357], [55.148367, 25.196682]]], [[[55.153575, 25.197537], [55.152924, 25.197903], [55.15211, 25.197821], [55.15211, 25.19831], [55.152436, 25.198839], [55.153005, 25.198757], [55.153575, 25.198228], [55.154145, 25.197618], [55.154633, 25.197414], [55.154796, 25.197089], [55.154714, 25.196682], [55.153656, 25.197008], [55.153575, 25.197537]]], [[[55.15504, 25.198635], [55.155121, 25.199164], [55.155854, 25.199408], [55.156749, 25.19892], [55.157156, 25.198106], [55.156668, 25.197537], [55.156098, 25.197821], [55.155284, 25.198269], [55.15504, 25.198635]]], [[[55.150971, 25.198839], [55.151052, 25.19835], [55.150727, 25.198188], [55.150401, 25.198188], [55.150401, 25.198635], [55.150727, 25.198961], [55.150971, 25.198839]]], [[[55.165375, 25.200466], [55.165945, 25.200792], [55.166596, 25.199978], [55.166677, 25.199327], [55.165782, 25.198472], [55.165131, 25.198391], [55.164399, 25.198839], [55.164317, 25.199571], [55.165375, 25.200466]]], [[[55.148529, 25.199205], [55.148692, 25.199693], [55.149262, 25.200263], [55.14975, 25.200792], [55.150401, 25.200751], [55.150238, 25.200181], [55.149832, 25.199774], [55.149587, 25.198839], [55.148936, 25.198839], [55.148529, 25.199205]]], [[[55.153168, 25.20128], [55.153575, 25.200792], [55.153575, 25.200222], [55.153005, 25.199856], [55.151622, 25.200181], [55.151296, 25.200873], [55.151378, 25.201361], [55.152354, 25.201402], [55.153168, 25.20128]]], [[[55.163666, 25.201402], [55.163992, 25.201077], [55.163992, 25.20067], [55.163097, 25.2001], [55.162852, 25.199978], [55.162446, 25.2001], [55.16269, 25.200629], [55.163666, 25.201402]]], [[[55.157237, 25.200995], [55.157481, 25.200344], [55.156993, 25.2001], [55.156423, 25.200263], [55.155528, 25.200914], [55.154796, 25.200954], [55.154389, 25.201158], [55.154389, 25.201687], [55.154633, 25.202053], [55.155284, 25.202094], [55.155935, 25.201972], [55.156342, 25.201646], [55.156749, 25.201239], [55.157237, 25.200995]]], [[[55.165782, 25.201728], [55.165131, 25.201728], [55.164887, 25.202094], [55.165538, 25.202541], [55.166189, 25.202541], [55.16627, 25.202216], [55.165782, 25.201728]]], [[[55.150483, 25.201809], [55.14975, 25.202419], [55.150238, 25.203437], [55.150645, 25.203559], [55.151052, 25.203233], [55.151052, 25.202541], [55.151296, 25.202053], [55.150727, 25.201728], [55.150483, 25.201809]]], [[[55.15919, 25.203477], [55.158621, 25.203111], [55.158865, 25.202704], [55.15919, 25.202541], [55.15919, 25.201687], [55.158539, 25.201239], [55.158051, 25.201239], [55.157807, 25.201606], [55.157725, 25.202379], [55.158051, 25.202623], [55.158132, 25.202948], [55.157888, 25.203315], [55.157888, 25.20364], [55.158051, 25.204169], [55.158539, 25.204291], [55.159028, 25.204088], [55.15919, 25.203477]]], [[[55.152192, 25.202867], [55.152029, 25.203233], [55.152029, 25.203681], [55.152354, 25.203884], [55.153168, 25.203681], [55.153331, 25.203437], [55.153331, 25.202745], [55.153168, 25.202541], [55.152761, 25.202541], [55.152192, 25.202867]]], [[[55.154796, 25.20425], [55.155528, 25.204006], [55.15561, 25.203437], [55.154959, 25.203437], [55.154389, 25.203355], [55.153982, 25.20364], [55.153901, 25.204169], [55.154389, 25.204332], [55.154796, 25.20425]]], [[[55.148285, 25.203721], [55.148692, 25.20425], [55.149099, 25.204983], [55.149913, 25.205105], [55.150401, 25.204861], [55.150076, 25.204088], [55.149343, 25.203274], [55.148529, 25.20303], [55.148285, 25.203274], [55.148285, 25.203721]]], [[[55.155121, 25.205268], [55.155203, 25.205959], [55.15561, 25.206244], [55.156098, 25.205878], [55.156098, 25.204901], [55.156016, 25.204413], [55.15561, 25.204332], [55.155203, 25.204657], [55.155121, 25.205268]]], [[[55.157237, 25.205064], [55.157237, 25.205634], [55.157807, 25.205675], [55.158051, 25.206], [55.158621, 25.206122], [55.159272, 25.205797], [55.159272, 25.20539], [55.158946, 25.204942], [55.158051, 25.204942], [55.157237, 25.205064]]], [[[55.15268, 25.207261], [55.153819, 25.207465], [55.154063, 25.207424], [55.154389, 25.206895], [55.154145, 25.206204], [55.153575, 25.205797], [55.152924, 25.205959], [55.152354, 25.206529], [55.15268, 25.207261]]], [[[55.150483, 25.205959], [55.150157, 25.205878], [55.149587, 25.206], [55.149099, 25.206326], [55.148204, 25.207424], [55.148285, 25.207994], [55.149343, 25.208035], [55.149506, 25.207506], [55.14975, 25.207099], [55.150564, 25.20718], [55.15089, 25.206773], [55.150727, 25.206488], [55.150483, 25.205959]]], [[[55.158621, 25.208157], [55.15976, 25.208157], [55.160167, 25.207831], [55.159679, 25.207424], [55.159272, 25.207099], [55.158539, 25.207506], [55.158214, 25.20775], [55.158051, 25.208157], [55.158621, 25.208157]]], [[[55.155854, 25.208319], [55.155447, 25.208319], [55.154714, 25.208482], [55.154959, 25.20897], [55.156423, 25.209011], [55.156993, 25.208645], [55.157237, 25.208116], [55.157074, 25.207587], [55.156098, 25.207913], [55.155854, 25.208319]]], [[[55.150483, 25.208401], [55.150971, 25.209011], [55.15211, 25.209459], [55.152761, 25.209459], [55.153005, 25.209215], [55.152924, 25.208848], [55.152354, 25.208726], [55.151622, 25.208686], [55.150971, 25.208075], [55.150483, 25.208075], [55.150483, 25.208401]]], [[[55.148774, 25.209459], [55.148204, 25.209662], [55.147634, 25.21015], [55.147634, 25.210598], [55.147878, 25.211249], [55.149506, 25.211493], [55.150157, 25.211168], [55.150157, 25.210679], [55.149587, 25.210598], [55.149506, 25.210191], [55.149425, 25.209662], [55.148774, 25.209459]]], [[[55.151378, 25.211168], [55.15211, 25.211086], [55.152436, 25.210761], [55.152192, 25.210232], [55.151785, 25.209866], [55.151296, 25.209988], [55.150971, 25.210598], [55.151378, 25.211168]]], [[[55.155935, 25.214423], [55.156586, 25.214626], [55.157156, 25.214423], [55.1574, 25.213772], [55.157725, 25.212795], [55.156912, 25.21247], [55.156098, 25.21251], [55.155854, 25.213243], [55.155935, 25.214423]]], [[[55.153168, 25.214342], [55.153575, 25.21483], [55.154145, 25.214748], [55.154633, 25.214179], [55.154959, 25.213284], [55.154796, 25.212917], [55.154145, 25.212917], [55.15325, 25.213731], [55.153168, 25.214342]]], [[[55.150483, 25.215969], [55.15089, 25.216051], [55.151541, 25.215847], [55.151703, 25.214952], [55.151296, 25.214545], [55.15089, 25.214545], [55.150483, 25.215115], [55.150483, 25.215969]]], [[[55.164317, 25.214952], [55.163503, 25.215115], [55.162852, 25.216051], [55.163097, 25.216579], [55.164236, 25.216457], [55.164561, 25.215603], [55.164317, 25.214952]]], [[[55.155854, 25.215318], [55.155203, 25.215888], [55.154714, 25.216864], [55.155203, 25.217312], [55.155772, 25.217231], [55.156423, 25.216254], [55.156423, 25.215644], [55.156342, 25.215318], [55.155854, 25.215318]]], [[[55.150971, 25.216579], [55.150971, 25.217271], [55.151622, 25.217312], [55.152436, 25.216661], [55.152843, 25.215888], [55.152761, 25.215522], [55.152354, 25.21544], [55.151622, 25.216295], [55.150971, 25.216579]]], [[[55.148529, 25.217271], [55.149832, 25.217393], [55.14975, 25.216579], [55.149425, 25.215766], [55.148367, 25.215562], [55.147797, 25.215766], [55.147878, 25.216661], [55.148529, 25.217271]]], [[[55.153005, 25.217027], [55.15268, 25.217475], [55.152924, 25.217963], [55.153494, 25.217963], [55.153901, 25.217597], [55.153819, 25.217149], [55.153656, 25.216864], [55.153331, 25.216783], [55.153005, 25.217027]]], [[[55.163097, 25.218207], [55.163748, 25.218248], [55.165375, 25.218166], [55.165782, 25.217637], [55.165538, 25.21662], [55.16505, 25.21662], [55.163666, 25.21719], [55.163097, 25.217637], [55.163097, 25.218207]]], [[[55.167003, 25.219184], [55.167491, 25.219428], [55.168061, 25.219184], [55.168142, 25.218573], [55.168061, 25.2178], [55.167491, 25.217678], [55.167084, 25.217678], [55.167003, 25.219184]]], [[[55.152843, 25.219509], [55.153168, 25.219143], [55.153005, 25.218817], [55.15211, 25.218248], [55.151785, 25.218166], [55.151622, 25.21894], [55.152192, 25.219509], [55.152843, 25.219509]]], [[[55.148936, 25.219102], [55.149506, 25.219428], [55.150401, 25.219428], [55.150727, 25.218899], [55.150564, 25.218492], [55.149913, 25.218248], [55.149425, 25.218248], [55.148774, 25.218655], [55.148936, 25.219102]]], [[[55.154389, 25.218817], [55.154389, 25.21955], [55.155854, 25.219997], [55.156342, 25.219631], [55.157156, 25.218573], [55.156586, 25.218004], [55.155854, 25.218004], [55.15504, 25.218411], [55.154389, 25.218817]]], [[[55.150401, 25.220079], [55.150157, 25.220486], [55.150157, 25.220933], [55.15089, 25.220933], [55.151541, 25.220567], [55.151622, 25.219997], [55.151378, 25.219631], [55.15089, 25.219794], [55.150401, 25.220079]]], [[[55.166352, 25.221747], [55.167003, 25.221422], [55.167084, 25.220486], [55.166921, 25.219835], [55.166352, 25.219631], [55.165863, 25.219631], [55.165863, 25.221422], [55.166352, 25.221747]]], [[[55.155284, 25.221055], [55.154714, 25.220893], [55.154145, 25.220486], [55.153494, 25.220242], [55.152843, 25.220486], [55.151296, 25.221584], [55.150727, 25.222073], [55.150971, 25.222561], [55.151703, 25.223009], [55.15211, 25.222805], [55.153168, 25.222195], [55.154389, 25.221829], [55.155121, 25.221462], [55.155284, 25.221055]]], [[[55.162852, 25.221462], [55.16212, 25.222886], [55.162283, 25.224189], [55.162852, 25.224433], [55.163259, 25.224148], [55.163259, 25.223253], [55.16391, 25.22248], [55.163992, 25.221747], [55.163585, 25.221503], [55.162852, 25.221462]]], [[[55.165945, 25.225735], [55.16627, 25.226304], [55.16627, 25.226793], [55.166515, 25.227159], [55.166921, 25.227281], [55.167491, 25.22724], [55.168142, 25.227078], [55.16863, 25.226671], [55.168549, 25.22606], [55.168224, 25.225572], [55.16741, 25.225246], [55.167084, 25.224677], [55.166921, 25.223944], [55.166921, 25.223456], [55.166921, 25.223009], [55.16684, 25.222602], [55.166352, 25.222276], [55.165945, 25.222195], [55.165538, 25.222317], [55.164887, 25.223253], [55.164724, 25.223985], [55.16505, 25.22484], [55.165538, 25.22545], [55.165945, 25.225735]]], [[[55.14796, 25.227078], [55.148692, 25.2272], [55.149343, 25.227078], [55.149506, 25.226386], [55.148774, 25.225857], [55.148123, 25.225857], [55.147634, 25.225938], [55.147472, 25.226589], [55.14796, 25.227078]]], [[[55.164561, 25.226996], [55.165457, 25.227078], [55.165782, 25.226833], [55.165782, 25.226467], [55.165457, 25.226304], [55.164561, 25.226304], [55.164317, 25.226711], [55.164561, 25.226996]]], [[[55.163097, 25.227769], [55.162934, 25.226671], [55.162446, 25.226182], [55.161713, 25.226223], [55.161632, 25.227281], [55.16212, 25.227851], [55.163097, 25.227769]]], [[[55.168224, 25.229478], [55.168061, 25.228502], [55.167328, 25.228095], [55.16627, 25.228095], [55.165945, 25.228705], [55.166352, 25.230211], [55.167003, 25.231431], [55.167328, 25.231716], [55.168875, 25.231757], [55.169363, 25.231676], [55.169607, 25.231472], [55.169363, 25.230577], [55.16863, 25.230089], [55.168224, 25.229478]]], [[[55.164561, 25.231187], [55.16391, 25.231594], [55.16391, 25.23192], [55.164073, 25.232164], [55.164724, 25.232164], [55.165457, 25.231757], [55.165457, 25.23135], [55.165457, 25.231106], [55.164806, 25.231106], [55.164561, 25.231187]]], [[[55.163666, 25.232978], [55.163422, 25.23253], [55.16269, 25.23253], [55.162446, 25.233954], [55.162771, 25.235867], [55.163259, 25.236477], [55.163748, 25.236111], [55.16391, 25.2355], [55.163585, 25.23489], [55.163585, 25.234158], [55.163666, 25.232978]]], [[[55.164317, 25.238593], [55.164399, 25.240302], [55.165131, 25.240668], [55.166921, 25.24022], [55.167328, 25.239488], [55.167328, 25.238756], [55.167084, 25.238105], [55.166189, 25.237494], [55.164561, 25.237616], [55.164317, 25.238593]]], [[[55.176687, 25.191596], [55.176768, 25.190823], [55.176606, 25.190416], [55.17571, 25.190619], [55.175466, 25.190823], [55.175141, 25.191311], [55.175873, 25.19184], [55.176687, 25.191596]]], [[[55.174653, 25.191962], [55.174164, 25.19241], [55.173839, 25.193101], [55.174327, 25.193508], [55.174978, 25.193142], [55.175385, 25.19241], [55.175385, 25.191962], [55.175059, 25.191881], [55.174653, 25.191962]]], [[[55.176199, 25.193427], [55.176931, 25.193752], [55.177664, 25.193386], [55.177664, 25.192613], [55.177094, 25.192125], [55.176687, 25.192328], [55.176199, 25.192939], [55.176199, 25.193427]]], [[[55.173106, 25.193549], [55.172455, 25.193752], [55.171641, 25.194281], [55.171641, 25.194932], [55.172048, 25.195299], [55.173188, 25.194932], [55.173595, 25.194281], [55.173595, 25.193793], [55.173513, 25.193549], [55.173106, 25.193549]]], [[[55.174571, 25.194932], [55.173513, 25.195705], [55.173595, 25.196194], [55.174327, 25.196112], [55.175629, 25.195217], [55.176199, 25.194485], [55.176117, 25.193996], [55.175629, 25.193956], [55.175304, 25.194241], [55.174571, 25.194932]]], [[[55.168793, 25.196031], [55.169444, 25.196967], [55.170014, 25.196967], [55.170421, 25.196519], [55.170502, 25.196031], [55.16977, 25.195136], [55.168956, 25.195095], [55.168549, 25.195502], [55.168793, 25.196031]]], [[[55.176199, 25.196234], [55.175792, 25.19599], [55.175141, 25.196072], [55.174815, 25.196763], [55.175304, 25.197252], [55.176199, 25.197008], [55.176199, 25.196234]]], [[[55.171967, 25.197089], [55.171397, 25.197252], [55.17156, 25.197943], [55.172048, 25.198513], [55.17335, 25.198554], [55.174001, 25.19835], [55.174246, 25.197781], [55.17392, 25.197414], [55.173106, 25.197252], [55.172537, 25.197089], [55.171967, 25.197089]]], [[[55.169688, 25.197699], [55.169037, 25.198188], [55.168305, 25.198676], [55.168305, 25.199408], [55.1692, 25.199856], [55.170177, 25.199368], [55.170177, 25.198839], [55.170828, 25.198065], [55.170258, 25.197821], [55.169688, 25.197699]]], [[[55.174571, 25.199327], [55.174164, 25.200181], [55.174653, 25.200466], [55.175385, 25.199856], [55.17571, 25.198757], [55.175466, 25.198106], [55.174978, 25.198188], [55.174653, 25.198757], [55.174571, 25.199327]]], [[[55.171235, 25.200222], [55.171967, 25.200466], [55.172455, 25.200263], [55.172699, 25.199774], [55.172048, 25.199327], [55.171153, 25.199083], [55.170909, 25.199164], [55.170828, 25.199571], [55.171235, 25.200222]]], [[[55.167328, 25.2001], [55.166921, 25.200548], [55.166921, 25.201077], [55.167166, 25.201606], [55.167979, 25.201606], [55.168793, 25.201402], [55.168956, 25.200832], [55.16863, 25.200222], [55.167979, 25.2001], [55.167328, 25.2001]]], [[[55.169688, 25.201483], [55.16977, 25.202053], [55.170746, 25.202623], [55.171641, 25.202663], [55.171967, 25.202297], [55.171967, 25.201809], [55.171153, 25.201077], [55.170421, 25.201077], [55.16977, 25.201077], [55.169688, 25.201483]]], [[[55.172374, 25.202623], [55.172048, 25.203274], [55.172374, 25.203599], [55.173025, 25.203721], [55.17392, 25.202867], [55.174164, 25.201972], [55.173839, 25.201524], [55.173432, 25.201524], [55.172374, 25.202623]]], [[[55.175629, 25.208157], [55.175873, 25.207587], [55.17571, 25.206936], [55.174734, 25.206529], [55.174327, 25.206651], [55.174327, 25.207668], [55.175059, 25.208157], [55.175629, 25.208157]]], [[[55.172699, 25.208808], [55.172048, 25.209459], [55.172374, 25.209947], [55.173188, 25.209947], [55.174164, 25.209947], [55.174571, 25.209052], [55.174001, 25.208808], [55.173432, 25.208808], [55.172699, 25.208808]]], [[[55.170421, 25.209011], [55.170014, 25.209866], [55.16977, 25.211046], [55.170502, 25.211778], [55.170909, 25.211778], [55.170909, 25.21072], [55.171397, 25.209825], [55.171316, 25.209296], [55.171153, 25.209011], [55.170421, 25.209011]]], [[[55.176768, 25.211453], [55.176606, 25.210842], [55.176199, 25.210435], [55.175466, 25.210435], [55.175059, 25.211127], [55.174246, 25.21133], [55.173595, 25.211127], [55.173106, 25.211493], [55.173432, 25.212348], [55.174571, 25.212429], [55.175141, 25.212022], [55.176524, 25.212063], [55.176768, 25.211453]]], [[[55.17156, 25.212063], [55.171072, 25.212917], [55.170909, 25.213568], [55.172048, 25.214097], [55.172781, 25.213894], [55.172862, 25.213406], [55.173025, 25.212917], [55.173188, 25.212429], [55.172537, 25.212348], [55.172048, 25.212307], [55.17156, 25.212063]]], [[[55.168956, 25.213568], [55.168142, 25.213039], [55.166921, 25.21369], [55.167084, 25.214586], [55.168468, 25.215115], [55.169363, 25.214382], [55.168956, 25.213568]]], [[[55.176199, 25.214219], [55.175873, 25.213568], [55.175629, 25.213813], [55.175141, 25.21483], [55.175141, 25.21544], [55.175955, 25.215359], [55.176199, 25.214219]]], [[[55.170095, 25.217434], [55.170746, 25.217271], [55.171072, 25.216417], [55.171072, 25.215766], [55.170421, 25.215033], [55.170014, 25.216091], [55.169932, 25.216864], [55.170095, 25.217434]]], [[[55.167491, 25.215806], [55.167003, 25.216091], [55.167003, 25.216579], [55.167166, 25.217271], [55.168468, 25.217434], [55.168956, 25.217149], [55.169363, 25.216295], [55.1692, 25.215766], [55.168224, 25.215766], [55.167491, 25.215806]]], [[[55.174571, 25.216946], [55.175304, 25.217393], [55.175873, 25.217393], [55.17628, 25.217027], [55.17571, 25.216295], [55.175059, 25.216132], [55.174734, 25.216132], [55.174571, 25.216498], [55.174571, 25.216946]]], [[[55.172537, 25.218044], [55.172537, 25.217231], [55.171967, 25.217231], [55.171723, 25.217393], [55.171723, 25.218248], [55.172211, 25.218492], [55.172537, 25.218044]]], [[[55.170909, 25.219102], [55.171316, 25.219102], [55.171641, 25.218655], [55.171235, 25.218044], [55.170584, 25.218044], [55.170095, 25.218126], [55.170421, 25.218777], [55.170909, 25.219102]]], [[[55.169932, 25.21898], [55.169281, 25.218736], [55.168875, 25.219062], [55.169444, 25.219997], [55.170095, 25.220242], [55.170421, 25.219591], [55.169932, 25.21898]]], [[[55.176768, 25.219102], [55.175873, 25.219021], [55.175629, 25.219631], [55.175629, 25.220323], [55.176524, 25.220364], [55.176768, 25.219875], [55.176768, 25.219102]]], [[[55.175141, 25.220282], [55.174978, 25.219631], [55.174653, 25.219306], [55.174246, 25.219631], [55.174327, 25.220689], [55.174734, 25.220811], [55.175141, 25.220282]]], [[[55.17392, 25.219753], [55.17335, 25.219509], [55.172455, 25.220364], [55.172048, 25.220486], [55.171397, 25.220933], [55.171153, 25.221544], [55.171316, 25.222317], [55.172293, 25.22248], [55.172455, 25.222195], [55.172455, 25.221829], [55.172537, 25.221137], [55.173106, 25.220852], [55.17392, 25.220486], [55.17392, 25.219753]]], [[[55.169037, 25.220567], [55.168224, 25.221137], [55.167491, 25.221666], [55.167654, 25.222398], [55.168549, 25.222398], [55.169688, 25.2213], [55.16977, 25.220852], [55.169607, 25.220567], [55.169037, 25.220567]]], [[[55.177338, 25.222602], [55.177664, 25.222073], [55.177664, 25.221462], [55.176768, 25.221137], [55.176117, 25.221422], [55.175955, 25.222276], [55.176524, 25.222602], [55.177338, 25.222602]]], [[[55.173839, 25.221829], [55.173676, 25.222398], [55.174571, 25.222846], [55.174978, 25.222846], [55.175385, 25.222398], [55.175304, 25.221747], [55.174734, 25.221503], [55.174246, 25.221584], [55.173839, 25.221829]]], [[[55.173513, 25.224433], [55.174001, 25.223985], [55.174001, 25.223375], [55.173513, 25.222846], [55.172862, 25.222846], [55.172455, 25.223253], [55.172781, 25.224433], [55.173513, 25.224433]]], [[[55.1692, 25.223619], [55.168061, 25.223619], [55.167654, 25.223863], [55.167979, 25.224311], [55.169932, 25.224311], [55.170909, 25.223944], [55.171397, 25.223375], [55.171316, 25.22309], [55.170584, 25.22309], [55.1692, 25.223619]]], [[[55.174734, 25.225653], [55.175466, 25.225938], [55.176117, 25.225938], [55.17628, 25.225531], [55.176117, 25.224962], [55.17571, 25.224392], [55.174734, 25.224311], [55.174571, 25.22488], [55.174734, 25.225653]]], [[[55.170258, 25.22488], [55.169444, 25.225653], [55.169688, 25.226508], [55.170584, 25.226467], [55.171641, 25.225898], [55.171967, 25.225084], [55.171723, 25.224677], [55.171235, 25.224555], [55.170258, 25.22488]]], [[[55.17392, 25.22663], [55.174001, 25.226223], [55.173839, 25.225735], [55.173432, 25.225735], [55.173025, 25.226142], [55.172455, 25.226833], [55.172048, 25.227078], [55.171641, 25.227362], [55.171723, 25.227769], [55.172293, 25.227932], [55.172537, 25.227851], [55.172862, 25.22724], [55.17335, 25.226996], [55.17392, 25.22663]]], [[[55.175466, 25.226833], [55.174653, 25.226671], [55.17449, 25.226793], [55.17449, 25.228298], [55.175141, 25.228502], [55.175629, 25.227932], [55.175466, 25.226833]]], [[[55.169363, 25.228258], [55.168875, 25.228787], [55.168956, 25.229478], [55.169688, 25.229722], [55.170258, 25.229478], [55.171153, 25.228624], [55.170828, 25.228258], [55.169932, 25.228013], [55.169363, 25.228258]]], [[[55.172781, 25.230251], [55.173513, 25.230414], [55.174246, 25.230414], [55.174327, 25.229804], [55.17392, 25.229071], [55.172781, 25.228583], [55.172048, 25.228787], [55.172048, 25.229478], [55.172781, 25.230251]]], [[[55.171967, 25.231391], [55.172374, 25.23078], [55.171967, 25.230129], [55.171072, 25.230007], [55.170421, 25.230333], [55.170258, 25.231024], [55.170909, 25.231472], [55.171967, 25.231391]]], [[[55.175466, 25.231391], [55.174978, 25.231106], [55.174164, 25.231594], [55.173188, 25.231757], [55.172374, 25.232164], [55.172455, 25.232774], [55.173025, 25.23253], [55.174001, 25.232367], [55.174571, 25.232367], [55.175304, 25.232408], [55.175629, 25.232164], [55.175466, 25.231391]]], [[[55.175955, 25.233303], [55.174734, 25.233873], [55.173106, 25.234239], [55.172862, 25.234442], [55.173188, 25.235093], [55.174164, 25.235012], [55.174734, 25.234483], [55.175141, 25.23428], [55.176117, 25.234361], [55.176606, 25.234076], [55.177013, 25.233588], [55.178152, 25.23314], [55.178884, 25.233181], [55.179535, 25.233222], [55.179861, 25.233751], [55.180756, 25.235012], [55.181163, 25.234768], [55.181244, 25.234036], [55.180512, 25.232856], [55.179047, 25.232164], [55.178071, 25.232327], [55.175955, 25.233303]]], [[[55.170502, 25.232978], [55.170421, 25.233222], [55.170421, 25.234605], [55.170502, 25.235053], [55.170584, 25.235256], [55.171072, 25.235256], [55.17156, 25.234931], [55.171723, 25.23428], [55.171641, 25.23371], [55.170909, 25.232978], [55.170502, 25.232978]]], [[[55.169688, 25.236233], [55.16977, 25.235826], [55.169932, 25.235175], [55.16977, 25.23371], [55.169688, 25.233303], [55.169607, 25.232896], [55.169281, 25.232733], [55.168549, 25.232611], [55.167979, 25.232774], [55.167817, 25.233181], [55.167817, 25.233751], [55.167817, 25.234361], [55.168061, 25.235867], [55.1692, 25.236314], [55.169688, 25.236233]]], [[[55.175955, 25.236029], [55.175385, 25.23607], [55.175059, 25.236477], [55.175141, 25.237291], [55.175792, 25.23786], [55.176199, 25.237901], [55.176931, 25.237901], [55.177013, 25.237209], [55.176768, 25.236802], [55.176687, 25.236355], [55.175955, 25.236029]]], [[[55.174571, 25.237209], [55.174164, 25.236843], [55.173513, 25.23668], [55.173106, 25.23664], [55.172455, 25.236802], [55.171967, 25.237047], [55.171886, 25.237616], [55.172293, 25.238064], [55.173106, 25.238145], [55.173676, 25.238308], [55.174164, 25.238105], [55.174571, 25.237698], [55.174571, 25.237209]]], [[[55.16863, 25.238349], [55.169607, 25.238349], [55.170014, 25.237779], [55.16977, 25.237413], [55.169281, 25.237331], [55.168549, 25.237535], [55.168305, 25.237942], [55.16863, 25.238349]]], [[[55.174571, 25.239407], [55.175385, 25.239488], [55.175955, 25.239325], [55.175873, 25.238674], [55.175629, 25.238389], [55.174978, 25.238389], [55.17449, 25.238918], [55.174571, 25.239407]]], [[[55.174246, 25.240668], [55.174164, 25.240302], [55.173839, 25.24018], [55.173432, 25.240546], [55.172862, 25.240668], [55.172374, 25.240587], [55.171316, 25.24018], [55.170746, 25.239529], [55.170421, 25.23904], [55.169688, 25.238878], [55.169363, 25.239081], [55.169363, 25.239447], [55.169444, 25.239854], [55.170177, 25.24079], [55.170502, 25.24136], [55.170828, 25.241889], [55.171235, 25.24258], [55.172211, 25.242865], [55.172781, 25.242499], [55.17392, 25.241116], [55.174246, 25.240668]]], [[[55.166921, 25.241523], [55.16684, 25.242336], [55.167491, 25.242499], [55.168305, 25.242133], [55.169444, 25.241156], [55.169363, 25.240587], [55.168549, 25.240587], [55.167735, 25.240871], [55.166921, 25.241523]]], [[[55.17571, 25.242092], [55.175466, 25.241726], [55.175792, 25.2414], [55.176443, 25.240709], [55.176199, 25.240383], [55.17571, 25.240546], [55.173839, 25.242743], [55.173839, 25.243232], [55.17449, 25.243883], [55.175141, 25.244534], [55.176443, 25.244452], [55.177013, 25.244045], [55.177013, 25.243557], [55.176606, 25.243191], [55.17571, 25.242092]]], [[[55.173513, 25.243516], [55.172862, 25.243801], [55.172862, 25.244208], [55.173513, 25.244615], [55.174246, 25.244615], [55.17449, 25.244208], [55.173513, 25.243516]]], [[[55.176199, 25.249172], [55.17571, 25.248033], [55.175385, 25.246365], [55.173513, 25.245958], [55.172781, 25.246121], [55.172374, 25.246446], [55.173025, 25.248033], [55.174246, 25.250067], [55.175385, 25.250312], [55.175792, 25.250881], [55.176687, 25.250922], [55.177908, 25.250881], [55.178152, 25.250067], [55.177013, 25.249661], [55.176199, 25.249172]]], [[[55.166026, 25.25495], [55.169281, 25.256293], [55.172537, 25.25731], [55.174653, 25.257839], [55.176606, 25.257961], [55.178233, 25.257799], [55.181, 25.257554], [55.184906, 25.256741], [55.188813, 25.25609], [55.19158, 25.255357], [55.194347, 25.254503], [55.197113, 25.253404], [55.199555, 25.252509], [55.201345, 25.251939], [55.201508, 25.251614], [55.201182, 25.25137], [55.200694, 25.251492], [55.199067, 25.252061], [55.196056, 25.253119], [55.191498, 25.254869], [55.188813, 25.25552], [55.185069, 25.256171], [55.180756, 25.256944], [55.178396, 25.25731], [55.176687, 25.257351], [55.174815, 25.257229], [55.172862, 25.256659], [55.169607, 25.255642], [55.166596, 25.254462], [55.16269, 25.253079], [55.160411, 25.252102], [55.158295, 25.250678], [55.156098, 25.248887], [55.153168, 25.246202], [55.150483, 25.244289], [55.148123, 25.242947], [55.147553, 25.242947], [55.147553, 25.24315], [55.147634, 25.243354], [55.148123, 25.243638], [55.150157, 25.244615], [55.152924, 25.24669], [55.155854, 25.249254], [55.158051, 25.251125], [55.16033, 25.252712], [55.162364, 25.253607], [55.166026, 25.25495]]], [[[55.188487, 25.18773], [55.190115, 25.188829], [55.190847, 25.189561], [55.191173, 25.190212], [55.191987, 25.190741], [55.192638, 25.190741], [55.192963, 25.19009], [55.192393, 25.189439], [55.19158, 25.189276], [55.190684, 25.188503], [55.188731, 25.187161], [55.187185, 25.18651], [55.185313, 25.185818], [55.182302, 25.184231], [55.179861, 25.182969], [55.177826, 25.181993], [55.177419, 25.182034], [55.176117, 25.181871], [55.175629, 25.181627], [55.174978, 25.181627], [55.174734, 25.182034], [55.177094, 25.183254], [55.178152, 25.183295], [55.179698, 25.183498], [55.181977, 25.184556], [55.185069, 25.186428], [55.186534, 25.187161], [55.187755, 25.187364], [55.188487, 25.18773]]], [[[55.184662, 25.190294], [55.186127, 25.190823], [55.187022, 25.190497], [55.187266, 25.189805], [55.187022, 25.189195], [55.185802, 25.189073], [55.185557, 25.188829], [55.184418, 25.18891], [55.184174, 25.189276], [55.184662, 25.190294]]], [[[55.179047, 25.189683], [55.177419, 25.189846], [55.177664, 25.190619], [55.178559, 25.190701], [55.179291, 25.190294], [55.179617, 25.189927], [55.179047, 25.189683]]], [[[55.186697, 25.192125], [55.186615, 25.191596], [55.184906, 25.191433], [55.183442, 25.190701], [55.182953, 25.189073], [55.183116, 25.188178], [55.183116, 25.187527], [55.182221, 25.187161], [55.181651, 25.187527], [55.18157, 25.188218], [55.181651, 25.189561], [55.182221, 25.190375], [55.182791, 25.191514], [55.182465, 25.192735], [55.183035, 25.19363], [55.184093, 25.193671], [55.186046, 25.192898], [55.186697, 25.192125]]], [[[55.179617, 25.190823], [55.178559, 25.191067], [55.178233, 25.191352], [55.178559, 25.191677], [55.17921, 25.191799], [55.179861, 25.191474], [55.179617, 25.190823]]], [[[55.181, 25.193671], [55.180512, 25.192939], [55.179942, 25.19241], [55.179047, 25.192491], [55.179047, 25.19302], [55.179373, 25.193671], [55.180349, 25.194078], [55.181, 25.193671]]], [[[55.184744, 25.207424], [55.185802, 25.207465], [55.186371, 25.20718], [55.186046, 25.20657], [55.184906, 25.206407], [55.18393, 25.206773], [55.183116, 25.207424], [55.182465, 25.207424], [55.182221, 25.207831], [55.182221, 25.208319], [55.183116, 25.209418], [55.183849, 25.209215], [55.184093, 25.208645], [55.183849, 25.207953], [55.184744, 25.207424]]], [[[55.186046, 25.208401], [55.186046, 25.208889], [55.186371, 25.20954], [55.186941, 25.20954], [55.187673, 25.208401], [55.187592, 25.207953], [55.187266, 25.207831], [55.186453, 25.207872], [55.186046, 25.208401]]], [[[55.180431, 25.209296], [55.18157, 25.209215], [55.181326, 25.208604], [55.180349, 25.208482], [55.179617, 25.208523], [55.178884, 25.208848], [55.17921, 25.209459], [55.180431, 25.209296]]], [[[55.177094, 25.209744], [55.178071, 25.209947], [55.178477, 25.209459], [55.177745, 25.208889], [55.176768, 25.208726], [55.175792, 25.209011], [55.176443, 25.209662], [55.177094, 25.209744]]], [[[55.18393, 25.210313], [55.184093, 25.211086], [55.184988, 25.211534], [55.185557, 25.21133], [55.185557, 25.210435], [55.185395, 25.209866], [55.185069, 25.209459], [55.184581, 25.209459], [55.18393, 25.210313]]], [[[55.181895, 25.212144], [55.182384, 25.212388], [55.183197, 25.212388], [55.183767, 25.211778], [55.183442, 25.210924], [55.182465, 25.210679], [55.181814, 25.210964], [55.181488, 25.211575], [55.181895, 25.212144]]], [[[55.179861, 25.212266], [55.179942, 25.21308], [55.180512, 25.213324], [55.181488, 25.212917], [55.181488, 25.212307], [55.180756, 25.211656], [55.179942, 25.21129], [55.179698, 25.211778], [55.179861, 25.212266]]], [[[55.184255, 25.213853], [55.184744, 25.213813], [55.185313, 25.213284], [55.185069, 25.212388], [55.184744, 25.212429], [55.183849, 25.212958], [55.183849, 25.213568], [55.184255, 25.213853]]], [[[55.177094, 25.213039], [55.176687, 25.213813], [55.177013, 25.214179], [55.177582, 25.214179], [55.178477, 25.213284], [55.178722, 25.212633], [55.178233, 25.212063], [55.177826, 25.212144], [55.177094, 25.213039]]], [[[55.181244, 25.215562], [55.181814, 25.215155], [55.182384, 25.213935], [55.181814, 25.213568], [55.181, 25.214097], [55.180512, 25.214667], [55.180675, 25.215237], [55.181244, 25.215562]]], [[[55.177582, 25.214993], [55.177826, 25.215969], [55.178396, 25.215888], [55.178803, 25.21483], [55.178559, 25.214219], [55.178152, 25.214219], [55.177908, 25.214545], [55.177582, 25.214993]]], [[[55.18336, 25.215847], [55.183767, 25.215318], [55.183604, 25.214586], [55.183035, 25.214626], [55.182628, 25.21483], [55.182384, 25.215522], [55.182709, 25.215847], [55.18336, 25.215847]]], [[[55.177745, 25.217434], [55.177908, 25.216864], [55.177419, 25.216132], [55.176931, 25.215684], [55.176524, 25.215766], [55.176199, 25.216295], [55.176931, 25.217271], [55.177745, 25.217434]]], [[[55.180756, 25.216132], [55.180186, 25.216295], [55.180105, 25.216946], [55.180675, 25.217312], [55.182221, 25.217312], [55.182628, 25.216661], [55.182465, 25.216132], [55.18214, 25.216132], [55.180756, 25.216132]]], [[[55.183523, 25.217271], [55.183116, 25.217637], [55.183116, 25.218329], [55.183767, 25.218777], [55.184337, 25.218533], [55.184581, 25.217882], [55.184581, 25.217108], [55.184174, 25.217068], [55.183523, 25.217271]]], [[[55.178803, 25.21955], [55.179291, 25.220201], [55.179698, 25.219997], [55.180105, 25.219753], [55.179861, 25.219143], [55.179373, 25.219021], [55.179047, 25.219021], [55.178803, 25.219102], [55.178803, 25.21955]]], [[[55.181082, 25.21894], [55.180756, 25.219102], [55.180756, 25.219428], [55.181326, 25.219713], [55.181814, 25.220364], [55.182709, 25.220445], [55.182791, 25.219916], [55.182628, 25.219509], [55.181977, 25.219184], [55.181326, 25.218899], [55.181082, 25.21894]]], [[[55.177094, 25.21898], [55.177257, 25.219631], [55.177419, 25.220242], [55.177908, 25.220526], [55.178559, 25.220486], [55.178722, 25.219997], [55.178396, 25.219631], [55.178152, 25.21898], [55.177664, 25.218858], [55.177094, 25.21898]]], [[[55.179861, 25.221584], [55.179942, 25.221747], [55.179942, 25.222032], [55.179942, 25.222602], [55.180431, 25.222602], [55.180756, 25.222398], [55.181, 25.222154], [55.181163, 25.222073], [55.181488, 25.222154], [55.18157, 25.222317], [55.181651, 25.222683], [55.182221, 25.222886], [55.182465, 25.222846], [55.182628, 25.222317], [55.182709, 25.221503], [55.182465, 25.221055], [55.18214, 25.221096], [55.181488, 25.221584], [55.181163, 25.221503], [55.181, 25.221137], [55.180512, 25.220933], [55.180105, 25.221259], [55.179698, 25.22134], [55.179291, 25.221462], [55.178966, 25.221381], [55.178559, 25.221584], [55.178233, 25.221829], [55.178396, 25.222561], [55.178722, 25.222805], [55.179047, 25.222805], [55.179373, 25.222317], [55.179373, 25.221747], [55.179861, 25.221584]]], [[[55.183849, 25.224677], [55.184255, 25.224392], [55.184988, 25.224107], [55.186209, 25.223578], [55.186615, 25.222968], [55.186697, 25.222317], [55.186127, 25.22248], [55.185395, 25.222683], [55.184906, 25.223131], [55.184093, 25.223497], [55.183523, 25.223578], [55.183116, 25.22488], [55.182709, 25.225572], [55.183035, 25.225938], [55.18336, 25.225938], [55.183523, 25.225491], [55.183849, 25.224677]]], [[[55.176687, 25.2237], [55.176443, 25.224026], [55.176768, 25.224433], [55.177419, 25.224962], [55.177908, 25.225002], [55.179291, 25.225124], [55.179617, 25.22488], [55.179698, 25.224433], [55.179373, 25.224026], [55.178477, 25.223904], [55.177664, 25.223619], [55.176687, 25.2237]]], [[[55.180431, 25.225369], [55.180675, 25.226101], [55.181488, 25.226142], [55.182221, 25.225491], [55.182302, 25.224677], [55.181977, 25.223985], [55.181, 25.224107], [55.180512, 25.224595], [55.180431, 25.225369]]], [[[55.184581, 25.224921], [55.184337, 25.225206], [55.184906, 25.225857], [55.185395, 25.226304], [55.185883, 25.226223], [55.185883, 25.225816], [55.186046, 25.22488], [55.185883, 25.224189], [55.185313, 25.224311], [55.184581, 25.224921]]], [[[55.177664, 25.227688], [55.178477, 25.227525], [55.178722, 25.226508], [55.178233, 25.226101], [55.177664, 25.226223], [55.177013, 25.226671], [55.177094, 25.227647], [55.177664, 25.227688]]], [[[55.179617, 25.228258], [55.180349, 25.228258], [55.180756, 25.227729], [55.180756, 25.226874], [55.179942, 25.226671], [55.179535, 25.226955], [55.179535, 25.227729], [55.179617, 25.228258]]], [[[55.181814, 25.226996], [55.181814, 25.227566], [55.182221, 25.228258], [55.18336, 25.228705], [55.18393, 25.228624], [55.184255, 25.227769], [55.184093, 25.227078], [55.183197, 25.227037], [55.182465, 25.226874], [55.181814, 25.226996]]], [[[55.185069, 25.228542], [55.186127, 25.228909], [55.187185, 25.228909], [55.187592, 25.228868], [55.187755, 25.22842], [55.187592, 25.227973], [55.186534, 25.227973], [55.185476, 25.227769], [55.185069, 25.228176], [55.185069, 25.228542]]], [[[55.180105, 25.229885], [55.180837, 25.229967], [55.181488, 25.229682], [55.181488, 25.22899], [55.181488, 25.228705], [55.180431, 25.228787], [55.179942, 25.229478], [55.180105, 25.229885]]], [[[55.17628, 25.230333], [55.176931, 25.230821], [55.177582, 25.230821], [55.178152, 25.231024], [55.178477, 25.230496], [55.178152, 25.229967], [55.177664, 25.229478], [55.176524, 25.229315], [55.176199, 25.229519], [55.17628, 25.230333]]], [[[55.18686, 25.230862], [55.187592, 25.230862], [55.187755, 25.229844], [55.187348, 25.22956], [55.186127, 25.229844], [55.186046, 25.230089], [55.186046, 25.230821], [55.18686, 25.230862]]], [[[55.18336, 25.229844], [55.183116, 25.230333], [55.183116, 25.231106], [55.183849, 25.231391], [55.184662, 25.231391], [55.185313, 25.231228], [55.185069, 25.230577], [55.184906, 25.229885], [55.183604, 25.229682], [55.18336, 25.229844]]], [[[55.180431, 25.230414], [55.179698, 25.230292], [55.179373, 25.230577], [55.179373, 25.231024], [55.179698, 25.23135], [55.180756, 25.231391], [55.181814, 25.231472], [55.182221, 25.23135], [55.181977, 25.230862], [55.181, 25.230577], [55.180431, 25.230414]]], [[[55.18157, 25.2331], [55.181895, 25.233873], [55.182302, 25.233873], [55.182628, 25.233588], [55.182628, 25.232774], [55.182384, 25.232408], [55.181895, 25.232367], [55.181488, 25.23253], [55.18157, 25.2331]]], [[[55.184418, 25.232611], [55.183767, 25.232774], [55.18336, 25.233791], [55.18336, 25.234565], [55.18336, 25.235093], [55.18393, 25.235419], [55.184662, 25.235093], [55.185232, 25.234239], [55.185232, 25.233181], [55.184906, 25.232611], [55.184418, 25.232611]]], [[[55.178233, 25.234849], [55.178233, 25.23546], [55.178722, 25.235745], [55.179373, 25.236192], [55.180105, 25.235704], [55.179942, 25.235012], [55.179047, 25.234687], [55.178559, 25.234687], [55.178233, 25.234849]]], [[[55.186046, 25.236762], [55.186615, 25.236274], [55.186941, 25.235419], [55.186209, 25.235093], [55.18572, 25.23546], [55.185313, 25.235907], [55.185313, 25.236558], [55.186046, 25.236762]]], [[[55.184093, 25.236843], [55.183849, 25.236477], [55.182709, 25.235785], [55.18157, 25.235907], [55.18157, 25.236558], [55.182465, 25.236843], [55.183523, 25.236925], [55.184093, 25.236843]]], [[[55.178803, 25.236843], [55.178396, 25.236843], [55.177908, 25.237087], [55.177908, 25.23786], [55.178233, 25.238105], [55.178803, 25.238105], [55.179373, 25.237616], [55.179698, 25.237128], [55.179535, 25.236802], [55.178803, 25.236843]]], [[[55.181977, 25.238878], [55.183523, 25.23904], [55.183767, 25.239488], [55.183767, 25.239895], [55.184255, 25.24022], [55.184744, 25.24022], [55.185557, 25.239081], [55.186127, 25.238349], [55.186046, 25.237942], [55.185557, 25.237942], [55.185313, 25.23786], [55.184988, 25.23843], [55.184581, 25.238756], [55.183849, 25.238593], [55.183523, 25.238105], [55.182221, 25.237779], [55.181163, 25.237738], [55.180837, 25.238105], [55.181082, 25.238674], [55.181977, 25.238878]]], [[[55.179047, 25.239244], [55.179291, 25.239732], [55.179698, 25.239773], [55.180512, 25.239447], [55.180756, 25.238959], [55.180512, 25.238756], [55.180105, 25.238756], [55.179617, 25.238756], [55.179047, 25.239244]]], [[[55.176687, 25.239773], [55.176768, 25.24018], [55.177257, 25.240424], [55.177908, 25.24022], [55.178559, 25.239814], [55.178559, 25.239407], [55.178152, 25.239407], [55.177582, 25.239529], [55.176687, 25.239773]]], [[[55.179861, 25.240668], [55.179861, 25.241034], [55.180186, 25.241197], [55.180837, 25.241034], [55.181326, 25.240505], [55.181163, 25.240017], [55.180756, 25.24018], [55.180105, 25.240302], [55.179861, 25.240668]]], [[[55.186046, 25.241116], [55.185313, 25.241441], [55.184906, 25.241645], [55.185069, 25.241929], [55.185476, 25.242011], [55.186534, 25.241604], [55.187348, 25.240912], [55.187185, 25.240383], [55.186534, 25.240424], [55.186046, 25.241116]]], [[[55.181651, 25.242418], [55.182221, 25.24197], [55.182384, 25.241441], [55.182221, 25.241156], [55.181814, 25.241197], [55.181, 25.241807], [55.181163, 25.242499], [55.181651, 25.242418]]], [[[55.178722, 25.241319], [55.177826, 25.2414], [55.177338, 25.241929], [55.177338, 25.242499], [55.177664, 25.242865], [55.178722, 25.242987], [55.179047, 25.242947], [55.179291, 25.242499], [55.17921, 25.241767], [55.178722, 25.241319]]], [[[55.187511, 25.24315], [55.187673, 25.242784], [55.187673, 25.242377], [55.187022, 25.242133], [55.186371, 25.242499], [55.186371, 25.243069], [55.186941, 25.243313], [55.187511, 25.24315]]], [[[55.184744, 25.243883], [55.184906, 25.243272], [55.184662, 25.242743], [55.184255, 25.242255], [55.18336, 25.242174], [55.182709, 25.242743], [55.182709, 25.243272], [55.183116, 25.243883], [55.184744, 25.243883]]], [[[55.179698, 25.243272], [55.178722, 25.243679], [55.178396, 25.243883], [55.178233, 25.244045], [55.178233, 25.244371], [55.178233, 25.244615], [55.178722, 25.244818], [55.179698, 25.244859], [55.180105, 25.244778], [55.180186, 25.244289], [55.180186, 25.243638], [55.179698, 25.243272]]], [[[55.185883, 25.243638], [55.185476, 25.244045], [55.185313, 25.244778], [55.185557, 25.245266], [55.186209, 25.245185], [55.186941, 25.244696], [55.186941, 25.244086], [55.186615, 25.24372], [55.186371, 25.243638], [55.185883, 25.243638]]], [[[55.184418, 25.249457], [55.185395, 25.249457], [55.186453, 25.249172], [55.18686, 25.248643], [55.187185, 25.248074], [55.187022, 25.247667], [55.18336, 25.245266], [55.182465, 25.245673], [55.181651, 25.246568], [55.181082, 25.246568], [55.181, 25.246202], [55.181814, 25.245063], [55.181244, 25.24494], [55.180837, 25.245063], [55.180024, 25.245632], [55.179291, 25.24551], [55.178477, 25.245063], [55.177582, 25.245063], [55.176687, 25.245347], [55.177094, 25.246202], [55.178152, 25.246812], [55.179535, 25.247341], [55.181814, 25.247911], [55.184418, 25.249457]]], [[[56.524181, -10.330011], [56.525564, -10.327325], [56.52768, -10.325372], [56.531016, -10.324151], [56.535655, -10.323907], [56.542817, -10.346449], [56.568614, -10.386407], [56.569347, -10.406508], [56.548513, -10.382013], [56.529796, -10.35296], [56.524587, -10.34002], [56.524181, -10.330011]]], [[[72.426931, -7.403985], [72.432872, -7.346775], [72.426036, -7.322931], [72.419444, -7.317315], [72.396658, -7.304864], [72.388194, -7.302504], [72.379242, -7.296808], [72.357677, -7.268324], [72.370942, -7.270196], [72.420177, -7.303888], [72.432872, -7.316095], [72.438975, -7.340265], [72.432872, -7.425388], [72.443207, -7.416436], [72.46754, -7.383884], [72.471528, -7.379083], [72.474783, -7.37656], [72.477712, -7.372817], [72.480317, -7.364679], [72.483165, -7.370294], [72.48463, -7.375909], [72.484141, -7.382501], [72.480642, -7.390558], [72.472667, -7.399998], [72.444102, -7.424981], [72.432872, -7.432224], [72.426931, -7.403985]]], [[[72.486501, -7.302423], [72.477224, -7.278416], [72.456798, -7.255141], [72.439708, -7.226739], [72.45045, -7.234145], [72.484223, -7.278253], [72.49464, -7.296157], [72.489594, -7.309828], [72.47934, -7.323175], [72.473806, -7.34002], [72.474294, -7.346938], [72.475352, -7.352797], [72.479015, -7.361912], [72.474946, -7.356541], [72.47047, -7.348891], [72.468028, -7.34059], [72.470714, -7.333185], [72.486501, -7.302423]]], [[[56.272472, -7.153578], [56.247081, -7.192641], [56.2588, -7.140232], [56.269379, -7.119806], [56.287446, -7.11004], [56.28297, -7.131931], [56.272472, -7.153578]]], [[[71.355235, -6.656345], [71.351736, -6.655694], [71.350352, -6.653497], [71.350352, -6.65252], [71.362071, -6.652927], [71.355235, -6.656345]]], [[[71.267589, -6.382745], [71.264822, -6.385919], [71.261404, -6.388604], [71.260997, -6.378025], [71.26238, -6.373956], [71.267345, -6.37005], [71.268809, -6.378106], [71.267589, -6.382745]]], [[[71.353282, -6.178399], [71.360525, -6.177341], [71.3567, -6.188735], [71.351085, -6.200291], [71.344737, -6.204848], [71.33839, -6.195896], [71.342296, -6.188084], [71.347016, -6.182224], [71.353282, -6.178399]]], [[[55.379893, -5.864923], [55.382823, -5.853936], [55.381847, -5.865492], [55.380056, -5.869073], [55.379893, -5.864923]]], [[[71.774181, -5.438084], [71.773204, -5.440199], [71.764659, -5.433852], [71.76238, -5.431736], [71.771739, -5.433364], [71.774587, -5.435724], [71.774181, -5.438084]]], [[[72.228282, -5.324802], [72.225352, -5.327244], [72.222911, -5.327732], [72.221446, -5.327813], [72.230968, -5.319268], [72.228282, -5.324802]]], [[[71.745453, -5.278741], [71.742361, -5.283136], [71.738943, -5.284926], [71.737071, -5.285252], [71.747081, -5.269952], [71.745453, -5.278741]]], [[[71.768565, -5.234145], [71.766449, -5.23919], [71.764496, -5.239679], [71.762706, -5.23797], [71.760265, -5.236586], [71.768565, -5.234145]]], [[[71.962738, -5.226983], [71.966482, -5.227472], [71.967052, -5.229181], [71.966156, -5.231703], [71.966156, -5.234796], [71.96461, -5.232354], [71.962738, -5.231215], [71.961681, -5.230076], [71.962738, -5.226983]]], [[[55.374734, -4.632701], [55.38841, -4.619572], [55.394609, -4.617019], [55.406851, -4.616065], [55.417618, -4.611384], [55.422298, -4.603427], [55.426117, -4.595473], [55.431651, -4.591567], [55.434337, -4.579522], [55.433698, -4.562545], [55.440614, -4.560511], [55.447529, -4.561121], [55.454897, -4.562234], [55.46386, -4.571384], [55.467221, -4.583427], [55.463113, -4.587908], [55.459937, -4.598546], [55.459937, -4.606479], [55.458846, -4.618115], [55.461767, -4.622548], [55.45719, -4.624], [55.456682, -4.625802], [55.464412, -4.625395], [55.475661, -4.639938], [55.497661, -4.655385], [55.516384, -4.668023], [55.528555, -4.680193], [55.521533, -4.707811], [55.525278, -4.713896], [55.528087, -4.736832], [55.519661, -4.739173], [55.516852, -4.750407], [55.525746, -4.770066], [55.527192, -4.783787], [55.53464, -4.789726], [55.537916, -4.803769], [55.519661, -4.803769], [55.504214, -4.795811], [55.491108, -4.772875], [55.486895, -4.762109], [55.478001, -4.758832], [55.47098, -4.763513], [55.46349, -4.759768], [55.468171, -4.741513], [55.484778, -4.741602], [55.491576, -4.736364], [55.485022, -4.72747], [55.480341, -4.721385], [55.481746, -4.71296], [55.478001, -4.706406], [55.468171, -4.70547], [55.458341, -4.690959], [55.448979, -4.677853], [55.435405, -4.676449], [55.418086, -4.666151], [55.409197, -4.660782], [55.401702, -4.660534], [55.394427, -4.657864], [55.394897, -4.65386], [55.40008, -4.652941], [55.397527, -4.649841], [55.389504, -4.647288], [55.379657, -4.649476], [55.37127, -4.646924], [55.365617, -4.64273], [55.367258, -4.639265], [55.374917, -4.639995], [55.377652, -4.637806], [55.374734, -4.632701]]], [[[55.397162, -4.66844], [55.398986, -4.668622], [55.401174, -4.669534], [55.404821, -4.671722], [55.406826, -4.675004], [55.405915, -4.678104], [55.405368, -4.679927], [55.404091, -4.680292], [55.40008, -4.675734], [55.397527, -4.673363], [55.397709, -4.671357], [55.396433, -4.669716], [55.397162, -4.66844]]], [[[55.373822, -4.666434], [55.372911, -4.667893], [55.369811, -4.666616], [55.364888, -4.665887], [55.36197, -4.663699], [55.360512, -4.661329], [55.3627, -4.659323], [55.366164, -4.660599], [55.37054, -4.663881], [55.373822, -4.666434]]], [[[55.501589, -4.628853], [55.504069, -4.629729], [55.506841, -4.636876], [55.50582, -4.639648], [55.502611, -4.63994], [55.498526, -4.638481], [55.495609, -4.635709], [55.491962, -4.634251], [55.49167, -4.629875], [55.493712, -4.627978], [55.497213, -4.628124], [55.499693, -4.629875], [55.501589, -4.628853]]], [[[55.508154, -4.623894], [55.511509, -4.624769], [55.512822, -4.627249], [55.511071, -4.629583], [55.508446, -4.628416], [55.50509, -4.626228], [55.50334, -4.623602], [55.504215, -4.621414], [55.505674, -4.621706], [55.508154, -4.623894]]], [[[55.496338, -4.611786], [55.497359, -4.606535], [55.496776, -4.603034], [55.497943, -4.600846], [55.499401, -4.599679], [55.503778, -4.598366], [55.508446, -4.599387], [55.51253, -4.599387], [55.514426, -4.600554], [55.51253, -4.604638], [55.509321, -4.609015], [55.502756, -4.61164], [55.498672, -4.614412], [55.496776, -4.614704], [55.496338, -4.611786]]], [[[55.949389, -4.586461], [55.950144, -4.590993], [55.944857, -4.592755], [55.939067, -4.592252], [55.933025, -4.58621], [55.932521, -4.582433], [55.935794, -4.579916], [55.940074, -4.578657], [55.944354, -4.579916], [55.949389, -4.586461]]], [[[55.225434, -4.44492], [55.242035, -4.450372], [55.259939, -4.462986], [55.269216, -4.480157], [55.260265, -4.500095], [55.241954, -4.504002], [55.228038, -4.487481], [55.221446, -4.463474], [55.225434, -4.44492]]], [[[55.844094, -4.342659], [55.850788, -4.355302], [55.857109, -4.36497], [55.850416, -4.368316], [55.844094, -4.374266], [55.841491, -4.382819], [55.834426, -4.380959], [55.825502, -4.372035], [55.823271, -4.359764], [55.828477, -4.347493], [55.831823, -4.337453], [55.844094, -4.342659]]], [[[55.648873, -4.348608], [55.651105, -4.353442], [55.64813, -4.353442], [55.643668, -4.349352], [55.647014, -4.346749], [55.648873, -4.348608]]], [[[55.919952, -4.334106], [55.924786, -4.337081], [55.92367, -4.343031], [55.922555, -4.349724], [55.918836, -4.347865], [55.917721, -4.340428], [55.919952, -4.334106]]], [[[55.665607, -4.334106], [55.660401, -4.33485], [55.660029, -4.330388], [55.663004, -4.328157], [55.66635, -4.329272], [55.665607, -4.334106]]], [[[55.878676, -4.338197], [55.873471, -4.332619], [55.866777, -4.323323], [55.868636, -4.317373], [55.873471, -4.318489], [55.883139, -4.3289], [55.884626, -4.336709], [55.878676, -4.338197]]], [[[55.754479, -4.321092], [55.764519, -4.316629], [55.777162, -4.318489], [55.787038, -4.330592], [55.770925, -4.331325], [55.768239, -4.339626], [55.767995, -4.350286], [55.759125, -4.358425], [55.746755, -4.358099], [55.732757, -4.35224], [55.723317, -4.342555], [55.717635, -4.330116], [55.704102, -4.32786], [55.692008, -4.326297], [55.684571, -4.31886], [55.683767, -4.31155], [55.677175, -4.296413], [55.690114, -4.291774], [55.69695, -4.290553], [55.704437, -4.290228], [55.718679, -4.303249], [55.732151, -4.308818], [55.74667, -4.311423], [55.754479, -4.321092]]], [[[55.866405, -4.283163], [55.869752, -4.283535], [55.870868, -4.289856], [55.873842, -4.296178], [55.870124, -4.296549], [55.866405, -4.288741], [55.866405, -4.283163]]], [[[55.715063, -4.276841], [55.722128, -4.276841], [55.738489, -4.277957], [55.742951, -4.278329], [55.741464, -4.283163], [55.732168, -4.283163], [55.733283, -4.289112], [55.732911, -4.292459], [55.72073, -4.288271], [55.712087, -4.280369], [55.715063, -4.276841]]], [[[55.664491, -4.213999], [55.659285, -4.212883], [55.660401, -4.21028], [55.666722, -4.209909], [55.670441, -4.210652], [55.675275, -4.21214], [55.671928, -4.214743], [55.664491, -4.213999]]], [[[55.651866, -3.801202], [55.659679, -3.791111], [55.665863, -3.811782], [55.658539, -3.8117], [55.651866, -3.801202]]], [[[72.836681, 3.310004], [72.837087, 3.309638], [72.837657, 3.309068], [72.836111, 3.305976], [72.831554, 3.305609], [72.831391, 3.305609], [72.831228, 3.30683], [72.832367, 3.309312], [72.833263, 3.312486], [72.834483, 3.310533], [72.836681, 3.310004]]], [[[72.834727, 3.506781], [72.835053, 3.505439], [72.831065, 3.503567], [72.827973, 3.505439], [72.828624, 3.506781], [72.830414, 3.508246], [72.831391, 3.510565], [72.831554, 3.510403], [72.832693, 3.508246], [72.834727, 3.506781]]], [[[72.793793, 3.51675], [72.79477, 3.515326], [72.795177, 3.514635], [72.797618, 3.513129], [72.798839, 3.511949], [72.796397, 3.510891], [72.791189, 3.510891], [72.790782, 3.512112], [72.792735, 3.514228], [72.793712, 3.516913], [72.793793, 3.51675]]], [[[72.694021, 3.723334], [72.696462, 3.721015], [72.697358, 3.718817], [72.694591, 3.714993], [72.692475, 3.716295], [72.689708, 3.717963], [72.689708, 3.720852], [72.69158, 3.723578], [72.692556, 3.726955], [72.692556, 3.726752], [72.694021, 3.723334]]], [[[72.703136, 4.003323], [72.703624, 4.000922], [72.704763, 3.999905], [72.705577, 3.999213], [72.706228, 3.99844], [72.706635, 3.997911], [72.7046, 3.996405], [72.699474, 3.998114], [72.699392, 3.998196], [72.699148, 3.999335], [72.699067, 3.999457], [72.701182, 4.000922], [72.703136, 4.003323]]], [[[72.860037, 5.23782], [72.859223, 5.2355], [72.856863, 5.234565], [72.856619, 5.234442], [72.860118, 5.237942], [72.860037, 5.23782]]], [[[72.684825, 6.408393], [72.685883, 6.411607], [72.687511, 6.412258], [72.689138, 6.411607], [72.690847, 6.411566], [72.688813, 6.409735], [72.687185, 6.407416], [72.685883, 6.40648], [72.684825, 6.408393]]], [[[72.619, 10.571], [72.61, 10.559], [72.591, 10.548], [72.609, 10.578], [72.619, 10.571]]], [[[72.633067, 10.556545], [72.627452, 10.554755], [72.632091, 10.560004], [72.648611, 10.573961], [72.650564, 10.572577], [72.650401, 10.571194], [72.649587, 10.569322], [72.64975, 10.56684], [72.63852, 10.559394], [72.633067, 10.556545]]], [[[72.548839, 10.779446], [72.548757, 10.779324], [72.541189, 10.772895], [72.540863, 10.776516], [72.542491, 10.777899], [72.545421, 10.778306], [72.548839, 10.779446]]], [[[72.175, 10.851], [72.175, 10.868], [72.179, 10.874], [72.2, 10.881], [72.201, 10.871], [72.200043, 10.867969500000001], [72.200043, 10.864447], [72.19554444332573, 10.85372407053149], [72.195, 10.852], [72.19474865551176, 10.851827200664339], [72.188162, 10.836127], [72.172699, 10.809231], [72.172618, 10.829983], [72.17760234838097, 10.844494129047561], [72.175, 10.851]]], [[[72.739513, 11.108832], [72.739513, 11.113959], [72.742035, 11.115953], [72.745779, 11.116889], [72.750011, 11.119086], [72.747569, 11.115424], [72.746755, 11.111965], [72.744965, 11.109524], [72.739513, 11.108832]]], [[[72.729, 11.119], [72.721, 11.113], [72.719, 11.127], [72.735, 11.135], [72.729, 11.119]]], [[[72.817, 11.257], [72.802, 11.235], [72.787, 11.209], [72.779, 11.191], [72.7845396979368, 11.21517322736053], [72.775483, 11.186754], [72.775401, 11.186591], [72.771169, 11.201117], [72.770356, 11.20364], [72.774181, 11.222886], [72.789073, 11.261664], [72.789236, 11.261664], [72.795909, 11.261664], [72.795584, 11.257229], [72.793956, 11.254299], [72.791515, 11.251654], [72.789073, 11.248033], [72.787934, 11.232245], [72.78544115950187, 11.219106877826356], [72.79, 11.239], [72.808, 11.264], [72.817, 11.257]]], [[[72.194, 11.606], [72.194, 11.591], [72.185, 11.595], [72.183, 11.604], [72.194, 11.606]]], [[[72.705251, 11.687323], [72.701101, 11.686428], [72.700938, 11.686428], [72.705089, 11.692328], [72.709239, 11.694159], [72.716156, 11.694159], [72.716075, 11.694078], [72.708669, 11.689154], [72.705251, 11.687323]]], [[[55.831716, 17.502265], [55.837087, 17.510077], [55.848806, 17.515286], [55.862966, 17.518866], [55.883067, 17.507148], [55.890798, 17.504543], [55.875824, 17.495917], [55.845714, 17.49608], [55.836192, 17.490912], [55.832449, 17.500393], [55.831716, 17.502265]]], [[[55.990571, 17.535386], [56.028819, 17.547675], [56.055349, 17.559801], [56.058197, 17.545844], [56.058442, 17.544338], [56.067882, 17.532213], [56.081065, 17.523627], [56.095551, 17.518866], [56.063813, 17.499579], [56.046886, 17.493354], [56.031098, 17.490912], [55.986827, 17.492906], [55.97283, 17.498358], [55.964203, 17.519924], [55.990571, 17.535386]]], [[[58.808279, 20.379584], [58.796641, 20.331529], [58.787608, 20.314521], [58.787608, 20.30329], [58.787771, 20.302395], [58.789317, 20.293199], [58.789399, 20.286526], [58.785167, 20.279527], [58.751475, 20.248033], [58.733409, 20.224555], [58.724294, 20.215155], [58.715343, 20.212104], [58.702647, 20.210435], [58.691254, 20.20775], [58.686534, 20.201483], [58.683116, 20.190904], [58.674571, 20.179511], [58.663585, 20.171373], [58.652354, 20.170478], [58.652192, 20.170478], [58.646983, 20.179674], [58.642589, 20.187242], [58.637462, 20.218451], [58.636485, 20.249701], [58.638682, 20.266669], [58.638357, 20.267849], [58.635916, 20.277004], [58.642914, 20.356106], [58.648204, 20.368842], [58.659028, 20.382717], [58.664561, 20.387844], [58.682384, 20.400621], [58.689952, 20.403225], [58.691905, 20.405178], [58.693858, 20.407172], [58.698253, 20.425686], [58.700694, 20.431098], [58.717621, 20.436998], [58.734223, 20.437649], [58.751231, 20.440131], [58.768891, 20.451606], [58.77711, 20.462185], [58.780772, 20.466986], [58.784516, 20.479397], [58.785167, 20.481635], [58.789399, 20.519924], [58.795584, 20.538398], [58.804861, 20.553453], [58.852875, 20.613349], [58.871349, 20.649604], [58.882579, 20.682522], [58.891287, 20.694281], [58.906261, 20.697984], [58.918305, 20.681464], [58.918305, 20.681342], [58.917003, 20.664252], [58.910167, 20.645941], [58.906261, 20.626044], [58.908376, 20.604722], [58.914317, 20.587836], [58.945079, 20.535224], [58.953949, 20.519884], [58.950043, 20.508938], [58.941173, 20.500922], [58.902843, 20.474107], [58.862315, 20.452786], [58.844086, 20.437323], [58.82016, 20.403022], [58.808279, 20.379584]]], [[[67.393403, 24.028062], [67.385427, 24.040188], [67.381521, 24.04621], [67.375499, 24.06273], [67.390391, 24.049262], [67.413259, 24.048774], [67.458018, 24.06273], [67.477794, 24.051215], [67.485281, 24.048489], [67.46518, 24.040595], [67.460785, 24.026679], [67.453949, 24.013414], [67.426931, 24.007514], [67.409434, 24.013495], [67.393403, 24.028062]]], [[[55.188975, 25.207913], [55.189708, 25.207343], [55.189464, 25.206895], [55.189545, 25.206773], [55.188813, 25.206285], [55.188162, 25.206285], [55.187592, 25.206773], [55.187999, 25.207668], [55.188406, 25.208157], [55.18808, 25.208645], [55.187999, 25.209215], [55.188162, 25.209662], [55.188731, 25.209581], [55.188813, 25.208889], [55.188975, 25.207913]]], [[[55.209076, 25.217434], [55.209565, 25.220526], [55.209565, 25.221747], [55.20989, 25.221706], [55.20989, 25.220567], [55.209483, 25.217393], [55.208669, 25.215766], [55.206065, 25.21133], [55.205577, 25.209459], [55.205414, 25.207913], [55.204926, 25.205715], [55.202566, 25.20246], [55.20102, 25.199734], [55.198741, 25.19713], [55.195404, 25.194648], [55.198253, 25.197414], [55.199555, 25.199042], [55.200531, 25.2001], [55.202322, 25.202948], [55.204763, 25.206204], [55.205089, 25.207913], [55.205251, 25.209459], [55.205577, 25.210761], [55.205984, 25.211778], [55.208181, 25.215644], [55.209076, 25.217434]]], [[[55.197683, 25.211656], [55.198334, 25.212633], [55.198578, 25.213975], [55.199392, 25.215969], [55.199148, 25.216417], [55.198822, 25.216091], [55.198497, 25.215684], [55.197927, 25.215847], [55.197927, 25.216661], [55.198497, 25.21776], [55.199392, 25.217922], [55.199962, 25.216946], [55.201427, 25.216946], [55.20224, 25.216742], [55.20281, 25.216132], [55.202159, 25.215766], [55.201101, 25.215888], [55.200613, 25.215033], [55.19988, 25.214057], [55.199474, 25.212022], [55.198253, 25.210232], [55.195486, 25.208726], [55.194916, 25.207668], [55.194916, 25.206407], [55.194102, 25.204372], [55.193858, 25.202379], [55.194184, 25.200995], [55.194916, 25.199978], [55.194591, 25.199327], [55.194102, 25.199083], [55.193533, 25.199327], [55.192719, 25.200222], [55.192393, 25.201931], [55.192393, 25.203355], [55.193044, 25.204495], [55.193451, 25.205797], [55.193533, 25.207261], [55.193858, 25.208482], [55.196381, 25.210557], [55.197683, 25.211656]]], [[[55.18808, 25.210435], [55.187348, 25.210028], [55.186534, 25.210232], [55.186371, 25.210761], [55.18686, 25.211371], [55.187755, 25.21129], [55.18808, 25.210435]]], [[[55.201182, 25.211859], [55.200369, 25.210598], [55.199474, 25.209459], [55.198904, 25.209418], [55.198741, 25.209947], [55.199067, 25.210435], [55.199636, 25.211249], [55.200287, 25.212226], [55.201345, 25.213528], [55.202485, 25.214097], [55.202647, 25.213609], [55.202566, 25.212795], [55.201182, 25.211859]]], [[[55.186209, 25.213365], [55.186534, 25.213813], [55.187022, 25.213975], [55.187999, 25.212958], [55.187999, 25.212226], [55.187592, 25.211982], [55.186697, 25.212348], [55.186371, 25.212714], [55.186209, 25.213365]]], [[[55.188813, 25.214057], [55.18865, 25.21483], [55.188975, 25.215115], [55.189626, 25.215115], [55.191091, 25.212999], [55.190847, 25.212714], [55.190359, 25.212714], [55.189952, 25.212714], [55.188813, 25.214057]]], [[[55.187022, 25.218736], [55.187592, 25.219062], [55.18922, 25.218899], [55.18922, 25.218329], [55.188894, 25.218044], [55.187673, 25.217922], [55.187022, 25.218085], [55.187022, 25.218736]]], [[[55.190929, 25.219997], [55.190929, 25.219428], [55.190684, 25.218817], [55.190115, 25.218492], [55.189708, 25.218736], [55.189545, 25.219468], [55.189871, 25.219997], [55.190929, 25.219997]]], [[[55.188406, 25.219631], [55.187999, 25.219916], [55.187999, 25.220364], [55.188406, 25.220364], [55.18922, 25.22012], [55.189464, 25.219794], [55.18922, 25.219753], [55.188975, 25.219631], [55.188406, 25.219631]]], [[[55.187348, 25.223009], [55.187022, 25.223456], [55.186941, 25.223944], [55.187185, 25.224392], [55.187511, 25.224514], [55.18808, 25.224148], [55.188162, 25.223334], [55.18808, 25.222642], [55.187673, 25.222642], [55.187348, 25.223009]]], [[[55.1963, 25.22663], [55.1963, 25.226101], [55.196625, 25.226142], [55.196869, 25.226304], [55.197276, 25.226304], [55.197439, 25.225938], [55.197113, 25.225287], [55.196625, 25.223985], [55.196788, 25.223578], [55.196951, 25.223334], [55.197195, 25.222968], [55.196869, 25.222561], [55.196056, 25.222886], [55.194672, 25.222805], [55.194672, 25.223456], [55.195404, 25.224555], [55.195404, 25.226142], [55.19573, 25.226711], [55.1963, 25.22663]]], [[[55.191742, 25.223863], [55.191254, 25.223985], [55.190929, 25.224595], [55.191417, 25.225369], [55.191987, 25.225531], [55.192393, 25.225369], [55.192393, 25.224433], [55.192312, 25.223904], [55.191987, 25.223863], [55.191742, 25.223863]]], [[[55.190603, 25.225531], [55.189952, 25.225084], [55.18865, 25.225246], [55.188324, 25.225857], [55.18865, 25.226182], [55.189301, 25.226182], [55.190033, 25.226182], [55.190603, 25.225531]]], [[[55.198741, 25.225653], [55.19988, 25.225653], [55.200043, 25.226142], [55.199962, 25.227078], [55.198904, 25.227362], [55.196951, 25.227769], [55.195974, 25.227525], [55.194998, 25.227607], [55.195323, 25.227851], [55.19573, 25.228502], [55.195323, 25.228705], [55.194509, 25.228746], [55.194835, 25.229153], [55.195811, 25.229356], [55.196544, 25.230048], [55.197358, 25.230007], [55.197358, 25.229071], [55.197927, 25.228949], [55.198497, 25.229315], [55.199067, 25.229315], [55.199555, 25.228827], [55.199962, 25.228339], [55.200613, 25.227851], [55.201101, 25.227688], [55.201752, 25.227729], [55.202322, 25.228095], [55.203054, 25.228624], [55.203461, 25.228624], [55.203705, 25.228542], [55.204031, 25.228095], [55.204845, 25.227973], [55.206147, 25.227973], [55.206798, 25.227851], [55.206798, 25.226874], [55.206147, 25.226223], [55.205007, 25.225857], [55.204763, 25.22602], [55.204845, 25.226304], [55.205658, 25.22663], [55.206147, 25.226955], [55.206065, 25.227444], [55.205577, 25.227444], [55.204845, 25.22724], [55.203705, 25.226467], [55.202485, 25.225938], [55.201508, 25.225735], [55.200206, 25.226223], [55.200206, 25.225287], [55.200206, 25.223741], [55.200206, 25.222764], [55.19988, 25.221991], [55.199474, 25.2213], [55.198904, 25.22134], [55.198578, 25.221584], [55.19809, 25.221666], [55.197683, 25.221584], [55.197683, 25.221829], [55.197765, 25.221951], [55.198497, 25.22309], [55.198578, 25.224718], [55.198741, 25.225653]]], [[[55.190033, 25.227159], [55.189464, 25.226874], [55.188324, 25.226996], [55.187999, 25.227444], [55.188162, 25.227688], [55.18865, 25.227688], [55.189626, 25.227688], [55.190033, 25.227159]]], [[[55.188813, 25.230536], [55.188813, 25.231106], [55.188975, 25.231635], [55.189626, 25.231635], [55.190278, 25.231106], [55.19044, 25.230211], [55.190359, 25.229519], [55.189708, 25.229641], [55.189138, 25.229885], [55.188813, 25.230536]]], [[[55.196056, 25.23253], [55.195974, 25.23314], [55.194916, 25.23314], [55.193777, 25.232611], [55.193207, 25.232652], [55.193777, 25.233222], [55.194916, 25.233588], [55.198741, 25.233669], [55.199474, 25.23314], [55.200531, 25.232774], [55.202159, 25.232774], [55.20338, 25.232245], [55.2046, 25.23135], [55.205251, 25.230618], [55.205333, 25.22956], [55.205251, 25.229071], [55.204763, 25.229071], [55.203624, 25.229926], [55.201752, 25.230902], [55.201101, 25.230821], [55.19809, 25.230333], [55.197276, 25.232164], [55.197276, 25.232774], [55.196951, 25.232896], [55.196625, 25.232408], [55.19573, 25.231391], [55.194835, 25.231187], [55.19337, 25.231187], [55.192882, 25.23078], [55.193533, 25.229885], [55.193696, 25.229397], [55.193451, 25.228909], [55.193044, 25.228909], [55.192556, 25.22899], [55.192068, 25.229315], [55.191987, 25.230251], [55.192231, 25.230821], [55.192719, 25.231391], [55.193451, 25.231838], [55.194591, 25.231879], [55.19573, 25.232245], [55.196056, 25.23253]]], [[[55.188324, 25.231676], [55.187266, 25.231757], [55.186453, 25.23192], [55.186534, 25.232367], [55.187511, 25.232489], [55.188406, 25.232286], [55.188324, 25.231676]]], [[[55.190684, 25.232856], [55.190929, 25.232408], [55.190684, 25.232042], [55.189545, 25.232245], [55.189138, 25.232367], [55.189138, 25.232774], [55.189464, 25.233018], [55.190684, 25.232856]]], [[[55.199148, 25.234646], [55.198497, 25.23432], [55.198334, 25.234605], [55.198741, 25.235012], [55.199962, 25.235297], [55.20224, 25.235622], [55.203298, 25.235622], [55.204519, 25.235012], [55.205333, 25.234931], [55.206147, 25.233588], [55.206147, 25.23253], [55.206716, 25.232082], [55.207367, 25.231024], [55.207286, 25.230455], [55.206716, 25.230577], [55.206065, 25.231187], [55.205658, 25.23196], [55.205414, 25.233181], [55.204845, 25.234117], [55.203868, 25.234727], [55.202973, 25.235093], [55.201508, 25.235012], [55.199636, 25.234849], [55.199148, 25.234646]]], [[[55.186534, 25.233344], [55.186534, 25.23371], [55.188487, 25.23371], [55.188731, 25.23314], [55.187185, 25.233181], [55.186534, 25.233344]]], [[[55.19158, 25.234605], [55.191824, 25.234076], [55.19158, 25.233669], [55.191091, 25.233669], [55.190359, 25.233954], [55.190115, 25.234158], [55.190359, 25.234565], [55.19158, 25.234605]]], [[[55.208669, 25.23546], [55.20753, 25.238349], [55.206472, 25.241197], [55.205414, 25.243069], [55.203298, 25.245225], [55.201101, 25.246894], [55.198497, 25.248765], [55.198253, 25.249172], [55.198416, 25.249254], [55.198741, 25.249172], [55.201427, 25.24726], [55.203624, 25.245673], [55.205903, 25.243272], [55.207042, 25.24136], [55.208018, 25.23843], [55.209158, 25.235622], [55.20989, 25.232652], [55.210297, 25.228909], [55.210134, 25.226264], [55.209483, 25.223619], [55.209321, 25.223375], [55.209076, 25.223375], [55.208832, 25.223456], [55.208832, 25.223741], [55.209809, 25.227566], [55.20989, 25.229397], [55.209402, 25.232733], [55.208669, 25.23546]]], [[[55.189708, 25.239773], [55.190278, 25.239285], [55.190278, 25.238389], [55.190115, 25.237942], [55.189871, 25.237616], [55.189301, 25.237291], [55.188894, 25.237454], [55.188894, 25.238023], [55.188813, 25.239407], [55.188406, 25.239732], [55.188324, 25.240343], [55.18865, 25.240587], [55.189138, 25.240505], [55.189708, 25.239773]]], [[[55.201101, 25.240831], [55.201101, 25.240302], [55.200613, 25.24018], [55.200206, 25.240505], [55.199392, 25.241116], [55.198578, 25.241034], [55.198497, 25.240668], [55.198578, 25.24018], [55.198822, 25.239814], [55.199718, 25.239081], [55.200206, 25.238674], [55.199962, 25.238349], [55.199229, 25.238349], [55.197765, 25.239814], [55.196544, 25.241156], [55.195974, 25.241604], [55.195974, 25.242174], [55.196381, 25.242336], [55.197276, 25.242296], [55.198497, 25.242255], [55.199474, 25.242133], [55.200369, 25.24136], [55.201101, 25.240831]]], [[[55.320323, 26.278347], [55.32309, 26.263251], [55.321218, 26.256985], [55.322602, 26.254055], [55.312999, 26.248481], [55.302989, 26.248318], [55.294932, 26.25019], [55.290294, 26.255154], [55.286388, 26.265123], [55.289968, 26.272935], [55.297455, 26.276313], [55.3095, 26.282986], [55.320323, 26.278347]]], [[[55.903982, 26.64525], [55.889659, 26.623765], [55.869314, 26.613023], [55.853201, 26.621039], [55.855479, 26.64411], [55.868337, 26.666449], [55.884532, 26.67768], [55.894298, 26.679429], [55.902029, 26.66885], [55.903982, 26.64525]]], [[[56.137218, 26.844672], [56.095876, 26.806871], [56.089366, 26.793524], [56.080821, 26.785346], [56.042817, 26.768134], [56.03419, 26.759019], [56.025645, 26.754096], [55.97641, 26.711575], [55.947032, 26.696275], [55.924001, 26.705024], [55.902192, 26.72484], [55.876638, 26.742906], [55.809825, 26.712063], [55.79127, 26.697903], [55.772716, 26.688381], [55.751313, 26.688544], [55.705821, 26.694525], [55.685557, 26.690497], [55.664236, 26.681545], [55.610362, 26.646918], [55.554454, 26.625637], [55.520518, 26.603258], [55.50294, 26.594875], [55.441173, 26.588609], [55.397309, 26.577826], [55.378754, 26.567288], [55.369477, 26.564114], [55.366547, 26.564602], [55.361095, 26.565619], [55.349783, 26.568996], [55.33961, 26.568996], [55.335297, 26.560452], [55.33074, 26.553616], [55.319835, 26.548285], [55.307628, 26.544908], [55.29835, 26.543647], [55.294119, 26.546291], [55.290538, 26.548489], [55.285411, 26.559963], [55.28061, 26.584662], [55.287364, 26.602281], [55.289236, 26.613593], [55.284028, 26.618801], [55.273774, 26.649807], [55.284679, 26.660224], [55.331879, 26.645331], [55.342784, 26.649807], [55.348969, 26.64822], [55.351899, 26.647447], [55.404796, 26.674018], [55.538422, 26.712958], [55.557872, 26.714993], [55.570486, 26.719387], [55.574067, 26.720649], [55.574229, 26.720689], [55.620453, 26.74608], [55.640391, 26.760565], [55.705821, 26.783271], [55.716075, 26.783922], [55.736827, 26.782416], [55.746837, 26.783271], [55.754161, 26.786078], [55.764496, 26.793891], [55.774181, 26.796942], [55.771169, 26.803656], [55.766775, 26.810533], [55.782074, 26.826158], [55.785655, 26.844957], [55.781016, 26.889635], [55.773204, 26.906724], [55.756114, 26.921332], [55.739431, 26.932929], [55.732595, 26.940904], [55.757986, 26.954047], [55.897716, 26.906806], [55.935557, 26.914781], [56.041026, 26.975653], [56.173188, 27.002346], [56.212413, 27.002997], [56.232107, 26.998765], [56.25766, 26.988715], [56.273611, 26.977769], [56.27947, 26.973822], [56.287446, 26.955146], [56.271332, 26.946967], [56.255219, 26.938788], [56.193533, 26.924547], [56.171397, 26.906806], [56.148692, 26.862006], [56.137218, 26.844672]]], [[[56.366547, 26.889797], [56.404145, 26.893052], [56.40919, 26.86225], [56.379161, 26.83869], [56.340994, 26.827623], [56.322276, 26.834418], [56.326834, 26.86107], [56.341156, 26.87934], [56.366547, 26.889797]]], [[[56.43686, 27.080024], [56.455414, 27.102769], [56.472992, 27.106024], [56.483572, 27.099758], [56.495128, 27.095771], [56.504649, 27.088935], [56.505138, 27.086982], [56.508474, 27.074368], [56.504731, 27.061672], [56.495291, 27.052314], [56.488129, 27.04914], [56.481781, 27.046332], [56.466156, 27.043931], [56.434581, 27.054836], [56.43686, 27.080024]]], [[[73.163097, -0.681817], [73.172537, -0.688572], [73.165863, -0.688409], [73.163585, -0.686619], [73.163097, -0.681817]]], [[[73.191417, -0.682794], [73.192231, -0.677179], [73.19516, -0.674493], [73.204112, -0.671157], [73.201182, -0.675063], [73.199229, -0.678643], [73.196462, -0.681329], [73.191417, -0.682794]]], [[[73.123871, -0.664727], [73.123302, -0.66253], [73.123871, -0.659763], [73.124278, -0.656183], [73.126964, -0.666274], [73.123871, -0.664727]]], [[[73.226817, -0.632582], [73.229991, -0.623305], [73.234874, -0.619399], [73.240001, -0.625584], [73.227306, -0.642836], [73.226817, -0.632582]]], [[[73.09783, -0.59002], [73.098643, -0.594415], [73.097504, -0.599705], [73.104991, -0.606541], [73.111583, -0.61712], [73.116384, -0.629571], [73.118663, -0.64129], [73.111176, -0.64129], [73.0949, -0.604669], [73.091156, -0.586033], [73.104991, -0.579197], [73.104991, -0.586602], [73.098806, -0.587172], [73.09783, -0.59002]]], [[[73.236339, -0.59238], [73.239024, -0.584405], [73.247325, -0.577895], [73.248383, -0.580824], [73.247813, -0.583185], [73.246837, -0.585545], [73.246755, -0.588637], [73.24464, -0.607192], [73.238292, -0.600356], [73.236339, -0.59238]]], [[[73.098888, 0.224921], [73.10255, 0.222805], [73.10434, 0.219631], [73.102957, 0.213528], [73.102875, 0.213446], [73.098888, 0.216376], [73.09783, 0.218777], [73.097423, 0.219713], [73.097341, 0.220242], [73.09669, 0.2237], [73.09547, 0.228013], [73.098888, 0.224921]]], [[[73.217377, 0.237698], [73.212657, 0.232082], [73.210948, 0.232164], [73.210297, 0.235663], [73.208995, 0.239976], [73.217377, 0.237698]]], [[[73.036794, 0.26968], [73.040375, 0.259467], [73.040375, 0.259345], [73.036143, 0.260932], [73.035818, 0.262071], [73.035411, 0.26317], [73.035818, 0.264675], [73.036306, 0.266181], [73.036306, 0.266506], [73.036794, 0.269924], [73.036794, 0.26968]]], [[[72.987722, 0.302232], [72.988129, 0.301907], [72.986013, 0.299628], [72.981212, 0.302069], [72.980968, 0.303616], [72.983653, 0.305243], [72.984874, 0.303412], [72.987071, 0.302802], [72.987722, 0.302232]]], [[[72.957205, 0.399156], [72.958018, 0.401353], [72.958344, 0.403306], [72.958425, 0.403144], [72.961111, 0.394273], [72.961192, 0.394029], [72.957774, 0.396796], [72.957205, 0.399156]]], [[[72.940929, 0.496324], [72.940603, 0.487291], [72.937022, 0.491441], [72.937022, 0.493638], [72.940929, 0.496324]]], [[[73.248302, 1.893541], [73.25172, 1.892401], [73.243663, 1.888739], [73.243988, 1.89411], [73.245616, 1.894843], [73.247406, 1.893988], [73.248302, 1.893541]]], [[[73.31837, 1.9831], [73.31544, 1.985053], [73.315766, 1.986802], [73.317149, 1.988837], [73.317231, 1.9914], [73.319835, 1.989203], [73.322602, 1.987982], [73.323253, 1.986477], [73.31837, 1.9831]]], [[[73.039806, 2.164618], [73.038259, 2.164537], [73.038422, 2.164618], [73.043712, 2.166449], [73.041352, 2.1647], [73.039806, 2.164618]]], [[[73.102306, 2.180976], [73.099457, 2.181952], [73.098888, 2.184638], [73.099783, 2.185533], [73.101736, 2.185696], [73.103852, 2.18651], [73.102875, 2.184394], [73.102875, 2.182115], [73.102306, 2.180976]]], [[[73.115489, 2.199693], [73.116873, 2.197659], [73.12086, 2.191799], [73.115001, 2.191799], [73.113943, 2.193468], [73.114919, 2.196438], [73.115489, 2.199693]]], [[[72.948416, 2.274888], [72.9463, 2.272366], [72.943126, 2.273017], [72.948416, 2.274888]]], [[[72.927013, 2.316067], [72.922537, 2.319566], [72.922374, 2.322089], [72.924327, 2.324449], [72.926117, 2.32746], [72.927013, 2.316067]]], [[[73.343598, 2.344184], [73.342296, 2.342393], [73.342052, 2.342108], [73.344005, 2.348049], [73.343923, 2.347439], [73.343598, 2.344184]]], [[[73.311534, 2.499254], [73.313243, 2.502102], [73.314789, 2.505805], [73.315196, 2.494127], [73.313731, 2.495185], [73.311778, 2.496772], [73.311778, 2.496894], [73.311534, 2.499254]]], [[[73.140961, 2.55036], [73.145518, 2.55329], [73.143809, 2.55036], [73.141124, 2.55036], [73.140961, 2.55036]]], [[[72.90447, 2.675727], [72.901134, 2.676174], [72.900564, 2.677558], [72.900727, 2.679755], [72.900076, 2.682196], [72.902599, 2.680976], [72.905284, 2.680813], [72.906423, 2.679674], [72.90447, 2.675727]]], [[[72.867361, 2.686672], [72.866954, 2.688951], [72.869802, 2.69123], [72.872569, 2.694159], [72.873709, 2.683661], [72.867361, 2.686672]]], [[[73.025401, 2.737616], [73.022309, 2.741685], [73.032237, 2.745022], [73.028005, 2.738227], [73.025401, 2.737616]]], [[[73.35141, 2.770697], [73.348481, 2.775377], [73.349294, 2.777167], [73.351573, 2.777533], [73.353526, 2.778266], [73.352712, 2.775702], [73.353526, 2.773627], [73.353526, 2.771918], [73.35141, 2.770697]]], [[[73.008474, 2.953315], [73.014903, 2.947414], [73.010427, 2.945258], [73.009939, 2.945705], [73.009044, 2.946438], [73.009044, 2.949449], [73.008474, 2.953315]]], [[[72.870128, 2.969062], [72.867686, 2.960883], [72.865082, 2.958157], [72.864919, 2.960883], [72.870128, 2.969184], [72.870128, 2.969062]]], [[[72.904796, 3.081285], [72.906016, 3.08039], [72.90447, 3.077379], [72.899913, 3.07685], [72.899425, 3.078192], [72.900727, 3.080634], [72.901622, 3.083808], [72.902843, 3.081855], [72.904145, 3.081488], [72.904796, 3.081285]]], [[[72.981293, 3.106635], [72.981781, 3.105048], [72.978201, 3.102729], [72.975108, 3.104193], [72.975352, 3.105699], [72.976899, 3.107652], [72.977875, 3.110175], [72.978038, 3.110053], [72.979177, 3.108059], [72.981293, 3.106635]]], [[[73.046886, 3.202053], [73.045095, 3.19892], [73.040701, 3.198472], [73.040212, 3.199734], [73.041352, 3.202297], [73.042247, 3.205471], [73.043468, 3.203518], [73.045665, 3.202867], [73.046886, 3.202053]]], [[[73.03183, 3.252875], [73.033214, 3.250881], [73.035167, 3.249335], [73.035655, 3.247789], [73.031993, 3.245551], [73.031749, 3.245673], [73.028982, 3.246894], [73.029307, 3.24844], [73.030772, 3.250474], [73.031749, 3.252997], [73.03183, 3.252875]]], [[[72.924327, 3.552476], [72.928396, 3.551907], [72.911794, 3.541734], [72.911632, 3.541653], [72.915701, 3.548977], [72.919932, 3.552151], [72.924327, 3.552476]]], [[[72.94516, 3.615139], [72.945567, 3.613715], [72.94158, 3.611884], [72.938487, 3.613715], [72.938975, 3.615139], [72.940684, 3.616645], [72.941905, 3.618842], [72.943126, 3.616645], [72.944428, 3.615709], [72.94516, 3.615139]]], [[[72.951996, 3.726874], [72.948985, 3.728583], [72.949392, 3.730048], [72.951182, 3.731513], [72.952403, 3.733832], [72.953787, 3.731635], [72.955821, 3.730129], [72.955821, 3.728705], [72.951996, 3.726874]]], [[[72.947113, 3.769843], [72.948578, 3.768785], [72.949067, 3.768378], [72.949392, 3.766995], [72.945323, 3.765204], [72.944916, 3.765448], [72.942393, 3.766995], [72.942882, 3.768378], [72.944672, 3.769843], [72.945811, 3.772121], [72.947113, 3.769843]]], [[[72.947765, 3.833075], [72.94809, 3.831692], [72.944102, 3.829901], [72.941173, 3.831692], [72.941661, 3.833075], [72.94337, 3.834662], [72.944591, 3.836859], [72.945811, 3.834662], [72.946625, 3.834011], [72.947765, 3.833075]]], [[[73.345063, 3.944729], [73.3449, 3.944566], [73.341482, 3.942043], [73.341482, 3.943101], [73.345063, 3.944729]]], [[[72.972504, 4.264146], [72.974376, 4.263251], [72.975597, 4.262356], [72.975759, 4.260403], [72.972504, 4.260403], [72.971528, 4.261623], [72.971446, 4.263577], [72.97047, 4.265937], [72.970632, 4.265815], [72.972504, 4.264146]]], [[[72.94516, 4.266303], [72.958588, 4.262519], [72.954356, 4.261461], [72.951182, 4.262356], [72.94516, 4.266303]]], [[[72.948904, 4.422919], [72.947113, 4.423082], [72.94337, 4.431586], [72.957042, 4.4383], [72.956065, 4.422105], [72.948904, 4.422919]]], [[[72.976085, 4.895168], [72.97934, 4.895453], [72.969656, 4.880723], [72.969493, 4.88052], [72.970063, 4.890367], [72.972667, 4.894355], [72.976085, 4.895168]]], [[[72.922699, 4.898993], [72.920909, 4.897854], [72.917654, 4.898505], [72.917491, 4.898586], [72.922862, 4.899075], [72.922699, 4.898993]]], [[[72.912852, 5.034084], [72.909434, 5.030788], [72.90919, 5.030585], [72.910167, 5.032701], [72.912852, 5.034084]]], [[[72.924327, 5.033026], [72.927745, 5.036526], [72.927664, 5.036282], [72.927175, 5.034247], [72.927094, 5.033922], [72.92571, 5.033474], [72.924327, 5.033026]]], [[[73.04477, 5.121812], [73.04477, 5.121649], [73.043468, 5.118842], [73.04127, 5.118394], [73.04477, 5.121812]]], [[[73.051443, 5.128079], [73.051443, 5.126654], [73.047618, 5.12637], [73.045258, 5.128892], [73.046072, 5.130276], [73.047862, 5.131293], [73.049083, 5.133287], [73.049164, 5.133165], [73.049978, 5.130357], [73.051443, 5.128079]]], [[[73.087738, 5.157945], [73.091319, 5.161363], [73.090994, 5.158515], [73.087901, 5.157986], [73.087738, 5.157945]]], [[[73.103852, 5.173041], [73.104177, 5.172919], [73.106944, 5.17178], [73.110525, 5.170315], [73.110199, 5.170356], [73.107107, 5.170966], [73.103852, 5.173041]]], [[[73.131847, 5.244574], [73.131847, 5.242499], [73.128429, 5.241156], [73.131847, 5.244574]]], [[[73.109223, 5.296698], [73.112804, 5.29857], [73.112641, 5.298448], [73.109223, 5.295152], [73.109223, 5.296698]]], [[[72.953136, 5.352769], [72.952403, 5.350084], [72.949555, 5.349311], [72.953136, 5.352769]]], [[[73.32488, 5.366767], [73.327891, 5.367011], [73.328217, 5.367011], [73.330089, 5.366848], [73.328868, 5.364244], [73.319347, 5.362942], [73.319184, 5.362942], [73.317719, 5.36579], [73.319184, 5.366645], [73.322032, 5.366889], [73.323253, 5.368232], [73.32488, 5.366767]]], [[[73.347504, 5.428778], [73.350759, 5.42768], [73.3449, 5.426825], [73.344574, 5.426744], [73.347504, 5.428778]]], [[[73.002615, 5.457587], [73.000987, 5.456244], [72.999034, 5.461086], [73.000011, 5.46247], [73.002778, 5.46247], [73.005626, 5.463202], [73.005544, 5.463121], [73.004161, 5.461412], [73.002615, 5.457587]]], [[[72.94158, 5.465562], [72.941091, 5.463568], [72.940278, 5.462144], [72.938243, 5.461493], [72.937022, 5.465562], [72.938162, 5.466702], [72.940603, 5.466783], [72.943126, 5.467597], [72.943044, 5.467475], [72.94158, 5.465562]]], [[[73.013031, 5.487454], [73.010997, 5.486802], [73.009939, 5.49022], [73.009776, 5.490871], [73.010916, 5.492133], [73.013194, 5.492133], [73.01588, 5.492865], [73.014334, 5.490912], [73.013845, 5.488918], [73.013031, 5.487454]]], [[[72.879161, 5.48786], [72.877696, 5.492092], [72.878754, 5.49315], [72.881196, 5.493232], [72.883962, 5.494086], [72.882498, 5.492011], [72.881847, 5.490058], [72.881114, 5.488471], [72.879161, 5.48786]]], [[[73.018972, 5.617662], [73.017345, 5.615709], [73.016856, 5.613756], [73.016124, 5.61225], [73.014171, 5.611599], [73.014008, 5.611558], [73.012869, 5.615709], [73.013927, 5.616889], [73.016449, 5.616889], [73.019054, 5.617825], [73.018972, 5.617662]]], [[[73.009776, 5.670844], [73.008556, 5.674994], [73.009776, 5.676093], [73.012055, 5.676256], [73.014659, 5.676988], [73.013194, 5.675035], [73.012462, 5.673], [73.011892, 5.671536], [73.009776, 5.670844]]], [[[73.002289, 5.707099], [72.999766, 5.706977], [72.99879, 5.711982], [73.000173, 5.713202], [73.000824, 5.713121], [73.002778, 5.712836], [73.005626, 5.713324], [73.003754, 5.711127], [73.003184, 5.708726], [73.002289, 5.707099]]], [[[72.982758, 5.762519], [72.986827, 5.770738], [72.98585, 5.76557], [72.982758, 5.762519]]], [[[72.971039, 5.810452], [72.973806, 5.811713], [72.976573, 5.813625], [72.975108, 5.804551], [72.975108, 5.804429], [72.972423, 5.807034], [72.970958, 5.808417], [72.971039, 5.810452]]], [[[72.966482, 5.850246], [72.962657, 5.853461], [72.961925, 5.856676], [72.963634, 5.864325], [72.963715, 5.86404], [72.966482, 5.850246]]], [[[72.926443, 5.966295], [72.931651, 5.969062], [72.930186, 5.956936], [72.925792, 5.963284], [72.926443, 5.966295]]], [[[72.913829, 5.979641], [72.913422, 5.977362], [72.912852, 5.976304], [72.911388, 5.977078], [72.909841, 5.977932], [72.909679, 5.982123], [72.910899, 5.982733], [72.913097, 5.981635], [72.915701, 5.98135], [72.915619, 5.981269], [72.913829, 5.979641]]], [[[73.250743, 6.083401], [73.250662, 6.083279], [73.249034, 6.079535], [73.245453, 6.079779], [73.250743, 6.083401]]], [[[73.251964, 6.111151], [73.247244, 6.107978], [73.246837, 6.107733], [73.248871, 6.110175], [73.252126, 6.111233], [73.251964, 6.111151]]], [[[73.22047, 6.132066], [73.220388, 6.131985], [73.219005, 6.129299], [73.21518, 6.128567], [73.22047, 6.132066]]], [[[73.268809, 6.154486], [73.268077, 6.152411], [73.267263, 6.150946], [73.26531, 6.150662], [73.265147, 6.150621], [73.265391, 6.153551], [73.266612, 6.154853], [73.26824, 6.155585], [73.270274, 6.156928], [73.270193, 6.156806], [73.268809, 6.154486]]], [[[73.215831, 6.17121], [73.219086, 6.172349], [73.218923, 6.172268], [73.214041, 6.168769], [73.215831, 6.17121]]], [[[73.265391, 6.182766], [73.265961, 6.185004], [73.268403, 6.186835], [73.270844, 6.189439], [73.268077, 6.178697], [73.265391, 6.182766]]], [[[73.029145, 6.21898], [73.028982, 6.218817], [73.030447, 6.221015], [73.03419, 6.222357], [73.034028, 6.222235], [73.029145, 6.21898]]], [[[73.243907, 6.231635], [73.240245, 6.228949], [73.236339, 6.232123], [73.237071, 6.23428], [73.239757, 6.236477], [73.24171, 6.239691], [73.242198, 6.236477], [73.243663, 6.234036], [73.243907, 6.231635]]], [[[73.128429, 6.286851], [73.12615, 6.284003], [73.123057, 6.283352], [73.122895, 6.283352], [73.128429, 6.286851]]], [[[73.21518, 6.294827], [73.21518, 6.294664], [73.213064, 6.289211], [73.209158, 6.286689], [73.208751, 6.286444], [73.209321, 6.286851], [73.21518, 6.294827]]], [[[73.083263, 6.308458], [73.081391, 6.305609], [73.078461, 6.305121], [73.078136, 6.30508], [73.083344, 6.30858], [73.083263, 6.308458]]], [[[73.197032, 6.32746], [73.197113, 6.327297], [73.198253, 6.324693], [73.199311, 6.324205], [73.200369, 6.323717], [73.201915, 6.32217], [73.20102, 6.318264], [73.195079, 6.319648], [73.194998, 6.319932], [73.194184, 6.321601], [73.195974, 6.324286], [73.197032, 6.32746]]], [[[73.124197, 6.332261], [73.11964, 6.329169], [73.119314, 6.328925], [73.120942, 6.331041], [73.124522, 6.332506], [73.124197, 6.332261]]], [[[72.949392, 6.349677], [72.950938, 6.347724], [72.951182, 6.347602], [72.952973, 6.346625], [72.95338, 6.346259], [72.953949, 6.345608], [72.953136, 6.343492], [72.948497, 6.344428], [72.947765, 6.345933], [72.948985, 6.348049], [72.949392, 6.349799], [72.949392, 6.349677]]], [[[73.180186, 6.347113], [73.181, 6.34984], [73.182628, 6.350491], [73.184825, 6.350328], [73.187266, 6.350775], [73.184906, 6.349066], [73.183604, 6.347317], [73.18214, 6.34634], [73.180186, 6.347113]]], [[[73.024913, 6.364814], [73.024181, 6.362698], [73.019298, 6.363593], [73.018728, 6.36522], [73.019867, 6.367174], [73.020518, 6.368964], [73.021821, 6.366767], [73.023936, 6.365871], [73.024913, 6.364814]]], [[[72.906423, 6.436916], [72.906912, 6.436428], [72.907481, 6.435858], [72.906586, 6.433824], [72.902029, 6.43476], [72.901866, 6.435045], [72.901134, 6.436347], [72.902192, 6.4383], [72.902843, 6.440172], [72.90447, 6.437974], [72.906423, 6.436916]]], [[[73.048813, 6.441342], [73.046235, 6.436265], [73.043305, 6.433865], [73.043142, 6.433702], [73.048813, 6.441342]]], [[[72.894216, 6.449937], [72.896169, 6.448879], [72.896902, 6.448188], [72.897227, 6.447903], [72.896332, 6.445787], [72.891775, 6.446723], [72.891612, 6.447008], [72.89088, 6.448228], [72.8921, 6.450263], [72.892589, 6.452094], [72.894216, 6.449937]]], [[[72.955821, 6.555325], [72.956798, 6.560004], [72.958344, 6.560696], [72.960216, 6.559516], [72.962087, 6.559027], [72.959972, 6.557522], [72.958995, 6.555487], [72.958018, 6.554348], [72.955821, 6.555325]]], [[[72.927745, 6.558946], [72.923106, 6.559882], [72.922537, 6.56151], [72.923513, 6.563381], [72.924001, 6.565253], [72.925548, 6.563056], [72.927501, 6.562079], [72.928722, 6.561103], [72.927745, 6.558946]]], [[[73.029877, 6.58218], [73.02947, 6.579657], [73.030121, 6.577541], [73.030365, 6.576117], [73.028168, 6.575181], [73.027354, 6.576483], [73.025564, 6.57925], [73.026134, 6.580797], [73.028331, 6.581366], [73.029959, 6.582343], [73.029877, 6.58218]]], [[[73.040701, 6.617174], [73.038422, 6.61815], [73.039399, 6.62287], [73.041026, 6.623603], [73.042979, 6.622504], [73.04477, 6.621894], [73.042654, 6.620347], [73.041515, 6.618354], [73.040701, 6.617174]]], [[[73.061778, 6.660956], [73.062266, 6.666897], [73.064138, 6.668402], [73.066661, 6.668118], [73.069509, 6.667955], [73.061778, 6.660956]]], [[[73.09669, 6.706122], [73.099294, 6.70893], [73.105968, 6.709947], [73.103526, 6.705878], [73.102306, 6.702338], [73.100434, 6.699774], [73.095876, 6.698432], [73.09669, 6.706122]]], [[[73.164236, 6.787055], [73.165538, 6.785631], [73.165538, 6.783149], [73.166515, 6.780341], [73.152843, 6.749213], [73.144786, 6.735541], [73.131847, 6.725165], [73.131684, 6.725043], [73.135997, 6.741197], [73.152517, 6.768215], [73.159516, 6.786526], [73.164236, 6.787055]]], [[[73.036143, 6.757107], [73.036225, 6.756781], [73.036794, 6.755072], [73.036876, 6.753485], [73.034679, 6.75259], [73.033865, 6.753852], [73.031993, 6.756578], [73.032888, 6.758246], [73.034841, 6.758734], [73.036632, 6.759711], [73.036143, 6.757107]]], [[[72.914317, 6.759223], [72.912364, 6.760077], [72.912283, 6.760159], [72.913259, 6.764879], [72.914887, 6.76557], [72.916759, 6.764472], [72.918468, 6.763983], [72.916515, 6.762437], [72.915375, 6.760443], [72.914317, 6.759223]]], [[[73.189464, 6.822821], [73.183767, 6.821153], [73.180837, 6.823432], [73.181651, 6.830512], [73.197276, 6.828111], [73.189464, 6.822821]]], [[[72.991547, 6.836737], [72.989431, 6.837633], [72.990245, 6.842434], [72.992035, 6.843004], [72.993907, 6.841986], [72.995697, 6.841457], [72.993663, 6.839911], [72.992442, 6.837877], [72.991547, 6.836737]]], [[[73.138031, 6.839667], [73.139008, 6.844428], [73.140636, 6.845038], [73.142589, 6.84394], [73.144379, 6.843411], [73.142263, 6.841864], [73.141287, 6.839911], [73.14031, 6.83869], [73.138031, 6.839667]]], [[[72.974132, 6.845852], [72.971528, 6.849758], [72.972341, 6.851386], [72.974376, 6.851996], [72.976085, 6.852851], [72.975597, 6.850287], [72.976248, 6.848131], [72.976329, 6.846666], [72.974132, 6.845852]]], [[[73.098074, 6.852118], [73.096039, 6.850572], [73.095063, 6.8487], [73.094005, 6.847561], [73.092784, 6.847968], [73.091807, 6.848334], [73.092947, 6.853095], [73.094493, 6.853827], [73.096365, 6.852769], [73.098155, 6.8522], [73.098074, 6.852118]]], [[[72.962657, 6.859198], [72.961436, 6.857327], [72.960623, 6.856024], [72.958751, 6.856838], [72.958507, 6.85696], [72.958344, 6.857001], [72.959239, 6.86164], [72.961111, 6.862454], [72.962901, 6.861314], [72.964692, 6.860663], [72.962657, 6.859198]]], [[[73.106293, 6.891913], [73.106537, 6.89053], [73.106619, 6.890448], [73.10434, 6.889553], [73.101736, 6.893541], [73.102306, 6.895209], [73.104503, 6.895738], [73.106212, 6.896715], [73.105724, 6.894029], [73.106293, 6.891913]]], [[[73.20102, 6.893134], [73.201915, 6.902248], [73.204926, 6.91177], [73.209158, 6.91828], [73.214041, 6.918606], [73.213064, 6.904608], [73.208751, 6.891099], [73.203949, 6.884955], [73.20102, 6.893134]]], [[[72.925955, 6.957424], [72.925955, 6.957017], [72.92628, 6.953803], [72.924585, 6.951704], [72.925955, 6.957424]]], [[[73.198497, 6.97134], [73.194672, 6.951239], [73.193858, 6.950995], [73.19337, 6.950995], [73.193207, 6.950995], [73.193044, 6.951077], [73.192556, 6.951239], [73.191905, 6.951646], [73.191173, 6.96133], [73.191905, 6.967597], [73.194102, 6.970893], [73.198497, 6.97134]]], [[[72.891938, 6.991034], [72.891938, 6.987698], [72.890473, 6.985419], [72.891938, 6.991034]]], [[[72.981456, 7.013983], [72.977306, 7.019029], [72.977224, 7.02261], [72.979747, 7.027737], [72.979747, 7.027533], [72.981456, 7.013983]]], [[[72.947765, 7.0539], [72.949962, 7.056545], [72.949962, 7.056423], [72.948497, 7.050849], [72.947765, 7.0539]]], [[[72.912852, 7.092719], [72.912852, 7.092597], [72.911876, 7.083197], [72.906423, 7.089016], [72.906586, 7.09101], [72.909679, 7.09162], [72.912852, 7.092719]]], [[[72.8838, 7.107245], [72.884532, 7.105699], [72.884532, 7.103705], [72.882498, 7.10163], [72.8838, 7.107245]]], [[[73.083018, 8.311672], [73.083995, 8.308498], [73.066091, 8.270453], [73.056651, 8.259996], [73.044688, 8.252427], [73.032725, 8.249498], [73.024099, 8.255439], [73.022472, 8.274359], [73.029307, 8.274359], [73.029307, 8.274115], [73.028982, 8.263414], [73.029307, 8.259996], [73.0368658229387, 8.263], [73.034, 8.263], [73.054, 8.28], [73.061, 8.278], [73.06004642046607, 8.276978307642214], [73.063162, 8.279486], [73.073009, 8.295396], [73.077159, 8.315253], [73.081798, 8.315823], [73.083018, 8.314358], [73.083018, 8.311672]]], [[[73.004405, 11.496487], [73.007091, 11.501288], [73.013194, 11.502183], [73.010916, 11.490139], [73.0088, 11.484687], [73.005626, 11.479641], [73.004405, 11.488837], [73.004405, 11.496487]]], [[[73.437999, -0.298598], [73.435232, -0.293634], [73.434581, -0.288751], [73.435069, -0.283624], [73.443044, -0.292739], [73.445079, -0.29754], [73.444509, -0.304295], [73.437999, -0.298598]]], [[[73.371104, 0.285956], [73.373709, 0.286933], [73.376394, 0.286078], [73.37908, 0.285183], [73.36964, 0.280015], [73.371104, 0.285956]]], [[[73.50644, 0.385037], [73.50587, 0.386176], [73.506602, 0.387763], [73.509776, 0.387437], [73.513438, 0.387763], [73.513357, 0.387681], [73.508637, 0.380683], [73.508556, 0.380561], [73.50644, 0.385037]]], [[[73.490977, 0.50495], [73.491954, 0.508002], [73.492035, 0.507799], [73.49464, 0.498969], [73.490408, 0.500678], [73.489757, 0.50259], [73.490977, 0.50495]]], [[[73.386729, 0.635403], [73.386567, 0.635403], [73.384776, 0.635565], [73.383556, 0.638902], [73.384288, 0.640326], [73.386404, 0.640815], [73.387869, 0.64175], [73.387218, 0.639106], [73.387218, 0.636786], [73.386729, 0.635403]]], [[[73.372406, 0.758124], [73.371837, 0.756578], [73.370942, 0.756822], [73.369965, 0.757025], [73.368826, 0.760443], [73.369802, 0.761664], [73.370779, 0.761949], [73.371593, 0.762152], [73.373057, 0.763088], [73.372406, 0.760443], [73.372406, 0.758124]]], [[[73.352306, 0.846625], [73.353852, 0.847724], [73.353852, 0.847561], [73.353282, 0.845608], [73.353201, 0.845282], [73.353201, 0.843207], [73.353038, 0.842393], [73.352875, 0.841539], [73.352061, 0.841132], [73.351085, 0.840644], [73.349783, 0.844062], [73.350434, 0.845689], [73.352306, 0.846625]]], [[[73.365001, 1.791083], [73.365164, 1.791042], [73.375824, 1.78856], [73.370453, 1.782538], [73.368175, 1.782945], [73.366954, 1.786689], [73.365001, 1.791083]]], [[[73.400238, 1.806342], [73.40032, 1.806138], [73.401215, 1.801703], [73.403087, 1.798], [73.40211, 1.7956], [73.400564, 1.795437], [73.394379, 1.794745], [73.394786, 1.798651], [73.394786, 1.798774], [73.395193, 1.799343], [73.396658, 1.801418], [73.398936, 1.803534], [73.400238, 1.806342]]], [[[73.463634, 1.826321], [73.456716, 1.82038], [73.454112, 1.820543], [73.45338, 1.823717], [73.452647, 1.826809], [73.463634, 1.826321]]], [[[73.518077, 1.842719], [73.510834, 1.836941], [73.499197, 1.827704], [73.49879, 1.828111], [73.498546, 1.828437], [73.498057, 1.828803], [73.497813, 1.82925], [73.500092, 1.832058], [73.502289, 1.834906], [73.507335, 1.838365], [73.517914, 1.842678], [73.518077, 1.842719]]], [[[73.5324, 1.860093], [73.531505, 1.863471], [73.5324, 1.865668], [73.533051, 1.86636], [73.534353, 1.86758], [73.536469, 1.870103], [73.536306, 1.869737], [73.53297, 1.86164], [73.5324, 1.860093]]], [[[73.553071, 1.93244], [73.548839, 1.911363], [73.545665, 1.901557], [73.541189, 1.89289], [73.540863, 1.892401], [73.549815, 1.924994], [73.553071, 1.93244]]], [[[73.549815, 1.965522], [73.547699, 1.968329], [73.547862, 1.970608], [73.550059, 1.976386], [73.549815, 1.965684], [73.549815, 1.965522]]], [[[73.542247, 2.024563], [73.5442, 2.026597], [73.542979, 2.022162], [73.540294, 2.022528], [73.542247, 2.024563]]], [[[73.386974, 2.033026], [73.386974, 2.028632], [73.386241, 2.030341], [73.386974, 2.033026]]], [[[73.555675, 2.082506], [73.551443, 2.072577], [73.551443, 2.072414], [73.550466, 2.075873], [73.55128, 2.07807], [73.553233, 2.079901], [73.555675, 2.082506]]], [[[73.580414, 2.10578], [73.567719, 2.097805], [73.561778, 2.094713], [73.561778, 2.098782], [73.562999, 2.102362], [73.567638, 2.109931], [73.585378, 2.109605], [73.583507, 2.10814], [73.580414, 2.10578]]], [[[73.367035, 2.398017], [73.362641, 2.385118], [73.362559, 2.384914], [73.353852, 2.429023], [73.354259, 2.437201], [73.361339, 2.424709], [73.365326, 2.413886], [73.366222, 2.411526], [73.367035, 2.398017]]], [[[73.391856, 2.78148], [73.394379, 2.784329], [73.397472, 2.785305], [73.399262, 2.785712], [73.390636, 2.775377], [73.391856, 2.78148]]], [[[73.549083, 2.888739], [73.548595, 2.892727], [73.548757, 2.892605], [73.550141, 2.891343], [73.551036, 2.890611], [73.549083, 2.888129], [73.549083, 2.888739]]], [[[73.362804, 2.898383], [73.36085, 2.897569], [73.360688, 2.897528], [73.35727, 2.899807], [73.35727, 2.90119], [73.359141, 2.902289], [73.360362, 2.903876], [73.361013, 2.901516], [73.362315, 2.899726], [73.362804, 2.898383]]], [[[73.562022, 2.946112], [73.56129, 2.948472], [73.561778, 2.950385], [73.56422, 2.954739], [73.56422, 2.954617], [73.562022, 2.946112]]], [[[73.584158, 2.961249], [73.585948, 2.961615], [73.585867, 2.961534], [73.577485, 2.951158], [73.578461, 2.957343], [73.581309, 2.96015], [73.584158, 2.961249]]], [[[73.613048, 3.106757], [73.612559, 3.102973], [73.608409, 3.100409], [73.613048, 3.106757]]], [[[73.519135, 3.356594], [73.519216, 3.356391], [73.516368, 3.361233], [73.516531, 3.36107], [73.517426, 3.360297], [73.518809, 3.359117], [73.518891, 3.358873], [73.519135, 3.356594]]], [[[73.751231, 3.44713], [73.748546, 3.448188], [73.748383, 3.448635], [73.747569, 3.451117], [73.747732, 3.450995], [73.753103, 3.446438], [73.753184, 3.446357], [73.751231, 3.44713]]], [[[73.508556, 3.496487], [73.506196, 3.497626], [73.506114, 3.497707], [73.50587, 3.501207], [73.508474, 3.496568], [73.508556, 3.496487]]], [[[73.431488, 3.843695], [73.432465, 3.846829], [73.43393, 3.847398], [73.43572, 3.846829], [73.437266, 3.846625], [73.435232, 3.844916], [73.433442, 3.842719], [73.432302, 3.841702], [73.431488, 3.843695]]], [[[73.443451, 3.920478], [73.443044, 3.918769], [73.438487, 3.916612], [73.438162, 3.916449], [73.443533, 3.920559], [73.443451, 3.920478]]], [[[73.477306, 3.942125], [73.477143, 3.942003], [73.469981, 3.935126], [73.46754, 3.933661], [73.469249, 3.936957], [73.471528, 3.938707], [73.477306, 3.942125]]], [[[73.508149, 4.103583], [73.508311, 4.093329], [73.504568, 4.096584], [73.502452, 4.098538], [73.502289, 4.100775], [73.505219, 4.101996], [73.508149, 4.103583]]], [[[73.422537, 4.118191], [73.421397, 4.11636], [73.419119, 4.115749], [73.418956, 4.115709], [73.422618, 4.118354], [73.422537, 4.118191]]], [[[73.512015, 4.186301], [73.520533, 4.191123], [73.52614, 4.207827], [73.533271, 4.231004], [73.546197, 4.243039], [73.552883, 4.236799], [73.551992, 4.22833], [73.549317, 4.212284], [73.538174, 4.183312], [73.526585, 4.171278], [73.510891, 4.162087], [73.486916, 4.164146], [73.476665, 4.168603], [73.431201, 4.184649], [73.432093, 4.189998], [73.512015, 4.186301]]], [[[73.595714, 4.34219], [73.592459, 4.340155], [73.589366, 4.340562], [73.589122, 4.340562], [73.595876, 4.342271], [73.595714, 4.34219]]], [[[73.61199, 4.358059], [73.611827, 4.356513], [73.609548, 4.355618], [73.607677, 4.3581], [73.608246, 4.359442], [73.609874, 4.360826], [73.611501, 4.363105], [73.611501, 4.362942], [73.611339, 4.360297], [73.61199, 4.358059]]], [[[73.63795, 4.370551], [73.637869, 4.370429], [73.637055, 4.368069], [73.637462, 4.365627], [73.637462, 4.365465], [73.637055, 4.363959], [73.635753, 4.364244], [73.6338, 4.364651], [73.633637, 4.364691], [73.631684, 4.368476], [73.632986, 4.369534], [73.635427, 4.369574], [73.63795, 4.370551]]], [[[73.668305, 4.386868], [73.666189, 4.385932], [73.664317, 4.388332], [73.664887, 4.389797], [73.666515, 4.391303], [73.667979, 4.3935], [73.667817, 4.390692], [73.668468, 4.388495], [73.668305, 4.386868]]], [[[73.70281, 4.434719], [73.700857, 4.432278], [73.697602, 4.431464], [73.697439, 4.431383], [73.70281, 4.434719]]], [[[73.70281, 4.45303], [73.702647, 4.452908], [73.69988, 4.449164], [73.699962, 4.451646], [73.70281, 4.45303]]], [[[73.377289, 4.465277], [73.373871, 4.466986], [73.373871, 4.468899], [73.375255, 4.471177], [73.37672, 4.474433], [73.377289, 4.465277]]], [[[73.553477, 4.617662], [73.554047, 4.615465], [73.553884, 4.613918], [73.551606, 4.612982], [73.550955, 4.613837], [73.549815, 4.615383], [73.550466, 4.616848], [73.552013, 4.618232], [73.553559, 4.62051], [73.553559, 4.620266], [73.553477, 4.617662]]], [[[73.405528, 4.62995], [73.405284, 4.628404], [73.403005, 4.627427], [73.401215, 4.629828], [73.401866, 4.631334], [73.403575, 4.632758], [73.404959, 4.634996], [73.404959, 4.634752], [73.404959, 4.632229], [73.405528, 4.62995]]], [[[73.490977, 4.718329], [73.490733, 4.716742], [73.488455, 4.715969], [73.487966, 4.716539], [73.486664, 4.718207], [73.487315, 4.719794], [73.489024, 4.721177], [73.490489, 4.723334], [73.490408, 4.720608], [73.490977, 4.718329]]], [[[73.438975, 4.974555], [73.441173, 4.974921], [73.443858, 4.973049], [73.447276, 4.97134], [73.436534, 4.969875], [73.438975, 4.974555]]], [[[73.499766, 5.246894], [73.499685, 5.246812], [73.497244, 5.245022], [73.493826, 5.245998], [73.499766, 5.246894]]], [[[73.57016, 5.276679], [73.569998, 5.27676], [73.575938, 5.279934], [73.582042, 5.281806], [73.587901, 5.28262], [73.593598, 5.282701], [73.582856, 5.27558], [73.577647, 5.274563], [73.57016, 5.276679]]], [[[73.464203, 5.30683], [73.467052, 5.308336], [73.468435, 5.308092], [73.470144, 5.307725], [73.464366, 5.306871], [73.464203, 5.30683]]], [[[73.629568, 5.332831], [73.629405, 5.33275], [73.627208, 5.331122], [73.623302, 5.331855], [73.629568, 5.332831]]], [[[73.646495, 5.343248], [73.640066, 5.34219], [73.639903, 5.34219], [73.643403, 5.34394], [73.646658, 5.343248], [73.646495, 5.343248]]], [[[73.400645, 5.357652], [73.401215, 5.356147], [73.399425, 5.355455], [73.396169, 5.357123], [73.396007, 5.358466], [73.397146, 5.360175], [73.397472, 5.362209], [73.397553, 5.362006], [73.398692, 5.359605], [73.400645, 5.357652]]], [[[73.632498, 5.386054], [73.627778, 5.413275], [73.629568, 5.418524], [73.634532, 5.410956], [73.636729, 5.402899], [73.635916, 5.394477], [73.632498, 5.386257], [73.632498, 5.386054]]], [[[73.531261, 5.450426], [73.537446, 5.451402], [73.534923, 5.449856], [73.531261, 5.450426]]], [[[73.363129, 5.459377], [73.360932, 5.457953], [73.360688, 5.457831], [73.362966, 5.46308], [73.362966, 5.462795], [73.363129, 5.459377]]], [[[73.462413, 5.543606], [73.459321, 5.541734], [73.456472, 5.542629], [73.456309, 5.54267], [73.462413, 5.543606]]], [[[73.379812, 5.715074], [73.379568, 5.715155], [73.382579, 5.722113], [73.392833, 5.737698], [73.392426, 5.736802], [73.380707, 5.714586], [73.380626, 5.714748], [73.379812, 5.715074]]], [[[73.38266, 5.791693], [73.384288, 5.789252], [73.384532, 5.786933], [73.380707, 5.784125], [73.376801, 5.78734], [73.377696, 5.789537], [73.380219, 5.791693], [73.382335, 5.794989], [73.382335, 5.794745], [73.38266, 5.791693]]], [[[73.446544, 5.841498], [73.449799, 5.840725], [73.433767, 5.830878], [73.433442, 5.830715], [73.438975, 5.838284], [73.443126, 5.841254], [73.446544, 5.841498]]], [[[73.428477, 5.906195], [73.428477, 5.904446], [73.42628, 5.903266], [73.423188, 5.906887], [73.424083, 5.908433], [73.426606, 5.909491], [73.429047, 5.911363], [73.429047, 5.9112], [73.428477, 5.908596], [73.428477, 5.906195]]], [[[73.389822, 5.970282], [73.395333, 5.957802], [73.386729, 5.961982], [73.384532, 5.964748], [73.389822, 5.970282]]], [[[81.750255, 7.698635], [81.759288, 7.685289], [81.761485, 7.679511], [81.770763, 7.65469], [81.795095, 7.616278], [81.806326, 7.598578], [81.823253, 7.511298], [81.822602, 7.49136], [81.807791, 7.479193], [81.793712, 7.49022], [81.789399, 7.494737], [81.787364, 7.496812], [81.786713, 7.501776], [81.785981, 7.506741], [81.786143, 7.508775], [81.790294, 7.571723], [81.787364, 7.593451], [81.776378, 7.602729], [81.772227, 7.61164], [81.73878, 7.660468], [81.737071, 7.670966], [81.733165, 7.679104], [81.728363, 7.689114], [81.725108, 7.69892], [81.725597, 7.709296], [81.728689, 7.718492], [81.729991, 7.728217], [81.725108, 7.739814], [81.725108, 7.739936], [81.737966, 7.727484], [81.750255, 7.698635]]], [[[81.78891, 6.677802], [81.779796, 6.663642], [81.786632, 6.639268], [81.775645, 6.610419], [81.681488, 6.462144], [81.650076, 6.430854], [81.592052, 6.389879], [81.57309, 6.384223], [81.547699, 6.370673], [81.362071, 6.225409], [81.324962, 6.20539], [81.204356, 6.162746], [81.202729, 6.177191], [81.202647, 6.178046], [81.195486, 6.183661], [81.195323, 6.183621], [81.193696, 6.183214], [81.187673, 6.181586], [81.183849, 6.17357], [81.181895, 6.156724], [81.176443, 6.150377], [81.167654, 6.148017], [81.156016, 6.14289], [81.134288, 6.129828], [81.112559, 6.120307], [81.008474, 6.098049], [80.958018, 6.080797], [80.90268, 6.070787], [80.877452, 6.061103], [80.862315, 6.039862], [80.835216, 6.045152], [80.818533, 6.038764], [80.809093, 6.035102], [80.7706, 6.006741], [80.732107, 5.97842], [80.714366, 5.957913], [80.67335, 5.960354], [80.656261, 5.957913], [80.642914, 5.952867], [80.629161, 5.945054], [80.604828, 5.926907], [80.59783, 5.925279], [80.590831, 5.923733], [80.574229, 5.930121], [80.556651, 5.939154], [80.54656, 5.942206], [80.539561, 5.944281], [80.4817, 5.937445], [80.46518, 5.94066], [80.456798, 5.94892], [80.451427, 5.959784], [80.447195, 5.966132], [80.444021, 5.970933], [80.427094, 5.961086], [80.411957, 5.959947], [80.38502, 5.963813], [80.378591, 5.964748], [80.37379, 5.966864], [80.370453, 5.971584], [80.366222, 5.976264], [80.358409, 5.97842], [80.35377, 5.976793], [80.350108, 5.973538], [80.346202, 5.970771], [80.340994, 5.970933], [80.339203, 5.972398], [80.337576, 5.973822], [80.331228, 5.982815], [80.328136, 5.984687], [80.327322, 5.985256], [80.320242, 5.987738], [80.277517, 6.002997], [80.26002, 6.006578], [80.247569, 6.009182], [80.225841, 6.026557], [80.220958, 6.028917], [80.211355, 6.033555], [80.211192, 6.033637], [80.203868, 6.02619], [80.185232, 6.041164], [80.10377, 6.127143], [80.097016, 6.132392], [80.096283, 6.133328], [80.094005, 6.136054], [80.092784, 6.140286], [80.09311, 6.148749], [80.090587, 6.153144], [80.087169, 6.157579], [80.078136, 6.169338], [80.031993, 6.266343], [80.03004, 6.275702], [80.030284, 6.284003], [80.030528, 6.292385], [80.028819, 6.297431], [80.020518, 6.314643], [80.012055, 6.361314], [79.993663, 6.39411], [79.982107, 6.441026], [79.977875, 6.458197], [79.975759, 6.459866], [79.971446, 6.46247], [79.96697, 6.466376], [79.964203, 6.471869], [79.965343, 6.477729], [79.970225, 6.479153], [79.975352, 6.478583], [79.977875, 6.478705], [79.970225, 6.531155], [79.969574, 6.535346], [79.948741, 6.588568], [79.863048, 6.807196], [79.849457, 6.882717], [79.848155, 6.890204], [79.848155, 6.962144], [79.849294, 6.964952], [79.859223, 6.988674], [79.861827, 7.000067], [79.861583, 7.011664], [79.861583, 7.011868], [79.813731, 7.180732], [79.820323, 7.205512], [79.819998, 7.190253], [79.823741, 7.18065], [79.829112, 7.173245], [79.833832, 7.164496], [79.843435, 7.131008], [79.848155, 7.122952], [79.85434, 7.122952], [79.855805, 7.132514], [79.858653, 7.136542], [79.861176, 7.137193], [79.861827, 7.136664], [79.861583, 7.167222], [79.861583, 7.167426], [79.859386, 7.180813], [79.85434, 7.19184], [79.84962, 7.195054], [79.836436, 7.197903], [79.830577, 7.201809], [79.829926, 7.203192], [79.826345, 7.210395], [79.827973, 7.218329], [79.831798, 7.225735], [79.833832, 7.232815], [79.784679, 7.589789], [79.778575, 7.602729], [79.782725, 7.607123], [79.785818, 7.607571], [79.792979, 7.602729], [79.794607, 7.620022], [79.799571, 7.640082], [79.800792, 7.649685], [79.802013, 7.659329], [79.796397, 7.674384], [79.788829, 7.688178], [79.787364, 7.697333], [79.785899, 7.706488], [79.785981, 7.743354], [79.76295, 7.855455], [79.760265, 7.868394], [79.748383, 7.893012], [79.738292, 7.944729], [79.721934, 7.985541], [79.696788, 8.098293], [79.696788, 8.130316], [79.700857, 8.128485], [79.701101, 8.128201], [79.701427, 8.127916], [79.701427, 8.126899], [79.703624, 8.123481], [79.707205, 8.142076], [79.701915, 8.201158], [79.696788, 8.219062], [79.713227, 8.229804], [79.72877, 8.249701], [79.740001, 8.272366], [79.744477, 8.291409], [79.749034, 8.30386], [79.778575, 8.350043], [79.77825, 8.34927], [79.763357, 8.314399], [79.744477, 8.281155], [79.748627, 8.273057], [79.749685, 8.271064], [79.757091, 8.263739], [79.766775, 8.259914], [79.778575, 8.259996], [79.768891, 8.232815], [79.7588, 8.212877], [79.754405, 8.209418], [79.749766, 8.20893], [79.746104, 8.206122], [79.744477, 8.195502], [79.745372, 8.171861], [79.744477, 8.164496], [79.72755, 8.110907], [79.728201, 8.100979], [79.729503, 8.081122], [79.747, 8.060492], [79.751964, 8.054633], [79.731944, 8.013129], [79.763845, 7.990139], [79.810232, 7.986518], [79.833832, 8.003079], [79.829356, 8.020901], [79.821788, 8.034857], [79.818858, 8.040188], [79.815278, 8.044582], [79.806407, 8.05565], [79.796397, 8.061998], [79.793468, 8.072821], [79.827159, 8.136542], [79.825857, 8.148098], [79.821544, 8.156643], [79.81658, 8.163804], [79.813487, 8.171291], [79.812673, 8.183336], [79.813813, 8.204088], [79.813487, 8.212633], [79.813487, 8.212877], [79.812918, 8.214504], [79.810232, 8.221625], [79.808604, 8.22309], [79.806651, 8.224921], [79.804698, 8.22899], [79.806651, 8.24018], [79.811371, 8.249661], [79.824474, 8.266669], [79.827159, 8.277737], [79.829275, 8.298651], [79.838634, 8.340522], [79.848155, 8.438178], [79.854259, 8.449286], [79.86085, 8.454779], [79.865896, 8.461412], [79.868012, 8.47602], [79.868012, 8.517646], [79.87379, 8.538072], [79.88738, 8.551215], [79.903494, 8.562079], [79.916515, 8.575995], [79.918142, 8.580919], [79.928071, 8.611518], [79.929454, 8.61282], [79.930186, 8.613511], [79.932384, 8.622463], [79.941661, 8.642483], [79.950531, 8.739814], [79.926443, 8.801907], [79.928396, 8.81269], [79.930186, 8.88349], [79.930186, 8.884426], [79.927745, 8.908108], [79.924815, 8.919745], [79.919607, 8.928534], [79.915538, 8.938544], [79.924815, 8.943508], [79.938243, 8.94599], [79.947113, 8.948676], [80.005138, 9.000556], [80.035411, 9.015326], [80.048025, 9.026272], [80.054698, 9.050605], [80.066661, 9.075629], [80.073497, 9.110419], [80.105642, 9.192857], [80.106781, 9.197414], [80.109793, 9.209459], [80.115977, 9.233832], [80.115977, 9.291938], [80.118175, 9.300442], [80.116222, 9.30622], [80.104503, 9.308417], [80.076915, 9.322659], [80.066173, 9.332587], [80.059418, 9.351386], [80.058279, 9.354804], [80.053477, 9.378241], [80.052989, 9.391547], [80.064952, 9.404039], [80.087087, 9.414984], [80.111664, 9.422756], [80.131847, 9.425727], [80.14088, 9.430325], [80.162852, 9.459215], [80.165375, 9.461086], [80.1692, 9.464016], [80.176524, 9.468329], [80.185557, 9.471666], [80.197032, 9.473456], [80.187511, 9.490871], [80.181814, 9.498521], [80.176036, 9.506171], [80.161306, 9.520575], [80.141856, 9.53498], [80.067882, 9.57803], [80.052989, 9.596381], [80.085216, 9.595364], [80.115733, 9.583238], [80.175955, 9.54857], [80.233409, 9.534247], [80.248546, 9.524644], [80.272227, 9.504136], [80.278087, 9.493313], [80.26588, 9.487128], [80.268565, 9.480292], [80.272146, 9.473456], [80.26588, 9.466702], [80.286876, 9.452704], [80.336274, 9.464667], [80.426606, 9.50019], [80.450938, 9.49787], [80.504242, 9.483303], [80.567149, 9.455227], [80.614594, 9.446194], [80.614757, 9.446194], [80.546723, 9.492418], [80.523285, 9.50316], [80.502452, 9.507636], [80.49936, 9.50906], [80.496349, 9.510484], [80.478282, 9.524075], [80.471446, 9.528062], [80.46461, 9.52912], [80.456391, 9.528713], [80.444021, 9.528062], [80.436209, 9.525092], [80.435069, 9.523383], [80.432872, 9.519761], [80.428966, 9.517768], [80.415701, 9.527493], [80.410411, 9.528388], [80.37794, 9.527533], [80.368663, 9.530219], [80.297537, 9.591254], [80.266938, 9.610826], [80.256033, 9.615587], [80.2046, 9.637885], [80.186046, 9.648505], [80.173595, 9.648668], [80.175955, 9.624335], [80.182872, 9.617174], [80.193614, 9.609076], [80.199962, 9.599189], [80.193614, 9.586412], [80.186046, 9.584133], [80.178722, 9.588039], [80.172048, 9.593573], [80.152843, 9.603461], [80.115489, 9.635728], [80.094005, 9.644843], [80.094086, 9.644761], [80.104991, 9.63288], [80.124685, 9.616034], [80.13559, 9.603827], [80.111339, 9.608466], [80.087413, 9.618354], [80.039317, 9.644843], [80.000987, 9.674709], [79.978201, 9.682685], [79.975922, 9.684068], [79.967296, 9.689602], [79.959239, 9.692816], [79.958018, 9.685736], [79.947032, 9.693183], [79.942882, 9.702826], [79.940929, 9.714342], [79.937022, 9.727362], [79.930431, 9.738471], [79.926524, 9.743516], [79.91627, 9.756781], [79.909679, 9.768297], [79.931326, 9.779039], [79.970714, 9.815131], [79.988455, 9.822943], [80.066661, 9.816107], [80.107432, 9.820624], [80.122325, 9.818915], [80.128184, 9.805569], [80.127208, 9.784613], [80.130138, 9.77733], [80.138682, 9.774563], [80.146983, 9.773383], [80.170909, 9.767279], [80.175955, 9.764594], [80.180431, 9.755805], [80.191173, 9.756171], [80.199636, 9.758734], [80.202891, 9.759711], [80.207774, 9.760403], [80.211192, 9.760891], [80.219005, 9.756374], [80.222341, 9.754462], [80.250336, 9.72427], [80.338552, 9.629218], [80.36964, 9.609849], [80.441742, 9.57689], [80.444021, 9.575914], [80.444021, 9.583319], [80.407725, 9.601508], [80.319835, 9.672756], [80.247813, 9.755072], [80.211192, 9.774522], [80.153819, 9.787991], [80.138682, 9.798733], [80.136729, 9.81391], [80.157725, 9.822943], [80.164561, 9.824083], [80.185395, 9.827541], [80.226817, 9.829576], [80.246755, 9.825873], [80.26059, 9.81623], [80.269786, 9.783515], [80.278982, 9.769843], [80.409923, 9.617499], [80.42921, 9.603461], [80.468272, 9.581366], [80.744395, 9.359687], [80.745453, 9.357896], [80.752452, 9.346259], [80.763682, 9.332424], [80.785167, 9.312405], [80.798839, 9.294867], [80.786632, 9.28852], [80.779796, 9.291571], [80.778982, 9.291938], [80.778819, 9.291978], [80.768321, 9.305406], [80.762543, 9.308336], [80.762462, 9.308417], [80.744395, 9.311347], [80.736501, 9.308987], [80.740408, 9.301011], [80.74171, 9.298489], [80.79363, 9.250556], [80.813894, 9.239529], [80.805919, 9.251899], [80.801036, 9.26321], [80.803559, 9.271633], [80.817393, 9.274848], [80.823904, 9.270494], [80.834483, 9.239488], [80.844168, 9.220404], [80.882172, 9.145209], [80.874522, 9.147976], [80.853363, 9.155748], [80.840099, 9.155992], [80.834483, 9.14175], [80.842296, 9.138129], [80.858572, 9.135484], [80.873057, 9.126451], [80.87322, 9.12523], [80.875336, 9.103583], [80.875499, 9.103583], [80.882172, 9.103583], [80.885509, 9.10932], [80.88852, 9.111802], [80.891938, 9.11343], [80.896495, 9.116604], [80.901622, 9.096666], [80.902192, 9.094184], [80.916352, 9.062161], [80.935313, 9.033433], [80.9546, 9.020982], [80.956065, 9.019802], [80.958344, 9.01789], [80.958263, 9.010891], [80.953624, 9.003852], [80.944347, 9.000556], [80.941661, 9.003485], [80.930675, 9.020982], [80.918712, 9.027248], [80.891287, 9.034247], [80.875336, 9.04149], [80.88266, 9.031399], [80.886729, 9.025784], [80.922862, 8.992255], [80.923188, 8.973212], [80.935069, 8.964911], [80.934988, 8.96483], [80.924327, 8.955024], [80.914887, 8.943915], [80.930675, 8.931627], [80.947602, 8.932929], [80.961436, 8.945746], [80.97169, 8.963568], [80.978363, 8.980048], [80.978526, 8.979967], [81.014659, 8.936713], [81.046723, 8.882148], [81.059825, 8.868638], [81.078136, 8.863349], [81.092784, 8.85163], [81.114268, 8.799994], [81.119721, 8.794338], [81.125499, 8.788275], [81.150157, 8.777167], [81.162446, 8.751166], [81.176524, 8.698879], [81.179047, 8.708482], [81.182302, 8.712226], [81.187755, 8.711005], [81.19752, 8.705715], [81.194591, 8.696112], [81.222423, 8.666002], [81.2317, 8.651068], [81.231619, 8.633043], [81.224294, 8.6258], [81.213878, 8.621039], [81.204356, 8.610093], [81.204519, 8.610175], [81.211762, 8.612006], [81.219249, 8.613918], [81.221121, 8.614936], [81.224864, 8.616929], [81.224946, 8.616848], [81.246593, 8.570136], [81.249766, 8.545803], [81.224864, 8.541815], [81.229991, 8.557929], [81.223318, 8.570828], [81.21225, 8.572699], [81.204356, 8.555487], [81.207042, 8.542141], [81.214122, 8.53266], [81.218028, 8.522528], [81.210623, 8.507107], [81.204763, 8.511542], [81.193858, 8.519965], [81.176524, 8.530585], [81.159028, 8.534573], [81.142345, 8.527574], [81.129405, 8.510321], [81.133962, 8.501288], [81.149425, 8.503648], [81.170258, 8.520697], [81.184581, 8.505601], [81.19752, 8.487494], [81.213145, 8.472398], [81.235118, 8.466132], [81.281098, 8.467027], [81.296641, 8.476793], [81.286388, 8.50023], [81.312673, 8.512152], [81.32309, 8.515326], [81.334158, 8.514553], [81.334239, 8.514472], [81.346365, 8.507554], [81.357432, 8.495836], [81.365733, 8.482164], [81.372813, 8.442125], [81.388438, 8.390611], [81.388927, 8.377183], [81.389415, 8.363715], [81.37672, 8.372545], [81.363455, 8.399075], [81.351817, 8.40469], [81.35141, 8.397447], [81.356212, 8.364976], [81.356619, 8.362494], [81.362071, 8.350043], [81.368744, 8.34691], [81.374848, 8.344062], [81.375011, 8.344062], [81.38852, 8.344062], [81.399262, 8.33926], [81.40561, 8.301011], [81.413259, 8.274482], [81.414561, 8.270087], [81.416677, 8.25377], [81.41977, 8.243394], [81.440603, 8.173529], [81.448497, 8.127997], [81.430349, 8.103135], [81.430349, 8.103013], [81.420258, 8.144232], [81.418793, 8.150051], [81.403575, 8.191799], [81.396251, 8.191799], [81.39503, 8.160102], [81.396251, 8.150133], [81.395518, 8.150458], [81.394786, 8.14761], [81.394786, 8.142564], [81.396251, 8.136542], [81.399587, 8.132636], [81.408051, 8.130072], [81.409841, 8.126899], [81.417979, 8.105943], [81.435557, 8.093166], [81.452403, 8.09455], [81.458263, 8.116034], [81.464366, 8.116034], [81.470714, 8.10456], [81.472423, 8.101467], [81.480642, 8.065375], [81.489024, 8.0515], [81.500173, 8.039374], [81.507335, 8.027574], [81.519705, 7.999335], [81.524587, 8.004218], [81.531016, 8.009019], [81.533946, 8.013617], [81.538341, 8.004299], [81.533946, 7.999335], [81.536143, 7.995754], [81.538097, 7.993394], [81.538422, 7.992784], [81.539561, 7.99079], [81.540212, 7.986314], [81.540294, 7.986396], [81.545258, 7.990465], [81.555512, 7.995347], [81.56072, 7.999254], [81.56308, 7.993638], [81.565929, 7.986802], [81.563813, 7.978705], [81.560313, 7.970649], [81.560476, 7.964423], [81.56072, 7.958401], [81.567719, 7.944973], [81.580089, 7.935574], [81.588145, 7.929429], [81.59547, 7.917426], [81.590831, 7.917141], [81.588471, 7.915554], [81.58546, 7.91352], [81.583588, 7.91234], [81.581716, 7.9112], [81.578787, 7.900295], [81.575857, 7.88939], [81.587576, 7.855292], [81.593923, 7.848049], [81.608246, 7.831692], [81.608409, 7.831692], [81.629568, 7.835517], [81.636404, 7.835517], [81.643321, 7.814643], [81.651215, 7.801744], [81.653656, 7.797756], [81.696788, 7.752997], [81.710704, 7.731147], [81.713145, 7.711819], [81.690929, 7.705146], [81.680675, 7.712063], [81.656098, 7.743109], [81.64324, 7.754136], [81.626638, 7.760199], [81.626475, 7.760199], [81.624766, 7.760037], [81.612966, 7.759019], [81.60255, 7.74844], [81.59547, 7.726264], [81.607432, 7.720852], [81.618988, 7.719224], [81.628917, 7.722886], [81.636404, 7.7331], [81.648204, 7.728705], [81.659028, 7.723334], [81.662771, 7.71894], [81.665294, 7.715847], [81.663748, 7.705146], [81.677013, 7.692816], [81.690278, 7.680487], [81.700694, 7.668606], [81.711518, 7.650499], [81.706391, 7.644599], [81.705089, 7.638861], [81.706798, 7.631985], [81.711599, 7.622545], [81.717784, 7.630072], [81.714041, 7.643663], [81.725841, 7.639594], [81.749034, 7.622545], [81.754568, 7.614569], [81.77296, 7.567979], [81.771821, 7.565985], [81.766124, 7.540676], [81.766938, 7.537909], [81.7671, 7.537502], [81.771821, 7.527818], [81.77296, 7.523912], [81.769054, 7.517035], [81.761892, 7.511542], [81.757579, 7.505439], [81.762706, 7.496568], [81.767589, 7.49018], [81.769298, 7.485175], [81.769542, 7.484524], [81.772472, 7.478827], [81.779796, 7.472357], [81.769054, 7.464626], [81.77003, 7.460842], [81.771007, 7.456977], [81.779063, 7.455308], [81.78712, 7.465562], [81.793305, 7.465562], [81.801036, 7.425198], [81.800792, 7.410346], [81.800955, 7.410346], [81.807791, 7.410346], [81.807791, 7.410712], [81.808604, 7.424709], [81.811046, 7.438544], [81.815278, 7.450344], [81.821462, 7.458726], [81.821462, 7.465562], [81.820893, 7.467108], [81.818696, 7.473375], [81.820486, 7.476508], [81.82602, 7.474189], [81.834972, 7.465562], [81.838064, 7.457668], [81.840343, 7.436469], [81.855724, 7.412177], [81.880707, 7.327094], [81.875987, 7.091946], [81.878429, 7.076117], [81.888682, 7.040758], [81.89031, 7.019924], [81.884613, 6.98017], [81.838552, 6.821438], [81.835948, 6.80508], [81.834972, 6.783433], [81.831554, 6.765367], [81.817149, 6.737494], [81.813975, 6.725043], [81.808279, 6.707953], [81.78891, 6.677802]]], [[[79.907237, 8.935696], [79.910899, 8.95303], [79.915863, 8.946845], [79.907237, 8.935696]]], [[[79.871267, 9.03856], [79.85434, 9.04149], [79.8803, 9.012193], [79.900727, 8.989081], [79.909679, 8.973212], [79.885753, 8.976223], [79.870128, 8.988186], [79.859386, 9.001207], [79.851329, 9.007392], [79.840994, 9.0126], [79.799815, 9.048977], [79.779389, 9.05801], [79.758962, 9.067043], [79.743988, 9.071072], [79.736013, 9.073228], [79.714122, 9.075629], [79.702973, 9.079983], [79.698009, 9.089586], [79.701182, 9.099189], [79.714122, 9.103583], [79.7588, 9.103583], [79.778575, 9.098538], [79.799001, 9.093329], [79.841645, 9.077216], [79.882335, 9.053778], [79.916433, 9.021023], [79.900076, 9.0244], [79.871267, 9.03856]]], [[[79.641124, 9.067694], [79.631196, 9.067084], [79.643647, 9.074856], [79.66155, 9.07392], [79.664724, 9.070217], [79.651378, 9.070217], [79.644216, 9.070217], [79.641124, 9.067694]]], [[[79.553315, 9.084459], [79.551443, 9.093126], [79.553966, 9.090969], [79.55421, 9.085395], [79.553315, 9.084459]]], [[[79.083018, 9.191026], [79.074392, 9.19481], [79.066905, 9.198513], [79.061371, 9.196072], [79.058604, 9.200629], [79.063813, 9.204861], [79.0713, 9.200426], [79.077566, 9.199083], [79.088145, 9.194322], [79.083018, 9.191026]]], [[[79.991303, 9.288275], [79.985118, 9.281033], [79.980072, 9.277655], [79.971609, 9.292873], [79.97755, 9.296291], [79.98349, 9.304755], [79.990001, 9.299709], [79.992686, 9.295071], [79.991303, 9.288275]]], [[[79.714122, 9.528062], [79.719249, 9.524359], [79.730805, 9.50019], [79.72283, 9.492621], [79.714692, 9.485053], [79.689464, 9.483588], [79.666026, 9.491278], [79.655772, 9.503892], [79.655772, 9.544867], [79.658702, 9.555365], [79.665294, 9.554023], [79.67213, 9.5456], [79.67628, 9.53498], [79.693533, 9.529608], [79.714122, 9.528062]]], [[[79.819672, 9.617458], [79.826834, 9.59927], [79.833995, 9.593166], [79.842133, 9.59394], [79.846365, 9.597317], [79.840668, 9.607408], [79.841075, 9.613023], [79.849539, 9.612942], [79.859548, 9.605496], [79.863455, 9.591783], [79.860769, 9.57095], [79.857677, 9.565985], [79.848643, 9.564724], [79.815847, 9.571194], [79.809418, 9.580146], [79.81072, 9.61754], [79.814464, 9.622789], [79.819672, 9.617458]]], [[[79.888438, 9.723619], [79.888845, 9.709906], [79.89031, 9.698961], [79.890391, 9.69831], [79.891287, 9.696112], [79.894705, 9.688178], [79.899262, 9.68301], [79.902843, 9.678941], [79.907074, 9.677883], [79.926443, 9.678941], [79.929698, 9.675971], [79.931163, 9.660956], [79.933604, 9.654731], [79.944998, 9.64761], [79.96046, 9.641059], [79.973399, 9.633775], [79.974457, 9.631496], [79.977875, 9.624335], [79.970958, 9.617255], [79.957774, 9.617174], [79.943614, 9.621527], [79.933604, 9.627753], [79.926524, 9.629462], [79.908539, 9.618964], [79.895844, 9.617499], [79.880382, 9.628607], [79.864919, 9.651516], [79.840668, 9.699408], [79.851736, 9.716539], [79.854259, 9.738471], [79.860525, 9.756252], [79.882335, 9.760891], [79.893891, 9.757432], [79.894054, 9.757392], [79.89503, 9.748969], [79.891124, 9.737209], [79.888438, 9.723619]]], [[[73.643891, 10.09455], [73.643972, 10.094468], [73.645193, 10.09219], [73.646332, 10.084703], [73.644054, 10.076972], [73.640961, 10.069322], [73.64024350320925, 10.068081167736416], [73.649, 10.071], [73.65, 10.062], [73.642, 10.055], [73.63809655802447, 10.06436826074125], [73.637055, 10.062567], [73.632579, 10.057278], [73.631684, 10.067816], [73.633311, 10.077867], [73.637462, 10.087063], [73.643891, 10.09455]]], [[[73.66033, 10.142524], [73.659353, 10.13996], [73.657888, 10.139065], [73.654633, 10.141506], [73.65561, 10.144761], [73.657481, 10.145087], [73.659679, 10.144355], [73.662283, 10.144599], [73.662201, 10.144517], [73.66033, 10.142524]]], [[[73.662, 10.816], [73.676, 10.816], [73.698, 10.816], [73.7, 10.81], [73.672, 10.802], [73.66, 10.809], [73.662, 10.816]]], [[[73.671397, 10.829739], [73.681244, 10.82807], [73.684418, 10.827541], [73.67628, 10.824368], [73.672862, 10.824693], [73.671886, 10.827094], [73.671397, 10.829739]]], [[[88.832, 21.597], [88.83676060787171, 21.598098601816552], [88.841319, 21.614], [88.872895, 21.595526], [88.88852, 21.589545], [88.902029, 21.580268], [88.911306, 21.566881], [88.91391, 21.548407], [88.90797, 21.530707], [88.895763, 21.528469], [88.879731, 21.529975], [88.862478, 21.523586], [88.838715, 21.531928], [88.830821, 21.577379], [88.83106077051904, 21.578215410380825], [88.832, 21.597]]], [[[88.188, 21.568], [88.176, 21.573], [88.17, 21.591], [88.18, 21.599], [88.193, 21.574], [88.188, 21.568]]], [[[88.11, 21.623], [88.087, 21.63], [88.073, 21.631], [88.052, 21.64], [88.042, 21.65], [88.039, 21.665], [88.0437333716475, 21.67920011494252], [88.043956, 21.680854], [88.050548, 21.70539], [88.05774389762577, 21.724218132045653], [88.06, 21.736], [88.06265225857706, 21.737060903430823], [88.090017, 21.808661], [88.119314, 21.859524], [88.12294643401101, 21.860892868022013], [88.125, 21.865], [88.14, 21.874], [88.14254318865927, 21.868277825516632], [88.146739, 21.869859], [88.1505362821123, 21.850293365247325], [88.156, 21.838], [88.174, 21.817], [88.17, 21.803], [88.169, 21.786], [88.172, 21.772], [88.17, 21.747], [88.172, 21.736], [88.167, 21.72], [88.16392190936287, 21.713843818725728], [88.163422, 21.705471], [88.1578995016028, 21.701799003205597], [88.155, 21.696], [88.157, 21.674], [88.155, 21.642], [88.146, 21.631], [88.134, 21.625], [88.11, 21.623]]], [[[89.044688, 21.907782], [89.045665, 21.91706], [89.057384, 21.91767], [89.061534, 21.914944], [89.064952, 21.910224], [89.067638, 21.904364], [89.071544, 21.890326], [89.081309, 21.822943], [89.092784, 21.793402], [89.115733, 21.781155], [89.139008, 21.766832], [89.144705, 21.739325], [89.132498, 21.721625], [89.102306, 21.736762], [89.051524, 21.793199], [89.051443, 21.797105], [89.057791, 21.80329], [89.06422, 21.822089], [89.063813, 21.841457], [89.053722, 21.874742], [89.051117, 21.890326], [89.044688, 21.907782]]], [[[88.650157, 21.927436], [88.663259, 21.921291], [88.670584, 21.907416], [88.667003, 21.890326], [88.655284, 21.866604], [88.64930837598412, 21.84285914369836], [88.649, 21.837], [88.6488746438162, 21.83649857526481], [88.646332, 21.787909], [88.64301689599351, 21.78947308781834], [88.643, 21.789], [88.628, 21.788], [88.61919459682197, 21.797783781308915], [88.61382771117057, 21.799393803038694], [88.614, 21.799], [88.591, 21.798], [88.577, 21.816], [88.577, 21.825], [88.586, 21.847], [88.58811449614598, 21.847], [88.598643, 21.869859], [88.616466, 21.897935], [88.636241, 21.921373], [88.650157, 21.927436]]], [[[88.104991, 21.861151], [88.080903, 21.849351], [88.072276, 21.856757], [88.071056, 21.873603], [88.073904, 21.892157], [88.077322, 21.904608], [88.084727, 21.921576], [88.094249, 21.937893], [88.105724, 21.947577], [88.118907, 21.945014], [88.132579, 21.920478], [88.125011, 21.888658], [88.104991, 21.861151]]], [[[90.32252, 21.916693], [90.332205, 21.938788], [90.354015, 21.976752], [90.37143, 21.994778], [90.394298, 22.00023], [90.390636, 21.978258], [90.365489, 21.938707], [90.341563, 21.860297], [90.332205, 21.849514], [90.322927, 21.843899], [90.318614, 21.846259], [90.318614, 21.892808], [90.32252, 21.916693]]], [[[90.521251, 21.861477], [90.503591, 21.862454], [90.503591, 21.869859], [90.510753, 21.871405], [90.523448, 21.875678], [90.531505, 21.876695], [90.52296, 21.888088], [90.517914, 21.893256], [90.510427, 21.897854], [90.516938, 21.904486], [90.516856, 21.912177], [90.515391, 21.921291], [90.517833, 21.931952], [90.521983, 21.938788], [90.526378, 21.94359], [90.593516, 21.986558], [90.593516, 21.966132], [90.597341, 21.96133], [90.600841, 21.954576], [90.606619, 21.938788], [90.590831, 21.935126], [90.580821, 21.912502], [90.57252, 21.91767], [90.565603, 21.91767], [90.55714, 21.897528], [90.540782, 21.875922], [90.521251, 21.861477]]], [[[88.049, 21.916], [88.05, 21.932], [88.059, 21.969], [88.08, 22.009], [88.096, 22.015], [88.126, 22.02], [88.133, 22.013], [88.125, 21.998], [88.086, 21.938], [88.07, 21.922], [88.049, 21.916]]], [[[90.411876, 21.97602], [90.414236, 21.997138], [90.411876, 22.028713], [90.415538, 22.038316], [90.428477, 22.048041], [90.435232, 22.041205], [90.473318, 22.003648], [90.486176, 21.976793], [90.476329, 21.945014], [90.454845, 21.933051], [90.431895, 21.907782], [90.415538, 21.900539], [90.402354, 21.906887], [90.394542, 21.921454], [90.394298, 21.938788], [90.39975, 21.952948], [90.406423, 21.963365], [90.411876, 21.97602]]], [[[90.33961, 21.972317], [90.345876, 21.993598], [90.358653, 22.022691], [90.373871, 22.045559], [90.387462, 22.048041], [90.381114, 22.023098], [90.352794, 21.992987], [90.345958, 21.972317], [90.33961, 21.972317]]], [[[90.581065, 22.148871], [90.592784, 22.15941], [90.604503, 22.165595], [90.613455, 22.164049], [90.593516, 22.102607], [90.593435, 22.112535], [90.591807, 22.119086], [90.586192, 22.130561], [90.574555, 22.096137], [90.568696, 22.058092], [90.559744, 22.023749], [90.538341, 22.00023], [90.519542, 21.994696], [90.509044, 21.999416], [90.504649, 22.010484], [90.503591, 22.024115], [90.508962, 22.033149], [90.544444, 22.061672], [90.538341, 22.068508], [90.495372, 22.044989], [90.489919, 22.03498], [90.483653, 22.03498], [90.485606, 22.058336], [90.49171, 22.080146], [90.503103, 22.09634], [90.520844, 22.102607], [90.533458, 22.110053], [90.560069, 22.137681], [90.57252, 22.137397], [90.581065, 22.148871]]], [[[90.510961, 22.722724], [90.49822, 22.733832], [90.496755, 22.74315], [90.492849, 22.753241], [90.482921, 22.759752], [90.45574, 22.767401], [90.464203, 22.778876], [90.465668, 22.788072], [90.462657, 22.815823], [90.463145, 22.834052], [90.466075, 22.851752], [90.473399, 22.865139], [90.486827, 22.870429], [90.521169, 22.864651], [90.537608, 22.866767], [90.544444, 22.880683], [90.552745, 22.881741], [90.592296, 22.881903], [90.606619, 22.877265], [90.62676, 22.857216], [90.645254, 22.849289], [90.66363, 22.828918], [90.678233, 22.808336], [90.662364, 22.805487], [90.628052, 22.812082], [90.590956, 22.813919], [90.561778, 22.788804], [90.54656, 22.783677], [90.531559, 22.769237], [90.529677, 22.744363], [90.534612, 22.728775], [90.520993, 22.711765], [90.510961, 22.722724]]], [[[90.515636, 23.051947], [90.500173, 23.038031], [90.477794, 23.012397], [90.469493, 23.007636], [90.460948, 23.048489], [90.45574, 23.062812], [90.494395, 23.062934], [90.502452, 23.064887], [90.510427, 23.069037], [90.5171, 23.059312], [90.515636, 23.051947]]], [[[90.586192, 23.301744], [90.549571, 23.326239], [90.529552, 23.333564], [90.524099, 23.322252], [90.506114, 23.314195], [90.487071, 23.319037], [90.468761, 23.33161], [90.437266, 23.361802], [90.426606, 23.375963], [90.429698, 23.385159], [90.45574, 23.384955], [90.491873, 23.373033], [90.539399, 23.350002], [90.577647, 23.323635], [90.586192, 23.301744]]], [[[97.316905, 0.832546], [97.333914, 0.835761], [97.339854, 0.823269], [97.341482, 0.81859], [97.340017, 0.806871], [97.317231, 0.821112], [97.316905, 0.832546]]], [[[97.100352, 2.111274], [97.120128, 2.113349], [97.1338, 2.107164], [97.142914, 2.092271], [97.148448, 2.074164], [97.151134, 2.058092], [97.144786, 2.051947], [97.123057, 2.039293], [97.120128, 2.034857], [97.124278, 2.021674], [97.115001, 2.014716], [97.102306, 2.016059], [97.069021, 2.087144], [97.07545, 2.086005], [97.08725, 2.096869], [97.09254, 2.105536], [97.100352, 2.111274]]], [[[96.644054, 2.127021], [96.65797, 2.121812], [96.668224, 2.11343], [96.671723, 2.101996], [96.665375, 2.087877], [96.643565, 2.074449], [96.622895, 2.070624], [96.60963, 2.080146], [96.609874, 2.106513], [96.613292, 2.119127], [96.618337, 2.126858], [96.627696, 2.129462], [96.644054, 2.127021]]], [[[97.296153, 2.069525], [97.287852, 2.08747], [97.278087, 2.103095], [97.233897, 2.147162], [97.226817, 2.158026], [97.207367, 2.175523], [97.102794, 2.212714], [97.109386, 2.22016], [97.125173, 2.225491], [97.167003, 2.2331], [97.171723, 2.2331], [97.178477, 2.230658], [97.182791, 2.22606], [97.19158, 2.20893], [97.208018, 2.207587], [97.220714, 2.214301], [97.232921, 2.223822], [97.246755, 2.230658], [97.264659, 2.232245], [97.281261, 2.229071], [97.289236, 2.221177], [97.281505, 2.20893], [97.305837, 2.18537], [97.319835, 2.178656], [97.323741, 2.169582], [97.328624, 2.147528], [97.336274, 2.126654], [97.341075, 2.105699], [97.343028, 2.083319], [97.342296, 2.058092], [97.339529, 2.049465], [97.335216, 2.042182], [97.329356, 2.036322], [97.321788, 2.03144], [97.320323, 2.049994], [97.321788, 2.058092], [97.306163, 2.057196], [97.296153, 2.069525]]], [[[96.61085, 2.193183], [96.638031, 2.185655], [96.642996, 2.176663], [96.656668, 2.172919], [96.637462, 2.155463], [96.61614, 2.171088], [96.61085, 2.193183]]], [[[96.320811, 2.363471], [96.307628, 2.374091], [96.312836, 2.378648], [96.322602, 2.389797], [96.328136, 2.394517], [96.306163, 2.405097], [96.285167, 2.436428], [96.239919, 2.448676], [96.065684, 2.579413], [96.042654, 2.592027], [96.020274, 2.600002], [96.010997, 2.600898], [95.986095, 2.600002], [95.980642, 2.602688], [95.971934, 2.612209], [95.965099, 2.614244], [95.961274, 2.607123], [95.958018, 2.60224], [95.955089, 2.600002], [95.94752, 2.598049], [95.939952, 2.59516], [95.931407, 2.595608], [95.911469, 2.610297], [95.8921, 2.615627], [95.883067, 2.620429], [95.878184, 2.628567], [95.877778, 2.637112], [95.874766, 2.645819], [95.862559, 2.654608], [95.790538, 2.654608], [95.78533, 2.66059], [95.787446, 2.674058], [95.794281, 2.696234], [95.78891, 2.704006], [95.758962, 2.724107], [95.761567, 2.739936], [95.74879, 2.749905], [95.735199, 2.75788], [95.735688, 2.76789], [95.740082, 2.778062], [95.727875, 2.779242], [95.710216, 2.777493], [95.698009, 2.778754], [95.692638, 2.79206], [95.692638, 2.812812], [95.699555, 2.831773], [95.714854, 2.840155], [95.768728, 2.840806], [95.78004, 2.846381], [95.781505, 2.855048], [95.776622, 2.860989], [95.769867, 2.864895], [95.766368, 2.867499], [95.766775, 2.878119], [95.771821, 2.895453], [95.773204, 2.905015], [95.784679, 2.924954], [95.786876, 2.932685], [95.791515, 2.942532], [95.801524, 2.937567], [95.811046, 2.927436], [95.814138, 2.922105], [95.884044, 2.919013], [95.911876, 2.906236], [95.910411, 2.873684], [95.890798, 2.889106], [95.882986, 2.883938], [95.883067, 2.846381], [95.917247, 2.860663], [95.927745, 2.84455], [95.964529, 2.827948], [95.9817, 2.790351], [96.003266, 2.777004], [96.028331, 2.768459], [96.090505, 2.757799], [96.106781, 2.749661], [96.126313, 2.73371], [96.13087, 2.715277], [96.101817, 2.675442], [96.102794, 2.654608], [96.118663, 2.666002], [96.129731, 2.664781], [96.138438, 2.658393], [96.147146, 2.654608], [96.156261, 2.648424], [96.161876, 2.647773], [96.164236, 2.654608], [96.160899, 2.6612], [96.146983, 2.670722], [96.143728, 2.678778], [96.15797, 2.680406], [96.246104, 2.600002], [96.257823, 2.591864], [96.290701, 2.575181], [96.30421, 2.572089], [96.3213, 2.566148], [96.335948, 2.552151], [96.359141, 2.52143], [96.363943, 2.50849], [96.367849, 2.489691], [96.375255, 2.473863], [96.390147, 2.469672], [96.395274, 2.477362], [96.396983, 2.493109], [96.396495, 2.524848], [96.410655, 2.508938], [96.417247, 2.506334], [96.424327, 2.510565], [96.444102, 2.490383], [96.465017, 2.437812], [96.479503, 2.414984], [96.475108, 2.397854], [96.481212, 2.378852], [96.481212, 2.364], [96.458507, 2.359809], [96.465831, 2.359809], [96.430675, 2.348782], [96.420909, 2.343004], [96.411388, 2.343817], [96.36964, 2.367255], [96.351085, 2.355048], [96.334972, 2.355455], [96.320811, 2.363471]]], [[[95.118175, 5.631659], [95.129893, 5.640041], [95.135753, 5.646308], [95.141775, 5.66413], [95.15504, 5.656684], [95.177419, 5.628363], [95.191091, 5.608466], [95.180512, 5.609198], [95.171397, 5.607245], [95.163259, 5.602444], [95.156261, 5.594794], [95.145274, 5.604234], [95.1338, 5.606187], [95.122325, 5.606757], [95.111583, 5.611884], [95.109141, 5.622016], [95.118175, 5.631659]]], [[[95.051036, 5.694403], [95.057302, 5.700914], [95.05714, 5.707343], [95.051036, 5.712958], [95.048676, 5.718451], [95.06072, 5.724555], [95.06072, 5.732001], [95.048839, 5.736477], [95.040375, 5.736029], [95.032725, 5.733547], [95.023123, 5.732001], [95.012706, 5.735826], [95.014659, 5.744615], [95.023692, 5.754055], [95.033946, 5.759914], [95.058279, 5.75731], [95.080903, 5.740953], [95.102306, 5.720201], [95.122081, 5.704657], [95.115245, 5.711493], [95.126964, 5.702053], [95.133311, 5.691311], [95.132335, 5.680121], [95.122081, 5.669257], [95.094737, 5.68358], [95.06072, 5.656236], [95.056895, 5.669094], [95.05714, 5.67475], [95.06072, 5.68358], [95.050304, 5.686225], [95.047862, 5.689643], [95.051036, 5.694403]]], [[[95.302745, 5.785712], [95.286632, 5.79442], [95.27296, 5.807074], [95.26588, 5.821112], [95.259776, 5.83926], [95.252696, 5.854967], [95.231456, 5.869289], [95.220551, 5.885932], [95.213552, 5.902533], [95.21461, 5.910102], [95.236176, 5.909125], [95.247813, 5.905219], [95.259288, 5.89643], [95.272472, 5.870307], [95.283865, 5.857408], [95.29713, 5.858588], [95.307302, 5.872382], [95.314952, 5.887763], [95.324962, 5.898017], [95.341807, 5.89643], [95.351329, 5.88703], [95.382823, 5.841864], [95.382823, 5.807074], [95.375987, 5.807074], [95.372569, 5.813625], [95.368663, 5.818305], [95.355479, 5.827582], [95.355317, 5.795152], [95.350434, 5.783637], [95.33839, 5.779202], [95.320323, 5.780748], [95.302745, 5.785712]]], [[[93.834239, 6.745551], [93.812673, 6.753974], [93.809337, 6.769029], [93.813243, 6.788031], [93.813731, 6.808295], [93.805431, 6.816718], [93.792166, 6.825873], [93.784434, 6.836412], [93.793224, 6.849189], [93.783702, 6.857978], [93.775727, 6.867377], [93.773123, 6.877997], [93.779552, 6.890204], [93.770763, 6.893866], [93.766124, 6.901109], [93.76488710741584, 6.909023441062109], [93.75668516123496, 6.923936070481886], [93.748057, 6.92357], [93.737478, 6.943264], [93.72877, 6.970526], [93.71754, 6.992621], [93.71206028274163, 6.998004637133972], [93.712, 6.998], [93.71198184441268, 6.998081700143001], [93.703624, 7.006293], [93.684337, 7.020901], [93.664561, 7.026516], [93.649181, 7.013088], [93.649669, 7.119615], [93.653575, 7.131496], [93.676443, 7.181871], [93.685395, 7.184516], [93.6860635467372, 7.184512315215635], [93.691, 7.189], [93.72148768573649, 7.191858220537796], [93.72462, 7.194973], [93.730154, 7.202216], [93.73463, 7.205512], [93.739919, 7.207099], [93.76531, 7.219143], [93.77157647716261, 7.212354010844605], [93.77286591281508, 7.212383316200342], [93.797618, 7.234605], [93.813975, 7.241848], [93.8264786714597, 7.2374383886891795], [93.837, 7.237], [93.846, 7.245], [93.863, 7.237], [93.857, 7.223], [93.859, 7.215], [93.87, 7.21], [93.879, 7.213], [93.891, 7.198], [93.894, 7.183], [93.888, 7.177], [93.893, 7.161], [93.895, 7.121], [93.899, 7.085], [93.912, 7.08], [93.922, 7.062], [93.923, 7.044], [93.92, 7.038], [93.926, 7.028], [93.941, 7.026], [93.949, 7.011], [93.963, 7.006], [93.955, 6.994], [93.945, 7.0], [93.94, 7.011], [93.931, 7.003], [93.931, 6.99], [93.94, 6.987], [93.94, 6.971], [93.946, 6.968], [93.952, 6.952], [93.94, 6.955], [93.926, 6.942], [93.921, 6.927], [93.925, 6.916], [93.91, 6.905], [93.909, 6.888], [93.914, 6.876], [93.906, 6.867], [93.906, 6.847], [93.91, 6.839], [93.925, 6.837], [93.916, 6.822], [93.915, 6.81], [93.908, 6.803], [93.892, 6.795], [93.89074263799822, 6.801286810008923], [93.889903, 6.800971], [93.880056, 6.800442], [93.871755, 6.804511], [93.8627500103543, 6.804333360944818], [93.86, 6.797], [93.861, 6.787], [93.853, 6.757], [93.842, 6.753], [93.83789242261872, 6.75617403706735], [93.834239, 6.745551]]], [[[93.775, 7.365], [93.766, 7.361], [93.755, 7.342], [93.755, 7.328], [93.737, 7.309], [93.73, 7.31], [93.717, 7.296], [93.709, 7.298], [93.694, 7.284], [93.686, 7.264], [93.674, 7.252], [93.664, 7.248], [93.64973178730395, 7.263946825954415], [93.644216, 7.257514], [93.628184, 7.253323], [93.617931, 7.259955], [93.616384, 7.267279], [93.617442, 7.276068], [93.615082, 7.287421], [93.61085, 7.294501], [93.594005, 7.314765], [93.606944, 7.326402], [93.610362, 7.347317], [93.61671, 7.367255], [93.638682, 7.376166], [93.667247, 7.382758], [93.677989, 7.3994], [93.683767, 7.421698], [93.696951, 7.445054], [93.696951, 7.417792], [93.699474, 7.398749], [93.70778901383444, 7.390433155411863], [93.709, 7.391], [93.718, 7.4], [93.721, 7.417], [93.72, 7.443], [93.736, 7.423], [93.739, 7.401], [93.755, 7.39], [93.768, 7.387], [93.775, 7.38], [93.775, 7.365]]], [[[93.40211, 7.890082], [93.389171, 7.88581], [93.38283254108147, 7.8828325410814655], [93.379, 7.879], [93.372, 7.878], [93.36892820194865, 7.878827022552288], [93.367849, 7.878607], [93.36105400000001, 7.880946999999998], [93.346, 7.885], [93.34224819068908, 7.8971933802605045], [93.340343, 7.901272], [93.341075, 7.912584], [93.348155, 7.924872], [93.34302987289105, 7.929551493644553], [93.33781367719602, 7.929290683859801], [93.332693, 7.924954], [93.323009, 7.924384], [93.32171897521243, 7.925045759697092], [93.319, 7.924], [93.31801868598556, 7.926943942043303], [93.31365, 7.929185], [93.306651, 7.938544], [93.305024, 7.949937], [93.313324, 7.989732], [93.322602, 8.002102], [93.33299884905749, 8.006873777123586], [93.335, 8.009], [93.3407797915524, 8.010444947888098], [93.344412, 8.012112], [93.36907535929564, 8.017075359295633], [93.372, 8.02], [93.378, 8.021], [93.388, 8.019], [93.404, 8.006], [93.397, 7.995], [93.39973884238863, 7.970350418502409], [93.401215, 7.967963], [93.42007729998984, 7.961307893327913], [93.427, 7.965], [93.441, 7.946], [93.455, 7.932], [93.468, 7.89], [93.466, 7.879], [93.457, 7.87], [93.45469767874033, 7.870255813473297], [93.454438, 7.869289], [93.44978268435331, 7.870801923960743], [93.448, 7.871], [93.44781080159743, 7.871529755527199], [93.43686, 7.883287], [93.421235, 7.891791], [93.41505, 7.892239], [93.40211, 7.890082]]], [[[93.477306, 8.030992], [93.480805, 8.040513], [93.488536, 8.044379], [93.495616, 8.049384], [93.49652281371955, 8.05459043980814], [93.49384089819904, 8.069149409776662], [93.492198, 8.063625], [93.479747, 8.063218], [93.466319, 8.074408], [93.457367, 8.089993], [93.446625, 8.154364], [93.446544, 8.164496], [93.454845, 8.170111], [93.465099, 8.183295], [93.473643, 8.198188], [93.477306, 8.209133], [93.48585, 8.22012], [93.50400974748462, 8.226762184355776], [93.505, 8.228], [93.53, 8.237], [93.537, 8.236], [93.552, 8.233], [93.558, 8.221], [93.557, 8.207], [93.549, 8.187], [93.537, 8.175], [93.525, 8.175], [93.515, 8.166], [93.514, 8.145], [93.531, 8.128], [93.54, 8.102], [93.557, 8.089], [93.561, 8.076], [93.56, 8.06], [93.561, 8.037], [93.542, 8.045], [93.537, 8.032], [93.52942981302957, 8.033261697828406], [93.528005, 8.032416], [93.5193059160351, 8.029254930029236], [93.519, 8.029], [93.522, 8.015], [93.52055799889646, 8.004184991723488], [93.520763, 8.004381], [93.53623304482421, 8.000173721451818], [93.53960463403777, 8.004294552712844], [93.540294, 8.016181], [93.54835, 8.020087], [93.558604, 8.013617], [93.56370560501693, 8.003670089030473], [93.565, 8.006], [93.557, 8.024], [93.567, 8.026], [93.576, 8.022], [93.593, 7.988], [93.596, 7.967], [93.595, 7.937], [93.587, 7.927], [93.57406441406901, 7.939174669111507], [93.573985, 7.924872], [93.518321, 7.965806], [93.510753, 7.98017], [93.511485, 7.99551], [93.5158163691934, 7.99965136409945], [93.508, 7.999], [93.50318327789128, 8.008633444217427], [93.494965, 7.996283], [93.484386, 7.991889], [93.479259, 8.002916], [93.477306, 8.030992]], [[93.51641286542419, 8.064412865424181], [93.51070009596255, 8.058700095962548], [93.514822, 8.05622], [93.516938, 8.0633], [93.51641286542419, 8.064412865424181]], [[93.537608, 8.057318], [93.5375156638637, 8.053714998550186], [93.54, 8.055], [93.535, 8.072], [93.53268520758111, 8.07223147924189], [93.537608, 8.057318]]], [[[93.573, 8.119], [93.585, 8.13], [93.591, 8.127], [93.598, 8.113], [93.602, 8.092], [93.602, 8.075], [93.61, 8.059], [93.614, 8.046], [93.607, 8.038], [93.59, 8.055], [93.585, 8.066], [93.592, 8.075], [93.585, 8.102], [93.573, 8.119]]], [[[93.235199, 8.230862], [93.230398, 8.232733], [93.22917919175855, 8.234031470329537], [93.22917919175855, 8.234031470329539], [93.227, 8.235], [93.22685658217478, 8.236505887164816], [93.224783, 8.238715], [93.223888, 8.242499], [93.222667, 8.251654], [93.22517504347826, 8.254162043478258], [93.225, 8.256], [93.2286234, 8.257610400000004], [93.23227, 8.261257], [93.24022877015146, 8.262768342289542], [93.243, 8.264], [93.24938525363127, 8.248036865921812], [93.250824, 8.245429], [93.25077965252493, 8.24455086868769], [93.255, 8.234], [93.255, 8.22], [93.24948918066198, 8.218998032847633], [93.249441, 8.218044], [93.24856722982972, 8.218830405423587], [93.244, 8.218], [93.23718472811798, 8.229074816808284], [93.235199, 8.230862]]], [[[93.189, 8.232], [93.21, 8.217], [93.21, 8.207], [93.202, 8.196], [93.193, 8.195], [93.166, 8.202], [93.16255336014406, 8.204872199879953], [93.153494, 8.205512], [93.124685, 8.212877], [93.10255, 8.221503], [93.081554, 8.242377], [93.065766, 8.268134], [93.059581, 8.291409], [93.06129, 8.320746], [93.064301, 8.336127], [93.069835, 8.346625], [93.083751, 8.355902], [93.095063, 8.35517], [93.10141, 8.345771], [93.1012749817057, 8.33612496950952], [93.109, 8.349], [93.116, 8.347], [93.131, 8.355], [93.149, 8.342], [93.144, 8.323], [93.136, 8.313], [93.131, 8.282], [93.138, 8.265], [93.159, 8.243], [93.189, 8.232]]], [[[93.062266, 8.43769], [93.06223234891768, 8.439590095420417], [93.06, 8.441], [93.06210106413154, 8.447003040375819], [93.061941, 8.456041], [93.06489727231347, 8.454992206609917], [93.067, 8.461], [93.08, 8.453], [93.079, 8.429], [93.07887154909105, 8.429081126889857], [93.078868, 8.428616], [93.062266, 8.43769]]], [[[93.609711, 8.438422], [93.60141, 8.438178], [93.600352, 8.450344], [93.607107, 8.49079], [93.607677, 8.507066], [93.595551, 8.541734], [93.594981, 8.55801], [93.607677, 8.569159], [93.607677, 8.548041], [93.621755, 8.520087], [93.626801, 8.505845], [93.627772636828, 8.492294776209997], [93.63, 8.509], [93.629, 8.521], [93.617, 8.541], [93.618, 8.569], [93.623, 8.569], [93.628, 8.529], [93.643, 8.52], [93.645, 8.472], [93.63, 8.454], [93.633, 8.426], [93.624, 8.43], [93.623, 8.449], [93.628, 8.468], [93.6261864993644, 8.477974253495823], [93.625173, 8.473619], [93.618337, 8.453925], [93.609711, 8.438422]]], [[[92.750987, 9.261217], [92.763031, 9.264146], [92.772716, 9.259223], [92.795272, 9.240818], [92.811373, 9.23117], [92.833849, 9.202359], [92.831981, 9.145025], [92.83010017300693, 9.143001730069239], [92.83, 9.142], [92.826, 9.132], [92.81599945630569, 9.12783310679404], [92.799565, 9.110154], [92.75753492915433, 9.122876838732283], [92.742, 9.12], [92.725, 9.13], [92.719, 9.15], [92.71909845048384, 9.15081221649169], [92.711681, 9.175116], [92.708507, 9.201606], [92.713878, 9.213446], [92.729259, 9.217841], [92.745128, 9.229071], [92.754405, 9.244452], [92.750987, 9.261217]]], [[[92.485, 10.511], [92.467, 10.523], [92.442, 10.543], [92.421, 10.541], [92.40728829993583, 10.530174973633546], [92.406466, 10.529266], [92.40613808530088, 10.529266909448058], [92.402, 10.526], [92.385, 10.529], [92.3849592940854, 10.529325647316783], [92.384111, 10.529328], [92.378057, 10.541329], [92.402557, 10.575206], [92.413855, 10.606117], [92.416, 10.621749334815767], [92.416, 10.629], [92.41376337755781, 10.636269022937132], [92.41052604056509, 10.643473959434921], [92.404, 10.65], [92.386, 10.657], [92.3861676714447, 10.666724943792838], [92.379486, 10.672122], [92.378586, 10.718071], [92.378671, 10.750037], [92.37568, 10.775031], [92.376721, 10.78402], [92.38484845259545, 10.78221025053597], [92.385, 10.791], [92.397, 10.803], [92.4, 10.794], [92.41, 10.793], [92.41049952526798, 10.793449572741183], [92.41542, 10.798863], [92.422598, 10.822836], [92.428966, 10.850816], [92.482796, 10.885622], [92.51839964840518, 10.893445964525865], [92.525, 10.897], [92.536, 10.898], [92.55, 10.886], [92.549, 10.88], [92.562, 10.877], [92.589, 10.853], [92.585, 10.837], [92.594, 10.817], [92.59, 10.804], [92.595, 10.79], [92.621, 10.764], [92.617, 10.715], [92.621, 10.681], [92.614, 10.662], [92.607, 10.668], [92.593, 10.652], [92.595, 10.638], [92.582, 10.637], [92.564, 10.624], [92.548, 10.592], [92.5491139009453, 10.590143498424498], [92.555964, 10.588675], [92.574213, 10.580624], [92.56901550813029, 10.574425248257795], [92.571, 10.574], [92.578, 10.568], [92.541, 10.528], [92.537, 10.511], [92.524, 10.507], [92.503, 10.506], [92.485, 10.511]]], [[[92.715, 11.285], [92.715, 11.264], [92.701, 11.235], [92.697, 11.246], [92.703, 11.254], [92.701, 11.277], [92.715, 11.285]]], [[[92.735, 11.314], [92.725, 11.306], [92.721, 11.316], [92.729, 11.329], [92.735, 11.314]]], [[[92.677, 11.36], [92.668, 11.352], [92.657, 11.354], [92.645, 11.343], [92.624, 11.344], [92.611, 11.34], [92.591, 11.355], [92.589, 11.365], [92.598, 11.372], [92.59853750442697, 11.37549377877534], [92.593516, 11.378363], [92.59748411065189, 11.395063557392428], [92.597, 11.397], [92.59792425202886, 11.396915977088286], [92.598969, 11.401313], [92.600841, 11.406317], [92.608165, 11.411322], [92.623871, 11.412502], [92.62959402140422, 11.415427186639914], [92.629, 11.438], [92.62, 11.45], [92.62, 11.472], [92.624, 11.488], [92.63288100197734, 11.497621085475451], [92.63559, 11.508043], [92.63953010005672, 11.508060200113425], [92.641, 11.511], [92.6477755455079, 11.50809619478233], [92.654145, 11.508124], [92.675059, 11.490424], [92.689708, 11.46776], [92.6963, 11.454413], [92.689708, 11.442532], [92.68885179254042, 11.441407810725147], [92.692, 11.42], [92.67692509320428, 11.411924157073717], [92.685069, 11.399359], [92.696788, 11.391791], [92.69988, 11.384426], [92.69768252394475, 11.382767316423628], [92.7, 11.365], [92.677, 11.36]]], [[[92.559, 11.521], [92.566, 11.534], [92.575, 11.521], [92.575, 11.511], [92.559, 11.521]]], [[[92.605, 11.557], [92.604, 11.536], [92.597, 11.529], [92.594, 11.56], [92.605, 11.557]]], [[[92.2227136413027, 11.58542728260542], [92.217296, 11.591254], [92.217296, 11.59809], [92.228689, 11.597724], [92.254893, 11.593817], [92.266775, 11.589545], [92.278087, 11.583808], [92.286876, 11.563178], [92.285004, 11.544013], [92.28353973875802, 11.542407276231259], [92.288, 11.532], [92.281, 11.519], [92.272, 11.514], [92.266, 11.52], [92.24, 11.525], [92.227, 11.525], [92.22, 11.541], [92.224, 11.571], [92.22, 11.58], [92.2227136413027, 11.58542728260542]]], [[[92.624, 11.575], [92.622, 11.56], [92.608, 11.563], [92.61, 11.574], [92.619, 11.583], [92.624, 11.575]]], [[[92.538666, 11.552273], [92.541759, 11.581041], [92.540212, 11.59219], [92.54043193311881, 11.593062183923285], [92.539, 11.597], [92.54212546666463, 11.599778192590783], [92.542572, 11.601549], [92.54414136877041, 11.601570105573701], [92.548, 11.605], [92.55961944281847, 11.59135978451745], [92.56308, 11.58926], [92.574555, 11.586005], [92.576834, 11.58218], [92.5728091987843, 11.573175469908538], [92.574, 11.57], [92.565, 11.558], [92.55977634757625, 11.558217652184323], [92.559581, 11.55801], [92.550059, 11.556179], [92.54127, 11.551785], [92.538666, 11.552273]]], [[[93.072, 11.843], [93.082, 11.833], [93.074, 11.825], [93.068, 11.81], [93.055, 11.81], [93.037, 11.823], [93.02, 11.829], [93.024, 11.848], [93.041, 11.839], [93.072, 11.843]]], [[[92.73, 12.23], [92.737, 12.24], [92.744, 12.237], [92.74, 12.223], [92.74, 12.206], [92.744, 12.217], [92.754, 12.227], [92.772, 12.222], [92.77, 12.2], [92.775, 12.193], [92.77234101095264, 12.18369353833424], [92.77761030423265, 12.186247464727884], [92.775, 12.208], [92.783, 12.225], [92.762, 12.229], [92.75, 12.247], [92.75945742355553, 12.264338609851809], [92.758556, 12.265937], [92.7588, 12.276557], [92.760427, 12.276842], [92.764496, 12.274319], [92.781016, 12.279242], [92.78584117040377, 12.279382443943518], [92.785, 12.292], [92.775, 12.298], [92.78, 12.307], [92.7866335084542, 12.306447207628816], [92.778494, 12.310126], [92.77806226417958, 12.310124528359154], [92.772, 12.298], [92.765, 12.295], [92.728, 12.302], [92.718, 12.309], [92.717, 12.32], [92.706, 12.327], [92.71, 12.339], [92.71, 12.358], [92.712, 12.372], [92.707, 12.402], [92.707, 12.418], [92.713, 12.431], [92.709, 12.44], [92.715, 12.452], [92.71, 12.466], [92.715, 12.497], [92.703, 12.512], [92.71, 12.535], [92.708, 12.543], [92.716, 12.557], [92.71, 12.589], [92.713, 12.6], [92.695, 12.602], [92.694, 12.612], [92.707, 12.61], [92.719, 12.614], [92.725, 12.627], [92.745, 12.638], [92.743, 12.655], [92.761, 12.667], [92.774, 12.664], [92.78100358635427, 12.666626344882852], [92.777354, 12.669338], [92.77144669940645, 12.670511239966082], [92.745, 12.669], [92.742, 12.676], [92.74767935803763, 12.693984633785831], [92.74744580774711, 12.699710634149588], [92.746, 12.712], [92.746849291268, 12.71433555098704], [92.74632081198153, 12.727292386021544], [92.744, 12.73], [92.736, 12.772], [92.732, 12.78], [92.73, 12.822], [92.741, 12.83], [92.759, 12.838], [92.75972177111481, 12.837729335831945], [92.765391, 12.84512], [92.785655, 12.840033], [92.79135813303022, 12.846955869243171], [92.791, 12.85], [92.799, 12.866], [92.8, 12.884], [92.81032655643656, 12.89007444496269], [92.8115499613012, 12.896956332234968], [92.804, 12.913], [92.807, 12.943], [92.8, 12.948], [92.798, 12.965], [92.805, 12.987], [92.822, 12.98], [92.83109072939911, 12.992727021158762], [92.83171251077975, 12.994316238142266], [92.822, 13.005], [92.807, 13.003], [92.795, 13.013], [92.803, 13.032], [92.8, 13.047], [92.809, 13.086], [92.821, 13.1], [92.818, 13.118], [92.833, 13.132], [92.842, 13.127], [92.848, 13.14], [92.83, 13.139], [92.817, 13.145], [92.818, 13.16], [92.826, 13.17], [92.832, 13.187], [92.828, 13.193], [92.836, 13.208], [92.835, 13.221], [92.841, 13.24], [92.85, 13.241], [92.861, 13.253], [92.846, 13.257], [92.83, 13.267], [92.829, 13.278], [92.85, 13.297], [92.839, 13.3], [92.833, 13.31], [92.834, 13.328], [92.842, 13.335], [92.842, 13.363], [92.849, 13.374], [92.863, 13.374], [92.862, 13.386], [92.852, 13.388], [92.852, 13.4], [92.859, 13.409], [92.869, 13.405], [92.878, 13.41], [92.881, 13.422], [92.894, 13.429], [92.881, 13.444], [92.879, 13.467], [92.91, 13.478], [92.911, 13.489], [92.927, 13.497], [92.925, 13.506], [92.934, 13.519], [92.925, 13.526], [92.934, 13.534], [92.945486, 13.533521416666666], [92.945486, 13.536933], [92.949718, 13.544623], [92.958507, 13.550238], [92.977224, 13.553778], [92.984386, 13.557603], [92.99171, 13.550035], [92.99383214257644, 13.548773808588143], [92.999, 13.566], [93.00512632442705, 13.564085523616544], [93.006521, 13.568793], [93.011729, 13.578111], [93.016287, 13.567369], [93.022797, 13.566107], [93.03132014658541, 13.568988131926867], [93.038, 13.575], [93.04011761770842, 13.57076476458316], [93.042491, 13.571234], [93.049978, 13.566392], [93.066417, 13.537095], [93.055024, 13.503079], [93.053722, 13.471422], [93.05955012315893, 13.407146525339163], [93.067, 13.413], [93.06760054541319, 13.409396727520821], [93.07545, 13.411119], [93.080089, 13.413031], [93.07838, 13.397121], [93.07055242672027, 13.391685439678342], [93.071, 13.389], [93.0646545845582, 13.3875899076796], [93.06173916459164, 13.385565405254024], [93.06, 13.376], [93.07, 13.363], [93.078, 13.345], [93.087, 13.344], [93.096, 13.328], [93.083, 13.318], [93.08, 13.308], [93.072, 13.305], [93.068, 13.325], [93.055, 13.316], [93.05, 13.334], [93.043, 13.34], [93.026, 13.344], [93.02537848089386, 13.344517932588444], [93.017345, 13.340481], [93.004242, 13.331041], [93.00391016850303, 13.341292202203629], [92.992, 13.327], [92.989, 13.336], [92.979, 13.342], [92.979, 13.348293544436851], [92.977061, 13.345364], [92.97934, 13.329779], [92.98565773560144, 13.323], [92.986, 13.323], [92.99402170338173, 13.31631524718189], [93.004568, 13.311835], [93.025564, 13.316148], [93.035655, 13.306952], [93.052745, 13.283881], [93.075694, 13.26911], [93.079438, 13.259833], [93.06380236728165, 13.235533716113459], [93.064, 13.23], [93.05654583753561, 13.222545837535613], [93.05422270977563, 13.207554580448743], [93.055, 13.206], [93.0535823817283, 13.203422512233264], [93.052582, 13.196967], [93.052745, 13.133043], [93.048106, 13.103705], [93.0449611566043, 13.092155373582816], [93.045, 13.092], [93.044, 13.075], [93.03925668127431, 13.071205345019449], [93.03723166157106, 13.06376833842894], [93.041, 13.06], [93.031, 13.045], [93.02559776481765, 13.04364944120441], [93.023, 13.039354365638758], [93.023, 13.032], [92.994, 13.021], [92.981, 13.025], [92.979, 13.017], [92.969, 13.012], [92.957, 13.025], [92.945, 13.033], [92.94, 13.05], [92.9304067486559, 13.05335763797044], [92.928884, 13.050198], [92.928396, 13.027493], [92.9309601917921, 13.018715853898806], [92.935, 13.025], [92.949, 13.022], [92.955, 13.009], [92.952, 12.995], [92.9490481831254, 12.995402520482898], [92.950694, 12.993638], [92.956228, 12.981676], [92.952647, 12.970771], [92.942882, 12.954291], [92.936046, 12.954291], [92.93555847831942, 12.961314757053914], [92.929, 12.959], [92.92, 12.945], [92.913, 12.961], [92.915, 12.979], [92.91097361644479, 12.982451185904464], [92.905284, 12.982245], [92.902599, 12.974026], [92.88623319967463, 12.941417000813425], [92.888, 12.937], [92.88268186288792, 12.93434093144396], [92.880707, 12.930406], [92.87908, 12.921942], [92.876313, 12.916653], [92.876801, 12.911526], [92.884532, 12.903469], [92.896332, 12.899726], [92.905528, 12.906073], [92.915538, 12.919582], [92.92449, 12.914374], [92.928233, 12.905341], [92.929861, 12.896674], [92.932628, 12.89289], [92.940684, 12.889309], [92.964041, 12.864936], [92.960704, 12.847154], [92.965831, 12.825629], [92.968028, 12.803168], [92.96352609509918, 12.795265144107349], [92.964, 12.791], [92.9591905232085, 12.78765427701461], [92.956554, 12.783026], [92.973155, 12.76435], [92.984386, 12.745103], [92.990489, 12.724311], [92.990571, 12.701117], [92.976817, 12.654934], [92.972911, 12.628119], [92.989024, 12.592108], [92.991547, 12.567084], [92.990571, 12.519232], [92.9817, 12.506049], [92.9760060222691, 12.500973903500563], [92.979, 12.488], [92.968, 12.479], [92.963, 12.487], [92.96165609006631, 12.486178721707192], [92.955903, 12.477444], [92.970225, 12.468329], [92.96639229698013, 12.461501568455644], [92.968, 12.457], [92.96415318981654, 12.457512908024462], [92.962413, 12.454413], [92.949718, 12.446967], [92.94746915159236, 12.445172878980893], [92.947, 12.444], [92.9455916136592, 12.44367498776751], [92.93865, 12.438137], [92.936046, 12.419908], [92.92921, 12.419908], [92.92861991632488, 12.421123983264975], [92.918, 12.419], [92.90051461252901, 12.438233926218093], [92.901866, 12.433539], [92.8972562915175, 12.433191060933753], [92.896, 12.42], [92.887, 12.41], [92.88, 12.423], [92.861, 12.42], [92.849, 12.425], [92.84853677193385, 12.42453677193385], [92.853526, 12.416815], [92.85761927241272, 12.404106019922423], [92.862, 12.408], [92.876, 12.405], [92.895, 12.403], [92.904, 12.397], [92.892, 12.38], [92.87585568673673, 12.37757835301051], [92.881847, 12.375922], [92.894054, 12.368109], [92.902517, 12.357123], [92.901866, 12.344794], [92.91505, 12.338365], [92.912771, 12.333645], [92.903168, 12.329088], [92.89601941501518, 12.324333988948405], [92.897, 12.321], [92.88836709494716, 12.317546837978858], [92.886404, 12.315741], [92.881114, 12.314602], [92.879242, 12.312974], [92.880707, 12.30386], [92.885753, 12.295559], [92.893403, 12.290351], [92.900157, 12.283189], [92.901866, 12.269029], [92.896251, 12.261705], [92.89611677448518, 12.261591289301851], [92.898, 12.255], [92.889, 12.247], [92.88153954860422, 12.246067443575527], [92.879893, 12.243598], [92.88167406613917, 12.239082945506194], [92.883, 12.242], [92.892, 12.239], [92.899, 12.248], [92.908, 12.251], [92.915, 12.243], [92.924, 12.23], [92.898, 12.23], [92.88935304465743, 12.223205963659408], [92.892589, 12.214545], [92.894216, 12.205024], [92.891612, 12.200832], [92.88378005173216, 12.201099741339199], [92.886, 12.19], [92.87317423665664, 12.195985356226897], [92.874522, 12.183743], [92.864024, 12.171536], [92.86091014498804, 12.16926956503589], [92.863, 12.163], [92.853, 12.157], [92.84744499749524, 12.159468890002113], [92.842947, 12.156195], [92.82977232252999, 12.14257280389231], [92.82771397355201, 12.139406113156936], [92.833669, 12.125678], [92.833669, 12.118232], [92.825938, 12.115668], [92.81836348227937, 12.111360092425334], [92.818, 12.103], [92.80641125842935, 12.104545165542753], [92.80893, 12.095771], [92.80184322777554, 12.091176368752523], [92.802, 12.091], [92.799, 12.075], [92.787, 12.075], [92.775, 12.063], [92.76240867033692, 12.069295664831538], [92.767263, 12.061225], [92.78157399737685, 12.047189051527091], [92.793, 12.052], [92.792, 12.041], [92.79037286315973, 12.038559294739597], [92.792654, 12.036322], [92.78917342490223, 12.036760137353344], [92.784, 12.029], [92.766, 12.02], [92.76530045700103, 12.021923743247191], [92.75853332762802, 12.01323478335287], [92.768, 12.012], [92.772, 11.998], [92.764, 11.99], [92.764, 11.978], [92.744, 11.974], [92.744, 11.964], [92.7377605813981, 11.963220072674764], [92.737478, 11.961168], [92.737478, 11.901791199999998], [92.743, 11.904], [92.75, 11.928], [92.75322257962115, 11.929409878584256], [92.753754, 11.931586], [92.761974, 11.940131], [92.776378, 11.939276], [92.787934, 11.934516], [92.78817255169415, 11.934147209550225], [92.792, 11.934], [92.79420163861532, 11.92482650576948], [92.795909, 11.922187], [92.79787475351176, 11.90952186036765], [92.798, 11.909], [92.7979732131706, 11.908887495316458], [92.79949, 11.899115], [92.79829963979417, 11.88358363350486], [92.799, 11.883], [92.79700824390243, 11.866733991869795], [92.796886, 11.865139], [92.7967338992205, 11.864493510300656], [92.793, 11.834], [92.78880761379932, 11.830855710349484], [92.77871939406396, 11.788043030854658], [92.776, 11.776], [92.778, 11.766], [92.775, 11.745], [92.76535833276672, 11.731340971419508], [92.76320056021744, 11.722183753694434], [92.764, 11.699], [92.746, 11.692], [92.725, 11.692], [92.72252136843376, 11.693394230256008], [92.71045977431903, 11.681049750973315], [92.712, 11.66], [92.695, 11.657], [92.693, 11.646], [92.68358388539343, 11.646448386409837], [92.682628, 11.636949], [92.68267170614098, 11.631111951023497], [92.688, 11.632], [92.695, 11.622], [92.702, 11.632], [92.710704, 11.637595428571435], [92.710704, 11.659573], [92.715343, 11.65762], [92.72294638728859, 11.655664595387032], [92.725, 11.66], [92.727, 11.675], [92.733, 11.678], [92.73357299534295, 11.67780069727202], [92.736013, 11.68244], [92.746104, 11.683743], [92.758556, 11.673245], [92.761485, 11.663642], [92.76245964979283, 11.655645222682589], [92.765, 11.65], [92.76347331817604, 11.647328306808069], [92.765636, 11.629584], [92.765391, 11.618598], [92.76252219919898, 11.61374419118878], [92.762, 11.608], [92.755, 11.597], [92.753, 11.575], [92.744884, 11.563138153846156], [92.744884, 11.557115], [92.74368939142846, 11.553048486857234], [92.745, 11.552], [92.74, 11.531], [92.73673229455943, 11.529366147279719], [92.735118, 11.523871], [92.73107883804101, 11.515341631511088], [92.731, 11.515], [92.736, 11.507], [92.721, 11.48], [92.715, 11.481], [92.71, 11.499], [92.694, 11.506], [92.68, 11.506], [92.671, 11.501], [92.656, 11.515], [92.652, 11.532], [92.657, 11.547], [92.65, 11.553], [92.652, 11.564], [92.644, 11.572], [92.626, 11.557], [92.628, 11.572], [92.614, 11.59], [92.615, 11.614], [92.62149062945171, 11.613236396535093], [92.621349, 11.618598], [92.62794, 11.625149], [92.63454132042922, 11.62654338908219], [92.613, 11.634], [92.61, 11.653], [92.6, 11.669], [92.607, 11.682], [92.603, 11.692], [92.605, 11.707], [92.587, 11.715], [92.581, 11.712], [92.581, 11.695], [92.572, 11.692], [92.561, 11.722], [92.559, 11.761], [92.56364095170669, 11.764867459755582], [92.56403538845704, 11.767653619787932], [92.558, 11.778], [92.559, 11.807], [92.549, 11.813], [92.549, 11.825], [92.543, 11.831], [92.533, 11.822], [92.524, 11.829], [92.527, 11.836], [92.521, 11.849], [92.52491521800383, 11.857432777239007], [92.524913, 11.857489], [92.52511407125795, 11.857861076555567], [92.534, 11.877], [92.534, 11.889], [92.5395240945697, 11.893674233866669], [92.539724, 11.894436], [92.54521231428336, 11.90286029714661], [92.542, 11.908], [92.55, 11.918], [92.5582117308594, 11.922813773262405], [92.562999, 11.930162], [92.570567, 11.932603], [92.5724172980509, 11.931141174719494], [92.579, 11.935], [92.58, 11.925], [92.591, 11.919], [92.59, 11.912], [92.59159786178776, 11.906521616727696], [92.592133, 11.905748], [92.594737, 11.898749], [92.600271, 11.895494], [92.614513, 11.899115], [92.60985609021819, 11.888], [92.61, 11.888], [92.611, 11.874], [92.62181247123196, 11.883010392693304], [92.62239275812162, 11.893108628175742], [92.622, 11.899], [92.615, 11.919], [92.624, 11.933], [92.621, 11.943], [92.625, 11.962], [92.623, 11.966], [92.62180929399234, 11.984257492117473], [92.621349, 11.987942], [92.62152218871125, 11.988659773094154], [92.62, 12.012], [92.629, 12.022], [92.628, 12.051], [92.631, 12.06], [92.625, 12.073], [92.63, 12.107], [92.638, 12.118], [92.638, 12.127], [92.64019265855416, 12.133468342734753], [92.640147, 12.136135], [92.645274, 12.156073], [92.65294535774018, 12.171088805333529], [92.658, 12.186], [92.669, 12.209], [92.67341727142455, 12.20811654571509], [92.681814, 12.219631], [92.68398325176308, 12.216343597055776], [92.687, 12.222], [92.706, 12.24], [92.70923473756469, 12.229487102914753], [92.713064, 12.232571], [92.720958, 12.226549], [92.724376, 12.20425], [92.719086, 12.184516], [92.7193622556308, 12.1789094360923], [92.727, 12.177], [92.742, 12.181], [92.74380058375102, 12.180263397556402], [92.760997, 12.179877], [92.76448479667891, 12.180232606033718], [92.734, 12.186], [92.73, 12.192], [92.73, 12.23]], [[92.76525818181818, 12.02204], [92.76266236992285, 12.029178482712158], [92.758556, 12.02204], [92.76525818181818, 12.02204]], [[92.871104, 12.378892], [92.87165189405853, 12.378740529707361], [92.87, 12.387], [92.86215719724645, 12.390016462597519], [92.863617, 12.385484], [92.871104, 12.378892]]], [[[92.746, 11.947], [92.747, 11.957], [92.766, 11.967], [92.775, 11.96], [92.778, 11.948], [92.764, 11.943], [92.746, 11.947]]], [[[92.99712160971492, 12.036735141485376], [93.014659, 12.037177], [93.025401, 12.031562], [93.018565, 12.015815], [93.040375, 11.969062], [93.042491, 11.961168], [93.048676, 11.952786], [93.066417, 11.899115], [93.05945399033585, 11.89790492751887], [93.058, 11.887], [93.045, 11.88], [93.031, 11.887], [93.029, 11.899], [93.015, 11.926], [93.005, 11.932], [93.005, 11.948362997940048], [93.001313, 11.949205], [93.00043522572533, 11.9496305677176], [92.985, 11.945], [92.979, 11.949], [92.96593439630081, 11.978864237026734], [92.953136, 11.981106], [92.95246889066821, 11.982044259110983], [92.941, 11.983], [92.93, 11.993], [92.939, 12.005], [92.953, 12.008], [92.966, 12.032], [92.975, 12.033], [92.97928222064607, 12.034873471532658], [92.980724, 12.036322], [92.98270736291961, 12.036371971277333], [92.991, 12.04], [92.99712160971492, 12.036735141485376]]], [[[92.981, 12.1], [93.001, 12.107], [93.006, 12.103], [93.009, 12.096], [93.005, 12.07], [93.006, 12.048], [92.997, 12.045], [92.978, 12.057], [92.978, 12.066], [92.969, 12.072], [92.972, 12.09], [92.97, 12.103], [92.981, 12.1]]], [[[93.04307214778213, 12.098181980676843], [93.04775778401758, 12.089615918646158], [93.056, 12.08], [93.059, 12.053], [93.05396898199508, 12.049645987996723], [93.053396, 12.046942], [93.05169799745278, 12.048131998301848], [93.047, 12.045], [93.04102335686301, 12.056289214814312], [93.02575952335661, 12.072051731814677], [93.02125698809674, 12.076701369046937], [93.014, 12.08], [93.01515427024036, 12.086925621442159], [93.01398674799059, 12.097637034357936], [93.01392152444444, 12.09823542666668], [93.011, 12.107], [93.01248169765172, 12.111445092955188], [93.01136229584783, 12.121715025663008], [93.008, 12.129], [93.01346038237405, 12.144016051528636], [93.013601, 12.144884], [93.0138888367807, 12.1451943011469], [93.016, 12.151], [93.02120579935439, 12.153082319741756], [93.024018, 12.156114], [93.032237, 12.161811], [93.035004, 12.16116], [93.03486191524266, 12.15854476609706], [93.036, 12.159], [93.032, 12.147], [93.02900038549548, 12.137001284984933], [93.02900129493999, 12.13700022549218], [93.029002607687, 12.136998696156494], [93.029002607687, 12.136998696156493], [93.039, 12.132], [93.03783574926365, 12.1203574926365], [93.038422, 12.118883], [93.03972775421366, 12.104985774879166], [93.03972775421366, 12.10498577487916], [93.04065571420003, 12.102599592057077], [93.04307214778213, 12.098181980676843]]], [[[92.995, 12.112], [92.984, 12.11], [92.97, 12.116], [92.962, 12.142], [92.975, 12.147], [92.997, 12.144], [93.005, 12.125], [92.995, 12.112]]], [[[93.073, 12.211], [93.079, 12.209], [93.08329434089839, 12.2047056591016], [93.091075, 12.20425], [93.098481, 12.199408], [93.103282, 12.190497], [93.10377, 12.187934], [93.103852, 12.185289], [93.103282, 12.18008], [93.096202, 12.158759], [93.094981, 12.15176], [93.09557686816355, 12.14913850546916], [93.102, 12.144], [93.09849671512795, 12.136292773281479], [93.102306, 12.119534], [93.103282, 12.102037], [93.094249, 12.090969], [93.09209832447009, 12.092163874116805], [93.089, 12.087], [93.081, 12.082], [93.056, 12.111], [93.055, 12.12], [93.045, 12.126], [93.045, 12.138], [93.052, 12.159], [93.055, 12.176], [93.063, 12.188], [93.073, 12.211]]], [[[92.95, 12.215], [92.944, 12.208], [92.942, 12.192], [92.932, 12.204], [92.93, 12.214], [92.943, 12.223], [92.95, 12.215]]], [[[93.109, 12.204], [93.091, 12.223], [93.072, 12.225], [93.069, 12.229], [93.076, 12.251], [93.087, 12.259], [93.094, 12.255], [93.092, 12.239], [93.105, 12.242], [93.114, 12.238], [93.109, 12.204]]], [[[92.928, 12.279], [92.95, 12.277], [92.95, 12.269], [92.935, 12.248], [92.938, 12.233], [92.93, 12.231], [92.928, 12.247], [92.93, 12.258], [92.921, 12.27], [92.914, 12.265], [92.911, 12.286], [92.923, 12.289], [92.928, 12.279]]], [[[92.728, 12.265], [92.726, 12.231], [92.718, 12.231], [92.714, 12.242], [92.714, 12.285], [92.717, 12.295], [92.735, 12.294], [92.733, 12.275], [92.728, 12.265]]], [[[93.8608620909091, 12.28093634965035], [93.861, 12.281], [93.874, 12.273], [93.876, 12.263], [93.868, 12.251], [93.853, 12.247], [93.845, 12.256], [93.848, 12.275], [93.86002261182762, 12.280548897766595], [93.860606, 12.281195], [93.8608620909091, 12.28093634965035]]], [[[92.963, 12.432], [92.969, 12.432], [92.97, 12.412], [92.965, 12.403], [92.953, 12.397], [92.95, 12.376], [92.942, 12.354], [92.927, 12.36], [92.925, 12.367], [92.935, 12.399], [92.942, 12.416], [92.951, 12.419], [92.963, 12.432]]], [[[92.727, 12.762], [92.737, 12.753], [92.73, 12.728], [92.719, 12.731], [92.722, 12.744], [92.717, 12.769], [92.704, 12.792], [92.716, 12.824], [92.725, 12.825], [92.727, 12.762]]], [[[92.731, 12.863], [92.74, 12.861], [92.733, 12.837], [92.727, 12.829], [92.717, 12.832], [92.724, 12.853], [92.731, 12.863]]], [[[92.69589659163987, 12.810006932475883], [92.694672, 12.803778], [92.68623154047302, 12.799182315067757], [92.681, 12.78], [92.673, 12.787], [92.675, 12.806], [92.67, 12.815], [92.66, 12.84], [92.66, 12.862], [92.67095965411845, 12.870611156807342], [92.672862, 12.878607], [92.677745, 12.890367], [92.67807114619832, 12.892857707603355], [92.675, 12.899], [92.679, 12.91], [92.677, 12.924], [92.68397603686361, 12.937952073727226], [92.68427581259418, 12.940241395801943], [92.676, 12.943], [92.677, 12.963], [92.688, 12.973], [92.698, 12.99], [92.70686192744861, 12.987273253092736], [92.708344, 12.988674], [92.71697, 12.988471], [92.722504, 12.985785], [92.727061, 12.982001], [92.730724, 12.977484], [92.733084, 12.97248], [92.737478, 12.961737], [92.732188, 12.945705], [92.73040692294126, 12.904768601657606], [92.735, 12.896], [92.73, 12.87], [92.707, 12.84], [92.707, 12.831], [92.69508607221225, 12.825043036106129], [92.696544, 12.8133], [92.69620852718288, 12.81159360461285], [92.697, 12.811], [92.69589659163987, 12.810006932475883]]], [[[92.97576410623356, 12.937], [92.96921740031708, 12.937], [92.965017, 12.935085], [92.965170215058, 12.937], [92.96, 12.937], [92.977, 12.95], [92.97699282873675, 12.950043027579467], [92.97641, 12.950466], [92.97226, 12.950181], [92.965343, 12.963935], [92.97226, 12.960598], [92.9714081495866, 12.966190492148964], [92.96804935067016, 12.97010909088481], [92.965424, 12.971422], [92.96315797075367, 12.975815700787383], [92.963, 12.976], [92.96304283552787, 12.976038941388987], [92.962738, 12.97663], [92.973074, 12.986274], [92.97370512270946, 12.985731929735875], [92.974, 12.986], [92.982, 12.979], [92.993, 12.987], [92.99488385421391, 12.98707849392558], [92.995128, 12.989407], [93.001394, 12.988756], [93.009939, 12.990017], [93.01185716689918, 12.987785715287465], [93.017, 12.988], [93.01118958531877, 12.98343467417904], [93.00153592425463, 12.974803886381938], [92.99559047347122, 12.965885710206852], [92.99363628173836, 12.959932084350319], [92.997, 12.949], [92.99405786978116, 12.945077159708221], [92.990733, 12.935858], [92.987153, 12.924709], [92.985362, 12.929104], [92.980724, 12.932807], [92.979991, 12.935167], [92.980317, 12.936469], [92.97576410623356, 12.937]]], [[[92.69908579473379, 13.083759091732807], [92.69908579473379, 13.083759091732809], [92.698, 13.085], [92.69843624361557, 13.088708070732373], [92.69752, 13.095689], [92.6994346280423, 13.097194338359493], [92.7, 13.102], [92.707, 13.106], [92.7156264746005, 13.100249016933], [92.717296, 13.099392], [92.71814890627844, 13.098567395814364], [92.71814890627846, 13.09856739581435], [92.719, 13.098], [92.732, 13.096], [92.7312240124485, 13.092275259752764], [92.733002, 13.091539], [92.72973829962118, 13.085143838181642], [92.727, 13.072], [92.719, 13.061], [92.71849380717116, 13.061578506090093], [92.71811, 13.061062], [92.71348551666667, 13.067302266666664], [92.70494365839339, 13.077064390407555], [92.70494365839338, 13.077064390407566], [92.699229, 13.082668], [92.69908579473379, 13.083759091732807]]], [[[94.295, 13.445], [94.305, 13.444], [94.302, 13.424], [94.294, 13.413], [94.277, 13.42], [94.27723183527765, 13.420695505832946], [94.274913, 13.420315], [94.261892, 13.429267], [94.280935, 13.443549], [94.28345651076657, 13.438266297947163], [94.295, 13.445]]], [[[92.990571, 13.667467], [93.019542, 13.680121], [93.033214, 13.680243], [93.039073, 13.667467], [93.042817, 13.662055], [93.052745, 13.640204], [93.03721666133193, 13.644504774098476], [93.044, 13.629], [93.037, 13.622], [93.028, 13.63], [93.026, 13.639], [93.007, 13.642], [92.996, 13.638], [92.99, 13.65], [92.994, 13.66], [92.99722511657485, 13.660921461878528], [92.990571, 13.667467]]], [[[93.230479, 13.994289], [93.232351, 14.001573], [93.23642, 14.012112], [93.242931, 14.004381], [93.243744, 13.985297], [93.245697, 13.975735], [93.238292, 13.969224], [93.233897, 13.971462], [93.230724, 13.979153], [93.231456, 13.984849], [93.230479, 13.994289]]], [[[93.385997, 14.150865], [93.39031, 14.153754], [93.396007, 14.140448], [93.400157, 14.095649], [93.394786, 14.076361], [93.374848, 14.064683], [93.383311, 14.138373], [93.385997, 14.150865]]], [[[93.703868, 14.904446], [93.724376, 14.913804], [93.724376, 14.90762], [93.716156, 14.890082], [93.704438, 14.870998], [93.69044, 14.8581], [93.675792, 14.859198], [93.686697, 14.872056], [93.693614, 14.888861], [93.703868, 14.904446]]], [[[95.052501, 15.750678], [95.065847, 15.736355], [95.059011, 15.719509], [95.042084, 15.712673], [95.026296, 15.714342], [95.022146, 15.727729], [95.02475, 15.729478], [95.03183, 15.736111], [95.040212, 15.742621], [95.044281, 15.745103], [95.052501, 15.750678]]], [[[94.759288, 15.85224], [94.78004, 15.893948], [94.806814, 15.931098], [94.823253, 15.945787], [94.827973, 15.932156], [94.827973, 15.932034], [94.829845, 15.916449], [94.839366, 15.890082], [94.841563, 15.877427], [94.837413, 15.864407], [94.819102, 15.834703], [94.803722, 15.796576], [94.777843, 15.791571], [94.747895, 15.799465], [94.724864, 15.811957], [94.724864, 15.818793], [94.744802, 15.832709], [94.759288, 15.85224]]], [[[94.479259, 15.949042], [94.478363, 15.942328], [94.468272, 15.930162], [94.446462, 15.912909], [94.436778, 15.900702], [94.440929, 15.885403], [94.433116, 15.869615], [94.410167, 15.83926], [94.40268, 15.83926], [94.40268, 15.846747], [94.417247, 15.871772], [94.40919, 15.907457], [94.382335, 15.969631], [94.389659, 16.000922], [94.417247, 16.018459], [94.452973, 16.033881], [94.485362, 16.058987], [94.495942, 16.075588], [94.510997, 16.107652], [94.518809, 16.120429], [94.549327, 16.148993], [94.611583, 16.221747], [94.642833, 16.24551], [94.66212, 16.221869], [94.667491, 16.171942], [94.654633, 16.121975], [94.629649, 16.075181], [94.5796, 16.013251], [94.569591, 16.005194], [94.553477, 15.997504], [94.499034, 15.98017], [94.484141, 15.971259], [94.478038, 15.966132], [94.478038, 15.958157], [94.479259, 15.949042]]], [[[93.630382, 18.699205], [93.6185, 18.711493], [93.594005, 18.731024], [93.497813, 18.840888], [93.493175, 18.849311], [93.484141, 18.874986], [93.577159, 18.881903], [93.599864, 18.890448], [93.611095, 18.90526], [93.621755, 18.910346], [93.641775, 18.88935], [93.663341, 18.873196], [93.673025, 18.87051], [93.683604, 18.868964], [93.70753, 18.868232], [93.742442, 18.872301], [93.749522, 18.86518], [93.751638, 18.840888], [93.74586, 18.810981], [93.745372, 18.799994], [93.748057, 18.787909], [93.757091, 18.765204], [93.759044, 18.755561], [93.756033, 18.731513], [93.746837, 18.708808], [93.731944, 18.689683], [93.711274, 18.676459], [93.693126, 18.673774], [93.667735, 18.674872], [93.645274, 18.679348], [93.635509, 18.686672], [93.630382, 18.699205]]], [[[93.881033, 19.306871], [93.879161, 19.312201], [93.875173, 19.31391], [93.862804, 19.307766], [93.862804, 19.29975], [93.866384, 19.291083], [93.864919, 19.282864], [93.856944, 19.278876], [93.845551, 19.278022], [93.823578, 19.27912], [93.802745, 19.276679], [93.796886, 19.27851], [93.785655, 19.286566], [93.773774, 19.298774], [93.749848, 19.333319], [93.745372, 19.344916], [93.743175, 19.355455], [93.733409, 19.367865], [93.731212, 19.379055], [93.729991, 19.381741], [93.727794, 19.383734], [93.725352, 19.386868], [93.724376, 19.392727], [93.726736, 19.396674], [93.731944, 19.39643], [93.736664, 19.396959], [93.738048, 19.403266], [93.730479, 19.419257], [93.716319, 19.427395], [93.68336, 19.437445], [93.669119, 19.446479], [93.658946, 19.457506], [93.641775, 19.492011], [93.652192, 19.493313], [93.656586, 19.497382], [93.655528, 19.504096], [93.649181, 19.513129], [93.688162, 19.559475], [93.696951, 19.560289], [93.704926, 19.558295], [93.723643, 19.556383], [93.731212, 19.554104], [93.740489, 19.546698], [93.745372, 19.539211], [93.749278, 19.531317], [93.755382, 19.523017], [93.803071, 19.487372], [93.819998, 19.471503], [93.836599, 19.479397], [93.858084, 19.482489], [93.880219, 19.479193], [93.899262, 19.46776], [93.917735, 19.454006], [93.956228, 19.432522], [93.970714, 19.416938], [93.973643, 19.402737], [93.972341, 19.381822], [93.965831, 19.363023], [93.953949, 19.354885], [93.940196, 19.348619], [93.917166, 19.318305], [93.90089, 19.305406], [93.898936, 19.30329], [93.895518, 19.301174], [93.889415, 19.299628], [93.883556, 19.3015], [93.881033, 19.306871]]], [[[93.461192, 19.919501], [93.464122, 19.913479], [93.470551, 19.905219], [93.484711, 19.897162], [93.49879, 19.88703], [93.505219, 19.872219], [93.50115, 19.825385], [93.505219, 19.807318], [93.516856, 19.777167], [93.518321, 19.761949], [93.511974, 19.745836], [93.456798, 19.788764], [93.440684, 19.81094], [93.406749, 19.920478], [93.402843, 19.95307], [93.422048, 19.951361], [93.442638, 19.938137], [93.45338, 19.928453], [93.461192, 19.919501]]], [[[92.91977, 20.055732], [92.914317, 20.059638], [92.909434, 20.06509], [92.908702, 20.074856], [92.911957, 20.084703], [92.91684, 20.088935], [92.922699, 20.087633], [92.92921, 20.081041], [92.946462, 20.070502], [92.952891, 20.063056], [92.958507, 20.054877], [92.962576, 20.046088], [92.964041, 20.036689], [92.96754, 20.022203], [93.014659, 19.905585], [93.021983, 19.870185], [93.024913, 19.827826], [93.018565, 19.827826], [93.013194, 19.846503], [93.008556, 19.889879], [93.001231, 19.906643], [92.987478, 19.925198], [92.925792, 20.033759], [92.922374, 20.050605], [92.91977, 20.055732]]], [[[91.899181, 21.493842], [91.899669, 21.486029], [91.887706, 21.480129], [91.877126, 21.481024], [91.868419, 21.486762], [91.862559, 21.49494], [91.858246, 21.512641], [91.855235, 21.519477], [91.855479, 21.526679], [91.871104, 21.547675], [91.873709, 21.55801], [91.874034, 21.581855], [91.868907, 21.622219], [91.847911, 21.688788], [91.853526, 21.725816], [91.862966, 21.745592], [91.872325, 21.754828], [91.883311, 21.753892], [91.89796, 21.743313], [91.902843, 21.730292], [91.898204, 21.71483], [91.89088, 21.698961], [91.887706, 21.684963], [91.903331, 21.702867], [91.909516, 21.726793], [91.908376, 21.752183], [91.901215, 21.774319], [91.919119, 21.776842], [91.935557, 21.781155], [91.935883, 21.765123], [91.935557, 21.759996], [91.938731, 21.71483], [91.974864, 21.648749], [91.983897, 21.609198], [91.9817, 21.58808], [91.972423, 21.546088], [91.970225, 21.523586], [91.961111, 21.506171], [91.93922, 21.505357], [91.914073, 21.509467], [91.894542, 21.506781], [91.894542, 21.50141], [91.899181, 21.493842]]], [[[91.867198, 21.931952], [91.871104, 21.92886], [91.872732, 21.925605], [91.874034, 21.91767], [91.886078, 21.880276], [91.887706, 21.866156], [91.884451, 21.850287], [91.870372, 21.824612], [91.862804, 21.789984], [91.841075, 21.735419], [91.83253, 21.725816], [91.823985, 21.742621], [91.839854, 21.825507], [91.83253, 21.876695], [91.836192, 21.89411], [91.843435, 21.906968], [91.867198, 21.931952]]], [[[90.935557, 22.21247], [90.941742, 22.205024], [90.947113, 22.211615], [90.951182, 22.21247], [90.954112, 22.208075], [90.956716, 22.198879], [90.956716, 22.144843], [90.948985, 22.121649], [90.929373, 22.116889], [90.9192, 22.132148], [90.920258, 22.160061], [90.927501, 22.190253], [90.935557, 22.21247]]], [[[90.997813, 22.235093], [90.994802, 22.213813], [90.987804, 22.19538], [90.97641, 22.185777], [90.977061, 22.239203], [90.982921, 22.259182], [90.996918, 22.253485], [90.997813, 22.235093]]], [[[91.093689, 22.118859], [91.082408, 22.101383], [91.063294, 22.089848], [91.038585, 22.091132], [91.022472, 22.094875], [91.011257, 22.102091], [91.005111, 22.116822], [91.033955, 22.14878], [91.052257, 22.175442], [91.059093, 22.192043], [91.068274, 22.240733], [91.06912, 22.31103], [91.074801, 22.38859], [91.092257, 22.391338], [91.126899, 22.374865], [91.148847, 22.357057], [91.15645, 22.332079], [91.171397, 22.319648], [91.181407, 22.283596], [91.181895, 22.260321], [91.186785, 22.227757], [91.170576, 22.197171], [91.160899, 22.182074], [91.154307, 22.169664], [91.141468, 22.146201], [91.120712, 22.130301], [91.106374, 22.121658], [91.093689, 22.118859]]], [[[90.990082, 22.281399], [90.952891, 22.226752], [90.937185, 22.232733], [90.940196, 22.246812], [90.950531, 22.263617], [90.956716, 22.277655], [90.960216, 22.322984], [90.966156, 22.347398], [90.97641, 22.363349], [90.983897, 22.355902], [90.989513, 22.340766], [90.9935, 22.322333], [90.994395, 22.302069], [90.990082, 22.281399]]], [[[90.658702, 22.379543], [90.661143, 22.355902], [90.650157, 22.376166], [90.647472, 22.383775], [90.640391, 22.366034], [90.646739, 22.326077], [90.640147, 22.308743], [90.63502, 22.317613], [90.634044, 22.328355], [90.634288, 22.339545], [90.633311, 22.349677], [90.640147, 22.349677], [90.6338, 22.367621], [90.62615, 22.406968], [90.61964, 22.42475], [90.613617, 22.428616], [90.606944, 22.427436], [90.60141, 22.429185], [90.599132, 22.442125], [90.601573, 22.44831], [90.607595, 22.450344], [90.614431, 22.449042], [90.61964, 22.445258], [90.633149, 22.431627], [90.647716, 22.407213], [90.658702, 22.379543]]], [[[90.691661, 22.007025], [90.682872, 22.003974], [90.670421, 21.997707], [90.657725, 21.992865], [90.647472, 21.994045], [90.639415, 22.016099], [90.651215, 22.044623], [90.669932, 22.074937], [90.681814, 22.102607], [90.625987, 22.027167], [90.610037, 22.024115], [90.603526, 22.044013], [90.607758, 22.072333], [90.618988, 22.101304], [90.633311, 22.123114], [90.622244, 22.145087], [90.631847, 22.182115], [90.673513, 22.266425], [90.678477, 22.282782], [90.681814, 22.301907], [90.681895, 22.360419], [90.687999, 22.377631], [90.679942, 22.407172], [90.677745, 22.426703], [90.681814, 22.439032], [90.681814, 22.445258], [90.670584, 22.463853], [90.658946, 22.5244], [90.647472, 22.548285], [90.631358, 22.561591], [90.574962, 22.598863], [90.558767, 22.602932], [90.553966, 22.639797], [90.556326, 22.674709], [90.578624, 22.757025], [90.58546, 22.768052], [90.596202, 22.775377], [90.613455, 22.781684], [90.631033, 22.785631], [90.650564, 22.787421], [90.660619, 22.757805], [90.671546, 22.72241], [90.684095, 22.694373], [90.701369, 22.661898], [90.715507, 22.638284], [90.731272, 22.620527], [90.746979, 22.596907], [90.754507, 22.548434], [90.76694, 22.517531], [90.790553, 22.495333], [90.834637, 22.458296], [90.855024, 22.434665], [90.835022, 22.339616], [90.836192, 22.178168], [90.827891, 22.152411], [90.77475, 22.075914], [90.757335, 22.061672], [90.75587, 22.065985], [90.750011, 22.075995], [90.727061, 22.053697], [90.717784, 22.048407], [90.691661, 22.007025]]], [[[90.661143, 22.480048], [90.665294, 22.469143], [90.667003, 22.458441], [90.667328, 22.439032], [90.657074, 22.433661], [90.653656, 22.431057], [90.647472, 22.42475], [90.653494, 22.483466], [90.656016, 22.480699], [90.661143, 22.480048]]], [[[91.21083, 22.495521], [91.201017, 22.472196], [91.180244, 22.459239], [91.159533, 22.450674], [91.134163, 22.44948], [91.11371, 22.461415], [91.123562, 22.489146], [91.158619, 22.503423], [91.199988, 22.514694], [91.21083, 22.495521]]], [[[91.563633, 22.435621], [91.555179, 22.402031], [91.507519, 22.396797], [91.476052, 22.413317], [91.446517, 22.453242], [91.429658, 22.493003], [91.423786, 22.525302], [91.446765, 22.576304], [91.467557, 22.58631], [91.556361, 22.47821], [91.563633, 22.435621]]], [[[90.588715, 22.962063], [90.584727, 22.960395], [90.581228, 22.956529], [90.57252, 22.95303], [90.561697, 22.951565], [90.534516, 22.951239], [90.524099, 22.95303], [90.508067, 22.975775], [90.528005, 23.007636], [90.56129, 23.03262], [90.586192, 23.034898], [90.60727, 23.018134], [90.645356, 22.97484], [90.667328, 22.959174], [90.667328, 22.95303], [90.641612, 22.952297], [90.633311, 22.95303], [90.644705, 22.94599], [90.654633, 22.937323], [90.662364, 22.927802], [90.667328, 22.918199], [90.636241, 22.921332], [90.627126, 22.925035], [90.61964, 22.932522], [90.607677, 22.952582], [90.599132, 22.959174], [90.588715, 22.962063]]], [[[100.378673, -3.272393], [100.377615, -3.268162], [100.378673, -3.248712], [100.376231, -3.241143], [100.370372, -3.239516], [100.363617, -3.239841], [100.358246, -3.238214], [100.336925, -3.222589], [100.330414, -3.212986], [100.330333, -3.197361], [100.337169, -3.197361], [100.339203, -3.20322], [100.342459, -3.207696], [100.347341, -3.210545], [100.354503, -3.211521], [100.360199, -3.207452], [100.355805, -3.198337], [100.344005, -3.183526], [100.337657, -3.161554], [100.337169, -3.152927], [100.343516, -3.136407], [100.345225, -3.12656], [100.292328, -3.077081], [100.277354, -3.072931], [100.259288, -3.073175], [100.24822, -3.069431], [100.254649, -3.053318], [100.244151, -3.044041], [100.213227, -3.006931], [100.206798, -2.994887], [100.203624, -2.983819], [100.189464, -2.966567], [100.18629, -2.953871], [100.188487, -2.941664], [100.197765, -2.929295], [100.199962, -2.919854], [100.19752, -2.896254], [100.179454, -2.827325], [100.178966, -2.802911], [100.189138, -2.791192], [100.227306, -2.772638], [100.240245, -2.778253], [100.249034, -2.784356], [100.255382, -2.791436], [100.275076, -2.820489], [100.281505, -2.826104], [100.286388, -2.828709], [100.290863, -2.830662], [100.296153, -2.834161], [100.35434, -2.894464], [100.385102, -2.914646], [100.415863, -2.965916], [100.46754, -3.015313], [100.471446, -3.037856], [100.472016, -3.05169], [100.46754, -3.06699], [100.473318, -3.087172], [100.472911, -3.113946], [100.464529, -3.132501], [100.447032, -3.128351], [100.437185, -3.134373], [100.426524, -3.136407], [100.415863, -3.134373], [100.406016, -3.128351], [100.386404, -3.143813], [100.380707, -3.15252], [100.388682, -3.156345], [100.40211, -3.158868], [100.403168, -3.16546], [100.399425, -3.174249], [100.398611, -3.183526], [100.411632, -3.213474], [100.426524, -3.238214], [100.46697, -3.287286], [100.478282, -3.315199], [100.460704, -3.334405], [100.448253, -3.325372], [100.429373, -3.303155], [100.418956, -3.29339], [100.407888, -3.286879], [100.386078, -3.27752], [100.378673, -3.272393]]], [[[100.089854, -2.824395], [100.066661, -2.815525], [100.049653, -2.806817], [100.04477, -2.820896], [100.038341, -2.833754], [100.029307, -2.840102], [100.015636, -2.834161], [100.007823, -2.819513], [100.007009, -2.781915], [100.001313, -2.765313], [99.986827, -2.767185], [99.988455, -2.744887], [100.001313, -2.6867], [100.000499, -2.658868], [99.996267, -2.638767], [99.986013, -2.624688], [99.967133, -2.615004], [99.975759, -2.603448], [99.975597, -2.594903], [99.967133, -2.580255], [99.961436, -2.559015], [99.960948, -2.552911], [99.967296, -2.514907], [99.97462, -2.49391], [99.984141, -2.484633], [100.00294, -2.490899], [100.013682, -2.504815], [100.021739, -2.518731], [100.0324, -2.525079], [100.087087, -2.576267], [100.107595, -2.600274], [100.117442, -2.608168], [100.15211, -2.618585], [100.166677, -2.627862], [100.172618, -2.645766], [100.177989, -2.655938], [100.201427, -2.678155], [100.206798, -2.693536], [100.209727, -2.707696], [100.21518, -2.723565], [100.218598, -2.739353], [100.21518, -2.752862], [100.204112, -2.759942], [100.172374, -2.765558], [100.158946, -2.772638], [100.151378, -2.784845], [100.145193, -2.81113], [100.13852, -2.820489], [100.115245, -2.827895], [100.089854, -2.824395]]], [[[99.779959, -2.337009], [99.772146, -2.32822], [99.761729, -2.320896], [99.749766, -2.318048], [99.725108, -2.317071], [99.71339, -2.313409], [99.699229, -2.300877], [99.687022, -2.284926], [99.671723, -2.271254], [99.648448, -2.265558], [99.61085, -2.267185], [99.603526, -2.265558], [99.60255, -2.253025], [99.611583, -2.242771], [99.616466, -2.233575], [99.603526, -2.224054], [99.597667, -2.229099], [99.593923, -2.227797], [99.591482, -2.221368], [99.589854, -2.211033], [99.583018, -2.211033], [99.576182, -2.224054], [99.567719, -2.215102], [99.555675, -2.183038], [99.531261, -2.155938], [99.52768, -2.14544], [99.531016, -2.13421], [99.538422, -2.131768], [99.552257, -2.135349], [99.564464, -2.131117], [99.562266, -2.121677], [99.548839, -2.10117], [99.54835, -2.061456], [99.564952, -2.030857], [99.594005, -2.014825], [99.631358, -2.018487], [99.643321, -2.028416], [99.651866, -2.042087], [99.662852, -2.054295], [99.682628, -2.059503], [99.694347, -2.067804], [99.700531, -2.087498], [99.707205, -2.127699], [99.721365, -2.159112], [99.775401, -2.237563], [99.77589, -2.242446], [99.774262, -2.254327], [99.775401, -2.258722], [99.778819, -2.261651], [99.785818, -2.263442], [99.814626, -2.284356], [99.823253, -2.292901], [99.84962, -2.333917], [99.858735, -2.356866], [99.857921, -2.37477], [99.857921, -2.367364], [99.853363, -2.377618], [99.846202, -2.38006], [99.839692, -2.375258], [99.833344, -2.352309], [99.824555, -2.347589], [99.799571, -2.347426], [99.788097, -2.344415], [99.779959, -2.337009]]], [[[99.25408, -1.787774], [99.256684, -1.786391], [99.272797, -1.791681], [99.286876, -1.801609], [99.288341, -1.804783], [99.290212, -1.813897], [99.289073, -1.819024], [99.292491, -1.820896], [99.293386, -1.822931], [99.290863, -1.828953], [99.287446, -1.83351], [99.265066, -1.83408], [99.249522, -1.843438], [99.239838, -1.844252], [99.239838, -1.840183], [99.260346, -1.813246], [99.260834, -1.798191], [99.25408, -1.787774]]], [[[99.245372, -1.715509], [99.255056, -1.756036], [99.254893, -1.772068], [99.244151, -1.778985], [99.230805, -1.777032], [99.208181, -1.770603], [99.18214, -1.773696], [99.164561, -1.778416], [99.148204, -1.785821], [99.134288, -1.796075], [99.1185, -1.802341], [99.100597, -1.799412], [98.985688, -1.740004], [98.960134, -1.713067], [98.898692, -1.687758], [98.884776, -1.679376], [98.843028, -1.62127], [98.838145, -1.617852], [98.826427, -1.612481], [98.822602, -1.607599], [98.830333, -1.570245], [98.811697, -1.528985], [98.651378, -1.298517], [98.635509, -1.289646], [98.63087, -1.284845], [98.630056, -1.280206], [98.631602, -1.26922], [98.63087, -1.264418], [98.61378, -1.229181], [98.606944, -1.220392], [98.593761, -1.198419], [98.597911, -1.176935], [98.624034, -1.134698], [98.642833, -1.093927], [98.648936, -1.072035], [98.651378, -1.049005], [98.64975, -1.004327], [98.651622, -0.982029], [98.658214, -0.963474], [98.668468, -0.95436], [98.684825, -0.948012], [98.704112, -0.944106], [98.723643, -0.942966], [98.737966, -0.945733], [98.769054, -0.956476], [98.788585, -0.956638], [98.803233, -0.949802], [98.827485, -0.927179], [98.840017, -0.922459], [98.882823, -0.913181], [98.898204, -0.915704], [98.891612, -0.935479], [98.917979, -0.940118], [98.937511, -0.960056], [98.945811, -0.984633], [98.939301, -1.003676], [98.932384, -0.99684], [98.924815, -0.992446], [98.916026, -0.990492], [98.905284, -0.990655], [98.912934, -1.006117], [98.921886, -1.017511], [98.929454, -1.029962], [98.932465, -1.049005], [98.938324, -1.065118], [98.952403, -1.075453], [98.96811, -1.083673], [98.980317, -1.093683], [98.989268, -1.111098], [99.00172, -1.144708], [99.010997, -1.158868], [99.026622, -1.174249], [99.032563, -1.18255], [99.034923, -1.192804], [99.036388, -1.205499], [99.040375, -1.210138], [99.047048, -1.2138], [99.064301, -1.234552], [99.067638, -1.241388], [99.069591, -1.251397], [99.065196, -1.251886], [99.057384, -1.261489], [99.053071, -1.272638], [99.059093, -1.278009], [99.077647, -1.28338], [99.087413, -1.296808], [99.096446, -1.332696], [99.11671, -1.366632], [99.144054, -1.389093], [99.164724, -1.414239], [99.165294, -1.456231], [99.155772, -1.451267], [99.130544, -1.428888], [99.124278, -1.428888], [99.130626, -1.448175], [99.145844, -1.469415], [99.178884, -1.504571], [99.188243, -1.510349], [99.197032, -1.512872], [99.203624, -1.517267], [99.206309, -1.528904], [99.206309, -1.556085], [99.209727, -1.572931], [99.219412, -1.579767], [99.233653, -1.580824], [99.251231, -1.580336], [99.262055, -1.586684], [99.272472, -1.601821], [99.278087, -1.62005], [99.274425, -1.634942], [99.286876, -1.653741], [99.294281, -1.686212], [99.292003, -1.718927], [99.274425, -1.73797], [99.261485, -1.669692], [99.254161, -1.654474], [99.226736, -1.614435], [99.214041, -1.62363], [99.208751, -1.625746], [99.200043, -1.628106], [99.210785, -1.63893], [99.245372, -1.715509]]], [[[98.491384, -0.553888], [98.489106, -0.550714], [98.486827, -0.545587], [98.479259, -0.553155], [98.473481, -0.556736], [98.467459, -0.556085], [98.458995, -0.551853], [98.467784, -0.538832], [98.462087, -0.529474], [98.447927, -0.5263], [98.431651, -0.531996], [98.425548, -0.54339], [98.421886, -0.561782], [98.420421, -0.579034], [98.422048, -0.586602], [98.39031, -0.577081], [98.316742, -0.535089], [98.275157, -0.52516], [98.28419, -0.521742], [98.295095, -0.51336], [98.302013, -0.510919], [98.31186, -0.511977], [98.329275, -0.518731], [98.336111, -0.517755], [98.342133, -0.50628], [98.364024, -0.44199], [98.365977, -0.422052], [98.362641, -0.380141], [98.364024, -0.36004], [98.368907, -0.349216], [98.389415, -0.320896], [98.398123, -0.31227], [98.405447, -0.308852], [98.413422, -0.306736], [98.420665, -0.303806], [98.425466, -0.298598], [98.426117, -0.288181], [98.41863, -0.257582], [98.42921, -0.243829], [98.440684, -0.246515], [98.451182, -0.258396], [98.493419, -0.329197], [98.507335, -0.364923], [98.500499, -0.387384], [98.510265, -0.403741], [98.51238, -0.422947], [98.5088, -0.44256], [98.501964, -0.460545], [98.504568, -0.473565], [98.501638, -0.486098], [98.495128, -0.49863], [98.486827, -0.510919], [98.49643, -0.520929], [98.502696, -0.535414], [98.504405, -0.551202], [98.500499, -0.565606], [98.493663, -0.565606], [98.492931, -0.557875], [98.491384, -0.553888]]], [[[98.541515, -0.381117], [98.512462, -0.319024], [98.405528, -0.168227], [98.389985, -0.140395], [98.363292, -0.074395], [98.343516, -0.044732], [98.331879, -0.036798], [98.315929, -0.028334], [98.301768, -0.018731], [98.295665, -0.007257], [98.304454, -0.001723], [98.324962, 0.003974], [98.364024, 0.010484], [98.406098, -0.007379], [98.44337, -0.052016], [98.469981, -0.107517], [98.479991, -0.15838], [98.497325, -0.199802], [98.532237, -0.239353], [98.559825, -0.278253], [98.555186, -0.318536], [98.555186, -0.31227], [98.551768, -0.322198], [98.543224, -0.33408], [98.541515, -0.343032], [98.542654, -0.354181], [98.547862, -0.369236], [98.549001, -0.381117], [98.541515, -0.381117]]], [[[98.208425, -0.130466], [98.189626, -0.14544], [98.182791, -0.128025], [98.187999, -0.114841], [98.198253, -0.109308], [98.208425, -0.130466]]], [[[97.894705, -0.080987], [97.89267, -0.090265], [97.881196, -0.089695], [97.868582, -0.082981], [97.859304, -0.080336], [97.849783, -0.06992], [97.84075, -0.067315], [97.847992, -0.058445], [97.871674, -0.050185], [97.879324, -0.049859], [97.884369, -0.053888], [97.894705, -0.080987]]], [[[98.802151, 0.086636], [98.763256, 0.086648], [98.726125, 0.074285], [98.689004, 0.070775], [98.650123, 0.079622], [98.620081, 0.086703], [98.575883, 0.08675], [98.53874, 0.090335], [98.528133, 0.111576], [98.524601, 0.145197], [98.547597, 0.159327], [98.590049, 0.171656], [98.625416, 0.175154], [98.673149, 0.169812], [98.717352, 0.17512], [98.743868, 0.166266], [98.766855, 0.166261], [98.805744, 0.160916], [98.835799, 0.141469], [98.851685, 0.109621], [98.844589, 0.084859], [98.802151, 0.086636]]], [[[97.882986, 0.642971], [97.874278, 0.622016], [97.827159, 0.56269], [97.819347, 0.558539], [97.809255, 0.560289], [97.800304, 0.565497], [97.774262, 0.585191], [97.764171, 0.567572], [97.752289, 0.568345], [97.72641, 0.585191], [97.725271, 0.580756], [97.715343, 0.574449], [97.704112, 0.57274], [97.696137, 0.586371], [97.69044, 0.59162], [97.683849, 0.596137], [97.678722, 0.598863], [97.690929, 0.624213], [97.683849, 0.643052], [97.668956, 0.658759], [97.658214, 0.674628], [97.657481, 0.687242], [97.65919, 0.715399], [97.654552, 0.72606], [97.647716, 0.736314], [97.633067, 0.769477], [97.630382, 0.780748], [97.61378, 0.823554], [97.574392, 0.860907], [97.486339, 0.914211], [97.491873, 0.93301], [97.47934, 0.943427], [97.457367, 0.947984], [97.435069, 0.94892], [97.395356, 0.944892], [97.388845, 0.952094], [97.389985, 0.976264], [97.387706, 1.018785], [97.371593, 1.05976], [97.321788, 1.140774], [97.312266, 1.166938], [97.308279, 1.174872], [97.298839, 1.183254], [97.287852, 1.190823], [97.278575, 1.199693], [97.271332, 1.222235], [97.256847, 1.235012], [97.253591, 1.246894], [97.25172, 1.259223], [97.247244, 1.267035], [97.240571, 1.272406], [97.233084, 1.277289], [97.222911, 1.281887], [97.212657, 1.284329], [97.202159, 1.288316], [97.19158, 1.297756], [97.185802, 1.307766], [97.175955, 1.331855], [97.168224, 1.342841], [97.128429, 1.382636], [97.10727, 1.397773], [97.082286, 1.40762], [97.082286, 1.405341], [97.068614, 1.394599], [97.06365, 1.415229], [97.080414, 1.429145], [97.106944, 1.436021], [97.130626, 1.435533], [97.139496, 1.432196], [97.150727, 1.42593], [97.160655, 1.41828], [97.164806, 1.410712], [97.169688, 1.415961], [97.181407, 1.416449], [97.205821, 1.413804], [97.23585, 1.416693], [97.257823, 1.423651], [97.277354, 1.436225], [97.321056, 1.474066], [97.33074, 1.486558], [97.334809, 1.500149], [97.331798, 1.527818], [97.33546, 1.537665], [97.349783, 1.545396], [97.374522, 1.518541], [97.391612, 1.508938], [97.407481, 1.514065], [97.416759, 1.519232], [97.424327, 1.514879], [97.437999, 1.495266], [97.438975, 1.484605], [97.441661, 1.479682], [97.447276, 1.476874], [97.459972, 1.477973], [97.470388, 1.475653], [97.4817, 1.477444], [97.486339, 1.476549], [97.487804, 1.47309], [97.491466, 1.459784], [97.493175, 1.456041], [97.516856, 1.431789], [97.524181, 1.428127], [97.528087, 1.422919], [97.533539, 1.399848], [97.539887, 1.39057], [97.592133, 1.339911], [97.604747, 1.322333], [97.616547, 1.280911], [97.693614, 1.186021], [97.712657, 1.172675], [97.757335, 1.163886], [97.776541, 1.155097], [97.792247, 1.143988], [97.802257, 1.133287], [97.819021, 1.109931], [97.826427, 1.096259], [97.829438, 1.082099], [97.836274, 1.069973], [97.852794, 1.065009], [97.872813, 1.062486], [97.890391, 1.058173], [97.90447, 1.044013], [97.922211, 1.00434], [97.928477, 0.99608], [97.93922, 0.98607], [97.934418, 0.963609], [97.917735, 0.927883], [97.917735, 0.934638], [97.901378, 0.905951], [97.898285, 0.875312], [97.904063, 0.814887], [97.901866, 0.800727], [97.892589, 0.777045], [97.884532, 0.718207], [97.882986, 0.642971]]], [[[98.430186, 1.676459], [98.434825, 1.691962], [98.445649, 1.704332], [98.462657, 1.709296], [98.477061, 1.703599], [98.488129, 1.690497], [98.504161, 1.664944], [98.521007, 1.655585], [98.531098, 1.661444], [98.540538, 1.673407], [98.555186, 1.682034], [98.570974, 1.673082], [98.590668, 1.651923], [98.599132, 1.631985], [98.581065, 1.626776], [98.559906, 1.623603], [98.528819, 1.623236], [98.497569, 1.627265], [98.464854, 1.644192], [98.451834, 1.646226], [98.439952, 1.649848], [98.431651, 1.661526], [98.430186, 1.676459]]], [[[100.192719, 5.267646], [100.189708, 5.266506], [100.184337, 5.268541], [100.180024, 5.273342], [100.178966, 5.277981], [100.192719, 5.285956], [100.196137, 5.299994], [100.191173, 5.352525], [100.193126, 5.399319], [100.190929, 5.408433], [100.18629, 5.416205], [100.181651, 5.422349], [100.179454, 5.426907], [100.181651, 5.436591], [100.185232, 5.444281], [100.185883, 5.451117], [100.179454, 5.458197], [100.192068, 5.462958], [100.197113, 5.457261], [100.201182, 5.448472], [100.210623, 5.443996], [100.218598, 5.446723], [100.224457, 5.452948], [100.22934, 5.459906], [100.234711, 5.464504], [100.253754, 5.469062], [100.274099, 5.468492], [100.293305, 5.462592], [100.309825, 5.450751], [100.318533, 5.435289], [100.333995, 5.426947], [100.343435, 5.417629], [100.325206, 5.383287], [100.320811, 5.34455], [100.316661, 5.326646], [100.292247, 5.280463], [100.288748, 5.262681], [100.234711, 5.272691], [100.194998, 5.272284], [100.193614, 5.270087], [100.192719, 5.267646]]], [[[99.826428, 6.190675], [99.816953, 6.176528], [99.805596, 6.171793], [99.789523, 6.185876], [99.784059, 6.201119], [99.77471, 6.204017], [99.767234, 6.223804], [99.786292, 6.241822], [99.800442, 6.272811], [99.823922, 6.282136], [99.836978, 6.294227], [99.839782, 6.277297], [99.832318, 6.268915], [99.824859, 6.25772], [99.824962, 6.245592], [99.823253, 6.239081], [99.823812, 6.222867], [99.830233, 6.205753], [99.826428, 6.190675]]], [[[99.807307, 6.317532], [99.79177, 6.298457], [99.778032, 6.282973], [99.761664, 6.282843], [99.748949, 6.270183], [99.736673, 6.264571], [99.728735, 6.261476], [99.715458, 6.310058], [99.722132, 6.327483], [99.719044, 6.353231], [99.702807, 6.358625], [99.676838, 6.363974], [99.658702, 6.362616], [99.650076, 6.376695], [99.646007, 6.394192], [99.645228, 6.435841], [99.669444, 6.426886], [99.688751, 6.435305], [99.721371, 6.434152], [99.736478, 6.423984], [99.770927, 6.419842], [99.785996, 6.422854], [99.802249, 6.43605], [99.814292, 6.454037], [99.823951, 6.454646], [99.839203, 6.45482], [99.834483, 6.463284], [99.832774, 6.470852], [99.842029, 6.469639], [99.851085, 6.465644], [99.858897, 6.443793], [99.866466, 6.429674], [99.878266, 6.419745], [99.898936, 6.410346], [99.897594, 6.402047], [99.904796, 6.397773], [99.913341, 6.390204], [99.90903, 6.378068], [99.900617, 6.364304], [99.910865, 6.348726], [99.914477, 6.339711], [99.91627, 6.331529], [99.906103, 6.326067], [99.891694, 6.321945], [99.883162, 6.312731], [99.870508, 6.304924], [99.865692, 6.290527], [99.849418, 6.300712], [99.844586, 6.324686], [99.825333, 6.324099], [99.807307, 6.317532]]], [[[99.314301, 6.566474], [99.314708, 6.563544], [99.315929, 6.560899], [99.321788, 6.556545], [99.325125, 6.551418], [99.325206, 6.536811], [99.322927, 6.524848], [99.315929, 6.513821], [99.30893, 6.510688], [99.296886, 6.508368], [99.286794, 6.515448], [99.274181, 6.565579], [99.279877, 6.573188], [99.289724, 6.572943], [99.314301, 6.566474]]], [[[99.206309, 6.574856], [99.239268, 6.576809], [99.247813, 6.574856], [99.260265, 6.565823], [99.257579, 6.56094], [99.247325, 6.557034], [99.217296, 6.536933], [99.194835, 6.533108], [99.174001, 6.539008], [99.158458, 6.554389], [99.176443, 6.550198], [99.186046, 6.559394], [99.195567, 6.571234], [99.213715, 6.574856], [99.206309, 6.574856]]], [[[99.623546, 6.651068], [99.623871, 6.657416], [99.629242, 6.663642], [99.636404, 6.666897], [99.642426, 6.671332], [99.64503, 6.681057], [99.646495, 6.699368], [99.650645, 6.71776], [99.656993, 6.723822], [99.680512, 6.672919], [99.68029, 6.624039], [99.696044, 6.587453], [99.704438, 6.558295], [99.703298, 6.544379], [99.699718, 6.533271], [99.692638, 6.528144], [99.683604, 6.526842], [99.675792, 6.524563], [99.672374, 6.516547], [99.67213, 6.50731], [99.670421, 6.501451], [99.66627, 6.497016], [99.658702, 6.492336], [99.646821, 6.50967], [99.634148, 6.552055], [99.600271, 6.583441], [99.603038, 6.596991], [99.613943, 6.608832], [99.623871, 6.622707], [99.625987, 6.632799], [99.623546, 6.651068]]], [[[99.845225, 6.72842], [99.857188, 6.736274], [99.862559, 6.726264], [99.867524, 6.710028], [99.852061, 6.706936], [99.842133, 6.711778], [99.845225, 6.72842]]], [[[99.583914, 7.11164], [99.593923, 7.107571], [99.596039, 7.104153], [99.599783, 7.103705], [99.608002, 7.095649], [99.61671, 7.084174], [99.611095, 7.079495], [99.587983, 7.088202], [99.574311, 7.090684], [99.567475, 7.100613], [99.560476, 7.110216], [99.557791, 7.118883], [99.566417, 7.120673], [99.575531, 7.113105], [99.583914, 7.11164]]], [[[99.385509, 7.27558], [99.405447, 7.266303], [99.419119, 7.256578], [99.445811, 7.250922], [99.453868, 7.239], [99.440603, 7.24022], [99.428233, 7.239], [99.417247, 7.235338], [99.408865, 7.229397], [99.394298, 7.205471], [99.383311, 7.194078], [99.378184, 7.201809], [99.377778, 7.252346], [99.385509, 7.27558]]], [[[99.028087, 7.571723], [99.029063, 7.606187], [99.02711, 7.62287], [99.020681, 7.636868], [99.023204, 7.639106], [99.024425, 7.639838], [99.025645, 7.640937], [99.028087, 7.644273], [99.034923, 7.644273], [99.065684, 7.615058], [99.075857, 7.608954], [99.075938, 7.573228], [99.086111, 7.536526], [99.10141, 7.503567], [99.117442, 7.479193], [99.099946, 7.467231], [99.077159, 7.480292], [99.05714, 7.504055], [99.031261, 7.561916], [99.028087, 7.571723]]], [[[98.380544, 7.606106], [98.37615, 7.599595], [98.372325, 7.593899], [98.364187, 7.585842], [98.35906, 7.585842], [98.360932, 7.605496], [98.365896, 7.611111], [98.368582, 7.612942], [98.375418, 7.613064], [98.37908, 7.615139], [98.380544, 7.606106]]], [[[99.075206, 7.619127], [99.069591, 7.622545], [99.044607, 7.663398], [99.067068, 7.675198], [99.104503, 7.669379], [99.124278, 7.657375], [99.127452, 7.644355], [99.127452, 7.62519], [99.124034, 7.606838], [99.117442, 7.595893], [99.108735, 7.594184], [99.099864, 7.596625], [99.093028, 7.601264], [99.09018, 7.605862], [99.087657, 7.612047], [99.081879, 7.616034], [99.075206, 7.619127]]], [[[98.941498, 7.836046], [98.937836, 7.838039], [98.937348, 7.842068], [98.940603, 7.848497], [98.944835, 7.852688], [98.947602, 7.853013], [98.951508, 7.854885], [98.96575, 7.852118], [98.978038, 7.843329], [98.979666, 7.836127], [98.983653, 7.835354], [98.990977, 7.836859], [98.996104, 7.835069], [98.997244, 7.832221], [98.99643, 7.820746], [98.993663, 7.816636], [98.989024, 7.814724], [98.986176, 7.811306], [98.986176, 7.805162], [98.990489, 7.798082], [98.99171, 7.787828], [98.986339, 7.784084], [98.945404, 7.834947], [98.941498, 7.836046]]], [[[98.343923, 7.832913], [98.336111, 7.811265], [98.33253, 7.785956], [98.32309, 7.770941], [98.309093, 7.767727], [98.29184, 7.777493], [98.286632, 7.791693], [98.281423, 7.855943], [98.27768, 7.86343], [98.27296, 7.870673], [98.269054, 7.879136], [98.267751, 7.890082], [98.271983, 7.893459], [98.28004, 7.896918], [98.28533, 7.903754], [98.281423, 7.917426], [98.275727, 7.921047], [98.257986, 7.926418], [98.254161, 7.92829], [98.258637, 7.9383], [98.267589, 7.946275], [98.274099, 7.953681], [98.271495, 7.962104], [98.265961, 7.973782], [98.27003, 7.983954], [98.277599, 7.993557], [98.281423, 8.003079], [98.280447, 8.014228], [98.276134, 8.03384], [98.274425, 8.069322], [98.275157, 8.07567], [98.277599, 8.083157], [98.28533, 8.098863], [98.288259, 8.109198], [98.290212, 8.130113], [98.28891, 8.151801], [98.281423, 8.191799], [98.285981, 8.191148], [98.289073, 8.189683], [98.295665, 8.184963], [98.302908, 8.188056], [98.311534, 8.185533], [98.320811, 8.179104], [98.330089, 8.170478], [98.335704, 8.15644], [98.343516, 8.109198], [98.34962, 8.109198], [98.360118, 8.118842], [98.373709, 8.110907], [98.389171, 8.095445], [98.405528, 8.082506], [98.412852, 8.094306], [98.422618, 8.099311], [98.43214, 8.095933], [98.439138, 8.082506], [98.438487, 8.065741], [98.431895, 8.049791], [98.41863, 8.027289], [98.417735, 8.01911], [98.419932, 8.001044], [98.41863, 7.99315], [98.414317, 7.988918], [98.408214, 7.985663], [98.402192, 7.981024], [98.398123, 7.972642], [98.397472, 7.955024], [98.401541, 7.935777], [98.408946, 7.917711], [98.41863, 7.903754], [98.421886, 7.908433], [98.427989, 7.913235], [98.431651, 7.917426], [98.439626, 7.901923], [98.439789, 7.886623], [98.431814, 7.874945], [98.399669, 7.864569], [98.395356, 7.850491], [98.398123, 7.815009], [98.362315, 7.832424], [98.343923, 7.832913]]], [[[98.562836, 7.978095], [98.563243, 7.986314], [98.568044, 7.993354], [98.574555, 7.994127], [98.580414, 7.996161], [98.583018, 8.006781], [98.582286, 8.015367], [98.5796, 8.024563], [98.574392, 8.031806], [98.565929, 8.034735], [98.554861, 8.036933], [98.551117, 8.042548], [98.549815, 8.050116], [98.536876, 8.071194], [98.531016, 8.088568], [98.528168, 8.107082], [98.528494, 8.123481], [98.53297, 8.119452], [98.536306, 8.115139], [98.540538, 8.104926], [98.540375, 8.105618], [98.586925, 8.079291], [98.602387, 8.063463], [98.610362, 8.034735], [98.611827, 7.926093], [98.603526, 7.903754], [98.588227, 7.904934], [98.577322, 7.919623], [98.570811, 7.939358], [98.567556, 7.963365], [98.562836, 7.978095]]], [[[98.624034, 8.191799], [98.632091, 8.189765], [98.635753, 8.185533], [98.637055, 8.179348], [98.637543, 8.171291], [98.62143, 8.102525], [98.62086, 8.089993], [98.587657, 8.101752], [98.5796, 8.106147], [98.570079, 8.118883], [98.574718, 8.124986], [98.59669, 8.130316], [98.592296, 8.146796], [98.601817, 8.161566], [98.615896, 8.176174], [98.624034, 8.191799]]], [[[97.634776, 8.656684], [97.6421, 8.662462], [97.645437, 8.659369], [97.644623, 8.642198], [97.647716, 8.614814], [97.632742, 8.639431], [97.628754, 8.654202], [97.634776, 8.656684]]], [[[98.252208, 8.997016], [98.260916, 9.012926], [98.279307, 9.009345], [98.288422, 9.004462], [98.299083, 8.997382], [98.310883, 8.978176], [98.306977, 8.957913], [98.293956, 8.934638], [98.270518, 8.877183], [98.261567, 8.878567], [98.253103, 8.897854], [98.250987, 8.918443], [98.255707, 8.939765], [98.25587, 8.966376], [98.252208, 8.997016]]], [[[98.248383, 9.143378], [98.24822, 9.150092], [98.250824, 9.154039], [98.260916, 9.158149], [98.273285, 9.15998], [98.282237, 9.156724], [98.295665, 9.145168], [98.307872, 9.133002], [98.317393, 9.117133], [98.322765, 9.097968], [98.323009, 9.076239], [98.302013, 9.055162], [98.309337, 9.048977], [98.294444, 9.041571], [98.274181, 9.035956], [98.254242, 9.036811], [98.240489, 9.048977], [98.240001, 9.06269], [98.248383, 9.143378]]], [[[98.297374, 9.197252], [98.294607, 9.191962], [98.281098, 9.176052], [98.269786, 9.16828], [98.265147, 9.175605], [98.265961, 9.196601], [98.271495, 9.201931], [98.306163, 9.257514], [98.314464, 9.257595], [98.318451, 9.24905], [98.308767, 9.229641], [98.296886, 9.216254], [98.293793, 9.207953], [98.294607, 9.202623], [98.297374, 9.197252]]], [[[97.835297, 9.412055], [97.837738, 9.419338], [97.843598, 9.424954], [97.850841, 9.428371], [97.85727, 9.428697], [97.868419, 9.420396], [97.874685, 9.405707], [97.87615, 9.390204], [97.871837, 9.379584], [97.840017, 9.404283], [97.835297, 9.412055]]], [[[97.869965, 9.425238], [97.84962, 9.442125], [97.853282, 9.461371], [97.871837, 9.473049], [97.895274, 9.467353], [97.899425, 9.461127], [97.900157, 9.45307], [97.898204, 9.444973], [97.894786, 9.438707], [97.886974, 9.438218], [97.877208, 9.442084], [97.869884, 9.440741], [97.869965, 9.425238]]], [[[100.02589, 9.429145], [100.019298, 9.425727], [100.011567, 9.425482], [100.003591, 9.426215], [99.956309, 9.421617], [99.946625, 9.418199], [99.940766, 9.437486], [99.936697, 9.474555], [99.92628, 9.493964], [99.941173, 9.511868], [99.939626, 9.53026], [99.931163, 9.54857], [99.92628, 9.565985], [99.93629, 9.577704], [99.959483, 9.580756], [99.984711, 9.579006], [100.043712, 9.564154], [100.062348, 9.567369], [100.07016, 9.586412], [100.075857, 9.585028], [100.085948, 9.57453], [100.090668, 9.56094], [100.080089, 9.549994], [100.071788, 9.521674], [100.068614, 9.489814], [100.060883, 9.463813], [100.031993, 9.450181], [100.029633, 9.443549], [100.028819, 9.435696], [100.02589, 9.429145]]], [[[99.698741, 9.542222], [99.703461, 9.521308], [99.681488, 9.512885], [99.668142, 9.519192], [99.698741, 9.542222]]], [[[99.675304, 9.624457], [99.678233, 9.624091], [99.680186, 9.622545], [99.681814, 9.620836], [99.684255, 9.620022], [99.680431, 9.612209], [99.678071, 9.610419], [99.676768, 9.614569], [99.675304, 9.624457]]], [[[97.968435, 9.597805], [97.962576, 9.624579], [97.958832, 9.623358], [97.95574, 9.629136], [97.96046, 9.638414], [97.975271, 9.633938], [97.977387, 9.624742], [97.978363, 9.613634], [97.968435, 9.597805]]], [[[99.983572, 9.791938], [99.987641, 9.801825], [99.997895, 9.797268], [100.007823, 9.796373], [100.026134, 9.797756], [100.035411, 9.7956], [100.067231, 9.775621], [100.079275, 9.742418], [100.090099, 9.665269], [100.078624, 9.673814], [100.054047, 9.68773], [99.999197, 9.710354], [99.987641, 9.719916], [99.993337, 9.731676], [99.989919, 9.742906], [99.970551, 9.764594], [99.970714, 9.771226], [99.983572, 9.791938]]], [[[98.398123, 9.706244], [98.384939, 9.727932], [98.389659, 9.742418], [98.40211, 9.755845], [98.411632, 9.774563], [98.411632, 9.768297], [98.417817, 9.747056], [98.416677, 9.733466], [98.398123, 9.706244]]], [[[98.015391, 9.826402], [98.030284, 9.833401], [98.046072, 9.827948], [98.056895, 9.814358], [98.057465, 9.796861], [98.037608, 9.790717], [98.018321, 9.794908], [98.008067, 9.80744], [98.015391, 9.826402]]], [[[98.435069, 9.823432], [98.43686, 9.827297], [98.439382, 9.827012], [98.44394, 9.830471], [98.445486, 9.843288], [98.442393, 9.84988], [98.440115, 9.854641], [98.445323, 9.861151], [98.448171, 9.861884], [98.451996, 9.870103], [98.46225, 9.859402], [98.46754, 9.85753], [98.474457, 9.858303], [98.466075, 9.838935], [98.469656, 9.82746], [98.469412, 9.8192], [98.465831, 9.81269], [98.461192, 9.815172], [98.456879, 9.787095], [98.450043, 9.797146], [98.442475, 9.795885], [98.436941, 9.802191], [98.434337, 9.814643], [98.435069, 9.823432]]], [[[98.243907, 9.96011], [98.227794, 9.954006], [98.193533, 9.931464], [98.178966, 9.932807], [98.175466, 9.921454], [98.170909, 9.912258], [98.168468, 9.904608], [98.17156, 9.898098], [98.145763, 9.856838], [98.133474, 9.845608], [98.131196, 9.864488], [98.120616, 9.861314], [98.117198, 9.882025], [98.118175, 9.908515], [98.120372, 9.922553], [98.124278, 9.931383], [98.127452, 9.96011], [98.140636, 9.963284], [98.148204, 9.970364], [98.151866, 9.977444], [98.15447, 9.980618], [98.160167, 9.984117], [98.164317, 9.992255], [98.167817, 10.00141], [98.17156, 10.007961], [98.178966, 10.014106], [98.20574, 10.028998], [98.23463, 10.054185], [98.254405, 10.06269], [98.275157, 10.05565], [98.279633, 10.058661], [98.282481, 10.059394], [98.295665, 10.05565], [98.295665, 10.048896], [98.28004, 10.051011], [98.273936, 10.048041], [98.273692, 10.042182], [98.275157, 10.035834], [98.281016, 10.028388], [98.289399, 10.024319], [98.294119, 10.01911], [98.288259, 10.007961], [98.269216, 10.00259], [98.258149, 9.985989], [98.251231, 9.968329], [98.243907, 9.96011]]], [[[99.825206, 10.10578], [99.823822, 10.110826], [99.82602, 10.124132], [99.839041, 10.120429], [99.842947, 10.124905], [99.848318, 10.120429], [99.847667, 10.117947], [99.848969, 10.115465], [99.85255, 10.110338], [99.850922, 10.103624], [99.855154, 10.101223], [99.856944, 10.09984], [99.855724, 10.094265], [99.858328, 10.090196], [99.857921, 10.086453], [99.854666, 10.08511], [99.852306, 10.082994], [99.850434, 10.076199], [99.847992, 10.071804], [99.843923, 10.066555], [99.841156, 10.062567], [99.834646, 10.059882], [99.832774, 10.056179], [99.830333, 10.065538], [99.826264, 10.063381], [99.821788, 10.064846], [99.819347, 10.074693], [99.82488, 10.081122], [99.830333, 10.096747], [99.829438, 10.102078], [99.825206, 10.10578]]], [[[98.240489, 10.172349], [98.240896, 10.167792], [98.239513, 10.16649], [98.236827, 10.166409], [98.233653, 10.165513], [98.230724, 10.159573], [98.227794, 10.15526], [98.227712, 10.150824], [98.233653, 10.144477], [98.218435, 10.136176], [98.207774, 10.128648], [98.201427, 10.118069], [98.195323, 10.070502], [98.185802, 10.04206], [98.185802, 10.121161], [98.183604, 10.127021], [98.173839, 10.140123], [98.17156, 10.148139], [98.175304, 10.15941], [98.181895, 10.168606], [98.185232, 10.176825], [98.178966, 10.185452], [98.178966, 10.192857], [98.196056, 10.193183], [98.222179, 10.177924], [98.240489, 10.172349]]], [[[97.967133, 10.153428], [97.974539, 10.161078], [97.977061, 10.175198], [97.985362, 10.171454], [97.985688, 10.163072], [97.986095, 10.144965], [97.980805, 10.136013], [97.977306, 10.140367], [97.972504, 10.144436], [97.967947, 10.139268], [97.966889, 10.133734], [97.960378, 10.126003], [97.958507, 10.134101], [97.961599, 10.148179], [97.967133, 10.153428]]], [[[97.926931, 10.417182], [97.931895, 10.412014], [97.910167, 10.401923], [97.893809, 10.405992], [97.889415, 10.419989], [97.904063, 10.439276], [97.897797, 10.452094], [97.893403, 10.470771], [97.896251, 10.487535], [97.911469, 10.494534], [97.902599, 10.479315], [97.908702, 10.473456], [97.919444, 10.47309], [97.925059, 10.474066], [97.930675, 10.468166], [97.935313, 10.461168], [97.943533, 10.443793], [97.938487, 10.437812], [97.93336, 10.433743], [97.926768, 10.432034], [97.917735, 10.433051], [97.926931, 10.417182]]], [[[98.228689, 10.519965], [98.221853, 10.498114], [98.207367, 10.483466], [98.192719, 10.482408], [98.185313, 10.501166], [98.189708, 10.51557], [98.201996, 10.524319], [98.217947, 10.528551], [98.233653, 10.529364], [98.232432, 10.526923], [98.229828, 10.522406], [98.228689, 10.519965]]], [[[97.958914, 10.553005], [97.943696, 10.557685], [97.941417, 10.560289], [97.947846, 10.564276], [97.953624, 10.564073], [97.95753, 10.56094], [97.963145, 10.567369], [97.965668, 10.571194], [97.975271, 10.57449], [97.981619, 10.573554], [97.990001, 10.568101], [98.001882, 10.565009], [98.009858, 10.570095], [98.00644, 10.578233], [98.015147, 10.590115], [98.026541, 10.590888], [98.024425, 10.580715], [98.025076, 10.570705], [98.02947, 10.568101], [98.031342, 10.563992], [98.025727, 10.560818], [98.01946, 10.562364], [98.016368, 10.558173], [98.003347, 10.552069], [97.999604, 10.537665], [97.990896, 10.537706], [97.988048, 10.539781], [97.968435, 10.548977], [97.963552, 10.552069], [97.958914, 10.553005]]], [[[98.289317, 10.730618], [98.288259, 10.727281], [98.276622, 10.705146], [98.267833, 10.696519], [98.250743, 10.693101], [98.236827, 10.697333], [98.232188, 10.708319], [98.233653, 10.740953], [98.237804, 10.738186], [98.240489, 10.734687], [98.255544, 10.746405], [98.251638, 10.756008], [98.233653, 10.768256], [98.233897, 10.782864], [98.241954, 10.814399], [98.240489, 10.830959], [98.236583, 10.833645], [98.222911, 10.837795], [98.219981, 10.840888], [98.219493, 10.84984], [98.218516, 10.855618], [98.216319, 10.859849], [98.198741, 10.881659], [98.178966, 10.898586], [98.176768, 10.894029], [98.17335, 10.889309], [98.17156, 10.884955], [98.165294, 10.919094], [98.155772, 10.923977], [98.146739, 10.924506], [98.140147, 10.919908], [98.137462, 10.909125], [98.131033, 10.902899], [98.100271, 10.882025], [98.08961, 10.878119], [98.077403, 10.888088], [98.086192, 10.903957], [98.110118, 10.929348], [98.112966, 10.934027], [98.126313, 10.942206], [98.131196, 10.946357], [98.133311, 10.952948], [98.136729, 10.970649], [98.14088, 10.977444], [98.153494, 10.981147], [98.171886, 10.978664], [98.191173, 10.971177], [98.20574, 10.960028], [98.215587, 10.944525], [98.222016, 10.926663], [98.225597, 10.907416], [98.226817, 10.888088], [98.231781, 10.870266], [98.243663, 10.85928], [98.257335, 10.849921], [98.267751, 10.837144], [98.270681, 10.818671], [98.270763, 10.798896], [98.276378, 10.784491], [98.295665, 10.781928], [98.286876, 10.768948], [98.28297, 10.756537], [98.28533, 10.745063], [98.295665, 10.734687], [98.290538, 10.735256], [98.289236, 10.733588], [98.289317, 10.730618]]], [[[98.528494, 10.820054], [98.525564, 10.82685], [98.518321, 10.829495], [98.509125, 10.828315], [98.500499, 10.823472], [98.500499, 10.837144], [98.494884, 10.851264], [98.491466, 10.866685], [98.490896, 10.880805], [98.493663, 10.891099], [98.518809, 10.879096], [98.542247, 10.860053], [98.553233, 10.832831], [98.541515, 10.79621], [98.52711, 10.786933], [98.509532, 10.786607], [98.498383, 10.793606], [98.504161, 10.806098], [98.51295, 10.809556], [98.520681, 10.809272], [98.526378, 10.810858], [98.528494, 10.820054]]], [[[97.890391, 10.884955], [97.896332, 10.913275], [97.911957, 10.924262], [97.931977, 10.924058], [97.951834, 10.919094], [97.941254, 10.891547], [97.927745, 10.871975], [97.90919, 10.857245], [97.883556, 10.84455], [97.890636, 10.854722], [97.894542, 10.864244], [97.894542, 10.873969], [97.890391, 10.884955]]], [[[98.451427, 11.001939], [98.452891, 10.986274], [98.448009, 10.974311], [98.440278, 10.965562], [98.432953, 10.965033], [98.429535, 10.977729], [98.432872, 10.993598], [98.442556, 11.002997], [98.451427, 11.001939]]], [[[98.51588, 11.045356], [98.513438, 11.063056], [98.514171, 11.069892], [98.524669, 11.086656], [98.531912, 11.083808], [98.53712, 11.068915], [98.544607, 11.031195], [98.545177, 11.015937], [98.541515, 10.987982], [98.543142, 10.96011], [98.541515, 10.953803], [98.533946, 10.950832], [98.53004, 10.95718], [98.528494, 10.966946], [98.528494, 10.974311], [98.518809, 10.971096], [98.512055, 10.965237], [98.508474, 10.956855], [98.507986, 10.946357], [98.48585, 10.955878], [98.477061, 10.9737], [98.478363, 10.993354], [98.486827, 11.00845], [98.503184, 11.021145], [98.509532, 11.027737], [98.514171, 11.035793], [98.51588, 11.045356]]], [[[98.325369, 11.017361], [98.318858, 11.007392], [98.309255, 11.006171], [98.299978, 11.01614], [98.296886, 11.021064], [98.300629, 11.025539], [98.308686, 11.03856], [98.318533, 11.03856], [98.319184, 11.029649], [98.323253, 11.02615], [98.325369, 11.017361]]], [[[98.219981, 11.26911], [98.2317, 11.273912], [98.252452, 11.276068], [98.281423, 11.275946], [98.274669, 11.256293], [98.275157, 11.248033], [98.281016, 11.245836], [98.29005, 11.248114], [98.29835, 11.248603], [98.302013, 11.241197], [98.295095, 11.231147], [98.279552, 11.223212], [98.247325, 11.214504], [98.247325, 11.227525], [98.243175, 11.242987], [98.232188, 11.253811], [98.221853, 11.261908], [98.219981, 11.26911]]], [[[98.550466, 11.292629], [98.555349, 11.283922], [98.555512, 11.280829], [98.554698, 11.272935], [98.553559, 11.268378], [98.549001, 11.262152], [98.538422, 11.292792], [98.526622, 11.314439], [98.528819, 11.324978], [98.53533, 11.317532], [98.543386, 11.311672], [98.550385, 11.30329], [98.550466, 11.292629]]], [[[98.100841, 11.41177], [98.105317, 11.412543], [98.1067, 11.416612], [98.110118, 11.419704], [98.119395, 11.419827], [98.125092, 11.413113], [98.131928, 11.415066], [98.138438, 11.4147], [98.137706, 11.418565], [98.136241, 11.423245], [98.140473, 11.42239], [98.144135, 11.424099], [98.148448, 11.422187], [98.148855, 11.41706], [98.146821, 11.407742], [98.149099, 11.386339], [98.148448, 11.374294], [98.14503, 11.378323], [98.138764, 11.379259], [98.134125, 11.379869], [98.130382, 11.376166], [98.12086, 11.401068], [98.11671, 11.398586], [98.112966, 11.401068], [98.103689, 11.407091], [98.100841, 11.41177]]], [[[98.29005, 11.631659], [98.287852, 11.610907], [98.295665, 11.591254], [98.282563, 11.566352], [98.283539, 11.509426], [98.275157, 11.48078], [98.267751, 11.488227], [98.26588, 11.483059], [98.26352, 11.478827], [98.261567, 11.474189], [98.260916, 11.46776], [98.25172, 11.476508], [98.237641, 11.493801], [98.233653, 11.501899], [98.226736, 11.494289], [98.223481, 11.488837], [98.223643, 11.482978], [98.226817, 11.473944], [98.210134, 11.472724], [98.201996, 11.466254], [98.2046, 11.458482], [98.219981, 11.453518], [98.210297, 11.44892], [98.198904, 11.446479], [98.187022, 11.446438], [98.176524, 11.449164], [98.165294, 11.453518], [98.164887, 11.458482], [98.165294, 11.473944], [98.175059, 11.470893], [98.184093, 11.472642], [98.192231, 11.478664], [98.199474, 11.488227], [98.196462, 11.497056], [98.192638, 11.518012], [98.188975, 11.525824], [98.187511, 11.53498], [98.196462, 11.542385], [98.20753, 11.548407], [98.213145, 11.553412], [98.210948, 11.561469], [98.206309, 11.564765], [98.201671, 11.569078], [98.199474, 11.580471], [98.202647, 11.589179], [98.216807, 11.598944], [98.222911, 11.61758], [98.229747, 11.620998], [98.236583, 11.62226], [98.240489, 11.624823], [98.240896, 11.636176], [98.23463, 11.655585], [98.233653, 11.666409], [98.238455, 11.687079], [98.267751, 11.741441], [98.272472, 11.786078], [98.278331, 11.799791], [98.29184, 11.798896], [98.306651, 11.777411], [98.318207, 11.749986], [98.323009, 11.731269], [98.320079, 11.72191], [98.313487, 11.718695], [98.306407, 11.717475], [98.302013, 11.714179], [98.300304, 11.704779], [98.302013, 11.673245], [98.29005, 11.631659]]], [[[98.529552, 11.566799], [98.53419, 11.542629], [98.53533, 11.529242], [98.524181, 11.537014], [98.508556, 11.555894], [98.500499, 11.563381], [98.489757, 11.567206], [98.476817, 11.570258], [98.46518, 11.574897], [98.458995, 11.583808], [98.441905, 11.564114], [98.432384, 11.566718], [98.42921, 11.583157], [98.431651, 11.604926], [98.423839, 11.599066], [98.419119, 11.599555], [98.415701, 11.604438], [98.411632, 11.611762], [98.41863, 11.63227], [98.410411, 11.646064], [98.397716, 11.655463], [98.391287, 11.662991], [98.379405, 11.691107], [98.382091, 11.704169], [98.405528, 11.707953], [98.399262, 11.716132], [98.381358, 11.73135], [98.377615, 11.738023], [98.379893, 11.750922], [98.38559, 11.75552], [98.392426, 11.75731], [98.398123, 11.761949], [98.402599, 11.763902], [98.410411, 11.768622], [98.413097, 11.773383], [98.401703, 11.77558], [98.39088, 11.775377], [98.382091, 11.77619], [98.375336, 11.780097], [98.370779, 11.789252], [98.393728, 11.794013], [98.438243, 11.787055], [98.45281, 11.789252], [98.449474, 11.79328], [98.447602, 11.796088], [98.445323, 11.803616], [98.458344, 11.803371], [98.486827, 11.796088], [98.498871, 11.798041], [98.522146, 11.804755], [98.53533, 11.803616], [98.543712, 11.798977], [98.549001, 11.791571], [98.552419, 11.781643], [98.555186, 11.769436], [98.556407, 11.758734], [98.555512, 11.728095], [98.546072, 11.699205], [98.549001, 11.621731], [98.545746, 11.609036], [98.531586, 11.593329], [98.528494, 11.580471], [98.529552, 11.566799]]], [[[98.034353, 11.686835], [98.016612, 11.697496], [98.011729, 11.704739], [98.024425, 11.707953], [98.028331, 11.71719], [98.028575, 11.737006], [98.022472, 11.755805], [98.007091, 11.761949], [98.011892, 11.787258], [97.999766, 11.841783], [98.013927, 11.864976], [98.011974, 11.827379], [98.013927, 11.816596], [98.019298, 11.810492], [98.044932, 11.789252], [98.052257, 11.776028], [98.052419, 11.749416], [98.057953, 11.729071], [98.082286, 11.734687], [98.08074, 11.722642], [98.074718, 11.713365], [98.065684, 11.706366], [98.055431, 11.701117], [98.063487, 11.697252], [98.067719, 11.691067], [98.067556, 11.682929], [98.061697, 11.673245], [98.079112, 11.653795], [98.085297, 11.644924], [98.08961, 11.63227], [98.065115, 11.646389], [98.057384, 11.653144], [98.055431, 11.659573], [98.049327, 11.6647], [98.034353, 11.686835]]], [[[97.479666, 11.777981], [97.464529, 11.782457], [97.459239, 11.7862], [97.444347, 11.800238], [97.462901, 11.799791], [97.476899, 11.788235], [97.479666, 11.777981]]], [[[97.495046, 11.812161], [97.496918, 11.808987], [97.514578, 11.808376], [97.517263, 11.810248], [97.52475, 11.809719], [97.531016, 11.802476], [97.530772, 11.794949], [97.530772, 11.78974], [97.526866, 11.78266], [97.510671, 11.780748], [97.494477, 11.785386], [97.486257, 11.804023], [97.483409, 11.805406], [97.480479, 11.805976], [97.479503, 11.808621], [97.479666, 11.811835], [97.487234, 11.815009], [97.495046, 11.812161]]], [[[97.67449, 11.897447], [97.678477, 11.887885], [97.67628, 11.877834], [97.668224, 11.868109], [97.666677, 11.86343], [97.671886, 11.837714], [97.667735, 11.838284], [97.65089, 11.84455], [97.642833, 11.867662], [97.643565, 11.880357], [97.664399, 11.905951], [97.67449, 11.897447]]], [[[98.265391, 11.908515], [98.284841, 11.896064], [98.289073, 11.882392], [98.28419, 11.865465], [98.273692, 11.853339], [98.261485, 11.853909], [98.254161, 11.85814], [98.253917, 11.883857], [98.256521, 11.902533], [98.265391, 11.908515]]], [[[98.261567, 11.926174], [98.253754, 11.923082], [98.246104, 11.925442], [98.227061, 11.953925], [98.23585, 11.968329], [98.252208, 11.974758], [98.260916, 11.971137], [98.262706, 11.961656], [98.268728, 11.942288], [98.267751, 11.933905], [98.261567, 11.926174]]], [[[98.46339, 11.920803], [98.459727, 11.933661], [98.458995, 11.947577], [98.461681, 11.955512], [98.471202, 11.970282], [98.473155, 11.977973], [98.470958, 11.988105], [98.465831, 11.992662], [98.459158, 11.996161], [98.448253, 12.007717], [98.443696, 12.010688], [98.440278, 12.015367], [98.439138, 12.025784], [98.439138, 12.056789], [98.431163, 12.087633], [98.430919, 12.100653], [98.439138, 12.112006], [98.445567, 12.101386], [98.473155, 12.077297], [98.493663, 12.049302], [98.509532, 12.016791], [98.519867, 12.007025], [98.541515, 11.995307], [98.559581, 12.0008], [98.574718, 11.992987], [98.603526, 11.967434], [98.642345, 11.957506], [98.65919, 11.948676], [98.658214, 11.933905], [98.658214, 11.940131], [98.631358, 11.932115], [98.572602, 11.931627], [98.552013, 11.923326], [98.535655, 11.908881], [98.51588, 11.895901], [98.495779, 11.888495], [98.478038, 11.890937], [98.46339, 11.920803]]], [[[97.714285, 12.138292], [97.72755, 12.146348], [97.739757, 12.145413], [97.743826, 12.146796], [97.743744, 12.14289], [97.740652, 12.139838], [97.745697, 12.134548], [97.744884, 12.130194], [97.735525, 12.121731], [97.731293, 12.114447], [97.730724, 12.105577], [97.729991, 12.103664], [97.725027, 12.106147], [97.728119, 12.118028], [97.722748, 12.124701], [97.715994, 12.132961], [97.714285, 12.138292]]], [[[98.405365, 12.170071], [98.405772, 12.161892], [98.405772, 12.157213], [98.398367, 12.137356], [98.388357, 12.138577], [98.38087, 12.144273], [98.38087, 12.160468], [98.386078, 12.168769], [98.390229, 12.174709], [98.395518, 12.178209], [98.401134, 12.17418], [98.405365, 12.170071]]], [[[98.076671, 12.161933], [98.074718, 12.163398], [98.07309, 12.164944], [98.059337, 12.187974], [98.039399, 12.207343], [98.034353, 12.221259], [98.03712, 12.239407], [98.046153, 12.26203], [98.059093, 12.281399], [98.07252, 12.289537], [98.091807, 12.288642], [98.108246, 12.284654], [98.119477, 12.27558], [98.12379, 12.259467], [98.123302, 12.249661], [98.119884, 12.230129], [98.116954, 12.221259], [98.111501, 12.213935], [98.104259, 12.207343], [98.098155, 12.199286], [98.096446, 12.187161], [98.105805, 12.192206], [98.119477, 12.197577], [98.131847, 12.198554], [98.137462, 12.190579], [98.140147, 12.148383], [98.137462, 12.138739], [98.129649, 12.153713], [98.11671, 12.165473], [98.100352, 12.169013], [98.082286, 12.159166], [98.076671, 12.161933]]], [[[97.969493, 12.308051], [97.955089, 12.305487], [97.945567, 12.310045], [97.948416, 12.323798], [97.960948, 12.334377], [97.971039, 12.344875], [97.966075, 12.358466], [97.952973, 12.348944], [97.948985, 12.344306], [97.945567, 12.337958], [97.938162, 12.337958], [97.939952, 12.366278], [97.9546, 12.377753], [97.975759, 12.383857], [98.007009, 12.401597], [98.017833, 12.402655], [98.023448, 12.398749], [98.017589, 12.389146], [98.007823, 12.380113], [98.003591, 12.373725], [98.005382, 12.367336], [98.013927, 12.358466], [98.02711, 12.361029], [98.032481, 12.360541], [98.041759, 12.358466], [98.041352, 12.369127], [98.042247, 12.380276], [98.045584, 12.389065], [98.06365, 12.397773], [98.069347, 12.409369], [98.07252, 12.42121], [98.075938, 12.427395], [98.090587, 12.422309], [98.101248, 12.404771], [98.104503, 12.383043], [98.096446, 12.365302], [98.087738, 12.360053], [98.081554, 12.360582], [98.074718, 12.363511], [98.065278, 12.365302], [98.064464, 12.359809], [98.048025, 12.330512], [98.039561, 12.322496], [98.02947, 12.315985], [98.018891, 12.311672], [98.010509, 12.310045], [98.008311, 12.304389], [98.000255, 12.269029], [97.990977, 12.286526], [97.986583, 12.289537], [97.982432, 12.306383], [97.969493, 12.308051]]], [[[98.492361, 12.372382], [98.490245, 12.354153], [98.479096, 12.343329], [98.465831, 12.335354], [98.453054, 12.331773], [98.443044, 12.334662], [98.437511, 12.340725], [98.438324, 12.35106], [98.463064, 12.388821], [98.479015, 12.390204], [98.492361, 12.372382]]], [[[98.508556, 12.410305], [98.495616, 12.405829], [98.482107, 12.41059], [98.474294, 12.424994], [98.488536, 12.493313], [98.499848, 12.513088], [98.514171, 12.495592], [98.516856, 12.479438], [98.514171, 12.423651], [98.508556, 12.410305]]], [[[98.336111, 12.450914], [98.334239, 12.460028], [98.325531, 12.474066], [98.321137, 12.487047], [98.31658, 12.490424], [98.315603, 12.495592], [98.319509, 12.501451], [98.327403, 12.506741], [98.333832, 12.512356], [98.333018, 12.519232], [98.314138, 12.55329], [98.302745, 12.598578], [98.302013, 12.646308], [98.315603, 12.687445], [98.333018, 12.67121], [98.387462, 12.65766], [98.405528, 12.638983], [98.405528, 12.630032], [98.398123, 12.58747], [98.401215, 12.571682], [98.425466, 12.529731], [98.42921, 12.555487], [98.438162, 12.587388], [98.450938, 12.60399], [98.466319, 12.583726], [98.470714, 12.555976], [98.470225, 12.517524], [98.465343, 12.480658], [98.455821, 12.45775], [98.391287, 12.361518], [98.349946, 12.325914], [98.302013, 12.337958], [98.31129, 12.359768], [98.315603, 12.365302], [98.319021, 12.386379], [98.333018, 12.427395], [98.336111, 12.450914]]], [[[98.233653, 12.553656], [98.236827, 12.556871], [98.243907, 12.557807], [98.250824, 12.560207], [98.254161, 12.567613], [98.256847, 12.574205], [98.262462, 12.568793], [98.267345, 12.560248], [98.267751, 12.557074], [98.289887, 12.526313], [98.282888, 12.503852], [98.260509, 12.495266], [98.236827, 12.50609], [98.230235, 12.516995], [98.229747, 12.527411], [98.233653, 12.553656]]], [[[97.84254, 12.550238], [97.840831, 12.556871], [97.839041, 12.55801], [97.83546, 12.558051], [97.829438, 12.557074], [97.829438, 12.564521], [97.833995, 12.570746], [97.831065, 12.574205], [97.825694, 12.578599], [97.822765, 12.58747], [97.826996, 12.590725], [97.836274, 12.595404], [97.845714, 12.597968], [97.849946, 12.594631], [97.854015, 12.578192], [97.860525, 12.570014], [97.861827, 12.559801], [97.849946, 12.537258], [97.84962, 12.541815], [97.84783, 12.54442], [97.845225, 12.54678], [97.84254, 12.550238]]], [[[98.352061, 12.707994], [98.346365, 12.713162], [98.341401, 12.72484], [98.337169, 12.746609], [98.336111, 12.756578], [98.331879, 12.768175], [98.339203, 12.768581], [98.342947, 12.757107], [98.352224, 12.741116], [98.362153, 12.704698], [98.352061, 12.707994]]], [[[97.864594, 12.790229], [97.868012, 12.774807], [97.863536, 12.766832], [97.85255, 12.766262], [97.836925, 12.772447], [97.835297, 12.792792], [97.841807, 12.805813], [97.852794, 12.806545], [97.864594, 12.790229]]], [[[98.300548, 13.019965], [98.302013, 12.988471], [98.313324, 12.94595], [98.314301, 12.925523], [98.302013, 12.913316], [98.30128, 12.933539], [98.287852, 12.957343], [98.288259, 12.974799], [98.281098, 12.994127], [98.267751, 13.057318], [98.245128, 13.11872], [98.240489, 13.139309], [98.239024, 13.158759], [98.242035, 13.203925], [98.247325, 13.215033], [98.261485, 13.214342], [98.268809, 13.19892], [98.28891, 13.0987], [98.295665, 13.084662], [98.303477, 13.082994], [98.310395, 13.088039], [98.318533, 13.091376], [98.329845, 13.084662], [98.336436, 13.073879], [98.334239, 13.067125], [98.323009, 13.057318], [98.31658, 13.048814], [98.311046, 13.044827], [98.306326, 13.040107], [98.302013, 13.029446], [98.300548, 13.019965]]], [[[98.524587, 13.221951], [98.528656, 13.205715], [98.526541, 13.191636], [98.517589, 13.173733], [98.507498, 13.167873], [98.49936, 13.167873], [98.492117, 13.178331], [98.490652, 13.19477], [98.484467, 13.215115], [98.490652, 13.226304], [98.503429, 13.233669], [98.51588, 13.230699], [98.524587, 13.221951]]], [[[97.932384, 13.840399], [97.928477, 13.821112], [97.925059, 13.783596], [97.917735, 13.783596], [97.91505, 13.800116], [97.914317, 13.828437], [97.918712, 13.853258], [97.931895, 13.85928], [97.938162, 13.851793], [97.932384, 13.840399]]], [[[97.785411, 14.158149], [97.787771, 14.164984], [97.792491, 14.181993], [97.797699, 14.182766], [97.801443, 14.186021], [97.806814, 14.183661], [97.809906, 14.185452], [97.815603, 14.189276], [97.821788, 14.189765], [97.82073, 14.179674], [97.813406, 14.161119], [97.811127, 14.154893], [97.805349, 14.150092], [97.795502, 14.143012], [97.789073, 14.134955], [97.78476, 14.138821], [97.779633, 14.147406], [97.779145, 14.155341], [97.785411, 14.158149]]], [[[97.778575, 14.390286], [97.772878, 14.39289], [97.767263, 14.401353], [97.768321, 14.408677], [97.773692, 14.415513], [97.783865, 14.416449], [97.785981, 14.414578], [97.782237, 14.406765], [97.780447, 14.398953], [97.778575, 14.390286]]], [[[97.672374, 15.533352], [97.669119, 15.517401], [97.664399, 15.504096], [97.657481, 15.523871], [97.65089, 15.592231], [97.656261, 15.58633], [97.660167, 15.58039], [97.662852, 15.573676], [97.664399, 15.565579], [97.671641, 15.549994], [97.672374, 15.533352]]], [[[97.547461, 16.199928], [97.516857, 16.209823], [97.510509, 16.254218], [97.499278, 16.269517], [97.459269, 16.301362], [97.469249, 16.332709], [97.482758, 16.342027], [97.484874, 16.363918], [97.480154, 16.389106], [97.472667, 16.408433], [97.46046, 16.425971], [97.454763, 16.436916], [97.452159, 16.449408], [97.455821, 16.456204], [97.462657, 16.461005], [97.466156, 16.467027], [97.459646, 16.477362], [97.469981, 16.490465], [97.486013, 16.500963], [97.50408, 16.508002], [97.520518, 16.510891], [97.56186, 16.492377], [97.585216, 16.486029], [97.606293, 16.483547], [97.609786, 16.464153], [97.610606, 16.446234], [97.589366, 16.415269], [97.588552, 16.399848], [97.591319, 16.361151], [97.589366, 16.340155], [97.583832, 16.329047], [97.577403, 16.32095], [97.571788, 16.312079], [97.568858, 16.29857], [97.57016, 16.290025], [97.566354, 16.25372], [97.571364, 16.222693], [97.547461, 16.199928]]], [[[102.304698, -5.471856], [102.297862, -5.472752], [102.2942, -5.477472], [102.283539, -5.499282], [102.270356, -5.488702], [102.257335, -5.457208], [102.246104, -5.441583], [102.127696, -5.349542], [102.098643, -5.334893], [102.147227, -5.289646], [102.172048, -5.280369], [102.20102, -5.287205], [102.228282, -5.301853], [102.24171, -5.306085], [102.259776, -5.30755], [102.273936, -5.31227], [102.286388, -5.323012], [102.304047, -5.34238], [102.365896, -5.361261], [102.394379, -5.375909], [102.406505, -5.403741], [102.400238, -5.41839], [102.386485, -5.430271], [102.366222, -5.441583], [102.36964, -5.453302], [102.382498, -5.466241], [102.390147, -5.476983], [102.378754, -5.482192], [102.332367, -5.472263], [102.324474, -5.468927], [102.3213, -5.472914], [102.31365, -5.472914], [102.304698, -5.471856]]], [[[101.02947, -4.00392], [101.038015, -3.993992], [101.047211, -4.004164], [101.044526, -4.010268], [101.03004, -4.022312], [101.023041, -4.016209], [101.02947, -4.00392]]], [[[100.66684, -3.474216], [100.672944, -3.473403], [100.674897, -3.476332], [100.675548, -3.479262], [100.660655, -3.483575], [100.644298, -3.481052], [100.638682, -3.478204], [100.633149, -3.47796], [100.630463, -3.47381], [100.631033, -3.466729], [100.639008, -3.464288], [100.656342, -3.466811], [100.66684, -3.474216]]], [[[100.528819, -3.183526], [100.506684, -3.178399], [100.493663, -3.160252], [100.493012, -3.138279], [100.508474, -3.122166], [100.508311, -3.140802], [100.515473, -3.153904], [100.536388, -3.176853], [100.528819, -3.183526]]], [[[104.204845, -1.048435], [104.200857, -1.045099], [104.202891, -1.039239], [104.204845, -1.048435]]], [[[104.038015, -0.521661], [104.034597, -0.51808], [104.038829, -0.517755], [104.038015, -0.521661]]], [[[104.222992, -0.369643], [104.229503, -0.374933], [104.229828, -0.383884], [104.225515, -0.3895], [104.216156, -0.39072], [104.200613, -0.389174], [104.185313, -0.387465], [104.180349, -0.38421], [104.175873, -0.375258], [104.176768, -0.368178], [104.181488, -0.365086], [104.18865, -0.365167], [104.197765, -0.368829], [104.201345, -0.372491], [104.202973, -0.373549], [104.212494, -0.370538], [104.222992, -0.369643]]], [[[104.165782, -0.355971], [104.161225, -0.358819], [104.156261, -0.36476], [104.147878, -0.363458], [104.142833, -0.353855], [104.141287, -0.347263], [104.14975, -0.341078], [104.157074, -0.33766], [104.173106, -0.352227], [104.165782, -0.355971]]], [[[103.626231, -0.38421], [103.612559, -0.387384], [103.604015, -0.383477], [103.592621, -0.376153], [103.580333, -0.372003], [103.568126, -0.377537], [103.546641, -0.382989], [103.490001, -0.361586], [103.461681, -0.366876], [103.460623, -0.333917], [103.485118, -0.286798], [103.522146, -0.243829], [103.557872, -0.223403], [103.574555, -0.224705], [103.628673, -0.234308], [103.640391, -0.240655], [103.649587, -0.254815], [103.670665, -0.262628], [103.712738, -0.269708], [103.73463, -0.281183], [103.756114, -0.301202], [103.766856, -0.32464], [103.756521, -0.346449], [103.74936, -0.34881], [103.712413, -0.346449], [103.698253, -0.349542], [103.670665, -0.363702], [103.657481, -0.366876], [103.649669, -0.37005], [103.626231, -0.38421]]], [[[100.799978, 2.20893], [100.812755, 2.249823], [100.841156, 2.280829], [100.885916, 2.298285], [100.907888, 2.299506], [101.050304, 2.29149], [101.058604, 2.280422], [101.056488, 2.241156], [101.067393, 2.219794], [101.181814, 2.145006], [101.299978, 2.046617], [101.317149, 2.024604], [101.325857, 2.002183], [101.326996, 1.981269], [101.323416, 1.938951], [101.326671, 1.916449], [101.351329, 1.860093], [101.377615, 1.773261], [101.397309, 1.736396], [101.427013, 1.709296], [101.494477, 1.678697], [101.529633, 1.670803], [101.567393, 1.655911], [101.591563, 1.65469], [101.673513, 1.669501], [101.711681, 1.671129], [101.749197, 1.661526], [101.778575, 1.644273], [102.021495, 1.437893], [102.118175, 1.386542], [102.143321, 1.357733], [102.153331, 1.311469], [102.146983, 1.273139], [102.147227, 1.247789], [102.156749, 1.236314], [102.173106, 1.230902], [102.187266, 1.217271], [102.197276, 1.199612], [102.20102, 1.181708], [102.193126, 1.104234], [102.194184, 1.065904], [102.208507, 1.024075], [102.240082, 0.982082], [102.321056, 0.917182], [102.425059, 0.804267], [102.463878, 0.774115], [102.509532, 0.750312], [102.532237, 0.742377], [102.551931, 0.738105], [102.594981, 0.736029], [102.616384, 0.738267], [102.64796, 0.748114], [102.667166, 0.750312], [102.781261, 0.730902], [102.877126, 0.726386], [102.918142, 0.707668], [102.953787, 0.675849], [103.056326, 0.558295], [103.083751, 0.51557], [103.092296, 0.469184], [103.074718, 0.442328], [103.037283, 0.42064], [102.961436, 0.387193], [102.921235, 0.357367], [102.899099, 0.344184], [102.861501, 0.335761], [102.746267, 0.277655], [102.732432, 0.266506], [102.715668, 0.257636], [102.646007, 0.242621], [102.627696, 0.23432], [102.619884, 0.229478], [102.61199, 0.222154], [102.591807, 0.186265], [102.581879, 0.181098], [102.554942, 0.186428], [102.536632, 0.199774], [102.502696, 0.236396], [102.48585, 0.242743], [102.459972, 0.247504], [102.437266, 0.249172], [102.430431, 0.246324], [102.439626, 0.239244], [102.449392, 0.236477], [102.472016, 0.236396], [102.480724, 0.23428], [102.486583, 0.228909], [102.49586, 0.215969], [102.517833, 0.192572], [102.545746, 0.169135], [102.577891, 0.158515], [102.61199, 0.173651], [102.618988, 0.181627], [102.62794, 0.195624], [102.633067, 0.201646], [102.644379, 0.20954], [102.667735, 0.219184], [102.677745, 0.225572], [102.695486, 0.232082], [102.741547, 0.22663], [102.763438, 0.228949], [102.818207, 0.25373], [102.885916, 0.26142], [102.90268, 0.267768], [102.972911, 0.313137], [102.992442, 0.318305], [103.007579, 0.324652], [103.057628, 0.372952], [103.075938, 0.383002], [103.098888, 0.391791], [103.122569, 0.397935], [103.143565, 0.400214], [103.16627, 0.407904], [103.181326, 0.426418], [103.201508, 0.469184], [103.223643, 0.48843], [103.280121, 0.498603], [103.308116, 0.51317], [103.335785, 0.531684], [103.362153, 0.536282], [103.389903, 0.530015], [103.421235, 0.516303], [103.480968, 0.482327], [103.541026, 0.434638], [103.587657, 0.376532], [103.606293, 0.310858], [103.617524, 0.330268], [103.625011, 0.33983], [103.634288, 0.345649], [103.645274, 0.345282], [103.655772, 0.340399], [103.664887, 0.334703], [103.690196, 0.325995], [103.711192, 0.311469], [103.730479, 0.293443], [103.743419, 0.27733], [103.76002, 0.239488], [103.800466, 0.034573], [103.80836, 0.023505], [103.813975, 0.018866], [103.81129, 0.008531], [103.801768, -0.007257], [103.791515, -0.012546], [103.778331, -0.013116], [103.756521, -0.010675], [103.671153, -0.017429], [103.663748, -0.021742], [103.664236, -0.040541], [103.657481, -0.044732], [103.644705, -0.045994], [103.636241, -0.048028], [103.629161, -0.048394], [103.619884, -0.044732], [103.611827, -0.036879], [103.600759, -0.0169], [103.592052, -0.010675], [103.586192, -0.011082], [103.576996, -0.013971], [103.568696, -0.018569], [103.564708, -0.024265], [103.566905, -0.035211], [103.573416, -0.037164], [103.580821, -0.037774], [103.585785, -0.044732], [103.584239, -0.053155], [103.580333, -0.063531], [103.578136, -0.074029], [103.587169, -0.094985], [103.575857, -0.104425], [103.558279, -0.110772], [103.5442, -0.113702], [103.507986, -0.114435], [103.494395, -0.118422], [103.489024, -0.130792], [103.483084, -0.159438], [103.466807, -0.183038], [103.443044, -0.202081], [103.414561, -0.216729], [103.301443, -0.237563], [103.270518, -0.257582], [103.28712, -0.257745], [103.316661, -0.262872], [103.33253, -0.263849], [103.349864, -0.260186], [103.380626, -0.247003], [103.397146, -0.244073], [103.424815, -0.234959], [103.459321, -0.218438], [103.489268, -0.211521], [103.502696, -0.230401], [103.49464, -0.253595], [103.456716, -0.288995], [103.448009, -0.315362], [103.436778, -0.337986], [103.409516, -0.349705], [103.345551, -0.36004], [103.345551, -0.366876], [103.379405, -0.380304], [103.400564, -0.384535], [103.417979, -0.377537], [103.429535, -0.374933], [103.482188, -0.373712], [103.493012, -0.375421], [103.502696, -0.378513], [103.511485, -0.383559], [103.52003, -0.391209], [103.530528, -0.397149], [103.552501, -0.399998], [103.590505, -0.424574], [103.598399, -0.436782], [103.592052, -0.456313], [103.573253, -0.475356], [103.547048, -0.489841], [103.515798, -0.499607], [103.417979, -0.517755], [103.401622, -0.509535], [103.390147, -0.490411], [103.372895, -0.449395], [103.380382, -0.514337], [103.384776, -0.522882], [103.406505, -0.540785], [103.414561, -0.551853], [103.41627, -0.575372], [103.408539, -0.604913], [103.393565, -0.632013], [103.372895, -0.648126], [103.372895, -0.65488], [103.388927, -0.665948], [103.385753, -0.680922], [103.369395, -0.693292], [103.345551, -0.695896], [103.356456, -0.711358], [103.375987, -0.726821], [103.399913, -0.738865], [103.436046, -0.745294], [103.438731, -0.746189], [103.450694, -0.750095], [103.463145, -0.757745], [103.468516, -0.767836], [103.464854, -0.782973], [103.44752, -0.799412], [103.441173, -0.812595], [103.485362, -0.804946], [103.507335, -0.804946], [103.52711, -0.816013], [103.537608, -0.830336], [103.552501, -0.861098], [103.564708, -0.874607], [103.569102, -0.875665], [103.581065, -0.873793], [103.585785, -0.874607], [103.587413, -0.877048], [103.590505, -0.885186], [103.592052, -0.887628], [103.598318, -0.894464], [103.604747, -0.903578], [103.612641, -0.911554], [103.634451, -0.919366], [103.640636, -0.928888], [103.644786, -0.938572], [103.650401, -0.942966], [103.688731, -0.949151], [103.702891, -0.960056], [103.725108, -0.98561], [103.739757, -0.990655], [103.762055, -0.992771], [103.78004, -0.998793], [103.794119, -1.009454], [103.804942, -1.024835], [103.820811, -1.063084], [103.828868, -1.073419], [103.839122, -1.03281], [103.856293, -1.013767], [103.878591, -0.999282], [103.900401, -0.990655], [103.942393, -0.982029], [103.955821, -0.976983], [104.022309, -1.008233], [104.040782, -1.021742], [104.056895, -1.02752], [104.107921, -1.028985], [104.126964, -1.031671], [104.189464, -1.068129], [104.212413, -1.073337], [104.253673, -1.055841], [104.262706, -1.050551], [104.319591, -1.033624], [104.377208, -1.031671], [104.381847, -1.040785], [104.410492, -1.128351], [104.397472, -1.191339], [104.401378, -1.23089], [104.410655, -1.262465], [104.41505, -1.271905], [104.444998, -1.30462], [104.449229, -1.316013], [104.456065, -1.379083], [104.454356, -1.53102], [104.462738, -1.5735], [104.479259, -1.615818], [104.517345, -1.688409], [104.531586, -1.734063], [104.533539, -1.740492], [104.537608, -1.760675], [104.537364, -1.772149], [104.533458, -1.783461], [104.517426, -1.80934], [104.51238, -1.821466], [104.489024, -1.86004], [104.483409, -1.881443], [104.48406, -1.897068], [104.486827, -1.910333], [104.497081, -1.935968], [104.51352, -1.918634], [104.527354, -1.867446], [104.537364, -1.854099], [104.564464, -1.85768], [104.586681, -1.877211], [104.605724, -1.899021], [104.623546, -1.909356], [104.636974, -1.921563], [104.629649, -1.949151], [104.614268, -1.978204], [104.602794, -1.994724], [104.594737, -2.003025], [104.587413, -2.012791], [104.588878, -2.019464], [104.606212, -2.018487], [104.620616, -2.010431], [104.642589, -1.981703], [104.654552, -1.970147], [104.659841, -1.990167], [104.660411, -2.012872], [104.663829, -2.031345], [104.677908, -2.038995], [104.680837, -2.040134], [104.682872, -2.042413], [104.685802, -2.044692], [104.691905, -2.045831], [104.694672, -2.043715], [104.696788, -2.038995], [104.699962, -2.034356], [104.705821, -2.032322], [104.71046, -2.029474], [104.729177, -2.011651], [104.772634, -1.997735], [104.814626, -2.008396], [104.850271, -2.037856], [104.874278, -2.080011], [104.882823, -2.125665], [104.87615, -2.164727], [104.859711, -2.199395], [104.828298, -2.246677], [104.757009, -2.330499], [104.743419, -2.341241], [104.726899, -2.344496], [104.684744, -2.345798], [104.671397, -2.351251], [104.657237, -2.364516], [104.623383, -2.387465], [104.606212, -2.402114], [104.676036, -2.371759], [104.709646, -2.370864], [104.729177, -2.408949], [104.730154, -2.452732], [104.726817, -2.478123], [104.713145, -2.511489], [104.713145, -2.557794], [104.709239, -2.573989], [104.698741, -2.582208], [104.680919, -2.590997], [104.660981, -2.597833], [104.643809, -2.600763], [104.632823, -2.605157], [104.602794, -2.626642], [104.569509, -2.656427], [104.548676, -2.684828], [104.535981, -2.719334], [104.537364, -2.759047], [104.535411, -2.757257], [104.533214, -2.762628], [104.531098, -2.772638], [104.547211, -2.759535], [104.562755, -2.738377], [104.574392, -2.714532], [104.578868, -2.693536], [104.585134, -2.677667], [104.599864, -2.663751], [104.633556, -2.642348], [104.70281, -2.60947], [104.731456, -2.590753], [104.750255, -2.560317], [104.768565, -2.494724], [104.770763, -2.47381], [104.76824, -2.430108], [104.771821, -2.414239], [104.784353, -2.395278], [104.816417, -2.364923], [104.832205, -2.34531], [104.845958, -2.302179], [104.862641, -2.288751], [104.883311, -2.284926], [104.901052, -2.292901], [104.908702, -2.312677], [104.908702, -2.337335], [104.911632, -2.360284], [104.928966, -2.37477], [104.930919, -2.35117], [104.941417, -2.336196], [104.958263, -2.328546], [104.980235, -2.32643], [105.001964, -2.331964], [105.016449, -2.344659], [105.029063, -2.358494], [105.045095, -2.367364], [105.053966, -2.36712], [105.075206, -2.361505], [105.086681, -2.361261], [105.097016, -2.365411], [105.111339, -2.377699], [105.11671, -2.380466], [105.138438, -2.376235], [105.202159, -2.347426], [105.223643, -2.343438], [105.246918, -2.342869], [105.269298, -2.347345], [105.307384, -2.368829], [105.331065, -2.373142], [105.380219, -2.37477], [105.466807, -2.388442], [105.511241, -2.390802], [105.535004, -2.394789], [105.552094, -2.402114], [105.552094, -2.408949], [105.548839, -2.409356], [105.541759, -2.408787], [105.538422, -2.408949], [105.549001, -2.421157], [105.563813, -2.414972], [105.578868, -2.402276], [105.590017, -2.395278], [105.608572, -2.396173], [105.62379, -2.401788], [105.633311, -2.416192], [105.634776, -2.443048], [105.629242, -2.464614], [105.611176, -2.505955], [105.607432, -2.528741], [105.608409, -2.552341], [105.612071, -2.574151], [105.618419, -2.594903], [105.62794, -2.615004], [105.63852, -2.630792], [105.65447, -2.648614], [105.673106, -2.663018], [105.701996, -2.671319], [105.722504, -2.681085], [105.733409, -2.683282], [105.757091, -2.682875], [105.768077, -2.684747], [105.778087, -2.690118], [105.794932, -2.724054], [105.791759, -2.862074], [105.809581, -2.899021], [105.84018, -2.930108], [105.879242, -2.951104], [105.922618, -2.957696], [105.933279, -2.955987], [105.951834, -2.950942], [105.963145, -2.950291], [105.975108, -2.952813], [105.990977, -2.961847], [106.000824, -2.9638], [106.015636, -2.969496], [106.028494, -2.982843], [106.045584, -3.012302], [106.054047, -3.04697], [106.053477, -3.128595], [106.059337, -3.170017], [106.063731, -3.179864], [106.076508, -3.20086], [106.079763, -3.211521], [106.079356, -3.223728], [106.074229, -3.244724], [106.073009, -3.255548], [106.063162, -3.266697], [105.997244, -3.300226], [105.962738, -3.32879], [105.929047, -3.365411], [105.900238, -3.407159], [105.881114, -3.451104], [105.819591, -3.67254], [105.825694, -3.711521], [105.851085, -3.743341], [105.933442, -3.802341], [105.952485, -3.833754], [105.952891, -3.869073], [105.935802, -3.909845], [105.870128, -4.004164], [105.860606, -4.036716], [105.855235, -4.070896], [105.831309, -4.140232], [105.827973, -4.157973], [105.812755, -4.238702], [105.81422, -4.273126], [105.819021, -4.300226], [105.8296, -4.324477], [105.846039, -4.353204], [105.857432, -4.38128], [105.853282, -4.403904], [105.868175, -4.412042], [105.879161, -4.4249], [105.894786, -4.458429], [105.896983, -4.455499], [105.897472, -4.454522], [105.901622, -4.451755], [105.906261, -4.469334], [105.898692, -4.511977], [105.909434, -4.546645], [105.90268, -4.565688], [105.892914, -4.585138], [105.88795, -4.601821], [105.890636, -4.619399], [105.90504, -4.670099], [105.890473, -4.67783], [105.881847, -4.696222], [105.868663, -4.780938], [105.867442, -4.82464], [105.872406, -4.848565], [105.908458, -4.910333], [105.909679, -4.943129], [105.896821, -4.975193], [105.879568, -5.007582], [105.867442, -5.041274], [105.861827, -5.12656], [105.867442, -5.211358], [105.864513, -5.255548], [105.839529, -5.337172], [105.833344, -5.383233], [105.83961, -5.468927], [105.836192, -5.491795], [105.824067, -5.53045], [105.832774, -5.592543], [105.833344, -5.633722], [105.8296, -5.654718], [105.81129, -5.696873], [105.805431, -5.718438], [105.79363, -5.795587], [105.782563, -5.828546], [105.764415, -5.856215], [105.733572, -5.890313], [105.729747, -5.896661], [105.7199, -5.88714], [105.719493, -5.848728], [105.712901, -5.832127], [105.681, -5.819024], [105.602061, -5.809828], [105.586192, -5.790785], [105.580821, -5.713149], [105.568614, -5.680352], [105.545258, -5.657647], [105.539887, -5.662693], [105.530284, -5.675551], [105.525401, -5.678806], [105.514985, -5.67783], [105.507335, -5.672784], [105.500743, -5.667087], [105.493907, -5.664483], [105.483572, -5.658949], [105.449718, -5.623468], [105.398204, -5.581313], [105.375987, -5.557712], [105.31072, -5.465997], [105.279633, -5.444268], [105.250499, -5.45908], [105.246349, -5.478774], [105.257009, -5.517267], [105.247081, -5.53753], [105.247895, -5.541274], [105.23878, -5.568943], [105.236176, -5.571954], [105.230805, -5.576349], [105.219005, -5.574802], [105.202159, -5.568943], [105.180024, -5.580499], [105.180186, -5.596938], [105.189789, -5.617283], [105.195811, -5.640313], [105.195811, -5.667901], [105.199229, -5.678888], [105.206716, -5.686944], [105.213715, -5.692966], [105.216319, -5.698012], [105.201915, -5.706801], [105.175466, -5.71559], [105.154796, -5.726821], [105.158051, -5.742934], [105.177989, -5.750421], [105.202159, -5.753595], [105.215343, -5.759047], [105.202159, -5.773696], [105.183604, -5.782159], [105.163259, -5.786065], [105.130626, -5.787367], [105.118419, -5.782159], [105.073009, -5.746352], [104.901052, -5.671319], [104.838634, -5.623468], [104.790782, -5.60947], [104.769298, -5.591974], [104.709727, -5.525811], [104.698416, -5.515558], [104.681326, -5.506931], [104.642263, -5.497817], [104.622813, -5.490655], [104.613048, -5.478936], [104.606212, -5.478936], [104.608165, -5.483331], [104.613048, -5.499282], [104.587087, -5.499282], [104.567638, -5.501235], [104.551443, -5.508477], [104.53419, -5.523858], [104.528494, -5.54046], [104.533214, -5.559828], [104.688731, -5.807875], [104.697765, -5.845392], [104.702403, -5.886977], [104.713878, -5.910089], [104.716075, -5.921075], [104.710948, -5.92783], [104.699067, -5.930434], [104.56129, -5.928318], [104.553396, -5.919122], [104.55836, -5.883559], [104.553722, -5.86004], [104.541759, -5.841892], [104.48878, -5.79697], [104.47877, -5.790216], [104.463145, -5.78281], [104.456716, -5.772068], [104.449229, -5.752618], [104.384044, -5.692478], [104.367686, -5.685724], [104.297699, -5.643324], [104.290782, -5.625421], [104.314464, -5.605076], [104.301524, -5.585626], [104.257986, -5.539809], [104.236176, -5.527276], [104.224783, -5.524021], [104.215668, -5.522719], [104.206716, -5.52044], [104.195323, -5.513604], [104.189789, -5.505304], [104.184906, -5.493748], [104.177501, -5.483331], [104.144867, -5.473891], [104.126638, -5.461684], [104.11085, -5.446222], [104.038829, -5.356622], [103.993175, -5.312677], [103.988129, -5.296319], [103.999766, -5.276951], [104.002452, -5.262872], [103.991384, -5.246352], [103.975108, -5.232354], [103.962576, -5.22503], [103.941091, -5.222833], [103.918793, -5.223077], [103.901378, -5.21852], [103.894298, -5.20143], [103.897309, -5.191664], [103.910981, -5.172296], [103.914073, -5.160089], [103.913422, -5.139255], [103.911876, -5.130792], [103.908458, -5.123224], [103.891124, -5.104181], [103.832286, -5.068048], [103.807628, -5.041925], [103.792166, -5.030938], [103.773774, -5.026462], [103.74822, -5.026544], [103.736827, -5.023696], [103.726085, -5.016778], [103.725841, -5.007013], [103.735525, -4.97796], [103.732921, -4.971775], [103.726817, -4.968683], [103.717459, -4.961847], [103.705414, -4.955011], [103.692068, -4.951918], [103.681651, -4.954685], [103.671723, -4.961521], [103.654063, -4.979181], [103.630626, -4.934991], [103.616954, -4.919854], [103.592052, -4.910333], [103.584646, -4.909601], [103.56129, -4.910333], [103.553559, -4.908868], [103.550059, -4.905369], [103.547862, -4.901056], [103.5442, -4.897231], [103.533702, -4.890232], [103.518321, -4.875665], [103.51002, -4.869317], [103.500011, -4.863946], [103.487804, -4.859145], [103.474783, -4.856052], [103.461681, -4.855727], [103.44988, -4.859796], [103.437022, -4.866306], [103.424815, -4.870864], [103.414561, -4.869317], [103.409841, -4.86004], [103.393403, -4.814142], [103.385997, -4.804946], [103.378184, -4.798923], [103.359223, -4.787367], [103.344493, -4.80047], [103.328868, -4.794122], [103.31658, -4.776544], [103.303559, -4.734145], [103.284516, -4.71502], [103.172862, -4.617934], [103.049978, -4.543064], [102.920421, -4.492608], [102.904307, -4.477797], [102.889903, -4.440362], [102.876313, -4.420587], [102.701182, -4.27044], [102.527517, -4.151137], [102.366222, -4.026462], [102.339366, -4.011326], [102.312511, -3.991469], [102.291759, -3.965427], [102.283539, -3.930922], [102.287852, -3.915297], [102.306651, -3.884698], [102.310883, -3.865411], [102.304535, -3.845147], [102.274099, -3.810479], [102.263194, -3.793145], [102.261078, -3.781915], [102.261729, -3.772556], [102.263194, -3.764825], [102.263194, -3.758396], [102.25766, -3.74684], [102.250824, -3.737726], [102.245128, -3.72796], [102.242686, -3.714614], [102.240489, -3.678481], [102.234386, -3.659356], [102.222179, -3.642836], [102.065684, -3.55047], [101.876964, -3.421319], [101.637462, -3.250665], [101.611339, -3.224542], [101.584483, -3.176853], [101.564952, -3.162286], [101.418956, -2.927341], [101.40797, -2.885512], [101.326996, -2.73919], [101.299327, -2.707615], [101.262543, -2.683282], [101.178396, -2.64129], [101.139822, -2.616876], [101.104828, -2.587091], [101.017833, -2.46795], [100.923106, -2.333429], [100.839529, -2.16725], [100.833995, -2.159112], [100.831554, -2.14129], [100.845714, -2.119399], [100.878266, -2.080011], [100.887218, -2.037205], [100.881358, -1.994887], [100.870616, -1.953302], [100.864594, -1.912367], [100.857595, -1.89186], [100.841075, -1.870375], [100.783946, -1.815525], [100.776052, -1.805759], [100.771332, -1.795587], [100.764659, -1.772068], [100.718435, -1.698175], [100.668305, -1.639744], [100.65447, -1.617608], [100.645518, -1.594008], [100.636567, -1.551365], [100.632579, -1.507989], [100.62436, -1.497491], [100.584646, -1.460382], [100.570567, -1.44256], [100.576427, -1.437758], [100.579926, -1.431899], [100.584239, -1.415785], [100.581716, -1.416681], [100.573253, -1.407647], [100.570567, -1.40838], [100.572765, -1.404474], [100.577403, -1.398126], [100.581879, -1.39365], [100.584239, -1.394708], [100.576834, -1.355645], [100.569184, -1.330824], [100.559906, -1.319594], [100.539806, -1.314223], [100.498709, -1.290297], [100.479177, -1.282973], [100.473481, -1.278497], [100.464122, -1.268162], [100.458263, -1.263849], [100.455577, -1.26572], [100.453461, -1.269708], [100.45045, -1.271905], [100.425792, -1.276056], [100.415538, -1.274509], [100.406016, -1.264418], [100.409679, -1.258559], [100.426524, -1.24391], [100.431814, -1.234552], [100.433604, -1.228692], [100.433279, -1.20672], [100.427419, -1.19256], [100.384939, -1.155206], [100.370128, -1.160903], [100.366059, -1.150486], [100.368012, -1.133722], [100.371267, -1.121026], [100.374197, -1.117608], [100.378754, -1.115167], [100.383067, -1.111423], [100.384939, -1.103936], [100.383311, -1.096775], [100.371267, -1.073337], [100.381033, -1.068617], [100.391938, -1.067071], [100.402843, -1.068617], [100.412852, -1.073337], [100.416352, -1.06463], [100.417735, -1.056248], [100.416352, -1.047784], [100.412852, -1.039158], [100.390961, -1.041599], [100.379893, -1.03045], [100.353038, -0.977146], [100.344005, -0.908787], [100.327891, -0.858819], [100.301443, -0.816339], [100.159679, -0.667901], [100.134044, -0.634698], [100.090587, -0.557224], [100.034923, -0.48797], [100.001313, -0.456313], [99.930431, -0.409438], [99.919444, -0.398045], [99.91033, -0.375177], [99.888845, -0.357599], [99.843598, -0.332127], [99.823985, -0.313409], [99.813813, -0.29461], [99.810069, -0.27337], [99.809581, -0.247166], [99.805919, -0.227797], [99.797211, -0.215916], [99.785981, -0.206638], [99.775401, -0.195571], [99.76588, -0.181248], [99.759451, -0.16839], [99.756033, -0.154718], [99.754893, -0.137302], [99.757986, -0.115818], [99.763845, -0.09588], [99.766775, -0.075372], [99.761729, -0.052179], [99.747244, -0.02984], [99.689464, 0.020087], [99.632823, 0.081], [99.61085, 0.098578], [99.534028, 0.140326], [99.490489, 0.155422], [99.450206, 0.161282], [99.426931, 0.161363], [99.408214, 0.163886], [99.392589, 0.171698], [99.378184, 0.187974], [99.356619, 0.225653], [99.341075, 0.238756], [99.316173, 0.242621], [99.29656, 0.237698], [99.26059, 0.219875], [99.244151, 0.215969], [99.233409, 0.217027], [99.221934, 0.220364], [99.211274, 0.225653], [99.203136, 0.232733], [99.193696, 0.24315], [99.188813, 0.245592], [99.182302, 0.244086], [99.168712, 0.242621], [99.16212, 0.245266], [99.142345, 0.258246], [99.13795, 0.263088], [99.139334, 0.273749], [99.153087, 0.287177], [99.158458, 0.297838], [99.158458, 0.320014], [99.148448, 0.333157], [99.131521, 0.340562], [99.110606, 0.345649], [99.128754, 0.391791], [99.132335, 0.412055], [99.127208, 0.484361], [99.122569, 0.509019], [99.110606, 0.52383], [99.098399, 0.514228], [99.097341, 0.530748], [99.103852, 0.578437], [99.100271, 0.601752], [99.089854, 0.622016], [99.072765, 0.630805], [99.048595, 0.61994], [99.04005, 0.650458], [99.047374, 0.739732], [99.041759, 0.777045], [99.006114, 0.818752], [98.997325, 0.825426], [98.981212, 0.831732], [98.976736, 0.847357], [98.980317, 0.886217], [98.975841, 0.920844], [98.917328, 1.117174], [98.850597, 1.277289], [98.839041, 1.301256], [98.836925, 1.311469], [98.838878, 1.321357], [98.842947, 1.333441], [98.844574, 1.345893], [98.840017, 1.356757], [98.799083, 1.398749], [98.788585, 1.413804], [98.775401, 1.451565], [98.770274, 1.474595], [98.768077, 1.493598], [98.764659, 1.498847], [98.756521, 1.504462], [98.746267, 1.508938], [98.73699, 1.510688], [98.730235, 1.51439], [98.725841, 1.523627], [98.720225, 1.545396], [98.709646, 1.564114], [98.711274, 1.569566], [98.727061, 1.57217], [98.733653, 1.569892], [98.740408, 1.56391], [98.745372, 1.556138], [98.747406, 1.548529], [98.753429, 1.535631], [98.766449, 1.549018], [98.788585, 1.586412], [98.798188, 1.599066], [98.818858, 1.619696], [98.822602, 1.630439], [98.823578, 1.666693], [98.819102, 1.682318], [98.805919, 1.68887], [98.788097, 1.691352], [98.783702, 1.699042], [98.784516, 1.711859], [98.78297, 1.729722], [98.773936, 1.748603], [98.760102, 1.764146], [98.727061, 1.791897], [98.715017, 1.78498], [98.711111, 1.77912], [98.712738, 1.763902], [98.715099, 1.763983], [98.724946, 1.756822], [98.727061, 1.756496], [98.726736, 1.749416], [98.721528, 1.739081], [98.720225, 1.733466], [98.711111, 1.725775], [98.690684, 1.736274], [98.658214, 1.763902], [98.576182, 1.888088], [98.535167, 1.936469], [98.444021, 1.991156], [98.426117, 1.997626], [98.406993, 2.001939], [98.387869, 2.003485], [98.365977, 2.002875], [98.354503, 2.003811], [98.34962, 2.007229], [98.349376, 2.02143], [98.347179, 2.028998], [98.341156, 2.033393], [98.329845, 2.038275], [98.311778, 2.039618], [98.288829, 2.03734], [98.269216, 2.038072], [98.260916, 2.048529], [98.256114, 2.07331], [98.243663, 2.087551], [98.209483, 2.109931], [98.152599, 2.156928], [98.08961, 2.195868], [97.983572, 2.244371], [97.955903, 2.271715], [97.93336, 2.269761], [97.881114, 2.250312], [97.866873, 2.247463], [97.850759, 2.251207], [97.829438, 2.264228], [97.817719, 2.258938], [97.809906, 2.263658], [97.803396, 2.27204], [97.79477, 2.277818], [97.786143, 2.278022], [97.768565, 2.273017], [97.757335, 2.271674], [97.744395, 2.281073], [97.706065, 2.346137], [97.676443, 2.375922], [97.663585, 2.392076], [97.658214, 2.411566], [97.661143, 2.52733], [97.644054, 2.668891], [97.608897, 2.848619], [97.602712, 2.866197], [97.592784, 2.873684], [97.577403, 2.875922], [97.53533, 2.888251], [97.48463, 2.913031], [97.463878, 2.919623], [97.441661, 2.922105], [97.42213, 2.928371], [97.40504, 2.943345], [97.332042, 3.031399], [97.313487, 3.061672], [97.300792, 3.093411], [97.285167, 3.178453], [97.270763, 3.214423], [97.240489, 3.238023], [97.206716, 3.24079], [97.182628, 3.245998], [97.171641, 3.254828], [97.166352, 3.267971], [97.018565, 3.522691], [96.999766, 3.545885], [96.921723, 3.605699], [96.903494, 3.63467], [96.8921, 3.66649], [96.883556, 3.68244], [96.873057, 3.689276], [96.866059, 3.692125], [96.842052, 3.706732], [96.838145, 3.712633], [96.828868, 3.71662], [96.817638, 3.719916], [96.807872, 3.724066], [96.778005, 3.742987], [96.760509, 3.748684], [96.559825, 3.746568], [96.519867, 3.754828], [96.479503, 3.778713], [96.430349, 3.825263], [96.279307, 4.025784], [96.211436, 4.09394], [96.20753, 4.100491], [96.201915, 4.11518], [96.197765, 4.121283], [96.190929, 4.125963], [96.175304, 4.132717], [96.167654, 4.138373], [96.159679, 4.141303], [96.147146, 4.142483], [96.135265, 4.141669], [96.130138, 4.138373], [96.125173, 4.13642], [96.11378, 4.147162], [96.065196, 4.205024], [96.049653, 4.214301], [96.030772, 4.217475], [96.01002, 4.225653], [95.903494, 4.344713], [95.814138, 4.432847], [95.80714, 4.446112], [95.758962, 4.484442], [95.725841, 4.531684], [95.656505, 4.579983], [95.616547, 4.628404], [95.598969, 4.635199], [95.576182, 4.63467], [95.56544, 4.637519], [95.560883, 4.645738], [95.563243, 4.651557], [95.572927, 4.660712], [95.575206, 4.666571], [95.57252, 4.673814], [95.566661, 4.675198], [95.559581, 4.674628], [95.554047, 4.676215], [95.526866, 4.697252], [95.515147, 4.713528], [95.489106, 4.762437], [95.468435, 4.789496], [95.459972, 4.797187], [95.441254, 4.810614], [95.434337, 4.817125], [95.42628, 4.827338], [95.424571, 4.832343], [95.425059, 4.837348], [95.423839, 4.84748], [95.418468, 4.862494], [95.405772, 4.887681], [95.400157, 4.910549], [95.385997, 4.935126], [95.379893, 4.960435], [95.348888, 5.037502], [95.338878, 5.053534], [95.324474, 5.070299], [95.312836, 5.087144], [95.305919, 5.103583], [95.296886, 5.1164], [95.279796, 5.122504], [95.299164, 5.150336], [95.301606, 5.172431], [95.29127, 5.191636], [95.27296, 5.211168], [95.256033, 5.223375], [95.248709, 5.231024], [95.245616, 5.241645], [95.243988, 5.256049], [95.239513, 5.270819], [95.231944, 5.282294], [95.221446, 5.286933], [95.198985, 5.292873], [95.205333, 5.307563], [95.222179, 5.326402], [95.231944, 5.344631], [95.233897, 5.35932], [95.245291, 5.379136], [95.25172, 5.395575], [95.253591, 5.411566], [95.249685, 5.424954], [95.231944, 5.450751], [95.245453, 5.460517], [95.236827, 5.474026], [95.223888, 5.489569], [95.225108, 5.505439], [95.203624, 5.533677], [95.197276, 5.546373], [95.212738, 5.573147], [95.223888, 5.580268], [95.23878, 5.574368], [95.250499, 5.579047], [95.260427, 5.577541], [95.269705, 5.574408], [95.279796, 5.574368], [95.288341, 5.578762], [95.304942, 5.591986], [95.315766, 5.597968], [95.335297, 5.612128], [95.345225, 5.615302], [95.358897, 5.616889], [95.369151, 5.621283], [95.412852, 5.649563], [95.431895, 5.65469], [95.449718, 5.649563], [95.477061, 5.623603], [95.494314, 5.612291], [95.502696, 5.605129], [95.511241, 5.603013], [95.521251, 5.609198], [95.533702, 5.622138], [95.576182, 5.631252], [95.611583, 5.626654], [95.762218, 5.57685], [95.83961, 5.528551], [95.855479, 5.522162], [95.872569, 5.519721], [95.887543, 5.512152], [95.894379, 5.493801], [95.903575, 5.450751], [95.930431, 5.414496], [96.054942, 5.313625], [96.088064, 5.295478], [96.126231, 5.281806], [96.290538, 5.258979], [96.303966, 5.254299], [96.344412, 5.232327], [96.362153, 5.225491], [96.406586, 5.217231], [96.429454, 5.218329], [96.448497, 5.228583], [96.466319, 5.235541], [96.486339, 5.229397], [96.507091, 5.218573], [96.527354, 5.211168], [96.567638, 5.208441], [96.650564, 5.216254], [96.684906, 5.225491], [96.785132, 5.259857], [96.82838, 5.280178], [96.848643, 5.276597], [96.894379, 5.262112], [96.907237, 5.262681], [96.922862, 5.269477], [96.973399, 5.273424], [97.030198, 5.251295], [97.074339, 5.238155], [97.109641, 5.214092], [97.149345, 5.198772], [97.166026, 5.173733], [97.175955, 5.161282], [97.19516, 5.156643], [97.226553, 5.146221], [97.268368, 5.155068], [97.496837, 5.251899], [97.526215, 5.242255], [97.664399, 5.073432], [97.830089, 4.938788], [97.873871, 4.91885], [97.893809, 4.905829], [97.90919, 4.889594], [97.956065, 4.80801], [97.963227, 4.789496], [97.975352, 4.706244], [97.983735, 4.678412], [98.007009, 4.633857], [98.0088, 4.623684], [98.007091, 4.597724], [97.996837, 4.570217], [97.992524, 4.553778], [97.996837, 4.546454], [98.026215, 4.553168], [98.038829, 4.551947], [98.048025, 4.539008], [98.053966, 4.553168], [98.06129, 4.554836], [98.075938, 4.546454], [98.078868, 4.540513], [98.082856, 4.536078], [98.08961, 4.532782], [98.094005, 4.533189], [98.105724, 4.537828], [98.113536, 4.539008], [98.138194, 4.53441], [98.159679, 4.522284], [98.176117, 4.504828], [98.185802, 4.484442], [98.192149, 4.484442], [98.19516, 4.489203], [98.201915, 4.494086], [98.20574, 4.498033], [98.219005, 4.484768], [98.240571, 4.456732], [98.254161, 4.443427], [98.268321, 4.432318], [98.275564, 4.42536], [98.278575, 4.415473], [98.282481, 4.364936], [98.267751, 4.292629], [98.267589, 4.287909], [98.266368, 4.211575], [98.263438, 4.202867], [98.240489, 4.190172], [98.196137, 4.175116], [98.185802, 4.169745], [98.180024, 4.158189], [98.178071, 4.141832], [98.178966, 4.108222], [98.201834, 4.132148], [98.217052, 4.14411], [98.237071, 4.149237], [98.239594, 4.153713], [98.256847, 4.17178], [98.260916, 4.173163], [98.263031, 4.177314], [98.29949, 4.089016], [98.305675, 4.080308], [98.362966, 4.087551], [98.384451, 4.086493], [98.405772, 4.078925], [98.441661, 4.057522], [98.462657, 4.053046], [98.477224, 4.04621], [98.497569, 4.014553], [98.507986, 4.004584], [98.526378, 4.003241], [98.5442, 4.005194], [98.557791, 4.0008], [98.567882, 3.966457], [98.5796, 3.953843], [98.5949, 3.943671], [98.610362, 3.936347], [98.67662, 3.914547], [98.700269, 3.875304], [98.699718, 3.83393], [98.710623, 3.803778], [98.796582, 3.725443], [98.896583, 3.681402], [98.95753, 3.671332], [98.977907, 3.657914], [99.009252, 3.635417], [99.026885, 3.629545], [99.052357, 3.621714], [99.07391, 3.608994], [99.10134, 3.582579], [99.179761, 3.546338], [99.270038, 3.484586], [99.368175, 3.407945], [99.383962, 3.398871], [99.420909, 3.391547], [99.433279, 3.38288], [99.453868, 3.360989], [99.47877, 3.346015], [99.489757, 3.336249], [99.497569, 3.309516], [99.506033, 3.295966], [99.52768, 3.271552], [99.558116, 3.244574], [99.589366, 3.227973], [99.685313, 3.204739], [99.719493, 3.191596], [99.737559, 3.189032], [99.750743, 3.180487], [99.781586, 3.120754], [99.833995, 3.072414], [99.852875, 3.047268], [99.857921, 3.011461], [99.889985, 3.018256], [99.911306, 3.000067], [99.930512, 2.975409], [99.957286, 2.96308], [99.979503, 2.948472], [99.990245, 2.914496], [99.997895, 2.79914], [99.99586, 2.78559], [99.988617, 2.77204], [99.979015, 2.759467], [99.970714, 2.745429], [99.967133, 2.72724], [99.96461, 2.719387], [99.954356, 2.703843], [99.953461, 2.696234], [99.959239, 2.687893], [99.967621, 2.684312], [99.976736, 2.68244], [99.984141, 2.678778], [99.992686, 2.668769], [99.99171, 2.664211], [99.987641, 2.660875], [99.987641, 2.654608], [100.0088, 2.620429], [100.00587, 2.609198], [100.007986, 2.602607], [100.013927, 2.60163], [100.022472, 2.607408], [100.028168, 2.61758], [100.025157, 2.624579], [100.018891, 2.630805], [100.015636, 2.638129], [100.014496, 2.671536], [100.012218, 2.678778], [99.980235, 2.697333], [99.973969, 2.70307], [99.985688, 2.718451], [100.018565, 2.731676], [100.054942, 2.727281], [100.076996, 2.689399], [100.07781, 2.675849], [100.07602, 2.648261], [100.076996, 2.634711], [100.08839, 2.601508], [100.090099, 2.590074], [100.095958, 2.570461], [100.109711, 2.54564], [100.125824, 2.530097], [100.13852, 2.537909], [100.137462, 2.551947], [100.12143, 2.588202], [100.117442, 2.603705], [100.117442, 2.645168], [100.121104, 2.66356], [100.131114, 2.681871], [100.143809, 2.695054], [100.159434, 2.703762], [100.17921, 2.708441], [100.20338, 2.709866], [100.210623, 2.706244], [100.212576, 2.697699], [100.21339, 2.687445], [100.217459, 2.678778], [100.224864, 2.673774], [100.242442, 2.666327], [100.248383, 2.662055], [100.251313, 2.654771], [100.254649, 2.627265], [100.258067, 2.619086], [100.266938, 2.602607], [100.268809, 2.596869], [100.273692, 2.590155], [100.299571, 2.572089], [100.30836, 2.569485], [100.312185, 2.562893], [100.31365, 2.554551], [100.313731, 2.554267], [100.381684, 2.355048], [100.405284, 2.31269], [100.434337, 2.273342], [100.507335, 2.199164], [100.561046, 2.156806], [100.617849, 2.129055], [100.666189, 2.134467], [100.789073, 2.048529], [100.812755, 2.03974], [100.832286, 2.016303], [100.840831, 2.010972], [100.855724, 1.999213], [100.872406, 1.971991], [100.886241, 1.940985], [100.8921, 1.918158], [100.895518, 1.886217], [100.905935, 1.85692], [100.923106, 1.834947], [100.947276, 1.825385], [100.941905, 1.841864], [100.946056, 1.861314], [100.948253, 1.882758], [100.937022, 1.904527], [100.924083, 1.922756], [100.915782, 1.944729], [100.905772, 1.990465], [100.885509, 2.036322], [100.823497, 2.115953], [100.803233, 2.161811], [100.799978, 2.20893]]], [[[102.927257, 0.310858], [102.907725, 0.298529], [102.875336, 0.284084], [102.847016, 0.278062], [102.839122, 0.290961], [102.854503, 0.303168], [102.884532, 0.315253], [102.91391, 0.320258], [102.927257, 0.310858]]], [[[103.574229, 0.438218], [103.586436, 0.421536], [103.588227, 0.407009], [103.562022, 0.419176], [103.550629, 0.435045], [103.543956, 0.446275], [103.574229, 0.438218]]], [[[103.597992, 0.530504], [103.60198, 0.522854], [103.613292, 0.510484], [103.621186, 0.506252], [103.618826, 0.496243], [103.608816, 0.49608], [103.60198, 0.489285], [103.591319, 0.522284], [103.570893, 0.545966], [103.569998, 0.553412], [103.579519, 0.557115], [103.581391, 0.549669], [103.588308, 0.539252], [103.597992, 0.530504]]], [[[104.199148, 0.557237], [104.197927, 0.546413], [104.196625, 0.542955], [104.192393, 0.548285], [104.190929, 0.552395], [104.185557, 0.586737], [104.187185, 0.591946], [104.191824, 0.598944], [104.194916, 0.608018], [104.197683, 0.610663], [104.200694, 0.608425], [104.20102, 0.603542], [104.203054, 0.598293], [104.217947, 0.588487], [104.223806, 0.577419], [104.218761, 0.571072], [104.210785, 0.569566], [104.204194, 0.566107], [104.199148, 0.557237]]], [[[103.158946, 0.664781], [103.17921, 0.695502], [103.211762, 0.708157], [103.230235, 0.704169], [103.246918, 0.694037], [103.261485, 0.680325], [103.273204, 0.665676], [103.285167, 0.646389], [103.29363, 0.625434], [103.297862, 0.604722], [103.299978, 0.575426], [103.295746, 0.549384], [103.280772, 0.538031], [103.195567, 0.520453], [103.18336, 0.514838], [103.170665, 0.513739], [103.153168, 0.52383], [103.140473, 0.539374], [103.135997, 0.55622], [103.136729, 0.573879], [103.158946, 0.664781]]], [[[103.040863, 0.646715], [103.037283, 0.652655], [103.036632, 0.657538], [103.043305, 0.660956], [103.055431, 0.658677], [103.065766, 0.649237], [103.073985, 0.636461], [103.0796, 0.624416], [103.084321, 0.608547], [103.08546, 0.600084], [103.084972, 0.592027], [103.081391, 0.579291], [103.076996, 0.574774], [103.071462, 0.577216], [103.064464, 0.585191], [103.057872, 0.596381], [103.045665, 0.627834], [103.043305, 0.640448], [103.040863, 0.646715]]], [[[103.671967, 0.630927], [103.670502, 0.63463], [103.67156, 0.639716], [103.675385, 0.637681], [103.681651, 0.636908], [103.691254, 0.631171], [103.700369, 0.627468], [103.705251, 0.623521], [103.701996, 0.614976], [103.700287, 0.608791], [103.700369, 0.605699], [103.688487, 0.607571], [103.684744, 0.608466], [103.682058, 0.612413], [103.676362, 0.611192], [103.671641, 0.614081], [103.671235, 0.622382], [103.671967, 0.630927]]], [[[104.085134, 0.646959], [104.090017, 0.645575], [104.093598, 0.638577], [104.09962, 0.632473], [104.104584, 0.628648], [104.103363, 0.624905], [104.099946, 0.621405], [104.092784, 0.61758], [104.087087, 0.605699], [104.085541, 0.611884], [104.086925, 0.627305], [104.084158, 0.638373], [104.080496, 0.641669], [104.085134, 0.646959]]], [[[103.48585, 0.667385], [103.499522, 0.695502], [103.506358, 0.70189], [103.517426, 0.698432], [103.521821, 0.689846], [103.521332, 0.678656], [103.517914, 0.667629], [103.506114, 0.640774], [103.497895, 0.627021], [103.489024, 0.61994], [103.472016, 0.622992], [103.469249, 0.637397], [103.473888, 0.653469], [103.479015, 0.660956], [103.48585, 0.667385]]], [[[103.718435, 0.691067], [103.696462, 0.709866], [103.69158, 0.719062], [103.691498, 0.728217], [103.693696, 0.731676], [103.70224, 0.730048], [103.713471, 0.730455], [103.736746, 0.736477], [103.744314, 0.738105], [103.750011, 0.737698], [103.749441, 0.731391], [103.745616, 0.725002], [103.739919, 0.720567], [103.735037, 0.714423], [103.734711, 0.706895], [103.741873, 0.69066], [103.739431, 0.687242], [103.730805, 0.690985], [103.718435, 0.691067]]], [[[103.676606, 0.712877], [103.669281, 0.721462], [103.665131, 0.724433], [103.666026, 0.729112], [103.655854, 0.742418], [103.661306, 0.743801], [103.680186, 0.736599], [103.688487, 0.72663], [103.680431, 0.722398], [103.681814, 0.718044], [103.677501, 0.714097], [103.676606, 0.712877]]], [[[103.094574, 0.786038], [103.100352, 0.790188], [103.106619, 0.792955], [103.112804, 0.792955], [103.120942, 0.779975], [103.116222, 0.757758], [103.104503, 0.735419], [103.092296, 0.722357], [103.086274, 0.724677], [103.080821, 0.73428], [103.077159, 0.74551], [103.075857, 0.752834], [103.077159, 0.760891], [103.080251, 0.768622], [103.084727, 0.775702], [103.094574, 0.786038]]], [[[103.340505, 0.784003], [103.338715, 0.804918], [103.341156, 0.817369], [103.350352, 0.839179], [103.357432, 0.872463], [103.369884, 0.886054], [103.385509, 0.888861], [103.40089, 0.880072], [103.410004, 0.864569], [103.417491, 0.846503], [103.427582, 0.83161], [103.459727, 0.82038], [103.47047, 0.807929], [103.489024, 0.777045], [103.501964, 0.763373], [103.506847, 0.755439], [103.51002, 0.742865], [103.480317, 0.685248], [103.459483, 0.658108], [103.434337, 0.647284], [103.415701, 0.657375], [103.403087, 0.678209], [103.393728, 0.698798], [103.3838, 0.708157], [103.345551, 0.763373], [103.340505, 0.784003]]], [[[103.546479, 0.768948], [103.543386, 0.754014], [103.530284, 0.769843], [103.531993, 0.784247], [103.533458, 0.790188], [103.538341, 0.793484], [103.545746, 0.793891], [103.550955, 0.78795], [103.554617, 0.776231], [103.549978, 0.772813], [103.546479, 0.768948]]], [[[103.702647, 0.814154], [103.71811, 0.798082], [103.727306, 0.779853], [103.724864, 0.766506], [103.71339, 0.762437], [103.700938, 0.765692], [103.695079, 0.773912], [103.688813, 0.791653], [103.666515, 0.823635], [103.667735, 0.839667], [103.702647, 0.814154]]], [[[103.505544, 0.83397], [103.512706, 0.826809], [103.518728, 0.818427], [103.523204, 0.807929], [103.524425, 0.798489], [103.523448, 0.777818], [103.490489, 0.821275], [103.475922, 0.832221], [103.440278, 0.844224], [103.425792, 0.854397], [103.421235, 0.873236], [103.430837, 0.867662], [103.488536, 0.845445], [103.497325, 0.840237], [103.505544, 0.83397]]], [[[103.845958, 0.842475], [103.842296, 0.850653], [103.818614, 0.880072], [103.818614, 0.886217], [103.863292, 0.876899], [103.898204, 0.853339], [103.924164, 0.822455], [103.942149, 0.791327], [103.941417, 0.775702], [103.932872, 0.770331], [103.921397, 0.772773], [103.911388, 0.780748], [103.89503, 0.810248], [103.887462, 0.81802], [103.851736, 0.835354], [103.845958, 0.842475]]], [[[103.730479, 0.847561], [103.726248, 0.873236], [103.743419, 0.893744], [103.750255, 0.888861], [103.767751, 0.884345], [103.777599, 0.880072], [103.801768, 0.852729], [103.817068, 0.841702], [103.831065, 0.816352], [103.839529, 0.788398], [103.837657, 0.769517], [103.832286, 0.765367], [103.826671, 0.765692], [103.821056, 0.768948], [103.80128, 0.784247], [103.763927, 0.804918], [103.746349, 0.82274], [103.730479, 0.847561]]], [[[104.147634, 0.858954], [104.134125, 0.867255], [104.107188, 0.872992], [104.092296, 0.880072], [104.099376, 0.894761], [104.094005, 0.933092], [104.099132, 0.94892], [104.112559, 0.952582], [104.127696, 0.942532], [104.157481, 0.910793], [104.162934, 0.901923], [104.166352, 0.891791], [104.17213, 0.88349], [104.184825, 0.880072], [104.226085, 0.880072], [104.241466, 0.877021], [104.257823, 0.868598], [104.266287, 0.855862], [104.257498, 0.839667], [104.250255, 0.830024], [104.239513, 0.822455], [104.187511, 0.799262], [104.176443, 0.798489], [104.167491, 0.804918], [104.161143, 0.818793], [104.156016, 0.846381], [104.147634, 0.858954]]], [[[103.453461, 0.920559], [103.462169, 0.918931], [103.472667, 0.90884], [103.479503, 0.893622], [103.47934, 0.878852], [103.469005, 0.869615], [103.458263, 0.869696], [103.444672, 0.873603], [103.432953, 0.880683], [103.428071, 0.890041], [103.42156, 0.896715], [103.410411, 0.904731], [103.407074, 0.911444], [103.453461, 0.920559]]], [[[104.038748, 0.901801], [104.044119, 0.904283], [104.04656, 0.913886], [104.051687, 0.918484], [104.055919, 0.919176], [104.058442, 0.917833], [104.055512, 0.908515], [104.052989, 0.903062], [104.050792, 0.896023], [104.047618, 0.8935], [104.039236, 0.889757], [104.038341, 0.889757], [104.038666, 0.891588], [104.036957, 0.898749], [104.038748, 0.901801]]], [[[102.982432, 0.722357], [102.929942, 0.770006], [102.894705, 0.789984], [102.852224, 0.798163], [102.766856, 0.791327], [102.745128, 0.793769], [102.702159, 0.8039], [102.681488, 0.804918], [102.597667, 0.785061], [102.557872, 0.78026], [102.516368, 0.791327], [102.467296, 0.826972], [102.458018, 0.832221], [102.406505, 0.873236], [102.409434, 0.894721], [102.424571, 0.914496], [102.445079, 0.929023], [102.489431, 0.939765], [102.500662, 0.953274], [102.50172, 0.972886], [102.4699, 1.067369], [102.467621, 1.106431], [102.489024, 1.133287], [102.527517, 1.139838], [102.556407, 1.125678], [102.607921, 1.068915], [102.615733, 1.057685], [102.617361, 1.044257], [102.608897, 1.027777], [102.605479, 1.011176], [102.621755, 1.001614], [102.645274, 0.997219], [102.663748, 0.99608], [102.678071, 0.999416], [102.705333, 1.013902], [102.718761, 1.017279], [102.743012, 1.015937], [102.763845, 1.011176], [102.782563, 1.001776], [102.83253, 0.963772], [102.909028, 0.92772], [103.021739, 0.845282], [103.036469, 0.828192], [103.040375, 0.821275], [103.048676, 0.797024], [103.051768, 0.784654], [103.054454, 0.777737], [103.057628, 0.777045], [103.049083, 0.757799], [103.043712, 0.720689], [103.033702, 0.705024], [103.027843, 0.701239], [103.017345, 0.696112], [103.007335, 0.693834], [103.00294, 0.698472], [102.999766, 0.700751], [102.982432, 0.722357]]], [[[104.059337, 0.971625], [104.060964, 0.96776], [104.071137, 0.959988], [104.078787, 0.953192], [104.080577, 0.942532], [104.074636, 0.922878], [104.06365, 0.918484], [104.057953, 0.927232], [104.054942, 0.928819], [104.05071, 0.92886], [104.047944, 0.932074], [104.051117, 0.965847], [104.056163, 0.973538], [104.059337, 0.971625]]], [[[104.18336, 0.940579], [104.178722, 0.940579], [104.174653, 0.940253], [104.166921, 0.936469], [104.163178, 0.93244], [104.160004, 0.931505], [104.153575, 0.933132], [104.149343, 0.940985], [104.149425, 0.944444], [104.146983, 0.948106], [104.146495, 0.953681], [104.149832, 0.95657], [104.146332, 0.962673], [104.147553, 0.966376], [104.145112, 0.971991], [104.15089, 0.969916], [104.163178, 0.968248], [104.172211, 0.97012], [104.171886, 0.959825], [104.1963, 0.948635], [104.199799, 0.945543], [104.1963, 0.942898], [104.190766, 0.943345], [104.187348, 0.941392], [104.18336, 0.940579]]], [[[103.839692, 0.989936], [103.838878, 1.002997], [103.844737, 1.012681], [103.856619, 1.01439], [103.87379, 1.003607], [103.873709, 1.011908], [103.880056, 1.03148], [103.892833, 1.01435], [103.909028, 1.005927], [103.942149, 0.99608], [103.951996, 0.987942], [103.961436, 0.974799], [103.967296, 0.96011], [103.966645, 0.947211], [103.958832, 0.939765], [103.9463, 0.935614], [103.932791, 0.934027], [103.921641, 0.934638], [103.911388, 0.937934], [103.856619, 0.968411], [103.846446, 0.977484], [103.839692, 0.989936]]], [[[102.824392, 0.995429], [102.811534, 1.008043], [102.801036, 1.021959], [102.790701, 1.03148], [102.773611, 1.035468], [102.711925, 1.03148], [102.692638, 1.025824], [102.670584, 1.014553], [102.647634, 1.006293], [102.626231, 1.009833], [102.624766, 1.021959], [102.637218, 1.041002], [102.670584, 1.075588], [102.685232, 1.095404], [102.701915, 1.137763], [102.715587, 1.154446], [102.755382, 1.167914], [102.801768, 1.163275], [102.886241, 1.133287], [102.967133, 1.091539], [103.03712, 1.044582], [103.077647, 1.003404], [103.126475, 0.927883], [103.163259, 0.899604], [103.174571, 0.882148], [103.167491, 0.858954], [103.127126, 0.834418], [103.086274, 0.84101], [102.951508, 0.924628], [102.951182, 0.927883], [102.906749, 0.968817], [102.893321, 0.975328], [102.858897, 0.987698], [102.842296, 0.989936], [102.824392, 0.995429]]], [[[103.767263, 1.012966], [103.761567, 1.008612], [103.75823, 1.012844], [103.760834, 1.023546], [103.759369, 1.031602], [103.773855, 1.045478], [103.774425, 1.051459], [103.779226, 1.0515], [103.788829, 1.04682], [103.792898, 1.049058], [103.796886, 1.04621], [103.800955, 1.031765], [103.800792, 1.019517], [103.799571, 1.014553], [103.80421, 0.981187], [103.806895, 0.97427], [103.807953, 0.967475], [103.804698, 0.962144], [103.801362, 0.966213], [103.796723, 0.969916], [103.787771, 0.973944], [103.780691, 0.982327], [103.777599, 0.991319], [103.775808, 1.009182], [103.772472, 1.015041], [103.767263, 1.012966]]], [[[104.180512, 0.999376], [104.170014, 0.990709], [104.167084, 0.993313], [104.162446, 0.991929], [104.156912, 0.996568], [104.156912, 1.011705], [104.162446, 1.017035], [104.173676, 1.018052], [104.17685, 1.021796], [104.181163, 1.028713], [104.186127, 1.024888], [104.18922, 1.016506], [104.187511, 1.012193], [104.180756, 1.004869], [104.180512, 0.999376]]], [[[104.16627, 1.02912], [104.161713, 1.043443], [104.165457, 1.055406], [104.165375, 1.060981], [104.177745, 1.066555], [104.186127, 1.067776], [104.183035, 1.062201], [104.191905, 1.04918], [104.19044, 1.040513], [104.18572, 1.035875], [104.178233, 1.029486], [104.172455, 1.023017], [104.16627, 1.02912]]], [[[103.315603, 1.073188], [103.323497, 1.09276], [103.333832, 1.111396], [103.342133, 1.119696], [103.347911, 1.121772], [103.366466, 1.131171], [103.37672, 1.133287], [103.389822, 1.130276], [103.391368, 1.122463], [103.388194, 1.111721], [103.387218, 1.099799], [103.393077, 1.076077], [103.397797, 1.064154], [103.403982, 1.054836], [103.409679, 1.051174], [103.422699, 1.049709], [103.428396, 1.047187], [103.431407, 1.042711], [103.431651, 1.038153], [103.431163, 1.033393], [103.431895, 1.028388], [103.434255, 1.024237], [103.440603, 1.017157], [103.443126, 1.012763], [103.444835, 1.006171], [103.444835, 1.000312], [103.442231, 0.995266], [103.437022, 0.9914], [103.423595, 0.99018], [103.407563, 0.99494], [103.380382, 1.009833], [103.357677, 1.004462], [103.340831, 1.019517], [103.314789, 1.061591], [103.315603, 1.073188]]], [[[104.100597, 1.027045], [104.09783, 1.01911], [104.092296, 1.009833], [104.091563, 1.005561], [104.093272, 0.993638], [104.092296, 0.989936], [104.087901, 0.988959], [104.076427, 0.990465], [104.071788, 0.989936], [104.049164, 0.984198], [104.031749, 0.989447], [103.996104, 1.009833], [103.987966, 1.010484], [103.966645, 1.008124], [103.955821, 1.009833], [103.950531, 1.014106], [103.918224, 1.051337], [103.906749, 1.071682], [103.902599, 1.090522], [103.914073, 1.099799], [103.923839, 1.096137], [103.938162, 1.079576], [103.948985, 1.078599], [103.956228, 1.084866], [103.955333, 1.093573], [103.951345, 1.103583], [103.946544, 1.124701], [103.943207, 1.130927], [103.944509, 1.13524], [103.955821, 1.140774], [103.967052, 1.141669], [103.987641, 1.134223], [103.996104, 1.133287], [104.011078, 1.144721], [104.019216, 1.17886], [104.030935, 1.187893], [104.041352, 1.181383], [104.070811, 1.145941], [104.08546, 1.133287], [104.091645, 1.145494], [104.091563, 1.158433], [104.086599, 1.170966], [104.078624, 1.181708], [104.090587, 1.187812], [104.103201, 1.189521], [104.115733, 1.187242], [104.127696, 1.181301], [104.138194, 1.172024], [104.142751, 1.16649], [104.146332, 1.160468], [104.152354, 1.140041], [104.151703, 1.119452], [104.131114, 1.048774], [104.12322, 1.049628], [104.105968, 1.065009], [104.104177, 1.057766], [104.104177, 1.051663], [104.1067, 1.045478], [104.112804, 1.037746], [104.104503, 1.033271], [104.100597, 1.027045]]], [[[103.812511, 1.085354], [103.802745, 1.088609], [103.796072, 1.096829], [103.80128, 1.109971], [103.808686, 1.102729], [103.81129, 1.099026], [103.814952, 1.099026], [103.818696, 1.093411], [103.812511, 1.085354]]], [[[103.71811, 1.117092], [103.720063, 1.117987], [103.720225, 1.117255], [103.720632, 1.117458], [103.720958, 1.115709], [103.719737, 1.115058], [103.719168, 1.115587], [103.71811, 1.117092]]], [[[103.308604, 1.143052], [103.308604, 1.13642], [103.303559, 1.120307], [103.293305, 1.121853], [103.296235, 1.128363], [103.295421, 1.134874], [103.297862, 1.141099], [103.297374, 1.143541], [103.300955, 1.148301], [103.305431, 1.145819], [103.308604, 1.143052]]], [[[103.88266, 1.15294], [103.887625, 1.153103], [103.889578, 1.157904], [103.8921, 1.143907], [103.888357, 1.142646], [103.878429, 1.14529], [103.88266, 1.15294]]], [[[103.399425, 1.157904], [103.406098, 1.15001], [103.40797, 1.136705], [103.391938, 1.13581], [103.377696, 1.156073], [103.391612, 1.167263], [103.399425, 1.157904]]], [[[103.867931, 1.154527], [103.866873, 1.161322], [103.871837, 1.159247], [103.867931, 1.154527]]], [[[102.437511, 0.958889], [102.407481, 0.932847], [102.399669, 0.927883], [102.369314, 0.935207], [102.333751, 0.96369], [102.2671, 1.036851], [102.251313, 1.066799], [102.239268, 1.082099], [102.232921, 1.099514], [102.234223, 1.124213], [102.242686, 1.167426], [102.245128, 1.203925], [102.241873, 1.221869], [102.222911, 1.238023], [102.212576, 1.258002], [102.204112, 1.280829], [102.20102, 1.297756], [102.203461, 1.306545], [102.212657, 1.325426], [102.21461, 1.335639], [102.208507, 1.377183], [102.210623, 1.398261], [102.217459, 1.409166], [102.231212, 1.413235], [102.25294, 1.413804], [102.290863, 1.404527], [102.322113, 1.381496], [102.375743, 1.322252], [102.451427, 1.267279], [102.467052, 1.251207], [102.473399, 1.242011], [102.479503, 1.219143], [102.476085, 1.194525], [102.447439, 1.100491], [102.445567, 1.076158], [102.447439, 1.051337], [102.46518, 0.994818], [102.468028, 0.972561], [102.464854, 0.963446], [102.456879, 0.962348], [102.447032, 0.962958], [102.437511, 0.958889]]], [[[103.422537, 1.309597], [103.418468, 1.31387], [103.415863, 1.336005], [103.425873, 1.343085], [103.436534, 1.326117], [103.433197, 1.316881], [103.424408, 1.309597], [103.422537, 1.309597]]], [[[103.846934, 1.271918], [103.844086, 1.2685], [103.838878, 1.266262], [103.82602, 1.264309], [103.801606, 1.264797], [103.789561, 1.26789], [103.784434, 1.273871], [103.77589, 1.287584], [103.755138, 1.297105], [103.730154, 1.302924], [103.708751, 1.305243], [103.665294, 1.304104], [103.647634, 1.308417], [103.640391, 1.322252], [103.644705, 1.338039], [103.674571, 1.380316], [103.678884, 1.399237], [103.683849, 1.409898], [103.695079, 1.421332], [103.708344, 1.429389], [103.717947, 1.430976], [103.739757, 1.428127], [103.762218, 1.430976], [103.79005, 1.444281], [103.804942, 1.448635], [103.831554, 1.447089], [103.857188, 1.438707], [103.932465, 1.401109], [103.960785, 1.391099], [103.985688, 1.385443], [103.999522, 1.380316], [104.003429, 1.374172], [103.991873, 1.354926], [103.974864, 1.334459], [103.954356, 1.318101], [103.931895, 1.311469], [103.907237, 1.308743], [103.887706, 1.301256], [103.852712, 1.277289], [103.846934, 1.271918]]], [[[102.056977, 1.510688], [102.026541, 1.547675], [102.004405, 1.585679], [102.007823, 1.615383], [102.053722, 1.627346], [102.072439, 1.623236], [102.120128, 1.600735], [102.136241, 1.589545], [102.152354, 1.581122], [102.175059, 1.575751], [102.237641, 1.570258], [102.297862, 1.558498], [102.328298, 1.559272], [102.338145, 1.558498], [102.348969, 1.554633], [102.369151, 1.542304], [102.379161, 1.537991], [102.462657, 1.515448], [102.490489, 1.489691], [102.49586, 1.441799], [102.49586, 1.363593], [102.511485, 1.295315], [102.509532, 1.277289], [102.47877, 1.270738], [102.434744, 1.29914], [102.372325, 1.359849], [102.330251, 1.413275], [102.314626, 1.421332], [102.304698, 1.423529], [102.285167, 1.433336], [102.134532, 1.455715], [102.095551, 1.475246], [102.056977, 1.510688]]], [[[101.649425, 1.722235], [101.625255, 1.714423], [101.597504, 1.710028], [101.577322, 1.709296], [101.53061, 1.718166], [101.490733, 1.736762], [101.460134, 1.76553], [101.440684, 1.804877], [101.430349, 1.850287], [101.422211, 1.872992], [101.397146, 1.909369], [101.393809, 1.930609], [101.405772, 2.013861], [101.418142, 2.04442], [101.440929, 2.064927], [101.478282, 2.072414], [101.495779, 2.068834], [101.531016, 2.056464], [101.550548, 2.058092], [101.566417, 2.067939], [101.615082, 2.117092], [101.649262, 2.128485], [101.681651, 2.108954], [101.707205, 2.078803], [101.721202, 2.058092], [101.757986, 2.011298], [101.770274, 1.985053], [101.775564, 1.947984], [101.767751, 1.925605], [101.73585, 1.887681], [101.72877, 1.863227], [101.732432, 1.817939], [101.729177, 1.799058], [101.715099, 1.778225], [101.66627, 1.74494], [101.659841, 1.733466], [101.649425, 1.722235]]], [[[100.678559, 2.169827], [100.628591, 2.208238], [100.624034, 2.215928], [100.62322, 2.225002], [100.632823, 2.230292], [100.645518, 2.227729], [100.66212, 2.217556], [100.66684, 2.212063], [100.67864, 2.182929], [100.678559, 2.169827]]], [[[104.109874, 2.321885], [104.115082, 2.323025], [104.129161, 2.319281], [104.141287, 2.308661], [104.136892, 2.292833], [104.132009, 2.286933], [104.116954, 2.289944], [104.103363, 2.299343], [104.094656, 2.311225], [104.095876, 2.316352], [104.093435, 2.319281], [104.096853, 2.322292], [104.102631, 2.32095], [104.109874, 2.321885]]], [[[101.016775, 2.30565], [100.998871, 2.307522], [100.980479, 2.305243], [100.977224, 2.317857], [100.994965, 2.319892], [101.010997, 2.323025], [101.033783, 2.321763], [101.042735, 2.31977], [101.034028, 2.310289], [101.016775, 2.30565]]], [[[103.924571, 2.687486], [103.920502, 2.682034], [103.913422, 2.688829], [103.912039, 2.688381], [103.912608, 2.683417], [103.910899, 2.681871], [103.904714, 2.697455], [103.908865, 2.708645], [103.917735, 2.704901], [103.92392, 2.700263], [103.924571, 2.687486]]], [[[104.125824, 2.777045], [104.126964, 2.78559], [104.131602, 2.791083], [104.144216, 2.797593], [104.150645, 2.802395], [104.16033, 2.817857], [104.16033, 2.832668], [104.156261, 2.847724], [104.153819, 2.864081], [104.156016, 2.874579], [104.161876, 2.884833], [104.170665, 2.891099], [104.181407, 2.889797], [104.186209, 2.885321], [104.187755, 2.879706], [104.188975, 2.86758], [104.191661, 2.860297], [104.204356, 2.840888], [104.210623, 2.827867], [104.222667, 2.78559], [104.225108, 2.735907], [104.222667, 2.724107], [104.210785, 2.715074], [104.192068, 2.709052], [104.17213, 2.70775], [104.157481, 2.713284], [104.138438, 2.733629], [104.130626, 2.745795], [104.130138, 2.754543], [104.130707, 2.760077], [104.125824, 2.777045]]], [[[101.243988, 2.907294], [101.232758, 2.91356], [101.233409, 2.930243], [101.231375, 2.938056], [101.238373, 2.956204], [101.251394, 2.970038], [101.25823, 2.967108], [101.255707, 2.912299], [101.243988, 2.907294]]], [[[101.268077, 2.982123], [101.292328, 3.042914], [101.305919, 3.063951], [101.323497, 3.071112], [101.336192, 3.065009], [101.337657, 3.051825], [101.336436, 3.044745], [101.337901, 3.031928], [101.335297, 3.009019], [101.321462, 2.996161], [101.302257, 2.988674], [101.287283, 2.978217], [101.281423, 2.97248], [101.275645, 2.967719], [101.268077, 2.965155], [101.266368, 2.971503], [101.268077, 2.982123]]], [[[101.244395, 3.049018], [101.262869, 3.056342], [101.271169, 3.046454], [101.267345, 3.035305], [101.259613, 3.030219], [101.243826, 3.02619], [101.23699, 3.035061], [101.244395, 3.049018]]], [[[100.541352, 4.271064], [100.548025, 4.268988], [100.551606, 4.26439], [100.554047, 4.258083], [100.556895, 4.255276], [100.563894, 4.255113], [100.569265, 4.251939], [100.574718, 4.238756], [100.576996, 4.216213], [100.579194, 4.212795], [100.580658, 4.198065], [100.576427, 4.19481], [100.566091, 4.200019], [100.55128, 4.219224], [100.546397, 4.221747], [100.543305, 4.226549], [100.542654, 4.231513], [100.545828, 4.241604], [100.540863, 4.25023], [100.543224, 4.257351], [100.536306, 4.269355], [100.541352, 4.271064]]], [[[103.017507, 5.809841], [103.020925, 5.79503], [103.025401, 5.790676], [103.033376, 5.792507], [103.039073, 5.791449], [103.041189, 5.787299], [103.03769, 5.771837], [103.033702, 5.765937], [103.024587, 5.759874], [103.014415, 5.755927], [103.001475, 5.759792], [102.993988, 5.785224], [102.99643, 5.81269], [103.007009, 5.818549], [103.017507, 5.809841]]], [[[102.767914, 5.922065], [102.77296, 5.91059], [102.772634, 5.906562], [102.774832, 5.89883], [102.771169, 5.889106], [102.766043, 5.889716], [102.75294, 5.899115], [102.745453, 5.885362], [102.738943, 5.899115], [102.741873, 5.909044], [102.745209, 5.915107], [102.754487, 5.91649], [102.757823, 5.923814], [102.767914, 5.922065]]], [[[103.47641, 9.284491], [103.457286, 9.278306], [103.456635, 9.29503], [103.447683, 9.304592], [103.483572, 9.309394], [103.494965, 9.304714], [103.483816, 9.294257], [103.47641, 9.284491]]], [[[104.01059, 10.030463], [103.997244, 10.07453], [103.983653, 10.158759], [103.957042, 10.233791], [103.937185, 10.266059], [103.908458, 10.289049], [103.870291, 10.308092], [103.857432, 10.320868], [103.849457, 10.360541], [103.846039, 10.371283], [103.851329, 10.374213], [103.914236, 10.36522], [103.933767, 10.36636], [103.942149, 10.374742], [103.944347, 10.379462], [103.955089, 10.394965], [103.959239, 10.398342], [103.96811, 10.40233], [103.971446, 10.411933], [103.972992, 10.423326], [103.976248, 10.433051], [103.983409, 10.442206], [103.993175, 10.4501], [104.004731, 10.450995], [104.0171, 10.439276], [104.009776, 10.446112], [104.082042, 10.370998], [104.08546, 10.353949], [104.08546, 10.248114], [104.046641, 10.151068], [104.033458, 10.096015], [104.05128, 10.069322], [104.043956, 10.048163], [104.0442, 10.036078], [104.048025, 10.025295], [104.05128, 10.007961], [104.034841, 10.01675], [104.030935, 10.021552], [104.01059, 10.030463]]], [[[103.763927, 10.494534], [103.757335, 10.506496], [103.760427, 10.513821], [103.770274, 10.516588], [103.784434, 10.515041], [103.798595, 10.505439], [103.805919, 10.48432], [103.804861, 10.463202], [103.794688, 10.453559], [103.778331, 10.453803], [103.763845, 10.456529], [103.751964, 10.464586], [103.743419, 10.480862], [103.75172, 10.48314], [103.75587, 10.485989], [103.763927, 10.494534]]], [[[103.313813, 10.619452], [103.319509, 10.617336], [103.321544, 10.610338], [103.31186, 10.596625], [103.311209, 10.592027], [103.310802, 10.586982], [103.312511, 10.579088], [103.317556, 10.574408], [103.324718, 10.573879], [103.331554, 10.579535], [103.334158, 10.58393], [103.335948, 10.583441], [103.338878, 10.579779], [103.338878, 10.572414], [103.334646, 10.564602], [103.330089, 10.553534], [103.323497, 10.545152], [103.312755, 10.551663], [103.292166, 10.583157], [103.285167, 10.599066], [103.289073, 10.612738], [103.302501, 10.618109], [103.313813, 10.619452]]], [[[103.26002, 10.706773], [103.260753, 10.709174], [103.228852, 10.721096], [103.213634, 10.733344], [103.201915, 10.747626], [103.198497, 10.762356], [103.208344, 10.775702], [103.228526, 10.78266], [103.245128, 10.777981], [103.2588, 10.766791], [103.270518, 10.754584], [103.272716, 10.751288], [103.274669, 10.74433], [103.277354, 10.740953], [103.28297, 10.739407], [103.289399, 10.739895], [103.294932, 10.73843], [103.29713, 10.731024], [103.301443, 10.7272], [103.310069, 10.725898], [103.317556, 10.721096], [103.318207, 10.706773], [103.305024, 10.702216], [103.293224, 10.696601], [103.283702, 10.687649], [103.277354, 10.672675], [103.268728, 10.679633], [103.264171, 10.69123], [103.261729, 10.702053], [103.26002, 10.706773]]], [[[102.998057, 11.260199], [103.00294, 11.26911], [102.991954, 11.280015], [102.988536, 11.30093], [102.989268, 11.337388], [102.9817, 11.380113], [102.981456, 11.40469], [102.989268, 11.426174], [102.990896, 11.42182], [102.993663, 11.41706], [102.995453, 11.412543], [103.006684, 11.422065], [103.016368, 11.423082], [103.024181, 11.417182], [103.036632, 11.391995], [103.037283, 11.381171], [103.036143, 11.370836], [103.03712, 11.357896], [103.041759, 11.346666], [103.046886, 11.338121], [103.048676, 11.330878], [103.043305, 11.323717], [103.048595, 11.310126], [103.047862, 11.291449], [103.043305, 11.273424], [103.03712, 11.261664], [103.023448, 11.255194], [103.007579, 11.255072], [102.998057, 11.260199]]], [[[103.014415, 11.476549], [103.001313, 11.495266], [102.99586, 11.513739], [103.009125, 11.529242], [103.026378, 11.51911], [103.030284, 11.51557], [103.032481, 11.510403], [103.0324, 11.505561], [103.031261, 11.502265], [103.030284, 11.501899], [103.03533, 11.492499], [103.04656, 11.47606], [103.050792, 11.46776], [103.050792, 11.460354], [103.046153, 11.453315], [103.034923, 11.431708], [103.030284, 11.426174], [103.020356, 11.426947], [103.019542, 11.436957], [103.023448, 11.460354], [103.014415, 11.476549]]], [[[102.584727, 11.568834], [102.576996, 11.585028], [102.571625, 11.591254], [102.562185, 11.595649], [102.53004, 11.604926], [102.537934, 11.61579], [102.542491, 11.620673], [102.5442, 11.626044], [102.543712, 11.638495], [102.540782, 11.647895], [102.530935, 11.670356], [102.53004, 11.68008], [102.549815, 11.752346], [102.555186, 11.759833], [102.564138, 11.755113], [102.56837, 11.744045], [102.570811, 11.732815], [102.569998, 11.720933], [102.564138, 11.707953], [102.58961, 11.710028], [102.605968, 11.684516], [102.608165, 11.648342], [102.591563, 11.618598], [102.591563, 11.611762], [102.605724, 11.611762], [102.597179, 11.598538], [102.594574, 11.588853], [102.598318, 11.563381], [102.591563, 11.563381], [102.584727, 11.568834]]], [[[102.473562, 11.807278], [102.465831, 11.810248], [102.451996, 11.807766], [102.449799, 11.805284], [102.447032, 11.807278], [102.446951, 11.812445], [102.451264, 11.818264], [102.456391, 11.816636], [102.459483, 11.817165], [102.473237, 11.824978], [102.471283, 11.833238], [102.476166, 11.835313], [102.486583, 11.827053], [102.50587, 11.826606], [102.513031, 11.825914], [102.511567, 11.813707], [102.510265, 11.810248], [102.506196, 11.810696], [102.490652, 11.804511], [102.493744, 11.795356], [102.490652, 11.786607], [102.488536, 11.789293], [102.487478, 11.793484], [102.480154, 11.800035], [102.473562, 11.807278]]], [[[102.37615, 11.970893], [102.362153, 11.967434], [102.349132, 11.968899], [102.310883, 11.981106], [102.310883, 11.97484], [102.313813, 11.971381], [102.31837, 11.961168], [102.312266, 11.966132], [102.306407, 11.969794], [102.29949, 11.97248], [102.290375, 11.97484], [102.290375, 11.981106], [102.294119, 11.994696], [102.2942, 12.056789], [102.284679, 12.06684], [102.256358, 12.131903], [102.27003, 12.131903], [102.265961, 12.138902], [102.261729, 12.144436], [102.256358, 12.148993], [102.249522, 12.153022], [102.266287, 12.152411], [102.293224, 12.145413], [102.310883, 12.146186], [102.342784, 12.123603], [102.355235, 12.111314], [102.366222, 12.097805], [102.378103, 12.071845], [102.386567, 12.058336], [102.399669, 12.049302], [102.399669, 12.043158], [102.406505, 12.036322], [102.417003, 12.017768], [102.43214, 12.000393], [102.443126, 11.98371], [102.441173, 11.967434], [102.427501, 11.961371], [102.410981, 11.971503], [102.379161, 12.002834], [102.375987, 11.991156], [102.37794, 11.979641], [102.37615, 11.970893]]], [[[100.780935, 12.716132], [100.789561, 12.716579], [100.804291, 12.716579], [100.805186, 12.700995], [100.807628, 12.693793], [100.798025, 12.686713], [100.792735, 12.675442], [100.780772, 12.668647], [100.77947, 12.674831], [100.776378, 12.68476], [100.765229, 12.702826], [100.767507, 12.709866], [100.771739, 12.703762], [100.775808, 12.712226], [100.780935, 12.716132]]], [[[105.667247, -10.533298], [105.664073, -10.518487], [105.649262, -10.513116], [105.628184, -10.508966], [105.604991, -10.510024], [105.584972, -10.516371], [105.581798, -10.504815], [105.592296, -10.498468], [105.59962, -10.480564], [105.594249, -10.466729], [105.594249, -10.454034], [105.607188, -10.458429], [105.627126, -10.468927], [105.654552, -10.469903], [105.669281, -10.456231], [105.685232, -10.440362], [105.704112, -10.430841], [105.714692, -10.437188], [105.712657, -10.450942], [105.711436, -10.469903], [105.706309, -10.494236], [105.706309, -10.514255], [105.697927, -10.528985], [105.69988, -10.553399], [105.694591, -10.564874], [105.678722, -10.566013], [105.673513, -10.549086], [105.667247, -10.533298]]], [[[105.518565, -7.011], [105.520437, -7.002293], [105.527354, -7.000095], [105.528656, -6.997979], [105.53419, -6.997328], [105.559255, -7.003269], [105.565684, -7.012221], [105.547781, -7.017918], [105.518565, -7.011]]], [[[105.794444, -6.954034], [105.809581, -6.950372], [105.815766, -6.952813], [105.804454, -6.962742], [105.79477, -6.96616], [105.786957, -6.969252], [105.778982, -6.973077], [105.769542, -6.975518], [105.763601, -6.966404], [105.774994, -6.963149], [105.78712, -6.959893], [105.794444, -6.954034]]], [[[105.189952, -6.617852], [105.182953, -6.60768], [105.175466, -6.583103], [105.132091, -6.626886], [105.120128, -6.630955], [105.117686, -6.6124], [105.13795, -6.587335], [105.188487, -6.547621], [105.195811, -6.555108], [105.204112, -6.54518], [105.215587, -6.538832], [105.225597, -6.536391], [105.229991, -6.538181], [105.233572, -6.531834], [105.242035, -6.528416], [105.253184, -6.527276], [105.264171, -6.527927], [105.265636, -6.553318], [105.263845, -6.59238], [105.256033, -6.628188], [105.239919, -6.643976], [105.222423, -6.649347], [105.203868, -6.673272], [105.192149, -6.678806], [105.182953, -6.671563], [105.185069, -6.655043], [105.193533, -6.636651], [105.202159, -6.623468], [105.189952, -6.617852]]], [[[105.438243, -6.13836], [105.441335, -6.133966], [105.448171, -6.13714], [105.453949, -6.135512], [105.457693, -6.13714], [105.46046, -6.14658], [105.457693, -6.161391], [105.455007, -6.173191], [105.4345, -6.167657], [105.423025, -6.163018], [105.41448, -6.154229], [105.414806, -6.146905], [105.418224, -6.140883], [105.428396, -6.145522], [105.438243, -6.13836]]], [[[105.389496, -6.059096], [105.393484, -6.065444], [105.387706, -6.0735], [105.390961, -6.071222], [105.400238, -6.078546], [105.397716, -6.086114], [105.394298, -6.090916], [105.376638, -6.105483], [105.368337, -6.109063], [105.360362, -6.115981], [105.354747, -6.109633], [105.362804, -6.10003], [105.373627, -6.084731], [105.385346, -6.066257], [105.389496, -6.059096]]], [[[105.85727, -5.942804], [105.860769, -5.958917], [105.859711, -5.97267], [105.853119, -5.974949], [105.849946, -5.980076], [105.848643, -5.96795], [105.838715, -5.957045], [105.834076, -5.957045], [105.833507, -5.955418], [105.829112, -5.951755], [105.836274, -5.945733], [105.85727, -5.942804]]], [[[105.481212, -5.923028], [105.492361, -5.922214], [105.504487, -5.926528], [105.508637, -5.93434], [105.509532, -5.940118], [105.511892, -5.944675], [105.509532, -5.953464], [105.50058, -5.964858], [105.488943, -5.971694], [105.474946, -5.969008], [105.464203, -5.962335], [105.460297, -5.954441], [105.458995, -5.945408], [105.460297, -5.941908], [105.463878, -5.936456], [105.472016, -5.928643], [105.481212, -5.923028]]], [[[105.541026, -5.865818], [105.534679, -5.871352], [105.529389, -5.876397], [105.52947, -5.88128], [105.527354, -5.886082], [105.525808, -5.893569], [105.520844, -5.895115], [105.50172, -5.903497], [105.498627, -5.890476], [105.489594, -5.881443], [105.501069, -5.869236], [105.497976, -5.8624], [105.499522, -5.859877], [105.507823, -5.857761], [105.514008, -5.861098], [105.519054, -5.851821], [105.523936, -5.848158], [105.532237, -5.853367], [105.526378, -5.858005], [105.532888, -5.864272], [105.541026, -5.865818]]], [[[105.226817, -5.82936], [105.231212, -5.824721], [105.245616, -5.815688], [105.249197, -5.818373], [105.255544, -5.817071], [105.265798, -5.80934], [105.27296, -5.812514], [105.280121, -5.803481], [105.285167, -5.793227], [105.291921, -5.800144], [105.296723, -5.802667], [105.302419, -5.810642], [105.304861, -5.816013], [105.301199, -5.819838], [105.29005, -5.82464], [105.281179, -5.838474], [105.273448, -5.841323], [105.239187, -5.832533], [105.230724, -5.833754], [105.228526, -5.832778], [105.226817, -5.82936]]], [[[104.786794, -5.74212], [104.807872, -5.754327], [104.826996, -5.757908], [104.832774, -5.760024], [104.846365, -5.772556], [104.849783, -5.783298], [104.846446, -5.811212], [104.83839, -5.820408], [104.82016, -5.81227], [104.79005, -5.787693], [104.776703, -5.77158], [104.771658, -5.761651], [104.770356, -5.752048], [104.776541, -5.741143], [104.786794, -5.74212]]], [[[105.233735, -5.662449], [105.239187, -5.66603], [105.236501, -5.668715], [105.233735, -5.676935], [105.230154, -5.682306], [105.225597, -5.6867], [105.219086, -5.688572], [105.21339, -5.684015], [105.208263, -5.682306], [105.208181, -5.677992], [105.208832, -5.672296], [105.210623, -5.6631], [105.219412, -5.658054], [105.221609, -5.660414], [105.228933, -5.659926], [105.233735, -5.662449]]], [[[105.778901, -2.400486], [105.786469, -2.399102], [105.798757, -2.405532], [105.799164, -2.412042], [105.790863, -2.417169], [105.787364, -2.422784], [105.786469, -2.422784], [105.783865, -2.416274], [105.782725, -2.405125], [105.778901, -2.400486]]], [[[104.209483, -1.042901], [104.207123, -1.037286], [104.239024, -1.035007], [104.229666, -1.052667], [104.208669, -1.060479], [104.207612, -1.049005], [104.209483, -1.042901]]], [[[104.40447, -0.864516], [104.404389, -0.864597], [104.403331, -0.863132], [104.405365, -0.862237], [104.405447, -0.86297], [104.405854, -0.862726], [104.406179, -0.864516], [104.404959, -0.865086], [104.40447, -0.864516]]], [[[104.243988, -0.665623], [104.23406, -0.661065], [104.235932, -0.656834], [104.243988, -0.665623]]], [[[104.393891, -0.613946], [104.383637, -0.653497], [104.375824, -0.660089], [104.356293, -0.661716], [104.346039, -0.579197], [104.335785, -0.542657], [104.326345, -0.52988], [104.312022, -0.531996], [104.25587, -0.475518], [104.253673, -0.460056], [104.263194, -0.446222], [104.277029, -0.413018], [104.284028, -0.401056], [104.31186, -0.378351], [104.324718, -0.364841], [104.33253, -0.346449], [104.339366, -0.346449], [104.345551, -0.363702], [104.334809, -0.40488], [104.339366, -0.428399], [104.346039, -0.428399], [104.348318, -0.407403], [104.352875, -0.387384], [104.359711, -0.387384], [104.38266, -0.401462], [104.415782, -0.381931], [104.469574, -0.332127], [104.489268, -0.349379], [104.496755, -0.353936], [104.51824, -0.362563], [104.524913, -0.366876], [104.530935, -0.373468], [104.541352, -0.389337], [104.548513, -0.398045], [104.592947, -0.448419], [104.599376, -0.4638], [104.591645, -0.483575], [104.573009, -0.500421], [104.53419, -0.528578], [104.526622, -0.547621], [104.521983, -0.596612], [104.511241, -0.613946], [104.476736, -0.614028], [104.447113, -0.588067], [104.420421, -0.574965], [104.393891, -0.613946]]], [[[104.227224, -0.4013], [104.220714, -0.423842], [104.215831, -0.429132], [104.203624, -0.427911], [104.19516, -0.419854], [104.188324, -0.4013], [104.190033, -0.395522], [104.196544, -0.393406], [104.203054, -0.393487], [104.210948, -0.400649], [104.215668, -0.400567], [104.22462, -0.395359], [104.227224, -0.4013]]], [[[104.235606, -0.354181], [104.23227, -0.358494], [104.229096, -0.354832], [104.222016, -0.346612], [104.22283, -0.339044], [104.232351, -0.330092], [104.235932, -0.335463], [104.237722, -0.342462], [104.235606, -0.354181]]], [[[104.406505, -0.311782], [104.40089, -0.297296], [104.404959, -0.28338], [104.421235, -0.27809], [104.479991, -0.271254], [104.487804, -0.274102], [104.493663, -0.281183], [104.497081, -0.289972], [104.497081, -0.298598], [104.492524, -0.30877], [104.486501, -0.310724], [104.478852, -0.309991], [104.469574, -0.31227], [104.456228, -0.318617], [104.446137, -0.320082], [104.418224, -0.318536], [104.406505, -0.311782]]], [[[104.851329, -0.301202], [104.832856, -0.282403], [104.778087, -0.257582], [104.763438, -0.242934], [104.750743, -0.227146], [104.735525, -0.214451], [104.712657, -0.209242], [104.670909, -0.211602], [104.654959, -0.215916], [104.640391, -0.223403], [104.616954, -0.24033], [104.606212, -0.244073], [104.600352, -0.243585], [104.585134, -0.237237], [104.579926, -0.24033], [104.571056, -0.248468], [104.562999, -0.253513], [104.550548, -0.267999], [104.541352, -0.271254], [104.528656, -0.269952], [104.523936, -0.265883], [104.521821, -0.259373], [104.517426, -0.250177], [104.507335, -0.236098], [104.497895, -0.228123], [104.483897, -0.224379], [104.459321, -0.223403], [104.447113, -0.220961], [104.439952, -0.214288], [104.436371, -0.20436], [104.435557, -0.192153], [104.437266, -0.181085], [104.441905, -0.175551], [104.455903, -0.168227], [104.494477, -0.135675], [104.510753, -0.113702], [104.517426, -0.089451], [104.525076, -0.007745], [104.537364, 0.021308], [104.55836, 0.003079], [104.559825, 0.010159], [104.563813, 0.02261], [104.564626, 0.030341], [104.571625, 0.017646], [104.587901, 0.008287], [104.620372, -0.004246], [104.675548, -0.053806], [104.681326, -0.06524], [104.647227, -0.072686], [104.647227, -0.080743], [104.652517, -0.089532], [104.659434, -0.096531], [104.664561, -0.099379], [104.675466, -0.095798], [104.683116, -0.089614], [104.691905, -0.087498], [104.705821, -0.096287], [104.736583, -0.127374], [104.753917, -0.170587], [104.766287, -0.188246], [104.787771, -0.195571], [104.814138, -0.192804], [104.820323, -0.18434], [104.819835, -0.16961], [104.825938, -0.147719], [104.848888, -0.139581], [104.877289, -0.166599], [104.928966, -0.237237], [105.011485, -0.281508], [105.002696, -0.294854], [104.981781, -0.290704], [104.956554, -0.281183], [104.935232, -0.27809], [104.917166, -0.28753], [104.920177, -0.299005], [104.930675, -0.313409], [104.935232, -0.332127], [104.881684, -0.308364], [104.863536, -0.305434], [104.851329, -0.301202]]], [[[104.927989, -0.138604], [104.926524, -0.138116], [104.927094, -0.136814], [104.927989, -0.137709], [104.927989, -0.138604]]], [[[104.724294, -0.087498], [104.711274, -0.073744], [104.69573, -0.062636], [104.700125, -0.053888], [104.714366, -0.066339], [104.724294, -0.087498]]], [[[104.864431, -0.060927], [104.868256, -0.062636], [104.870128, -0.068211], [104.875173, -0.081882], [104.869477, -0.074477], [104.858246, -0.0676], [104.845225, -0.060235], [104.834809, -0.049859], [104.834646, -0.03867], [104.845225, -0.044285], [104.854828, -0.052667], [104.856619, -0.057387], [104.864431, -0.060927]]], [[[104.764822, 0.060045], [104.767182, 0.056993], [104.772797, 0.051093], [104.776052, 0.04564], [104.778656, 0.030178], [104.766368, 0.035631], [104.754649, 0.03205], [104.73878, 0.033271], [104.735362, 0.037991], [104.734548, 0.04564], [104.737315, 0.048245], [104.746267, 0.044379], [104.762625, 0.049831], [104.762055, 0.06448], [104.764822, 0.060045]]], [[[104.407563, 0.119086], [104.411876, 0.114569], [104.416026, 0.111721], [104.428722, 0.106106], [104.423595, 0.112209], [104.408702, 0.150946], [104.406749, 0.1612], [104.407888, 0.1706], [104.41391, 0.175849], [104.421153, 0.172756], [104.428396, 0.163764], [104.439626, 0.146186], [104.490082, 0.082587], [104.497081, 0.071275], [104.48585, 0.065823], [104.479503, 0.063951], [104.469574, 0.063788], [104.479991, 0.045111], [104.483084, 0.035712], [104.483409, 0.023505], [104.476573, 0.023505], [104.459158, 0.047309], [104.411388, 0.091702], [104.401378, 0.119086], [104.407563, 0.119086]]], [[[104.513113, 0.134833], [104.514903, 0.131212], [104.51767, 0.125515], [104.520681, 0.119127], [104.513845, 0.111762], [104.506928, 0.116767], [104.503184, 0.126695], [104.49643, 0.128323], [104.488048, 0.135443], [104.486501, 0.142279], [104.486827, 0.149766], [104.497895, 0.145738], [104.504324, 0.141669], [104.513113, 0.134833]]], [[[104.295258, 0.137966], [104.295746, 0.146308], [104.29835, 0.151679], [104.297455, 0.158189], [104.289561, 0.16885], [104.295502, 0.169664], [104.302175, 0.164374], [104.3213, 0.146389], [104.335623, 0.125841], [104.332449, 0.104885], [104.331228, 0.106187], [104.328298, 0.108791], [104.324229, 0.109931], [104.319835, 0.12108], [104.309581, 0.131334], [104.302908, 0.127183], [104.298188, 0.133124], [104.295258, 0.137966]]], [[[104.56837, 0.136786], [104.565766, 0.142727], [104.56422, 0.158149], [104.561534, 0.161282], [104.553396, 0.161526], [104.546723, 0.162502], [104.540701, 0.165229], [104.53419, 0.1706], [104.529796, 0.177314], [104.527354, 0.189887], [104.524913, 0.195461], [104.498546, 0.223293], [104.493663, 0.231147], [104.490245, 0.242621], [104.502208, 0.238267], [104.511974, 0.232896], [104.531098, 0.215969], [104.530528, 0.219062], [104.5324, 0.222886], [104.535492, 0.226386], [104.538829, 0.228258], [104.543224, 0.227444], [104.548106, 0.224311], [104.688731, 0.071275], [104.707856, 0.043647], [104.702891, 0.032782], [104.68393, 0.036282], [104.660899, 0.051418], [104.639903, 0.070054], [104.633556, 0.078111], [104.62615, 0.10224], [104.619802, 0.10578], [104.606212, 0.091783], [104.595225, 0.10163], [104.578868, 0.124905], [104.56837, 0.136786]]], [[[104.20102, 0.172024], [104.218354, 0.195176], [104.224864, 0.199449], [104.232758, 0.194729], [104.237804, 0.178656], [104.233897, 0.163601], [104.221528, 0.160956], [104.20102, 0.172024]]], [[[104.344086, 0.317613], [104.372651, 0.29739], [104.382904, 0.287055], [104.385916, 0.281806], [104.384288, 0.278998], [104.361339, 0.275458], [104.354991, 0.278835], [104.342133, 0.296047], [104.336925, 0.300605], [104.331228, 0.303127], [104.327159, 0.307196], [104.323985, 0.312527], [104.325938, 0.320543], [104.344086, 0.317613]]], [[[104.317556, 0.314968], [104.311697, 0.306505], [104.307628, 0.309394], [104.304535, 0.313666], [104.300792, 0.338324], [104.301443, 0.34398], [104.306651, 0.345526], [104.312429, 0.343533], [104.315522, 0.340196], [104.319753, 0.330268], [104.317556, 0.314968]]], [[[104.373546, 0.32453], [104.346934, 0.359931], [104.339366, 0.365465], [104.341482, 0.36636], [104.348318, 0.37051], [104.351817, 0.371243], [104.358165, 0.368883], [104.376231, 0.354315], [104.405528, 0.338813], [104.416189, 0.328803], [104.421397, 0.317939], [104.420177, 0.306301], [104.411388, 0.29442], [104.405121, 0.292141], [104.399587, 0.294989], [104.395518, 0.30093], [104.391856, 0.316596], [104.386892, 0.319281], [104.380219, 0.32038], [104.373546, 0.32453]]], [[[104.529959, 0.358425], [104.523774, 0.367174], [104.523774, 0.381334], [104.521332, 0.388658], [104.517589, 0.395209], [104.516612, 0.405463], [104.516368, 0.419501], [104.514089, 0.426947], [104.522146, 0.428453], [104.530365, 0.425035], [104.544932, 0.424465], [104.550955, 0.421617], [104.554373, 0.415229], [104.557465, 0.411973], [104.544932, 0.410712], [104.528168, 0.413194], [104.529389, 0.398627], [104.528168, 0.389594], [104.53061, 0.378363], [104.5324, 0.372423], [104.533865, 0.363837], [104.532156, 0.35932], [104.532156, 0.358385], [104.529959, 0.358425]]], [[[104.434744, 0.392401], [104.431082, 0.401435], [104.436371, 0.405748], [104.450287, 0.387681], [104.434744, 0.392401]]], [[[104.40561, 0.464586], [104.398855, 0.467922], [104.399587, 0.473375], [104.411632, 0.471177], [104.425466, 0.460028], [104.417247, 0.460028], [104.411306, 0.463731], [104.40561, 0.464586]]], [[[104.437348, 0.478787], [104.442312, 0.483995], [104.447846, 0.483059], [104.454031, 0.472886], [104.457693, 0.462795], [104.458995, 0.458157], [104.442882, 0.473985], [104.437348, 0.478787]]], [[[104.293956, 0.5008], [104.294526, 0.492051], [104.297537, 0.480862], [104.297699, 0.47427], [104.288259, 0.500149], [104.286388, 0.510484], [104.282644, 0.517279], [104.283539, 0.519273], [104.284434, 0.523098], [104.288097, 0.52497], [104.292654, 0.520941], [104.291352, 0.512315], [104.292003, 0.508897], [104.294607, 0.504828], [104.293956, 0.5008]]], [[[104.236583, 0.541571], [104.238862, 0.536607], [104.23935, 0.530666], [104.237804, 0.529731], [104.232921, 0.535224], [104.229096, 0.534084], [104.224132, 0.534084], [104.220144, 0.539333], [104.219412, 0.548122], [104.220714, 0.55093], [104.223155, 0.558051], [104.232839, 0.555243], [104.236583, 0.541571]]], [[[104.287608, 0.650784], [104.277354, 0.626166], [104.266449, 0.633002], [104.260265, 0.643378], [104.249848, 0.667182], [104.222016, 0.696031], [104.215831, 0.708157], [104.241466, 0.69538], [104.270518, 0.675035], [104.287608, 0.650784]]], [[[104.326915, 0.679918], [104.326996, 0.673407], [104.33074, 0.664618], [104.328787, 0.66234], [104.323578, 0.664293], [104.317556, 0.666571], [104.318207, 0.663275], [104.311697, 0.665025], [104.311046, 0.670396], [104.310557, 0.674221], [104.311046, 0.678046], [104.313813, 0.680325], [104.315929, 0.685167], [104.321625, 0.686021], [104.326915, 0.679918]]], [[[104.304047, 0.677314], [104.299978, 0.67475], [104.29713, 0.676744], [104.28948, 0.67414], [104.279063, 0.677965], [104.27475, 0.687445], [104.276785, 0.69123], [104.283458, 0.689439], [104.292979, 0.693345], [104.298513, 0.692939], [104.299897, 0.688381], [104.299164, 0.683621], [104.300222, 0.682074], [104.303559, 0.680935], [104.304047, 0.677314]]], [[[104.624441, 0.706366], [104.621837, 0.699449], [104.620535, 0.697659], [104.619721, 0.695421], [104.617361, 0.696438], [104.614106, 0.697089], [104.610606, 0.697781], [104.608572, 0.697943], [104.601248, 0.701158], [104.598399, 0.706692], [104.604177, 0.709133], [104.610037, 0.714219], [104.612804, 0.723293], [104.611339, 0.729071], [104.615082, 0.734646], [104.619721, 0.739651], [104.624522, 0.7414], [104.628998, 0.744045], [104.630219, 0.744045], [104.635834, 0.742214], [104.641368, 0.743394], [104.649343, 0.749783], [104.655528, 0.751736], [104.653575, 0.744208], [104.645193, 0.733751], [104.6421, 0.729641], [104.638276, 0.72663], [104.63738, 0.723822], [104.634044, 0.720445], [104.632091, 0.717515], [104.627208, 0.71365], [104.624441, 0.706366]]], [[[104.731456, 0.72248], [104.720714, 0.73786], [104.724864, 0.749661], [104.740977, 0.748928], [104.754161, 0.73725], [104.749034, 0.722602], [104.739268, 0.716254], [104.731456, 0.72248]]], [[[104.712576, 0.745225], [104.706716, 0.73843], [104.696951, 0.743923], [104.691742, 0.757636], [104.699229, 0.762071], [104.71046, 0.755276], [104.712576, 0.745225]]], [[[104.307058, 0.754014], [104.303315, 0.760688], [104.317312, 0.762397], [104.328136, 0.760525], [104.337657, 0.757107], [104.346365, 0.754259], [104.359711, 0.744818], [104.355642, 0.73843], [104.343272, 0.748358], [104.32602, 0.753485], [104.31658, 0.751207], [104.307058, 0.754014]]], [[[104.233897, 0.786444], [104.244884, 0.786526], [104.249848, 0.794745], [104.254161, 0.797838], [104.263682, 0.79914], [104.27296, 0.796536], [104.277354, 0.787909], [104.277599, 0.764309], [104.279796, 0.747056], [104.285899, 0.730373], [104.297699, 0.708157], [104.284028, 0.708157], [104.274425, 0.703437], [104.264822, 0.702216], [104.255382, 0.704901], [104.236095, 0.718451], [104.214529, 0.721177], [104.205577, 0.72606], [104.191661, 0.745998], [104.188243, 0.764472], [104.195811, 0.779975], [104.215831, 0.791327], [104.233897, 0.786444]]], [[[104.71754, 0.75963], [104.70281, 0.763373], [104.691335, 0.768907], [104.688731, 0.776557], [104.692149, 0.786119], [104.70281, 0.790798], [104.735362, 0.787299], [104.747651, 0.782213], [104.752696, 0.770575], [104.754161, 0.758979], [104.750987, 0.752265], [104.742524, 0.750556], [104.71754, 0.75963]]], [[[104.523448, 0.788398], [104.542328, 0.795885], [104.564626, 0.798163], [104.605642, 0.793891], [104.621593, 0.787421], [104.620453, 0.777045], [104.613536, 0.765855], [104.601899, 0.76435], [104.572032, 0.770819], [104.553966, 0.770697], [104.541026, 0.766588], [104.511241, 0.750312], [104.511892, 0.773749], [104.523448, 0.788398]]], [[[104.367361, 0.830024], [104.365326, 0.817694], [104.358735, 0.814439], [104.36085, 0.839504], [104.361339, 0.848782], [104.365652, 0.848782], [104.366222, 0.838121], [104.367361, 0.830024]]], [[[104.648611, 0.857896], [104.659434, 0.845893], [104.662771, 0.834215], [104.663259, 0.829088], [104.661388, 0.820136], [104.656586, 0.81387], [104.651541, 0.809963], [104.642833, 0.80683], [104.630382, 0.806545], [104.625499, 0.810696], [104.630219, 0.816352], [104.635427, 0.828559], [104.639171, 0.847968], [104.648611, 0.857896]]], [[[104.696462, 0.88817], [104.69752, 0.884019], [104.694835, 0.877753], [104.693533, 0.848456], [104.689138, 0.846706], [104.684255, 0.846503], [104.681, 0.845079], [104.676443, 0.844957], [104.670746, 0.848009], [104.667003, 0.851264], [104.664236, 0.8581], [104.665701, 0.869615], [104.670665, 0.88052], [104.679047, 0.888983], [104.689382, 0.891588], [104.696462, 0.88817]]], [[[104.428884, 0.878974], [104.439138, 0.882961], [104.449962, 0.884792], [104.456879, 0.88581], [104.465668, 0.882595], [104.469249, 0.879828], [104.486176, 0.871365], [104.480968, 0.867377], [104.471772, 0.866767], [104.467784, 0.861762], [104.463959, 0.857408], [104.454763, 0.862535], [104.442719, 0.867906], [104.438487, 0.869818], [104.42921, 0.866848], [104.42449, 0.872301], [104.428884, 0.878974]]], [[[104.629812, 0.89704], [104.632986, 0.898383], [104.639985, 0.891059], [104.645681, 0.891588], [104.654633, 0.89053], [104.661469, 0.88585], [104.657074, 0.878567], [104.636322, 0.860175], [104.625906, 0.856472], [104.620616, 0.861151], [104.6185, 0.864569], [104.618256, 0.872952], [104.620697, 0.885403], [104.625824, 0.894192], [104.629812, 0.89704]]], [[[104.260753, 0.991929], [104.266124, 0.98489], [104.265473, 0.977769], [104.261567, 0.972602], [104.251638, 0.974473], [104.245453, 0.972602], [104.240082, 0.977362], [104.23349, 0.977688], [104.234711, 0.984809], [104.236827, 0.989732], [104.253022, 0.995673], [104.260753, 0.991929]]], [[[104.832774, 0.955146], [104.828298, 0.964993], [104.826345, 0.97663], [104.825938, 0.992987], [104.821788, 0.998725], [104.791189, 1.024075], [104.798595, 1.03148], [104.811046, 1.025621], [104.830089, 1.023383], [104.843516, 1.018215], [104.839041, 1.003607], [104.845551, 0.997789], [104.849946, 0.991197], [104.852306, 0.98371], [104.852794, 0.975491], [104.84962, 0.968899], [104.845388, 0.963324], [104.839692, 0.958808], [104.832774, 0.955146]]], [[[104.623546, 0.912177], [104.616384, 0.906195], [104.613536, 0.89643], [104.613048, 0.883124], [104.599864, 0.835028], [104.567068, 0.829535], [104.483409, 0.858954], [104.489268, 0.875149], [104.483735, 0.893297], [104.469493, 0.908108], [104.449229, 0.914211], [104.449229, 0.921617], [104.473399, 0.9206], [104.48463, 0.922187], [104.490245, 0.927883], [104.486583, 0.937079], [104.474864, 0.94009], [104.449229, 0.941474], [104.428966, 0.94892], [104.421072, 0.95661], [104.421235, 0.968817], [104.427582, 0.974799], [104.462738, 0.9831], [104.458018, 0.99372], [104.457367, 1.001939], [104.462738, 1.017279], [104.468272, 1.018052], [104.479666, 1.025336], [104.485199, 1.033677], [104.472992, 1.037746], [104.467784, 1.04092], [104.457774, 1.054999], [104.452485, 1.058173], [104.438731, 1.056871], [104.429942, 1.053616], [104.386241, 1.029853], [104.37143, 1.025621], [104.349457, 1.024075], [104.340587, 1.020901], [104.327159, 1.006781], [104.31544, 1.003607], [104.281505, 1.002143], [104.271007, 1.003607], [104.245616, 1.017279], [104.241384, 1.035549], [104.242442, 1.055894], [104.232758, 1.075588], [104.231944, 1.093329], [104.256358, 1.108873], [104.305186, 1.126451], [104.31658, 1.13288], [104.322276, 1.138658], [104.33253, 1.154446], [104.336762, 1.165025], [104.33725, 1.173733], [104.341319, 1.179592], [104.356293, 1.181708], [104.378429, 1.1765], [104.389334, 1.178656], [104.393891, 1.191596], [104.399669, 1.202623], [104.412608, 1.200629], [104.435557, 1.187893], [104.476085, 1.17829], [104.508149, 1.179511], [104.538097, 1.190253], [104.572032, 1.209052], [104.568044, 1.22016], [104.575694, 1.225409], [104.586925, 1.219916], [104.59254, 1.198798], [104.586925, 1.162055], [104.588227, 1.144599], [104.599376, 1.126451], [104.647146, 1.104967], [104.654552, 1.096381], [104.656423, 1.08039], [104.667491, 1.030585], [104.651622, 1.009019], [104.647146, 0.996894], [104.653982, 0.976874], [104.654796, 0.947699], [104.657725, 0.941474], [104.661632, 0.937242], [104.658702, 0.927883], [104.649913, 0.918443], [104.636974, 0.914211], [104.623546, 0.912177]]], [[[104.513194, 2.449734], [104.5053, 2.454372], [104.505707, 2.459377], [104.503835, 2.466864], [104.51002, 2.475246], [104.523448, 2.477525], [104.527192, 2.474107], [104.530935, 2.465481], [104.54241, 2.459337], [104.539236, 2.439399], [104.525645, 2.431993], [104.517589, 2.442654], [104.513194, 2.449734]]], [[[104.319753, 2.586859], [104.313243, 2.592597], [104.313243, 2.602769], [104.322927, 2.605292], [104.331228, 2.601549], [104.337657, 2.598253], [104.337413, 2.593817], [104.344249, 2.587714], [104.348806, 2.581204], [104.337657, 2.569729], [104.328298, 2.576524], [104.319753, 2.586859]]], [[[105.378917, 2.746975], [105.377696, 2.746039], [105.376231, 2.749335], [105.378917, 2.746975]]], [[[105.781423, 2.904975], [105.775564, 2.898505], [105.729747, 2.881171], [105.73406, 2.873277], [105.738943, 2.869289], [105.745372, 2.867743], [105.754161, 2.867499], [105.762218, 2.864203], [105.765147, 2.85692], [105.764415, 2.849677], [105.760997, 2.846381], [105.748871, 2.84455], [105.736583, 2.841254], [105.724457, 2.839667], [105.712657, 2.843166], [105.704845, 2.850979], [105.699474, 2.86164], [105.696462, 2.873481], [105.695567, 2.884589], [105.697602, 2.89647], [105.706879, 2.920803], [105.711681, 2.943671], [105.722179, 2.969224], [105.723481, 2.977362], [105.715343, 2.989], [105.691173, 3.002346], [105.681895, 3.011461], [105.691905, 3.020494], [105.695567, 3.034166], [105.694102, 3.04857], [105.688731, 3.059963], [105.702891, 3.066107], [105.710297, 3.048489], [105.712901, 3.04564], [105.71518, 3.043891], [105.732188, 3.035386], [105.737071, 3.031968], [105.739431, 3.015123], [105.736827, 2.999579], [105.738536, 2.988105], [105.754161, 2.983547], [105.76238, 2.982327], [105.778168, 2.977607], [105.784923, 2.977362], [105.790294, 2.981594], [105.792247, 2.988267], [105.794607, 2.994534], [105.802013, 2.99726], [105.813487, 2.996039], [105.844005, 2.988471], [105.853282, 2.983547], [105.846934, 2.969916], [105.83961, 2.969916], [105.83961, 2.977362], [105.833344, 2.977362], [105.81186, 2.904486], [105.802013, 2.898179], [105.78891, 2.907172], [105.781423, 2.904975]]], [[[105.641205, 3.125027], [105.651866, 3.126573], [105.658051, 3.121202], [105.666352, 3.10692], [105.666189, 3.098782], [105.656505, 3.10281], [105.653982, 3.099718], [105.654959, 3.094875], [105.644054, 3.101223], [105.641287, 3.107733], [105.638764, 3.109442], [105.641205, 3.112006], [105.640473, 3.117499], [105.641205, 3.125027]]], [[[104.822927, 8.42536], [104.830903, 8.434841], [104.843354, 8.449205], [104.847992, 8.449368], [104.848318, 8.43773], [104.842133, 8.432359], [104.843354, 8.423], [104.831554, 8.416815], [104.822927, 8.42536]]], [[[104.355642, 9.690009], [104.357188, 9.700954], [104.363943, 9.702501], [104.362478, 9.688096], [104.365164, 9.672553], [104.364919, 9.664537], [104.364919, 9.656358], [104.352061, 9.668728], [104.355642, 9.690009]]], [[[104.630951, 9.795885], [104.626231, 9.795111], [104.616791, 9.795518], [104.609793, 9.798733], [104.613617, 9.800849], [104.620291, 9.808661], [104.62908, 9.816107], [104.640147, 9.822008], [104.645763, 9.8192], [104.653982, 9.816392], [104.66155, 9.809597], [104.654633, 9.795844], [104.641368, 9.790839], [104.630951, 9.795885]]], [[[106.151378, -5.925307], [106.158865, -5.928481], [106.160818, -5.936619], [106.158539, -5.938735], [106.149506, -5.943455], [106.140229, -5.930922], [106.151378, -5.925307]]], [[[106.281179, -5.806817], [106.284841, -5.809015], [106.285167, -5.813409], [106.281586, -5.815606], [106.261729, -5.812839], [106.259125, -5.80877], [106.281179, -5.806817]]], [[[107.522309, -3.252048], [107.517996, -3.243097], [107.514903, -3.218194], [107.516775, -3.199151], [107.525645, -3.196059], [107.537527, -3.199965], [107.546316, -3.20379], [107.549408, -3.208754], [107.54892, -3.212579], [107.547048, -3.21559], [107.54363, -3.218845], [107.543224, -3.22381], [107.538178, -3.23325], [107.530528, -3.240248], [107.529307, -3.243585], [107.526703, -3.247735], [107.522309, -3.252048]]], [[[107.511811, -2.975193], [107.52296, -2.969008], [107.529796, -2.972507], [107.527517, -2.976739], [107.527924, -2.981296], [107.527436, -2.985365], [107.524343, -2.997328], [107.521739, -3.005141], [107.514578, -2.988946], [107.511811, -2.975193]]], [[[106.738292, -2.943455], [106.745616, -2.926935], [106.749522, -2.92311], [106.772227, -2.907322], [106.792328, -2.896417], [106.812511, -2.892185], [106.826427, -2.903009], [106.843516, -2.911879], [106.889903, -2.919854], [106.908946, -2.929783], [106.915701, -2.950942], [106.890798, -2.994887], [106.895274, -3.018487], [106.865896, -3.026544], [106.861176, -3.028985], [106.815766, -3.018487], [106.798595, -3.011], [106.758067, -2.978204], [106.722667, -2.966078], [106.725597, -2.956231], [106.73406, -2.946547], [106.738292, -2.943455]]], [[[107.453298, -2.974542], [107.4546, -2.980239], [107.448985, -2.983982], [107.443858, -2.987074], [107.438243, -2.987644], [107.436697, -2.9874], [107.435313, -2.983494], [107.436778, -2.979587], [107.433279, -2.981866], [107.431326, -2.979832], [107.429128, -2.978611], [107.428315, -2.976414], [107.429373, -2.968357], [107.435232, -2.958022], [107.433767, -2.956476], [107.429779, -2.960219], [107.42449, -2.958917], [107.425466, -2.950128], [107.427257, -2.946873], [107.432872, -2.938246], [107.44158, -2.934096], [107.447927, -2.931004], [107.455496, -2.928481], [107.462576, -2.925388], [107.469574, -2.94435], [107.46575, -2.948989], [107.463227, -2.950535], [107.461925, -2.95436], [107.462006, -2.96144], [107.461681, -2.965427], [107.459809, -2.968032], [107.458832, -2.969985], [107.46046, -2.972996], [107.457449, -2.975356], [107.453298, -2.974542]]], [[[106.743988, -2.878432], [106.745535, -2.884047], [106.742442, -2.892999], [106.734711, -2.903171], [106.730642, -2.906101], [106.718272, -2.901788], [106.719249, -2.886814], [106.731293, -2.880629], [106.731212, -2.872654], [106.736664, -2.871596], [106.737478, -2.876397], [106.743988, -2.878432]]], [[[107.462901, -2.915948], [107.427989, -2.925714], [107.410147, -2.947565], [107.398454, -2.938428], [107.369247, -2.905169], [107.341292, -2.886858], [107.348488, -2.875167], [107.366054, -2.882384], [107.381052, -2.875275], [107.39503, -2.86891], [107.400238, -2.850763], [107.425792, -2.835219], [107.458181, -2.824477], [107.484386, -2.820489], [107.495192, -2.823489], [107.493838, -2.837822], [107.497732, -2.845147], [107.504731, -2.854669], [107.494884, -2.876397], [107.480968, -2.898696], [107.462901, -2.915948]]], [[[107.061046, -2.827244], [107.064626, -2.822524], [107.073497, -2.820489], [107.077891, -2.823337], [107.08621, -2.840005], [107.099232, -2.859058], [107.096761, -2.885195], [107.090751, -2.903], [107.083751, -2.909845], [107.069998, -2.907485], [107.059581, -2.901462], [107.044372, -2.896928], [107.033698, -2.888575], [107.017076, -2.880206], [107.032609, -2.85887], [107.045746, -2.840753], [107.059418, -2.831964], [107.061046, -2.827244]]], [[[106.830903, -2.855076], [106.836599, -2.844496], [106.852224, -2.848565], [106.850352, -2.861261], [106.830903, -2.855076]]], [[[106.78297, -2.846368], [106.782156, -2.837823], [106.793142, -2.837579], [106.799897, -2.84295], [106.78297, -2.846368]]], [[[107.392263, -2.805352], [107.389008, -2.805271], [107.384369, -2.804457], [107.387299, -2.7999], [107.392833, -2.797133], [107.40032, -2.792169], [107.406912, -2.795099], [107.41505, -2.791843], [107.42571, -2.804783], [107.430837, -2.809015], [107.432872, -2.813735], [107.428559, -2.82228], [107.421479, -2.825779], [107.402192, -2.834487], [107.388438, -2.832045], [107.379324, -2.825779], [107.383556, -2.816502], [107.387462, -2.815851], [107.392426, -2.816502], [107.402761, -2.814304], [107.402843, -2.807224], [107.395844, -2.804457], [107.392263, -2.805352]]], [[[107.064789, -2.417169], [107.063894, -2.40781], [107.069753, -2.406264], [107.074392, -2.40781], [107.07724, -2.411147], [107.079763, -2.418552], [107.076264, -2.421563], [107.064789, -2.417169]]], [[[106.674815, -2.699802], [106.61199, -2.870375], [106.60377, -2.910252], [106.613048, -2.94256], [106.648936, -2.9638], [106.659923, -2.965916], [106.674327, -2.966892], [106.682953, -2.970636], [106.692556, -2.979262], [106.698253, -2.988214], [106.705821, -2.995212], [106.720876, -2.997979], [106.738455, -3.004571], [106.745779, -3.020115], [106.744965, -3.038344], [106.738292, -3.053318], [106.747569, -3.068617], [106.751964, -3.073663], [106.744477, -3.080499], [106.735688, -3.076755], [106.728282, -3.082127], [106.719574, -3.090102], [106.707286, -3.094171], [106.700369, -3.092218], [106.693696, -3.088556], [106.687022, -3.086847], [106.670665, -3.096124], [106.665294, -3.092218], [106.661306, -3.085219], [106.655772, -3.080499], [106.601248, -3.071059], [106.573741, -3.076755], [106.566417, -3.101658], [106.556488, -3.096856], [106.552745, -3.094171], [106.532237, -3.105645], [106.5171, -3.094822], [106.507579, -3.072442], [106.504405, -3.0499], [106.499685, -3.038995], [106.489024, -3.030043], [106.467052, -3.015313], [106.458995, -3.004327], [106.447032, -2.981134], [106.436046, -2.970636], [106.416515, -2.965509], [106.368663, -2.966974], [106.350352, -2.960707], [106.302013, -2.913263], [106.094005, -2.84059], [106.073904, -2.836196], [106.002452, -2.830743], [105.986501, -2.821222], [105.922537, -2.715997], [105.907563, -2.674574], [105.901622, -2.628676], [105.912364, -2.585626], [105.932628, -2.541925], [105.944347, -2.498793], [105.928884, -2.45672], [105.897472, -2.43613], [105.859386, -2.420099], [105.828787, -2.395115], [105.819021, -2.347426], [105.825531, -2.318536], [105.825938, -2.307224], [105.823416, -2.29754], [105.814708, -2.282322], [105.810557, -2.265883], [105.800792, -2.245538], [105.798595, -2.234552], [105.799083, -2.20086], [105.795746, -2.171808], [105.790294, -2.159763], [105.780447, -2.150811], [105.764415, -2.142185], [105.747569, -2.136], [105.688731, -2.127699], [105.683849, -2.125421], [105.673676, -2.116876], [105.669444, -2.114841], [105.663097, -2.115411], [105.652192, -2.120538], [105.648285, -2.121515], [105.616222, -2.117608], [105.607432, -2.114841], [105.593761, -2.103611], [105.577647, -2.077081], [105.565766, -2.06699], [105.542247, -2.081801], [105.491222, -2.098403], [105.470225, -2.108005], [105.450369, -2.122654], [105.441091, -2.123793], [105.421886, -2.121515], [105.356944, -2.121515], [105.306407, -2.135024], [105.29835, -2.131524], [105.293142, -2.126235], [105.271495, -2.094903], [105.267914, -2.087498], [105.229828, -2.070082], [105.212901, -2.06699], [105.178966, -2.06992], [105.161143, -2.073907], [105.147472, -2.080011], [105.12794, -2.04461], [105.125499, -2.004083], [105.135916, -1.965509], [105.154307, -1.935968], [105.183604, -1.916925], [105.29835, -1.873956], [105.375662, -1.821873], [105.402354, -1.783298], [105.394542, -1.73797], [105.355235, -1.71502], [105.33546, -1.697931], [105.343028, -1.690199], [105.351085, -1.686782], [105.351329, -1.678481], [105.346039, -1.658868], [105.349864, -1.648696], [105.359141, -1.643813], [105.370291, -1.640558], [105.380219, -1.634942], [105.3838, -1.629083], [105.389334, -1.613865], [105.394542, -1.607599], [105.400157, -1.606215], [105.412852, -1.607517], [105.418712, -1.604181], [105.459646, -1.562921], [105.47169, -1.558364], [105.518077, -1.559828], [105.536794, -1.555271], [105.546397, -1.549005], [105.553722, -1.541111], [105.565766, -1.531915], [105.594086, -1.525567], [105.611013, -1.540216], [105.618907, -1.565199], [105.621104, -1.590265], [105.628754, -1.614028], [105.648448, -1.633233], [105.674978, -1.647231], [105.702891, -1.65545], [105.691417, -1.671319], [105.651703, -1.706964], [105.64975, -1.721856], [105.663097, -1.739679], [105.681814, -1.755792], [105.695567, -1.765313], [105.715099, -1.773533], [105.728201, -1.772556], [105.741222, -1.767999], [105.760997, -1.765313], [105.765636, -1.768976], [105.772634, -1.786798], [105.778087, -1.792657], [105.785411, -1.794041], [105.812755, -1.792657], [105.804698, -1.772638], [105.791677, -1.753676], [105.760997, -1.72088], [105.750987, -1.703058], [105.750824, -1.683526], [105.757579, -1.645196], [105.754649, -1.642673], [105.737071, -1.614435], [105.733897, -1.605239], [105.7317, -1.589044], [105.729747, -1.580336], [105.723969, -1.566095], [105.716645, -1.552423], [105.707286, -1.540623], [105.695567, -1.531915], [105.719981, -1.524184], [105.809093, -1.525649], [105.834321, -1.517836], [105.875743, -1.48919], [105.894298, -1.490818], [105.913748, -1.494236], [105.921723, -1.50449], [105.927501, -1.518976], [105.939464, -1.535333], [105.947602, -1.538995], [105.958832, -1.539809], [105.980479, -1.538751], [105.987071, -1.542087], [106.033946, -1.57586], [106.041515, -1.583591], [106.045584, -1.594008], [106.044444, -1.604099], [106.034434, -1.613051], [106.031912, -1.624688], [106.031912, -1.665948], [106.035492, -1.678318], [106.043712, -1.68613], [106.052908, -1.691502], [106.059337, -1.696466], [106.063731, -1.705255], [106.069347, -1.723403], [106.073009, -1.730564], [106.078949, -1.736098], [106.085704, -1.74033], [106.091075, -1.745701], [106.093435, -1.75506], [106.094493, -1.767185], [106.098399, -1.776951], [106.105805, -1.783461], [106.117931, -1.785821], [106.126964, -1.790134], [106.126475, -1.799981], [106.122732, -1.811212], [106.121349, -1.819268], [106.174571, -1.879083], [106.179454, -1.888279], [106.174815, -1.898207], [106.162364, -1.963311], [106.162608, -2.007013], [106.200694, -2.178155], [106.264171, -2.351332], [106.289073, -2.393487], [106.318858, -2.431329], [106.354015, -2.462986], [106.37086, -2.472345], [106.396169, -2.48211], [106.419119, -2.484959], [106.42921, -2.47381], [106.441091, -2.471368], [106.553396, -2.510431], [106.682953, -2.532485], [106.748383, -2.557061], [106.769054, -2.560317], [106.81544, -2.560968], [106.833263, -2.566583], [106.833263, -2.580255], [106.826427, -2.586033], [106.818696, -2.586196], [106.809744, -2.585219], [106.799083, -2.587091], [106.765961, -2.605645], [106.755382, -2.608168], [106.738048, -2.614435], [106.721934, -2.629327], [106.674815, -2.699802]]], [[[107.216156, 0.098334], [107.210297, 0.104763], [107.209076, 0.113023], [107.209076, 0.117743], [107.209483, 0.120998], [107.204845, 0.122545], [107.20574, 0.127672], [107.211436, 0.129788], [107.214692, 0.128648], [107.230642, 0.136054], [107.240326, 0.142279], [107.24464, 0.141832], [107.247732, 0.136705], [107.243988, 0.132351], [107.231619, 0.121894], [107.228363, 0.118638], [107.230317, 0.113511], [107.228038, 0.111314], [107.227468, 0.105251], [107.229666, 0.09748], [107.226573, 0.097113], [107.216156, 0.098334]]], [[[106.976085, 0.598253], [106.978852, 0.608954], [106.986013, 0.602932], [106.976085, 0.598253]]], [[[107.430593, 0.951402], [107.426443, 0.958157], [107.42571, 0.976304], [107.429535, 0.976793], [107.43336, 0.97602], [107.437673, 0.973212], [107.443858, 0.971747], [107.44988, 0.973049], [107.456309, 0.976711], [107.461274, 0.976549], [107.464773, 0.974473], [107.467947, 0.969306], [107.472748, 0.950995], [107.472748, 0.947862], [107.469005, 0.947984], [107.464773, 0.944648], [107.466645, 0.928209], [107.457856, 0.925035], [107.452403, 0.925767], [107.443858, 0.930447], [107.43865, 0.936428], [107.439138, 0.943183], [107.436371, 0.948798], [107.430593, 0.951402]]], [[[107.554047, 1.006903], [107.545258, 1.006252], [107.535981, 1.00788], [107.529552, 1.018052], [107.531261, 1.027899], [107.539073, 1.034329], [107.550141, 1.037502], [107.562022, 1.037177], [107.585948, 1.026068], [107.598888, 1.017157], [107.601573, 1.009833], [107.57545, 0.98017], [107.559581, 0.97016], [107.54713, 0.976264], [107.547618, 0.982123], [107.553396, 0.987454], [107.559093, 0.993964], [107.559418, 1.003607], [107.554047, 1.006903]]], [[[107.402517, 1.119696], [107.408458, 1.112657], [107.41155, 1.099026], [107.3921, 1.093411], [107.394298, 1.108629], [107.40032, 1.115546], [107.402517, 1.119696]]], [[[106.226248, 2.817043], [106.233165, 2.806301], [106.237804, 2.793769], [106.243175, 2.760484], [106.243419, 2.745429], [106.241547, 2.738023], [106.237804, 2.732856], [106.232432, 2.741767], [106.219493, 2.758368], [106.212657, 2.78148], [106.204356, 2.796129], [106.198985, 2.809516], [106.203298, 2.819078], [106.216319, 2.822455], [106.226248, 2.817043]]], [[[105.966807, 3.060899], [105.966075, 3.069525], [105.966807, 3.07335], [105.970307, 3.083848], [105.984467, 3.090522], [105.987071, 3.083075], [105.984223, 3.069648], [105.981944, 3.063015], [105.98821, 3.052802], [105.983897, 3.049994], [105.97991, 3.042711], [105.984467, 3.03913], [105.97641, 3.023749], [105.973399, 3.028795], [105.973969, 3.034695], [105.968598, 3.032742], [105.964041, 3.03205], [105.964854, 3.040391], [105.96518, 3.051418], [105.966482, 3.055569], [105.966807, 3.060899]]], [[[106.417979, 3.159451], [106.427419, 3.156236], [106.433523, 3.149319], [106.431651, 3.135932], [106.427826, 3.13817], [106.418224, 3.141059], [106.410167, 3.138373], [106.404389, 3.140001], [106.400727, 3.142035], [106.405772, 3.150865], [106.414887, 3.162014], [106.417979, 3.159451]]], [[[106.205821, 3.205715], [106.207774, 3.225328], [106.223806, 3.223782], [106.238536, 3.226508], [106.259125, 3.214748], [106.277354, 3.196234], [106.285167, 3.179104], [106.285167, 3.087226], [106.279063, 3.087226], [106.257823, 3.113918], [106.241873, 3.107856], [106.233897, 3.11522], [106.226085, 3.125556], [106.210704, 3.12816], [106.215099, 3.134833], [106.216075, 3.140815], [106.215994, 3.147162], [106.21697, 3.154934], [106.205821, 3.205715]]], [[[106.271739, 3.293524], [106.266856, 3.292385], [106.264659, 3.288967], [106.265473, 3.281806], [106.275157, 3.254218], [106.280284, 3.247504], [106.282888, 3.240871], [106.279063, 3.230618], [106.230479, 3.257961], [106.235362, 3.262641], [106.236827, 3.268541], [106.236827, 3.285224], [106.246755, 3.306342], [106.249766, 3.326646], [106.254893, 3.34516], [106.270844, 3.360989], [106.292003, 3.36815], [106.297374, 3.358303], [106.292003, 3.316555], [106.293956, 3.281073], [106.292003, 3.271552], [106.285655, 3.263861], [106.281586, 3.267524], [106.279633, 3.277655], [106.279063, 3.288967], [106.276703, 3.292385], [106.271739, 3.293524]]], [[[106.225271, 3.392849], [106.221039, 3.387519], [106.21811, 3.378404], [106.218598, 3.363674], [106.223969, 3.353664], [106.233084, 3.353176], [106.230805, 3.336249], [106.216319, 3.30565], [106.208507, 3.305935], [106.203461, 3.31391], [106.202485, 3.326158], [106.200287, 3.330024], [106.197765, 3.328315], [106.196218, 3.322781], [106.197276, 3.303127], [106.194509, 3.295762], [106.18808, 3.305976], [106.180919, 3.312242], [106.170177, 3.330512], [106.174001, 3.340806], [106.199148, 3.355496], [106.202322, 3.363878], [106.197765, 3.380032], [106.204682, 3.389146], [106.218842, 3.394843], [106.225271, 3.392849]]], [[[106.600434, 8.66474], [106.601329, 8.660142], [106.603038, 8.655707], [106.599294, 8.652411], [106.583344, 8.651068], [106.57838, 8.655463], [106.562755, 8.675727], [106.559581, 8.68183], [106.570974, 8.705959], [106.597992, 8.732327], [106.630626, 8.754584], [106.658376, 8.766669], [106.662608, 8.765082], [106.666026, 8.76317], [106.668224, 8.759711], [106.668712, 8.753485], [106.665863, 8.752875], [106.655772, 8.753485], [106.660818, 8.747382], [106.661794, 8.744452], [106.662608, 8.739814], [106.639171, 8.737454], [106.639496, 8.726467], [106.649669, 8.711859], [106.655772, 8.698879], [106.643077, 8.703803], [106.632579, 8.703274], [106.622569, 8.700507], [106.611095, 8.698879], [106.602306, 8.694729], [106.600434, 8.684963], [106.601085, 8.673651], [106.600434, 8.66474]]], [[[106.197032, 9.610053], [106.189626, 9.603827], [106.2046, 9.585273], [106.221446, 9.572496], [106.226573, 9.565172], [106.207042, 9.562893], [106.196625, 9.571682], [106.162364, 9.624335], [106.13738, 9.654364], [106.125987, 9.672431], [106.121349, 9.689154], [106.117686, 9.710924], [106.108735, 9.72663], [106.087169, 9.754625], [106.093435, 9.760891], [106.095714, 9.755764], [106.098969, 9.752672], [106.107107, 9.747219], [106.155447, 9.678941], [106.20338, 9.632148], [106.210704, 9.620917], [106.223399, 9.608466], [106.279307, 9.595689], [106.292003, 9.586412], [106.290701, 9.561428], [106.284434, 9.543687], [106.27003, 9.534491], [106.244151, 9.53498], [106.244151, 9.541164], [106.249197, 9.560126], [106.234141, 9.581366], [106.212413, 9.599758], [106.197032, 9.610053]]], [[[106.486013, 9.902655], [106.498057, 9.891181], [106.531016, 9.857978], [106.544119, 9.838039], [106.535655, 9.829169], [106.521007, 9.837714], [106.496837, 9.87523], [106.468516, 9.890286], [106.422374, 9.932807], [106.422374, 9.939032], [106.426931, 9.936103], [106.442882, 9.932807], [106.486013, 9.902655]]], [[[106.52711, 10.297105], [106.560883, 10.282864], [106.587901, 10.276923], [106.70281, 10.27558], [106.724132, 10.268622], [106.746837, 10.26317], [106.755544, 10.257554], [106.7588, 10.244371], [106.752452, 10.23607], [106.738292, 10.229153], [106.724132, 10.226508], [106.717784, 10.231024], [106.709321, 10.243598], [106.689952, 10.251776], [106.559581, 10.275377], [106.511729, 10.295885], [106.52711, 10.297105]]], [[[107.156749, 10.385484], [107.135509, 10.378485], [107.121593, 10.365912], [107.100597, 10.33515], [107.087169, 10.323188], [107.073741, 10.372626], [107.079356, 10.391018], [107.119884, 10.401313], [107.149669, 10.416571], [107.156016, 10.422512], [107.156749, 10.432847], [107.159434, 10.445624], [107.164236, 10.457343], [107.172048, 10.464586], [107.202647, 10.438056], [107.211192, 10.425605], [107.205577, 10.428168], [107.20281, 10.4289], [107.200694, 10.429877], [107.197032, 10.433051], [107.190196, 10.433051], [107.187755, 10.42064], [107.180512, 10.415432], [107.173106, 10.411119], [107.165863, 10.391099], [107.156749, 10.385484]]], [[[106.874278, 10.425605], [106.876964, 10.443834], [106.892345, 10.465277], [106.895274, 10.480862], [106.88795, 10.480862], [106.88795, 10.46662], [106.879405, 10.490058], [106.888357, 10.504869], [106.906749, 10.514309], [106.927501, 10.521186], [106.94809, 10.507025], [106.94337, 10.47663], [106.922048, 10.425605], [106.929454, 10.425605], [106.93629, 10.439276], [106.957774, 10.425605], [106.968923, 10.416409], [106.977306, 10.405178], [106.928477, 10.3935], [106.908539, 10.384711], [106.895274, 10.370998], [106.88795, 10.370998], [106.88795, 10.389228], [106.883149, 10.403022], [106.877452, 10.414374], [106.874278, 10.425605]]], [[[106.840099, 10.405178], [106.816417, 10.4147], [106.791677, 10.437161], [106.770681, 10.464301], [106.7588, 10.487738], [106.755138, 10.503607], [106.754731, 10.51557], [106.7588, 10.542955], [106.757498, 10.543524], [106.755138, 10.550523], [106.751964, 10.566555], [106.755382, 10.569648], [106.772146, 10.572252], [106.778575, 10.576483], [106.785899, 10.601386], [106.778819, 10.624457], [106.751964, 10.665839], [106.77475, 10.666083], [106.78419, 10.662909], [106.793142, 10.654446], [106.802257, 10.639716], [106.808116, 10.633612], [106.835297, 10.626044], [106.84783, 10.613837], [106.85377, 10.598375], [106.85377, 10.58393], [106.84669, 10.577541], [106.842052, 10.570746], [106.840099, 10.559394], [106.842459, 10.55508], [106.853526, 10.539008], [106.857432, 10.535468], [106.867686, 10.528957], [106.871837, 10.515204], [106.864431, 10.502997], [106.840099, 10.50137], [106.840099, 10.494534], [106.855968, 10.493801], [106.863943, 10.486965], [106.874278, 10.46662], [106.874278, 10.460395], [106.858084, 10.464301], [106.844493, 10.469916], [106.832286, 10.472398], [106.819591, 10.46662], [106.825206, 10.463853], [106.826671, 10.463813], [106.828136, 10.465237], [106.833263, 10.46662], [106.848643, 10.452541], [106.85963, 10.431789], [106.858897, 10.413072], [106.840099, 10.405178]]], [[[106.867931, 10.617133], [106.85377, 10.624905], [106.85377, 10.631049], [106.864757, 10.633979], [106.877696, 10.635565], [106.88795, 10.634467], [106.889659, 10.627265], [106.912852, 10.612047], [106.917817, 10.603746], [106.922211, 10.601264], [106.927013, 10.599351], [106.929454, 10.597561], [106.930186, 10.590074], [106.927419, 10.586127], [106.923839, 10.583564], [106.922048, 10.580227], [106.924571, 10.569241], [106.928884, 10.558336], [106.929698, 10.549058], [106.922048, 10.542955], [106.916759, 10.546291], [106.910981, 10.555976], [106.90211, 10.576483], [106.895274, 10.576483], [106.897797, 10.564032], [106.906993, 10.545722], [106.908946, 10.532375], [106.903087, 10.521877], [106.889903, 10.525458], [106.875743, 10.535102], [106.867442, 10.542955], [106.865977, 10.545966], [106.855968, 10.561713], [106.85377, 10.562812], [106.855968, 10.571763], [106.865245, 10.579779], [106.867442, 10.586982], [106.871267, 10.607652], [106.867931, 10.617133]]], [[[105.928477, 19.380357], [105.93214, 19.382351], [105.935557, 19.381863], [105.940359, 19.377305], [105.941498, 19.37169], [105.93922, 19.366156], [105.935069, 19.360541], [105.929047, 19.359076], [105.925059, 19.363105], [105.92099, 19.369045], [105.920502, 19.376288], [105.924164, 19.37991], [105.928477, 19.380357]]], [[[107.473888, 20.730048], [107.466319, 20.720404], [107.452647, 20.714464], [107.46339, 20.726264], [107.46339, 20.729438], [107.467947, 20.73253], [107.471121, 20.737698], [107.474376, 20.734687], [107.473888, 20.730048]]], [[[107.147472, 20.762926], [107.145844, 20.751899], [107.145193, 20.745917], [107.146332, 20.743109], [107.146821, 20.740587], [107.142263, 20.738227], [107.137218, 20.738267], [107.132498, 20.743232], [107.129893, 20.748318], [107.131521, 20.751532], [107.135102, 20.755439], [107.13852, 20.761461], [107.144054, 20.765652], [107.147472, 20.762926]]], [[[107.475841, 20.762112], [107.480886, 20.765815], [107.482351, 20.769436], [107.49171, 20.774197], [107.494802, 20.77676], [107.49114, 20.762722], [107.481863, 20.755601], [107.475841, 20.762112]]], [[[107.122895, 20.803331], [107.125499, 20.801011], [107.126964, 20.803331], [107.128998, 20.80508], [107.131358, 20.802069], [107.131521, 20.796576], [107.133556, 20.795925], [107.137706, 20.792304], [107.139008, 20.785875], [107.138276, 20.784084], [107.134044, 20.782864], [107.1338, 20.781602], [107.135183, 20.779812], [107.132335, 20.776557], [107.13323, 20.77497], [107.1338, 20.772528], [107.128998, 20.768541], [107.126394, 20.769192], [107.119884, 20.783271], [107.118744, 20.788072], [107.119721, 20.793687], [107.11907, 20.797716], [107.117198, 20.800767], [107.116547, 20.804307], [107.118826, 20.805569], [107.122895, 20.803331]]], [[[107.419281, 20.777248], [107.416759, 20.773139], [107.41391, 20.768297], [107.411957, 20.7685], [107.409109, 20.772895], [107.405772, 20.775133], [107.403901, 20.77794], [107.401947, 20.788886], [107.402273, 20.796169], [107.40561, 20.803453], [107.410818, 20.806016], [107.417572, 20.796617], [107.420909, 20.783637], [107.419281, 20.777248]]], [[[107.073497, 20.780585], [107.060313, 20.775946], [107.050466, 20.775946], [107.041759, 20.779934], [107.031912, 20.787421], [107.036876, 20.766262], [107.067393, 20.749742], [107.073497, 20.732164], [107.066091, 20.732164], [107.066091, 20.738959], [107.059825, 20.738959], [107.055024, 20.721666], [107.046153, 20.70425], [107.046153, 20.725979], [107.038829, 20.723456], [107.035899, 20.721666], [107.031912, 20.718492], [107.031912, 20.725979], [107.025645, 20.718492], [107.021251, 20.723619], [107.01824, 20.725979], [107.01824, 20.732164], [107.039317, 20.732164], [107.039317, 20.738959], [107.03533, 20.741197], [107.034434, 20.742174], [107.03419, 20.743354], [107.031912, 20.746405], [107.025645, 20.746405], [107.025645, 20.738959], [107.01824, 20.738959], [107.014822, 20.743598], [107.008637, 20.748928], [107.005138, 20.753241], [106.997813, 20.753241], [107.002289, 20.742499], [107.005138, 20.738959], [107.005138, 20.732164], [106.985118, 20.745266], [106.962413, 20.77497], [106.949962, 20.787421], [106.921072, 20.804592], [106.909923, 20.818549], [106.912852, 20.8369], [106.93629, 20.844672], [106.943126, 20.848863], [106.946788, 20.855536], [106.946544, 20.86286], [106.94809, 20.870266], [106.957367, 20.876776], [106.949962, 20.86933], [106.963634, 20.856106], [106.994477, 20.851752], [107.005138, 20.842027], [107.011404, 20.842027], [107.012462, 20.858791], [107.022716, 20.86225], [107.035981, 20.857367], [107.046153, 20.848863], [107.046153, 20.842027], [107.042979, 20.831366], [107.054942, 20.82392], [107.070974, 20.820299], [107.080333, 20.821519], [107.087169, 20.821519], [107.090994, 20.814765], [107.09547, 20.809027], [107.100841, 20.804267], [107.107677, 20.800442], [107.086762, 20.805121], [107.080333, 20.807847], [107.080333, 20.800442], [107.085216, 20.797187], [107.088145, 20.79442], [107.094005, 20.787421], [107.082205, 20.789374], [107.075043, 20.796047], [107.066091, 20.814114], [107.062511, 20.805609], [107.062836, 20.798285], [107.066661, 20.792141], [107.073497, 20.787421], [107.073497, 20.780585]]], [[[107.344981, 20.842515], [107.357107, 20.829332], [107.36964, 20.825914], [107.381196, 20.818915], [107.384451, 20.812812], [107.383556, 20.799302], [107.380219, 20.797553], [107.375255, 20.803941], [107.368907, 20.807196], [107.36085, 20.805894], [107.350271, 20.81094], [107.342133, 20.828437], [107.341075, 20.842597], [107.344981, 20.842515]]], [[[106.800466, 20.817247], [106.807872, 20.817613], [106.812429, 20.818508], [106.814952, 20.814276], [106.807058, 20.807969], [106.794932, 20.806016], [106.786713, 20.807318], [106.780284, 20.811265], [106.765798, 20.824978], [106.76238, 20.831814], [106.761485, 20.841702], [106.766124, 20.846055], [106.787527, 20.823961], [106.800466, 20.817247]]], [[[107.09254, 20.850206], [107.095225, 20.853176], [107.098155, 20.855333], [107.101899, 20.856513], [107.103445, 20.853013], [107.101817, 20.84809], [107.102224, 20.845323], [107.105642, 20.841254], [107.107839, 20.835883], [107.11321, 20.830878], [107.112641, 20.827012], [107.1067, 20.82746], [107.097667, 20.838039], [107.093354, 20.836046], [107.09018, 20.83572], [107.087006, 20.838324], [107.085785, 20.842475], [107.087657, 20.845201], [107.090424, 20.846584], [107.09254, 20.850206]]], [[[107.279877, 20.841579], [107.275564, 20.839423], [107.271169, 20.839423], [107.271983, 20.841864], [107.278656, 20.843411], [107.285167, 20.846544], [107.282563, 20.85045], [107.286713, 20.855333], [107.289887, 20.854682], [107.28948, 20.852525], [107.289887, 20.847764], [107.294119, 20.846218], [107.299408, 20.844062], [107.294444, 20.838935], [107.287608, 20.839097], [107.285899, 20.835476], [107.278331, 20.833726], [107.273367, 20.831651], [107.272309, 20.832587], [107.274832, 20.836493], [107.277924, 20.837226], [107.27825, 20.83983], [107.279877, 20.841579]]], [[[106.889089, 20.865139], [106.893158, 20.863389], [106.892589, 20.865953], [106.891775, 20.873114], [106.900401, 20.864325], [106.901296, 20.854071], [106.902761, 20.84748], [106.897065, 20.847764], [106.895844, 20.846015], [106.89796, 20.840644], [106.897065, 20.840318], [106.881521, 20.847154], [106.881358, 20.852932], [106.888031, 20.853135], [106.887787, 20.854478], [106.885916, 20.856553], [106.889008, 20.85871], [106.889171, 20.861518], [106.889089, 20.865139]]], [[[106.812673, 20.85932], [106.814626, 20.850531], [106.819591, 20.842027], [106.812185, 20.842027], [106.799327, 20.849677], [106.783865, 20.852362], [106.770681, 20.858588], [106.765636, 20.876776], [106.773611, 20.904975], [106.785411, 20.930813], [106.824555, 20.915188], [106.835948, 20.902411], [106.840099, 20.879869], [106.845551, 20.866034], [106.881602, 20.821519], [106.886485, 20.796129], [106.873546, 20.789537], [106.856212, 20.792873], [106.847504, 20.797309], [106.84254, 20.813625], [106.82252, 20.853502], [106.819591, 20.876776], [106.81422, 20.868109], [106.812673, 20.85932]]], [[[106.72519, 20.872667], [106.725515, 20.874783], [106.728282, 20.876817], [106.732921, 20.881781], [106.74114, 20.875149], [106.747, 20.87401], [106.753266, 20.871283], [106.761404, 20.857489], [106.765961, 20.847764], [106.764985, 20.847764], [106.753835, 20.850857], [106.748871, 20.859036], [106.749034, 20.862331], [106.747732, 20.861518], [106.742361, 20.86164], [106.737071, 20.863267], [106.734711, 20.865749], [106.731293, 20.866604], [106.727712, 20.869045], [106.727712, 20.872789], [106.72519, 20.872667]]], [[[107.354177, 20.864732], [107.343516, 20.877346], [107.340587, 20.875393], [107.33546, 20.876939], [107.33253, 20.883287], [107.333832, 20.888251], [107.339203, 20.890367], [107.346039, 20.88817], [107.351329, 20.885932], [107.355479, 20.887112], [107.365977, 20.888414], [107.382172, 20.887885], [107.392345, 20.88467], [107.395193, 20.878567], [107.392751, 20.874579], [107.389903, 20.871772], [107.389903, 20.869534], [107.389985, 20.867418], [107.387869, 20.864976], [107.374522, 20.85932], [107.367686, 20.858385], [107.361095, 20.859687], [107.354177, 20.864732]]], [[[107.207693, 20.865098], [107.205903, 20.868557], [107.202973, 20.870673], [107.200369, 20.870958], [107.188813, 20.879706], [107.190684, 20.882188], [107.195486, 20.88406], [107.19988, 20.882595], [107.210053, 20.875718], [107.212087, 20.871609], [107.210053, 20.865139], [107.207693, 20.865098]]], [[[107.315929, 20.877427], [107.308767, 20.883938], [107.300385, 20.895209], [107.293712, 20.905015], [107.295746, 20.906724], [107.302908, 20.900377], [107.314301, 20.889512], [107.324392, 20.870307], [107.315929, 20.877427]]], [[[107.463878, 20.814114], [107.480235, 20.849514], [107.481944, 20.865383], [107.470714, 20.876776], [107.470714, 20.883002], [107.491466, 20.883775], [107.505626, 20.887397], [107.516124, 20.895657], [107.525401, 20.910305], [107.549571, 20.956122], [107.553233, 20.972357], [107.556407, 20.969184], [107.557953, 20.966051], [107.559418, 20.958726], [107.553477, 20.93594], [107.545177, 20.919135], [107.497813, 20.853176], [107.49171, 20.842027], [107.48463, 20.821723], [107.477224, 20.814521], [107.463878, 20.814114]]], [[[107.326345, 20.880845], [107.324311, 20.882066], [107.314789, 20.892524], [107.311371, 20.905382], [107.309744, 20.905219], [107.31186, 20.90884], [107.315278, 20.911363], [107.319591, 20.903469], [107.32309, 20.892076], [107.326345, 20.880845]]], [[[106.997244, 20.936916], [106.997244, 20.929226], [106.994721, 20.923774], [106.992279, 20.917589], [106.991059, 20.916978], [106.989757, 20.917914], [106.985444, 20.920966], [106.982026, 20.922919], [106.977224, 20.931383], [106.991059, 20.936916], [106.997244, 20.936916]]], [[[107.43336, 20.928249], [107.428722, 20.925442], [107.420421, 20.917426], [107.381847, 20.903103], [107.353282, 20.901435], [107.350759, 20.904731], [107.37322, 20.909125], [107.406098, 20.918118], [107.41391, 20.92239], [107.420584, 20.931993], [107.42335, 20.942369], [107.425955, 20.94595], [107.432791, 20.950303], [107.439301, 20.957628], [107.44809, 20.964138], [107.454275, 20.960028], [107.444753, 20.941311], [107.43336, 20.928249]]], [[[106.932221, 20.939032], [106.93686, 20.952053], [106.955089, 20.939236], [106.94866, 20.931912], [106.932221, 20.939032]]], [[[107.364513, 20.943061], [107.376313, 20.955634], [107.380138, 20.956285], [107.380789, 20.952704], [107.38266, 20.953355], [107.384695, 20.958808], [107.387869, 20.961046], [107.39031, 20.959377], [107.390066, 20.956529], [107.387055, 20.947699], [107.366791, 20.929307], [107.354747, 20.924791], [107.34962, 20.924343], [107.326589, 20.929104], [107.318044, 20.934394], [107.316091, 20.939927], [107.32602, 20.940416], [107.334158, 20.94302], [107.339447, 20.943468], [107.347016, 20.935981], [107.347911, 20.934312], [107.351492, 20.940009], [107.355968, 20.941799], [107.364513, 20.943061]]], [[[107.051199, 20.976589], [107.058197, 20.966051], [107.061615, 20.961859], [107.062185, 20.958116], [107.052745, 20.952501], [107.038341, 20.947537], [107.029959, 20.948065], [107.022878, 20.950426], [107.019379, 20.95421], [107.031261, 20.974351], [107.037039, 20.974555], [107.038666, 20.976508], [107.043793, 20.978258], [107.051199, 20.976589]]], [[[107.41212, 20.899482], [107.39503, 20.897284], [107.39503, 20.90351], [107.424327, 20.915351], [107.451182, 20.929999], [107.474294, 20.946723], [107.49171, 20.964911], [107.489024, 20.97606], [107.492442, 20.991441], [107.504731, 21.020168], [107.509044, 21.017401], [107.519786, 21.013373], [107.522634, 21.022284], [107.532725, 21.040595], [107.532725, 21.020168], [107.546397, 21.034898], [107.552257, 21.038235], [107.55836, 21.034735], [107.554535, 21.021552], [107.539073, 20.986029], [107.528819, 20.950914], [107.522227, 20.936428], [107.511729, 20.923977], [107.497569, 20.916327], [107.481456, 20.912543], [107.457042, 20.910305], [107.41212, 20.899482]]], [[[106.733084, 20.972398], [106.728119, 20.980658], [106.728282, 20.987209], [106.733084, 20.992987], [106.739268, 20.996243], [106.744477, 20.995144], [106.753591, 20.988918], [106.762787, 20.979071], [106.763845, 20.972683], [106.758962, 20.973131], [106.757498, 20.972968], [106.759532, 20.970771], [106.763764, 20.96894], [106.76531, 20.964057], [106.765636, 20.959621], [106.764659, 20.952704], [106.760102, 20.947008], [106.738536, 20.950344], [106.727794, 20.953437], [106.71339, 20.952541], [106.702322, 20.954942], [106.693289, 20.960679], [106.685639, 20.974189], [106.68686, 20.981879], [106.692556, 20.985256], [106.698822, 20.981635], [106.702566, 20.976549], [106.70989, 20.972846], [106.72698, 20.968655], [106.733084, 20.972398]]], [[[107.570079, 21.026679], [107.584158, 21.0397], [107.587413, 21.05093], [107.589041, 21.07331], [107.591075, 21.081773], [107.594249, 21.089057], [107.597911, 21.09398], [107.621267, 21.116034], [107.628266, 21.120185], [107.632091, 21.118842], [107.631847, 21.111965], [107.595958, 21.03913], [107.58961, 21.008124], [107.5796, 20.98314], [107.559418, 20.986029], [107.570079, 20.989936], [107.571462, 20.996161], [107.568858, 21.00495], [107.566905, 21.01675], [107.570079, 21.026679]]], [[[107.537771, 21.068549], [107.538748, 21.071641], [107.53061, 21.07685], [107.530203, 21.081], [107.532156, 21.083645], [107.53712, 21.087795], [107.537934, 21.090806], [107.540863, 21.095404], [107.546072, 21.09984], [107.553152, 21.113756], [107.557709, 21.115465], [107.561209, 21.113756], [107.563569, 21.111802], [107.567312, 21.111925], [107.576427, 21.117377], [107.581798, 21.11758], [107.582286, 21.110582], [107.581147, 21.102322], [107.572683, 21.084133], [107.566417, 21.082424], [107.562429, 21.079495], [107.561615, 21.073065], [107.551117, 21.068101], [107.535899, 21.056912], [107.53476, 21.05211], [107.517996, 21.045233], [107.513276, 21.043769], [107.507253, 21.039089], [107.500255, 21.037584], [107.496918, 21.039049], [107.506114, 21.048489], [107.514659, 21.052965], [107.521821, 21.058987], [107.530203, 21.070705], [107.533376, 21.069729], [107.533702, 21.066596], [107.535004, 21.066107], [107.537771, 21.068549]]], [[[107.583507, 21.137478], [107.581716, 21.129299], [107.565929, 21.116848], [107.563487, 21.117621], [107.559174, 21.122911], [107.560313, 21.127427], [107.563487, 21.131659], [107.567068, 21.134955], [107.5713, 21.13467], [107.576996, 21.135769], [107.583507, 21.137478]]], [[[107.459646, 21.090237], [107.435313, 21.081448], [107.422862, 21.074774], [107.388682, 21.047512], [107.372895, 21.059556], [107.379649, 21.081936], [107.394298, 21.106838], [107.402517, 21.126614], [107.40447, 21.138129], [107.413422, 21.166327], [107.418305, 21.196682], [107.425059, 21.196763], [107.432384, 21.188544], [107.435313, 21.189276], [107.436371, 21.19774], [107.441173, 21.203274], [107.450206, 21.205146], [107.445811, 21.212063], [107.444835, 21.227484], [107.446544, 21.25316], [107.449067, 21.265326], [107.451671, 21.27147], [107.455333, 21.275702], [107.459158, 21.277248], [107.463064, 21.277411], [107.467133, 21.276516], [107.471365, 21.274482], [107.481619, 21.266791], [107.504731, 21.239244], [107.511404, 21.234809], [107.518077, 21.233588], [107.523204, 21.230862], [107.525401, 21.222154], [107.525645, 21.214016], [107.526622, 21.207994], [107.528982, 21.203315], [107.532725, 21.19892], [107.539073, 21.19892], [107.545909, 21.202704], [107.580577, 21.211982], [107.603201, 21.219306], [107.606212, 21.217434], [107.601573, 21.205146], [107.590343, 21.193061], [107.557384, 21.17178], [107.54713, 21.156724], [107.539073, 21.156724], [107.524181, 21.15998], [107.504161, 21.139716], [107.470714, 21.095893], [107.459646, 21.090237]]], [[[107.658295, 21.139431], [107.657563, 21.148057], [107.66977, 21.197496], [107.674083, 21.206], [107.679454, 21.210924], [107.680186, 21.207139], [107.663829, 21.145209], [107.658295, 21.139431]]], [[[107.615245, 21.232978], [107.611176, 21.232978], [107.599457, 21.237779], [107.603933, 21.242458], [107.638031, 21.258612], [107.638601, 21.255805], [107.639496, 21.25259], [107.63852, 21.249172], [107.615245, 21.232978]]], [[[107.542084, 21.259019], [107.544119, 21.265611], [107.557465, 21.272203], [107.572765, 21.273179], [107.583344, 21.26789], [107.587901, 21.261501], [107.58489, 21.258572], [107.5796, 21.256415], [107.566824, 21.255154], [107.561046, 21.252183], [107.555349, 21.257351], [107.548025, 21.256456], [107.542084, 21.259019]]], [[[107.539887, 21.266547], [107.5324, 21.263983], [107.525238, 21.274726], [107.530528, 21.281317], [107.533132, 21.285386], [107.539643, 21.28384], [107.546397, 21.281317], [107.549653, 21.281033], [107.557058, 21.281562], [107.553884, 21.275539], [107.546723, 21.27143], [107.539887, 21.266547]]], [[[107.694753, 21.296902], [107.700531, 21.296739], [107.69988, 21.291775], [107.660248, 21.266832], [107.659841, 21.268215], [107.676443, 21.287502], [107.694753, 21.296902]]], [[[108.815278, -7.737726], [108.800141, -7.733819], [108.794119, -7.719415], [108.797048, -7.701593], [108.806895, -7.686212], [108.821544, -7.678643], [108.873871, -7.70322], [108.925059, -7.710382], [108.957774, -7.720147], [109.010997, -7.750258], [109.019298, -7.758071], [109.023692, -7.762384], [109.042735, -7.761489], [109.046641, -7.767999], [109.043142, -7.778904], [109.035818, -7.780369], [109.026215, -7.77752], [108.999278, -7.772882], [108.944835, -7.754327], [108.886078, -7.74391], [108.872813, -7.737237], [108.857432, -7.732029], [108.815278, -7.737726]]], [[[109.408539, -7.754978], [109.401703, -7.752618], [109.396658, -7.747491], [109.397227, -7.741876], [109.404552, -7.731052], [109.403494, -7.726332], [109.397634, -7.722833], [109.368826, -7.713474], [109.197234, -7.696217], [109.098146, -7.686861], [109.046555, -7.701853], [109.03297, -7.720147], [109.021251, -7.732029], [109.014415, -7.732599], [108.983897, -7.707208], [108.973643, -7.702244], [108.961599, -7.700372], [108.938975, -7.699477], [108.918305, -7.696384], [108.901541, -7.68963], [108.889659, -7.678643], [108.881602, -7.632501], [108.87322, -7.61061], [108.858653, -7.614028], [108.852061, -7.618829], [108.827485, -7.630792], [108.820486, -7.637872], [108.806977, -7.658136], [108.799001, -7.664727], [108.788259, -7.673517], [108.761054, -7.692765], [108.735362, -7.678643], [108.729015, -7.675958], [108.721934, -7.670343], [108.713878, -7.665704], [108.703949, -7.665623], [108.691742, -7.672296], [108.681714, -7.682244], [108.673149, -7.690753], [108.679535, -7.710219], [108.677745, -7.718927], [108.672618, -7.720636], [108.651741, -7.716271], [108.646495, -7.692966], [108.638927, -7.687921], [108.625499, -7.68613], [108.559418, -7.687433], [108.539561, -7.692315], [108.507823, -7.719496], [108.503834, -7.764224], [108.495266, -7.792923], [108.453711, -7.818501], [108.326829, -7.817471], [108.13791, -7.786661], [107.953531, -7.739873], [107.905286, -7.738784], [107.864534, -7.74513], [107.830228, -7.729167], [107.828145, -7.700494], [107.806739, -7.686676], [107.778796, -7.680249], [107.714397, -7.671659], [107.686549, -7.662075], [107.678013, -7.639753], [107.66084, -7.614208], [107.625469, -7.59822], [107.59096, -7.570434], [107.555448, -7.561823], [107.528514, -7.548963], [107.481151, -7.538194], [107.470509, -7.51691], [107.452079, -7.512537], [107.431895, -7.506524], [107.426036, -7.507908], [107.420177, -7.505629], [107.411388, -7.495864], [107.361531, -7.503713], [107.29779, -7.496137], [107.246326, -7.489654], [107.212008, -7.485329], [107.179859, -7.475696], [107.145586, -7.46712], [107.107049, -7.456406], [106.871417, -7.437711], [106.791022, -7.435331], [106.607921, -7.417901], [106.522662, -7.410957], [106.480826, -7.375669], [106.459331, -7.365995], [106.43393, -7.361993], [106.40748, -7.375317], [106.39776, -7.378465], [106.398895, -7.360363], [106.399058, -7.334824], [106.375365, -7.310194], [106.383149, -7.267673], [106.380707, -7.247247], [106.386078, -7.230645], [106.398448, -7.207778], [106.414887, -7.187677], [106.432628, -7.178888], [106.450043, -7.179132], [106.467296, -7.176446], [106.472992, -7.166599], [106.456554, -7.144789], [106.474376, -7.128106], [106.513967, -7.079597], [106.540504, -7.054612], [106.542003, -7.016778], [106.537149, -6.982962], [106.510804, -6.963799], [106.481456, -6.967055], [106.451702, -6.955059], [106.42387, -6.963221], [106.404633, -6.991306], [106.401622, -6.993097], [106.378917, -6.99977], [106.354503, -7.002699], [106.333018, -7.000746], [106.319672, -6.996189], [106.311046, -6.991469], [106.302419, -6.98797], [106.288585, -6.986505], [106.283376, -6.983331], [106.273204, -6.969334], [106.267833, -6.966078], [106.254242, -6.964288], [106.250336, -6.959568], [106.24936, -6.952813], [106.244151, -6.945571], [106.237559, -6.940606], [106.201162, -6.913679], [106.168371, -6.915809], [106.124707, -6.896279], [106.052985, -6.836806], [106.008311, -6.821954], [105.978706, -6.817712], [105.959573, -6.817628], [105.939626, -6.820977], [105.918956, -6.823989], [105.901622, -6.829522], [105.898192, -6.843176], [105.88438, -6.847673], [105.873735, -6.834708], [105.854503, -6.838149], [105.823133, -6.83904], [105.792418, -6.845744], [105.774744, -6.850227], [105.755604, -6.844816], [105.723318, -6.838556], [105.702891, -6.835707], [105.596532, -6.849073], [105.555188, -6.85568], [105.535121, -6.872327], [105.49846, -6.860727], [105.486135, -6.867516], [105.470958, -6.853448], [105.46046, -6.84531], [105.442231, -6.842543], [105.438813, -6.845961], [105.429698, -6.852716], [105.420095, -6.856866], [105.415538, -6.852797], [105.413585, -6.845798], [105.408946, -6.838149], [105.403087, -6.832127], [105.39796, -6.829522], [105.356126, -6.812872], [105.310784, -6.810354], [105.301117, -6.814142], [105.296397, -6.833266], [105.291189, -6.840997], [105.283702, -6.846938], [105.274669, -6.849379], [105.256114, -6.84238], [105.247081, -6.825453], [105.236176, -6.787856], [105.222179, -6.778497], [105.216807, -6.772068], [105.219737, -6.764337], [105.227061, -6.762628], [105.260753, -6.767348], [105.274669, -6.761651], [105.29184, -6.748224], [105.319347, -6.719659], [105.328868, -6.702732], [105.336274, -6.684828], [105.346365, -6.670668], [105.36378, -6.664972], [105.376231, -6.670017], [105.389822, -6.68141], [105.401378, -6.695001], [105.408214, -6.705987], [105.410818, -6.718438], [105.410411, -6.728774], [105.411632, -6.738946], [105.435395, -6.778253], [105.440684, -6.794122], [105.453624, -6.80877], [105.471202, -6.815851], [105.490082, -6.809015], [105.502615, -6.791111], [105.517263, -6.744236], [105.528575, -6.723321], [105.607432, -6.651462], [105.622244, -6.631606], [105.62794, -6.615981], [105.618974, -6.532505], [105.643859, -6.482333], [105.656242, -6.473264], [105.67779, -6.474924], [105.682238, -6.511535], [105.699111, -6.520774], [105.711364, -6.534563], [105.739085, -6.530149], [105.782234, -6.512107], [105.808534, -6.477216], [105.824091, -6.434646], [105.8213, -6.401137], [105.832367, -6.228692], [105.83961, -6.192071], [105.867198, -6.110121], [105.887869, -6.070571], [105.957042, -5.998712], [105.966807, -5.992852], [105.977306, -5.983494], [105.997244, -5.917739], [106.02003, -5.893243], [106.052745, -5.881036], [106.085216, -5.885512], [106.107107, -5.910903], [106.111583, -5.975193], [106.117931, -5.986017], [106.128673, -5.99033], [106.15919, -6.009535], [106.176036, -6.01393], [106.209483, -5.998305], [106.231456, -5.966974], [106.256521, -5.941583], [106.298839, -5.945001], [106.361013, -5.993422], [106.384939, -6.000258], [106.409353, -6.004327], [106.470063, -6.034356], [106.495372, -6.034845], [106.512055, -6.024835], [106.52768, -6.012465], [106.549327, -6.006524], [106.662934, -6.007989], [106.685395, -6.012465], [106.705821, -6.020196], [106.720876, -6.030938], [106.729015, -6.04754], [106.731049, -6.058852], [106.732432, -6.066583], [106.737804, -6.083917], [106.751964, -6.09588], [106.793224, -6.104099], [106.837738, -6.102716], [106.988292, -6.07936], [106.9935, -6.078546], [107.005138, -6.072361], [107.008556, -6.053155], [107.013927, -6.04046], [107.014985, -6.028985], [107.005138, -6.01393], [106.999034, -6.003513], [107.004568, -5.988214], [107.025645, -5.958673], [107.021251, -5.924086], [107.044444, -5.914321], [107.080333, -5.921563], [107.114431, -5.938165], [107.125743, -5.948907], [107.136485, -5.961602], [107.150076, -5.973077], [107.169688, -5.97975], [107.187755, -5.980157], [107.205333, -5.977309], [107.280935, -5.954767], [107.320647, -5.962416], [107.354136, -5.975995], [107.379631, -6.008516], [107.413078, -6.063174], [107.445655, -6.104323], [107.470268, -6.145432], [107.510779, -6.164444], [107.563179, -6.184247], [107.621132, -6.187474], [107.655222, -6.225378], [107.678224, -6.238023], [107.699661, -6.226998], [107.715526, -6.23569], [107.732194, -6.232548], [107.7449, -6.223092], [107.768077, -6.213311], [107.773692, -6.20794], [107.78297, -6.205743], [107.792979, -6.20794], [107.802908, -6.211521], [107.810313, -6.211196], [107.813243, -6.202325], [107.810836, -6.189347], [107.826263, -6.18513], [107.847684, -6.191952], [107.849403, -6.205528], [107.86396, -6.206398], [107.877661, -6.191152], [107.885359, -6.186922], [107.895631, -6.209831], [107.895624, -6.231025], [107.947276, -6.263116], [107.990471, -6.281092], [108.049343, -6.309907], [108.07407, -6.318379], [108.093683, -6.326847], [108.113289, -6.326847], [108.12948, -6.326001], [108.142261, -6.322615], [108.15845, -6.31161], [108.183604, -6.29697], [108.187022, -6.294529], [108.195077, -6.287061], [108.203594, -6.276058], [108.206999, -6.262513], [108.205294, -6.249816], [108.198481, -6.240505], [108.186557, -6.231193], [108.198481, -6.227808], [108.216364, -6.237965], [108.248723, -6.247275], [108.310882, -6.248956], [108.332173, -6.261647], [108.338981, -6.250642], [108.360269, -6.246401], [108.364535, -6.272639], [108.372227, -6.340353], [108.455414, -6.442071], [108.47462, -6.452081], [108.487804, -6.456801], [108.539561, -6.486912], [108.574555, -6.66961], [108.605479, -6.761651], [108.663097, -6.767348], [108.705333, -6.795994], [108.74879, -6.812188], [108.792247, -6.81113], [108.834972, -6.787856], [108.843272, -6.797947], [108.858653, -6.802423], [108.87615, -6.804864], [108.889659, -6.809015], [108.895193, -6.814223], [108.903575, -6.822198], [108.911876, -6.834893], [108.923025, -6.844659], [108.944835, -6.849379], [108.968923, -6.848321], [108.983409, -6.841729], [108.990733, -6.827895], [108.992686, -6.805352], [109.001313, -6.789158], [109.020844, -6.78867], [109.041515, -6.795587], [109.053477, -6.801528], [109.092052, -6.831476], [109.115489, -6.838556], [109.142833, -6.856215], [109.150401, -6.857029], [109.176931, -6.856215], [109.351899, -6.875665], [109.438243, -6.860121], [109.492931, -6.801528], [109.531993, -6.835138], [109.725597, -6.863051], [109.896332, -6.918227], [109.940684, -6.923435], [109.983897, -6.922621], [110.114268, -6.903904], [110.138845, -6.897149], [110.149587, -6.887302], [110.152843, -6.881768], [110.16977, -6.860935], [110.177501, -6.856215], [110.188324, -6.860284], [110.192068, -6.869806], [110.193533, -6.881117], [110.198009, -6.890883], [110.212576, -6.899998], [110.2588, -6.920994], [110.292979, -6.931248], [110.334646, -6.961358], [110.355724, -6.972914], [110.381033, -6.975681], [110.399099, -6.967869], [110.41505, -6.957452], [110.434581, -6.952407], [110.456065, -6.950942], [110.472423, -6.946384], [110.486176, -6.937921], [110.527029, -6.895196], [110.571544, -6.836196], [110.644705, -6.688165], [110.6574, -6.643976], [110.663259, -6.606052], [110.664806, -6.565362], [110.669688, -6.546319], [110.678477, -6.534601], [110.681895, -6.521905], [110.671072, -6.499933], [110.691661, -6.496026], [110.701996, -6.488702], [110.718761, -6.465753], [110.730479, -6.456964], [110.781098, -6.436456], [110.808116, -6.431736], [110.818126, -6.428155], [110.833751, -6.420668], [110.842296, -6.418064], [110.903168, -6.410821], [110.924815, -6.403741], [110.934093, -6.411065], [110.961762, -6.427911], [110.972504, -6.431736], [110.992198, -6.432306], [111.002452, -6.431248], [111.006847, -6.428318], [111.010753, -6.420994], [111.019298, -6.426365], [111.026703, -6.435317], [111.027843, -6.438409], [111.040863, -6.447361], [111.051768, -6.45672], [111.059255, -6.469903], [111.06544, -6.509373], [111.082367, -6.543878], [111.119314, -6.649672], [111.137055, -6.685479], [111.144379, -6.691827], [111.150564, -6.692966], [111.156912, -6.692071], [111.34254, -6.712823], [111.366384, -6.712009], [111.408051, -6.701755], [111.428722, -6.699151], [111.444102, -6.68906], [111.477794, -6.640313], [111.493419, -6.623468], [111.519867, -6.639907], [111.576996, -6.650974], [111.610118, -6.664972], [111.62143, -6.674574], [111.654633, -6.716241], [111.672699, -6.733657], [111.694998, -6.755141], [111.716807, -6.770685], [111.740408, -6.781671], [111.807302, -6.799493], [111.849457, -6.803888], [111.866222, -6.807794], [111.882335, -6.808689], [111.904307, -6.801528], [111.936534, -6.784926], [111.958507, -6.779392], [111.976248, -6.784845], [112.0, -6.8086541046273465], [112.0, -8.296096450003127], [111.970714, -8.277765], [111.961192, -8.278253], [111.936209, -8.294854], [111.931651, -8.299574], [111.927257, -8.302504], [111.91863, -8.302992], [111.898692, -8.296482], [111.874766, -8.273858], [111.859874, -8.268813], [111.833751, -8.270685], [111.822439, -8.268813], [111.81129, -8.264418], [111.801524, -8.258884], [111.792003, -8.256524], [111.781423, -8.261407], [111.771007, -8.281508], [111.772227, -8.30169], [111.770356, -8.317315], [111.750662, -8.3235], [111.746593, -8.318048], [111.741873, -8.306085], [111.735362, -8.294041], [111.726085, -8.288751], [111.717296, -8.292739], [111.711925, -8.302179], [111.70574, -8.3235], [111.702485, -8.327407], [111.696788, -8.336847], [111.694835, -8.346368], [111.709239, -8.354099], [111.711274, -8.361017], [111.70753, -8.368097], [111.695811, -8.37127], [111.67335, -8.367852], [111.654063, -8.358087], [111.639171, -8.343032], [111.630544, -8.3235], [111.623709, -8.3235], [111.612559, -8.337009], [111.595876, -8.334405], [111.561697, -8.316664], [111.548025, -8.315606], [111.532888, -8.326593], [111.517833, -8.329767], [111.448741, -8.312921], [111.441661, -8.296808], [111.443533, -8.284845], [111.442068, -8.276056], [111.425059, -8.268813], [111.417491, -8.269138], [111.399913, -8.274347], [111.390391, -8.275079], [111.384125, -8.272882], [111.372406, -8.264418], [111.363048, -8.261407], [111.311534, -8.261407], [111.300629, -8.262953], [111.294932, -8.260431], [111.28419, -8.251235], [111.276134, -8.248305], [111.265798, -8.249282], [111.257009, -8.253025], [111.253184, -8.257989], [111.171235, -8.282647], [111.161957, -8.281915], [111.158214, -8.272068], [111.155447, -8.261], [111.148285, -8.253513], [111.138438, -8.2492], [111.127208, -8.247735], [111.114757, -8.241957], [111.111176, -8.229181], [111.109711, -8.215427], [111.103038, -8.206801], [111.095551, -8.208185], [111.090831, -8.215509], [111.087169, -8.225274], [111.082367, -8.233494], [111.072765, -8.247003], [111.066661, -8.252537], [111.058279, -8.254653], [111.017345, -8.254653], [110.99822, -8.250177], [110.931, -8.220473], [110.847911, -8.201104], [110.715343, -8.193129], [110.705577, -8.190037], [110.691254, -8.175877], [110.681488, -8.172621], [110.660655, -8.169854], [110.639415, -8.162774], [110.602712, -8.144789], [110.602712, -8.151544], [110.549083, -8.127618], [110.521169, -8.120212], [110.496267, -8.117446], [110.476736, -8.111912], [110.410899, -8.07586], [110.400564, -8.07464], [110.389415, -8.074884], [110.380382, -8.073175], [110.37672, -8.066176], [110.352306, -8.041681], [110.347423, -8.038832], [110.32838, -8.021173], [110.319102, -8.018731], [110.287364, -8.015069], [110.03419, -7.884698], [109.931895, -7.854913], [109.906016, -7.83766], [109.883067, -7.844822], [109.847423, -7.836684], [109.811778, -7.823419], [109.752452, -7.811944], [109.656749, -7.781671], [109.486095, -7.761814], [109.446788, -7.772068], [109.42628, -7.774184], [109.417247, -7.764907], [109.414724, -7.757908], [109.408539, -7.754978]]], [[[110.596283, -5.860528], [110.594737, -5.857761], [110.595551, -5.849786], [110.603608, -5.845961], [110.605154, -5.852309], [110.598155, -5.869236], [110.594412, -5.864272], [110.596283, -5.860528]]], [[[110.459239, -5.831638], [110.465587, -5.839532], [110.463634, -5.85711], [110.44988, -5.874444], [110.437999, -5.881036], [110.430349, -5.873712], [110.426606, -5.861505], [110.421641, -5.851332], [110.420665, -5.843683], [110.431326, -5.837335], [110.459239, -5.831638]]], [[[110.183604, -5.816095], [110.190603, -5.813165], [110.192882, -5.819513], [110.189626, -5.821303], [110.183604, -5.816095]]], [[[110.47462, -5.813572], [110.471202, -5.817641], [110.467703, -5.814386], [110.461111, -5.811619], [110.452159, -5.816257], [110.4546, -5.807631], [110.47047, -5.786961], [110.481944, -5.777602], [110.478526, -5.790785], [110.47877, -5.803237], [110.487885, -5.808526], [110.488943, -5.811619], [110.492035, -5.819757], [110.492035, -5.823012], [110.482595, -5.829441], [110.481781, -5.834975], [110.479503, -5.836928], [110.471365, -5.83351], [110.468028, -5.828139], [110.477957, -5.817966], [110.476492, -5.810235], [110.474294, -5.807387], [110.47462, -5.813572]]], [[[110.24936, -5.752048], [110.255138, -5.758477], [110.252859, -5.760756], [110.246267, -5.767022], [110.23878, -5.755141], [110.235362, -5.748549], [110.235037, -5.739028], [110.238862, -5.735121], [110.243988, -5.733412], [110.25058, -5.734796], [110.250255, -5.740086], [110.24936, -5.752048]]], [[[110.403087, -5.742446], [110.40447, -5.736423], [110.411388, -5.74212], [110.406423, -5.749607], [110.403087, -5.742446]]], [[[110.13974, -2.902439], [110.135753, -2.898777], [110.135265, -2.892592], [110.158295, -2.873061], [110.163585, -2.861179], [110.172211, -2.856134], [110.179454, -2.861261], [110.182791, -2.86533], [110.190196, -2.872979], [110.198904, -2.886489], [110.197927, -2.897475], [110.194265, -2.909112], [110.18865, -2.913263], [110.178722, -2.913263], [110.171316, -2.915704], [110.164236, -2.913344], [110.154307, -2.904067], [110.148611, -2.9013], [110.13974, -2.902439]]], [[[108.199392, -3.068617], [108.19752, -3.077081], [108.195323, -3.081476], [108.190684, -3.087498], [108.186046, -3.095473], [108.183849, -3.10475], [108.187673, -3.112074], [108.204926, -3.125909], [108.210623, -3.135837], [108.187673, -3.136895], [108.152192, -3.152439], [108.132091, -3.156345], [108.108735, -3.157159], [108.090831, -3.161391], [108.079112, -3.171808], [108.073985, -3.190362], [108.073985, -3.226007], [108.064138, -3.231052], [108.036143, -3.232029], [108.011974, -3.236505], [107.993988, -3.242446], [107.980968, -3.239841], [107.970958, -3.217706], [107.969737, -3.172133], [107.966075, -3.150974], [107.941417, -3.134454], [107.888438, -3.087498], [107.890473, -3.086114], [107.891368, -3.079278], [107.889171, -3.069594], [107.882172, -3.060154], [107.870453, -3.05169], [107.865001, -3.052667], [107.85906, -3.057306], [107.844737, -3.060154], [107.82545, -3.066176], [107.82545, -3.080662], [107.841156, -3.107843], [107.841807, -3.14544], [107.815196, -3.16725], [107.75315, -3.198455], [107.686271, -3.198207], [107.658839, -3.232634], [107.631399, -3.240864], [107.602794, -3.228858], [107.594498, -3.206238], [107.605266, -3.176545], [107.640798, -3.132582], [107.642589, -3.128351], [107.640391, -3.121677], [107.63559, -3.117608], [107.631114, -3.114516], [107.624685, -3.105401], [107.597911, -3.083917], [107.593598, -3.074965], [107.593435, -3.063165], [107.594493, -3.05047], [107.594249, -3.039646], [107.590343, -3.029229], [107.585216, -3.020278], [107.581065, -3.010675], [107.580577, -2.997979], [107.585948, -2.98561], [107.60434, -2.964044], [107.608409, -2.953871], [107.611013, -2.917901], [107.605317, -2.913751], [107.587413, -2.916681], [107.562673, -2.927667], [107.552989, -2.927992], [107.54713, -2.916681], [107.549083, -2.904962], [107.557953, -2.893976], [107.570567, -2.885837], [107.583995, -2.882501], [107.603363, -2.871026], [107.60963, -2.843683], [107.605724, -2.811782], [107.594249, -2.78631], [107.607107, -2.780938], [107.623057, -2.770603], [107.636729, -2.758559], [107.642589, -2.748468], [107.638682, -2.684991], [107.654552, -2.584893], [107.670258, -2.561456], [107.711436, -2.552911], [107.727794, -2.553155], [107.756602, -2.560642], [107.77296, -2.560317], [107.789073, -2.553806], [107.81837, -2.531915], [107.834321, -2.525079], [107.848155, -2.5499], [107.883474, -2.564223], [107.919688, -2.568617], [107.936209, -2.563572], [107.988455, -2.574151], [108.005138, -2.580255], [108.014008, -2.591078], [108.0324, -2.642348], [108.039806, -2.642348], [108.046235, -2.614923], [108.053071, -2.602797], [108.06658, -2.594496], [108.097911, -2.608168], [108.104177, -2.6124], [108.114513, -2.630629], [108.118419, -2.634942], [108.13559, -2.639255], [108.149587, -2.650323], [108.158946, -2.665785], [108.162771, -2.683282], [108.182791, -2.673517], [108.197765, -2.678155], [108.267263, -2.75742], [108.276134, -2.793878], [108.290863, -2.828709], [108.293712, -2.848403], [108.288748, -2.866632], [108.279145, -2.880141], [108.27003, -2.890802], [108.265798, -2.899591], [108.256684, -2.926202], [108.215587, -2.978692], [108.204356, -3.005466], [108.204926, -3.014581], [108.210216, -3.03045], [108.210623, -3.039646], [108.207774, -3.049412], [108.199392, -3.068617]]], [[[110.071056, -2.701186], [110.076915, -2.696629], [110.093354, -2.676039], [110.098481, -2.674005], [110.103363, -2.673923], [110.113292, -2.678806], [110.116384, -2.684096], [110.119151, -2.697768], [110.115245, -2.703546], [110.114594, -2.724542], [110.118582, -2.728367], [110.119151, -2.735121], [110.120209, -2.741876], [110.11964, -2.745619], [110.116303, -2.748549], [110.089936, -2.758803], [110.077485, -2.760349], [110.071218, -2.759129], [110.045177, -2.746677], [110.047862, -2.741469], [110.057058, -2.735772], [110.062592, -2.727553], [110.071056, -2.701186]]], [[[108.7588, -1.717462], [108.72462, -1.719415], [108.677257, -1.7138], [108.691417, -1.699151], [108.723155, -1.693617], [108.757091, -1.695408], [108.778087, -1.702732], [108.7588, -1.717462]]], [[[108.823416, -1.63242], [108.824392, -1.624688], [108.829845, -1.615899], [108.832286, -1.605401], [108.831554, -1.595147], [108.827485, -1.586602], [108.821056, -1.583266], [108.80421, -1.584893], [108.793305, -1.580336], [108.80714, -1.565037], [108.831065, -1.556085], [108.875987, -1.546157], [108.886892, -1.539727], [108.892833, -1.534275], [108.900564, -1.532892], [108.91684, -1.538751], [108.928559, -1.544854], [108.95574, -1.563572], [108.964203, -1.573419], [108.96754, -1.587986], [108.964366, -1.604181], [108.957286, -1.619561], [108.948253, -1.631524], [108.933279, -1.640802], [108.869802, -1.662286], [108.858165, -1.663995], [108.831228, -1.662286], [108.82838, -1.656996], [108.825206, -1.645115], [108.823416, -1.63242]]], [[[109.108246, -1.304457], [109.100759, -1.300551], [109.101329, -1.292413], [109.107921, -1.284601], [109.114757, -1.280206], [109.122813, -1.278497], [109.132579, -1.278009], [109.143728, -1.273533], [109.161306, -1.256606], [109.170177, -1.257582], [109.181895, -1.266209], [109.176931, -1.278497], [109.144216, -1.311456], [109.13852, -1.314142], [109.135997, -1.309177], [109.1338, -1.297133], [109.128429, -1.296563], [109.121593, -1.2999], [109.114919, -1.298517], [109.115733, -1.303888], [109.108246, -1.304457]]], [[[109.223888, -1.191339], [109.242442, -1.174412], [109.248709, -1.170831], [109.254649, -1.169366], [109.264903, -1.174981], [109.265147, -1.187921], [109.259776, -1.202244], [109.25294, -1.212498], [109.245779, -1.217869], [109.234141, -1.224542], [109.223399, -1.227146], [109.218516, -1.220392], [109.218516, -1.206638], [109.219981, -1.198012], [109.223888, -1.191339]]], [[[109.569509, -1.247735], [109.535981, -1.259047], [109.502452, -1.292169], [109.478689, -1.298517], [109.465587, -1.29339], [109.444998, -1.281345], [109.425548, -1.26686], [109.417247, -1.25449], [109.420665, -1.231622], [109.444509, -1.168878], [109.452322, -1.004002], [109.459239, -0.985447], [109.475434, -0.976983], [109.491222, -0.979181], [109.525157, -0.988458], [109.5442, -0.990655], [109.556163, -0.987481], [109.577159, -0.973321], [109.587901, -0.97031], [109.606293, -0.974705], [109.639659, -0.99627], [109.656749, -1.003676], [109.674571, -1.003595], [109.686209, -0.99684], [109.695079, -0.988539], [109.7046, -0.983819], [109.723481, -0.987074], [109.739268, -0.998712], [109.751313, -1.014907], [109.759776, -1.031671], [109.759776, -1.103936], [109.76295, -1.109552], [109.77003, -1.114923], [109.77711, -1.121759], [109.780284, -1.131606], [109.776866, -1.140802], [109.768077, -1.146905], [109.746104, -1.155206], [109.698253, -1.190525], [109.687755, -1.196059], [109.67449, -1.199395], [109.601329, -1.230076], [109.569509, -1.247735]]], [[[111.842784, -3.361749], [111.814952, -3.190362], [111.817556, -3.144464], [111.83253, -3.061619], [111.822439, -3.018487], [111.760265, -2.907647], [111.75408, -2.86891], [111.75408, -2.823907], [111.750987, -2.820408], [111.743826, -2.817478], [111.736827, -2.812677], [111.733572, -2.803399], [111.737478, -2.78338], [111.752778, -2.75628], [111.75408, -2.738539], [111.739431, -2.746189], [111.723481, -2.759047], [111.710785, -2.774591], [111.70574, -2.789727], [111.712657, -2.835056], [111.713145, -2.848403], [111.708018, -2.859633], [111.698741, -2.868097], [111.689789, -2.8742], [111.685802, -2.878839], [111.683116, -2.882989], [111.677501, -2.887953], [111.672537, -2.894627], [111.67156, -2.903009], [111.675466, -2.911065], [111.680919, -2.914483], [111.686778, -2.916925], [111.695567, -2.926202], [111.700043, -2.928155], [111.703949, -2.931817], [111.70574, -2.940037], [111.703461, -2.943617], [111.694184, -2.943048], [111.692068, -2.946873], [111.648936, -2.962009], [111.584321, -3.008884], [111.569835, -3.01572], [111.551768, -3.018487], [111.534353, -3.01214], [111.525727, -2.99684], [111.520844, -2.978936], [111.514415, -2.9638], [111.485688, -2.941502], [111.44752, -2.929783], [111.363048, -2.922947], [111.324229, -2.925958], [111.296153, -2.936456], [111.060802, -3.06113], [110.986176, -3.087498], [110.942393, -3.091485], [110.906505, -3.083266], [110.823741, -3.037205], [110.806651, -3.032973], [110.770274, -3.032159], [110.754242, -3.026056], [110.755544, -3.011814], [110.764985, -2.995782], [110.774099, -2.984308], [110.804373, -2.95908], [110.837901, -2.945001], [110.872081, -2.935235], [110.956065, -2.900079], [110.965831, -2.899591], [110.956065, -2.879002], [110.934093, -2.883884], [110.896983, -2.909845], [110.879405, -2.918145], [110.830089, -2.93377], [110.811534, -2.936619], [110.793956, -2.943536], [110.776866, -2.959731], [110.697927, -3.062677], [110.662446, -3.080743], [110.630626, -3.053318], [110.628184, -3.042657], [110.633149, -3.039483], [110.640147, -3.037205], [110.643565, -3.028985], [110.642589, -3.018731], [110.636729, -2.994887], [110.63502, -2.974216], [110.630382, -2.951349], [110.616954, -2.909845], [110.588552, -2.87656], [110.54949, -2.867608], [110.508067, -2.874607], [110.404063, -2.920505], [110.301036, -2.997979], [110.263194, -3.002862], [110.240245, -2.973077], [110.223643, -2.930352], [110.204845, -2.896173], [110.22169, -2.876072], [110.237559, -2.846938], [110.247081, -2.815118], [110.24586, -2.78631], [110.22755, -2.741957], [110.223155, -2.701918], [110.213878, -2.669041], [110.211681, -2.652602], [110.203787, -2.640069], [110.167491, -2.63242], [110.156993, -2.62127], [110.160411, -2.6124], [110.179698, -2.59002], [110.184337, -2.577244], [110.199229, -2.552341], [110.231944, -2.556736], [110.264903, -2.556573], [110.280528, -2.518243], [110.246837, -2.539809], [110.221039, -2.53281], [110.201182, -2.508233], [110.159923, -2.436456], [110.156993, -2.419529], [110.154796, -2.376235], [110.14088, -2.289727], [110.132091, -2.268162], [110.119477, -2.258722], [110.104666, -2.252048], [110.097179, -2.235772], [110.094981, -2.215509], [110.095551, -2.197361], [110.105317, -2.154392], [110.119884, -2.112074], [110.129161, -2.069513], [110.123546, -2.025486], [110.09547, -1.960138], [110.09254, -1.94964], [110.075043, -1.922459], [110.065766, -1.917576], [110.03419, -1.909356], [109.987559, -1.884698], [109.968598, -1.881443], [109.953624, -1.874282], [109.903819, -1.826104], [109.908946, -1.823337], [109.918956, -1.815851], [109.924327, -1.813165], [109.91627, -1.807794], [109.910818, -1.7999], [109.908702, -1.790134], [109.910655, -1.778985], [109.921641, -1.769627], [109.968028, -1.743422], [109.982677, -1.73797], [109.993907, -1.730239], [110.004649, -1.712172], [110.033946, -1.646173], [110.038585, -1.627618], [110.041759, -1.559828], [110.068533, -1.43255], [110.071056, -1.389907], [110.061371, -1.346368], [110.044119, -1.304783], [110.029552, -1.285903], [110.01002, -1.278009], [109.988292, -1.274998], [109.964203, -1.26572], [109.948497, -1.250746], [109.951508, -1.23089], [109.929861, -1.22324], [109.922048, -1.201593], [109.923676, -1.174005], [109.93686, -1.127618], [109.934581, -1.112563], [109.922699, -1.103611], [109.900157, -1.100518], [109.894054, -1.098565], [109.86964, -1.086196], [109.85906, -1.085056], [109.83546, -1.086196], [109.823009, -1.075291], [109.809906, -1.04518], [109.785655, -1.032973], [109.775157, -1.018731], [109.759776, -0.990655], [109.740489, -0.967543], [109.734141, -0.954034], [109.731781, -0.932306], [109.734874, -0.917657], [109.742198, -0.908136], [109.751313, -0.899591], [109.759776, -0.887628], [109.765147, -0.874282], [109.76352, -0.870864], [109.734874, -0.879002], [109.724376, -0.888767], [109.719493, -0.904067], [109.71811, -0.925877], [109.714122, -0.947361], [109.703868, -0.960626], [109.677257, -0.983819], [109.64796, -0.967462], [109.629893, -0.951918], [109.62322, -0.951593], [109.616222, -0.954685], [109.605235, -0.956638], [109.598643, -0.947849], [109.581716, -0.894464], [109.559825, -0.877374], [109.525645, -0.8624], [109.48878, -0.851658], [109.438243, -0.845636], [109.427989, -0.846612], [109.420665, -0.850193], [109.413829, -0.860121], [109.415863, -0.866957], [109.421072, -0.873793], [109.424083, -0.88421], [109.418956, -0.903578], [109.406505, -0.911391], [109.390798, -0.911879], [109.376231, -0.908787], [109.335216, -0.889093], [109.32838, -0.88421], [109.320486, -0.883396], [109.283865, -0.863214], [109.273204, -0.853611], [109.245291, -0.695896], [109.250987, -0.677667], [109.262543, -0.667413], [109.278575, -0.669041], [109.297374, -0.685642], [109.313813, -0.695001], [109.383067, -0.695896], [109.398204, -0.703058], [109.42921, -0.725763], [109.455821, -0.73211], [109.461925, -0.734796], [109.468598, -0.737074], [109.478689, -0.736912], [109.50172, -0.731052], [109.509613, -0.72503], [109.506521, -0.716404], [109.497325, -0.713637], [109.471528, -0.716567], [109.461599, -0.712986], [109.443614, -0.687433], [109.434581, -0.678806], [109.412934, -0.663995], [109.389903, -0.65488], [109.379161, -0.652927], [109.362559, -0.651951], [109.355154, -0.648126], [109.355154, -0.64129], [109.35963, -0.639744], [109.368826, -0.633884], [109.364757, -0.630141], [109.35963, -0.62363], [109.355154, -0.620212], [109.355154, -0.613946], [109.37322, -0.61419], [109.406261, -0.620212], [109.424083, -0.620212], [109.424083, -0.613946], [109.400645, -0.597345], [109.374522, -0.587335], [109.344005, -0.583754], [109.277599, -0.586196], [109.26238, -0.592462], [109.256602, -0.588474], [109.250336, -0.582289], [109.235362, -0.576349], [109.23113, -0.570001], [109.228038, -0.563084], [109.224783, -0.558689], [109.215099, -0.553399], [109.211762, -0.552179], [109.207774, -0.552423], [109.19752, -0.551853], [109.187348, -0.552992], [109.179698, -0.556085], [109.171397, -0.556329], [109.159923, -0.548761], [109.139415, -0.528578], [109.130138, -0.51572], [109.123302, -0.499688], [109.102794, -0.409926], [109.100597, -0.369724], [109.10255, -0.361098], [109.112478, -0.359796], [109.135997, -0.36004], [109.103201, -0.314142], [109.090831, -0.287205], [109.101329, -0.263849], [109.101329, -0.257582], [109.089366, -0.253025], [109.076427, -0.250584], [109.067393, -0.255141], [109.067068, -0.271254], [109.050304, -0.261895], [109.046235, -0.245864], [109.050955, -0.229099], [109.060313, -0.216729], [109.070323, -0.211847], [109.086111, -0.207452], [109.118663, -0.203058], [109.146658, -0.205255], [109.176036, -0.212009], [109.201671, -0.222752], [109.218516, -0.237237], [109.224783, -0.237237], [109.218761, -0.221612], [109.198578, -0.20086], [109.190603, -0.188735], [109.188487, -0.177341], [109.190603, -0.137302], [109.18686, -0.082208], [109.179698, -0.055475], [109.160411, -0.023696], [109.1574, -0.009291], [109.156505, 0.020087], [109.160981, 0.033922], [109.17213, 0.034166], [109.19752, 0.023505], [109.300466, 0.010484], [109.280528, 0.027493], [109.236664, 0.057278], [109.176931, 0.107611], [109.166759, 0.112291], [109.102306, 0.243109], [109.046641, 0.287055], [109.033214, 0.293362], [109.016124, 0.29682], [108.953136, 0.301744], [108.928722, 0.31509], [108.920909, 0.340277], [108.931163, 0.379788], [108.942393, 0.408271], [108.944347, 0.422512], [108.944835, 0.445299], [108.938487, 0.465155], [108.913097, 0.50434], [108.910004, 0.530585], [108.914317, 0.541409], [108.928233, 0.563666], [108.931163, 0.575019], [108.931163, 0.616197], [108.927257, 0.640774], [108.917247, 0.661078], [108.875987, 0.714667], [108.877452, 0.723822], [108.88502, 0.733222], [108.889659, 0.75373], [108.882579, 0.777533], [108.855968, 0.811591], [108.855479, 0.832221], [108.862641, 0.841742], [108.876964, 0.855536], [108.893321, 0.867906], [108.906586, 0.873236], [108.926036, 0.875963], [108.941417, 0.884019], [108.953949, 0.896877], [108.965343, 0.914211], [108.980805, 0.956041], [108.980317, 0.995551], [108.927013, 1.140448], [108.924327, 1.164008], [108.932628, 1.178046], [108.952322, 1.184068], [108.992686, 1.187893], [109.032725, 1.199042], [109.108165, 1.228705], [109.142833, 1.250637], [109.158458, 1.264635], [109.215668, 1.335435], [109.228038, 1.358629], [109.243419, 1.379869], [109.266368, 1.394599], [109.266368, 1.401435], [109.240489, 1.404202], [109.227306, 1.388861], [109.217296, 1.369452], [109.201182, 1.359849], [109.188243, 1.349189], [109.16505, 1.302232], [109.153087, 1.291571], [109.149262, 1.2862], [109.144705, 1.274156], [109.13738, 1.262274], [109.125743, 1.256822], [109.114024, 1.254462], [109.104503, 1.248847], [109.088227, 1.236314], [109.066173, 1.22956], [109.012218, 1.224311], [108.98585, 1.215806], [108.990408, 1.247463], [109.006033, 1.274156], [109.040375, 1.318915], [109.054373, 1.35224], [109.060802, 1.383857], [109.060802, 1.49901], [109.073009, 1.533922], [109.095958, 1.560614], [109.252696, 1.668362], [109.272227, 1.693793], [109.303396, 1.752631], [109.321056, 1.778225], [109.339122, 1.797756], [109.342052, 1.801825], [109.34311, 1.804389], [109.34547, 1.806464], [109.34783, 1.809556], [109.348888, 1.815416], [109.34669, 1.818793], [109.341807, 1.819973], [109.336925, 1.818793], [109.334646, 1.815416], [109.286794, 1.778225], [109.289236, 1.795966], [109.299978, 1.806952], [109.314464, 1.817206], [109.32838, 1.832831], [109.335134, 1.850165], [109.336436, 1.867906], [109.334646, 1.901109], [109.340994, 1.935533], [109.358897, 1.94831], [109.424083, 1.955715], [109.561209, 1.990465], [109.578868, 1.997626], [109.592784, 2.007514], [109.604666, 2.020941], [109.63502, 2.074042], [109.645274, 2.083238], [109.645437, 2.082587], [109.649913, 2.065579], [109.652192, 2.043443], [109.66212, 2.002753], [109.663585, 1.983059], [109.660004, 1.967027], [109.655284, 1.953111], [109.654633, 1.936998], [109.663585, 1.91474], [109.693044, 1.873114], [109.711436, 1.854478], [109.731781, 1.839586], [109.793468, 1.813463], [109.828949, 1.790107], [109.86964, 1.772895], [109.886729, 1.760199], [109.898774, 1.743109], [109.915538, 1.708401], [109.927745, 1.692288], [109.941742, 1.689195], [109.991222, 1.690172], [110.003184, 1.692288], [110.018403, 1.700181], [110.04005, 1.702786], [110.167654, 1.70185], [110.180919, 1.698717], [110.20045, 1.685207], [110.211681, 1.682034], [110.216319, 1.68476], [110.2317, 1.697699], [110.239024, 1.70185], [110.248383, 1.705227], [110.254161, 1.706204], [110.26002, 1.702623], [110.283946, 1.676093], [110.290782, 1.673977], [110.295665, 1.691555], [110.305349, 1.703315], [110.307872, 1.709296], [110.30714, 1.715522], [110.302257, 1.725653], [110.301036, 1.729722], [110.299571, 1.76142], [110.301036, 1.770738], [110.313324, 1.792629], [110.329356, 1.802558], [110.343028, 1.797512], [110.350759, 1.7685], [110.359874, 1.756293], [110.363048, 1.75023], [110.36378, 1.743598], [110.362153, 1.729438], [110.363048, 1.722968], [110.366466, 1.715888], [110.370942, 1.710191], [110.376313, 1.705715], [110.382986, 1.70185], [110.390147, 1.699042], [110.398936, 1.697089], [110.421153, 1.695705], [110.431326, 1.699897], [110.443614, 1.718695], [110.473643, 1.728949], [110.491873, 1.738959], [110.507986, 1.740912], [110.520763, 1.722968], [110.508474, 1.707587], [110.499685, 1.69359], [110.49464, 1.678127], [110.492849, 1.658108], [110.489106, 1.650295], [110.471365, 1.631985], [110.465587, 1.620551], [110.492442, 1.631659], [110.506358, 1.633002], [110.520763, 1.627346], [110.530284, 1.616156], [110.53297, 1.605373], [110.536306, 1.596869], [110.547537, 1.592597], [110.556651, 1.594672], [110.577403, 1.605211], [110.589041, 1.606269], [110.60255, 1.601508], [110.643565, 1.579006], [110.701182, 1.561713], [110.726736, 1.547431], [110.739268, 1.523668], [110.733409, 1.498684], [110.715587, 1.480618], [110.677908, 1.456041], [110.677908, 1.448635], [110.704356, 1.449368], [110.725108, 1.453111], [110.7435, 1.462388], [110.763438, 1.479682], [110.773448, 1.498603], [110.772227, 1.518012], [110.767263, 1.5362], [110.766612, 1.551663], [110.793305, 1.572414], [110.83961, 1.565985], [110.924815, 1.531195], [110.967947, 1.503241], [111.043956, 1.426947], [111.082367, 1.401435], [111.141938, 1.371527], [111.154552, 1.367336], [111.178559, 1.370795], [111.211762, 1.388088], [111.232677, 1.394599], [111.265147, 1.381781], [111.30128, 1.351996], [111.340587, 1.333319], [111.383556, 1.353664], [111.366954, 1.354397], [111.339122, 1.364691], [111.325531, 1.367336], [111.321056, 1.373603], [111.311778, 1.401353], [111.304698, 1.40762], [111.288829, 1.410061], [111.260997, 1.419908], [111.246349, 1.421332], [111.23463, 1.417955], [111.198497, 1.401435], [111.176768, 1.40058], [111.15797, 1.406155], [111.141612, 1.416938], [111.127208, 1.43183], [111.109223, 1.445014], [111.064952, 1.462714], [111.04835, 1.476549], [111.030284, 1.524319], [111.011078, 1.542955], [111.006847, 1.55508], [111.005626, 1.584459], [111.006847, 1.592597], [111.020356, 1.627346], [111.028575, 1.664008], [111.037852, 1.676947], [111.09547, 1.687974], [111.117524, 1.68887], [111.137055, 1.682034], [111.150238, 1.66413], [111.163341, 1.640855], [111.179454, 1.627021], [111.202322, 1.637274], [111.215099, 1.639838], [111.229015, 1.630032], [111.245779, 1.621324], [111.267426, 1.627346], [111.247325, 1.633368], [111.237804, 1.637763], [111.219981, 1.651435], [111.211192, 1.652493], [111.202403, 1.651923], [111.182628, 1.657294], [111.176117, 1.656806], [111.172862, 1.659369], [111.171886, 1.671454], [111.160411, 1.687812], [111.158214, 1.692288], [111.154552, 1.69599], [111.136485, 1.699612], [111.130219, 1.70185], [111.12615, 1.70661], [111.103038, 1.74608], [111.097992, 1.759589], [111.096039, 1.774482], [111.100841, 1.78026], [111.12322, 1.785793], [111.130219, 1.791897], [111.128591, 1.797593], [111.113536, 1.807196], [111.109874, 1.815416], [111.113129, 1.835517], [111.121593, 1.853909], [111.143891, 1.888088], [111.175304, 1.953192], [111.203949, 2.04564], [111.205903, 2.068996], [111.211274, 2.07392], [111.223399, 2.072089], [111.243337, 2.065579], [111.267833, 2.067532], [111.241873, 2.089423], [111.240082, 2.113349], [111.253917, 2.126125], [111.271739, 2.124701], [111.291515, 2.117621], [111.327973, 2.110419], [111.336436, 2.112128], [111.349946, 2.120795], [111.356456, 2.128079], [111.375011, 2.153998], [111.37794, 2.161811], [111.368663, 2.169989], [111.356781, 2.166205], [111.346853, 2.155748], [111.338634, 2.130805], [111.329112, 2.12873], [111.318614, 2.132799], [111.29127, 2.150377], [111.270518, 2.153795], [111.198904, 2.143256], [111.184744, 2.145087], [111.179454, 2.155911], [111.178722, 2.17886], [111.184825, 2.19477], [111.200043, 2.210883], [111.219981, 2.220404], [111.240082, 2.216376], [111.229503, 2.235256], [111.210704, 2.242174], [111.192882, 2.245592], [111.184825, 2.253648], [111.186534, 2.271715], [111.198497, 2.318793], [111.208507, 2.388861], [111.220958, 2.416083], [111.246349, 2.436103], [111.254731, 2.419257], [111.267833, 2.4112], [111.301524, 2.400702], [111.312999, 2.390815], [111.338064, 2.360093], [111.346365, 2.353583], [111.352061, 2.350572], [111.358409, 2.344794], [111.365489, 2.340766], [111.373871, 2.343004], [111.405284, 2.364325], [111.414561, 2.367255], [111.448253, 2.372382], [111.455577, 2.370673], [111.473643, 2.357327], [111.493419, 2.346137], [111.485118, 2.364163], [111.465099, 2.384833], [111.432465, 2.414984], [111.424164, 2.427232], [111.412283, 2.469224], [111.404552, 2.483954], [111.435557, 2.482123], [111.46339, 2.474921], [111.487315, 2.473944], [111.507091, 2.490709], [111.512543, 2.488267], [111.514008, 2.486965], [111.515636, 2.487494], [111.521251, 2.490709], [111.499522, 2.498847], [111.461681, 2.508002], [111.445567, 2.518012], [111.432953, 2.528754], [111.422862, 2.539618], [111.417247, 2.555121], [111.417654, 2.579535], [111.435313, 2.640937], [111.440278, 2.680121], [111.447032, 2.694648], [111.457856, 2.705634], [111.529796, 2.760688], [111.638927, 2.828192], [111.669607, 2.843085], [111.860606, 2.880601], [112.0, 2.8854606558457694], [112.0, -3.498798210078074], [111.973155, -3.525567], [111.931, -3.559015], [111.905284, -3.572035], [111.887218, -3.570245], [111.869477, -3.560154], [111.822032, -3.545099], [111.808767, -3.532973], [111.80836, -3.511814], [111.829763, -3.468194], [111.835297, -3.447686], [111.842947, -3.384454], [111.842784, -3.361749]]], [[[108.841807, 0.500393], [108.84783, 0.505235], [108.854177, 0.50906], [108.852306, 0.513088], [108.855968, 0.512926], [108.85849, 0.514635], [108.860199, 0.516018], [108.861583, 0.509508], [108.863373, 0.501125], [108.865245, 0.488105], [108.86378, 0.479315], [108.861013, 0.475531], [108.85963, 0.475694], [108.857188, 0.483303], [108.850922, 0.488349], [108.848318, 0.493923], [108.844005, 0.493476], [108.840994, 0.495307], [108.841807, 0.500393]]], [[[108.718435, 0.765855], [108.720632, 0.760688], [108.723806, 0.759101], [108.731944, 0.744778], [108.730154, 0.733466], [108.711925, 0.746202], [108.709809, 0.754218], [108.706879, 0.766506], [108.704112, 0.773586], [108.701996, 0.786038], [108.696462, 0.795071], [108.708832, 0.804999], [108.710378, 0.782945], [108.718435, 0.765855]]], [[[109.099213, 2.077135], [109.106049, 2.074042], [109.108816, 2.071234], [109.100108, 2.062079], [109.092377, 2.075181], [109.096446, 2.081448], [109.099213, 2.077135]]], [[[108.940359, 2.504503], [108.959076, 2.506212], [108.958018, 2.500067], [108.956798, 2.492011], [108.955903, 2.487657], [108.956228, 2.484402], [108.946788, 2.486925], [108.941905, 2.490749], [108.942638, 2.496161], [108.937673, 2.498725], [108.940359, 2.504503]]], [[[109.005626, 2.537909], [109.000824, 2.537421], [108.990733, 2.529731], [108.985606, 2.527737], [108.979828, 2.52912], [108.974376, 2.532904], [108.970063, 2.538153], [108.96811, 2.543647], [108.971934, 2.555121], [108.982758, 2.560614], [108.99643, 2.561754], [109.008311, 2.560126], [109.019786, 2.555121], [109.042003, 2.541978], [109.053477, 2.537909], [109.096853, 2.537177], [109.108653, 2.531684], [109.113943, 2.523179], [109.11085, 2.516059], [109.095063, 2.504381], [109.078461, 2.496039], [109.052257, 2.487616], [109.026703, 2.485826], [109.012462, 2.497545], [109.014822, 2.511054], [109.022472, 2.520006], [109.023285, 2.527818], [109.005626, 2.537909]]], [[[111.312673, 2.431342], [111.308116, 2.452135], [111.315684, 2.496243], [111.317638, 2.53677], [111.299001, 2.702704], [111.300955, 2.752631], [111.31544, 2.784491], [111.349946, 2.771308], [111.370291, 2.739732], [111.381033, 2.697903], [111.381847, 2.523342], [111.390391, 2.449164], [111.411388, 2.391099], [111.412446, 2.387356], [111.413341, 2.378241], [111.410492, 2.372219], [111.40089, 2.377834], [111.390961, 2.382148], [111.381847, 2.377875], [111.37436, 2.369086], [111.369884, 2.359809], [111.359141, 2.373114], [111.342621, 2.413886], [111.332042, 2.422431], [111.312673, 2.431342]]], [[[108.583181, 2.701158], [108.575043, 2.678453], [108.574392, 2.668728], [108.567556, 2.661892], [108.56544, 2.663642], [108.566254, 2.674506], [108.566824, 2.688056], [108.567556, 2.692491], [108.570974, 2.694973], [108.57252, 2.697455], [108.583181, 2.701158]]], [[[108.914561, 2.760321], [108.920828, 2.772691], [108.926443, 2.774563], [108.92921, 2.769599], [108.930756, 2.763699], [108.928396, 2.757351], [108.916596, 2.747056], [108.908295, 2.73725], [108.898448, 2.732286], [108.890147, 2.731024], [108.887543, 2.732489], [108.893647, 2.742336], [108.903982, 2.748684], [108.907725, 2.755968], [108.914561, 2.760321]]], [[[108.851736, 2.867662], [108.845876, 2.850653], [108.842459, 2.846381], [108.8296, 2.847602], [108.818126, 2.855902], [108.800141, 2.873684], [108.78297, 2.88227], [108.77589, 2.888007], [108.775157, 2.895087], [108.77589, 2.895941], [108.796886, 2.90766], [108.814301, 2.921454], [108.829275, 2.936265], [108.836274, 2.947577], [108.840831, 2.96011], [108.842459, 2.973619], [108.855724, 3.003363], [108.881358, 3.002997], [108.898611, 2.982856], [108.886241, 2.953111], [108.884125, 2.941636], [108.892263, 2.903876], [108.889659, 2.888007], [108.883556, 2.883979], [108.862804, 2.877143], [108.855479, 2.873684], [108.851736, 2.867662]]], [[[107.76824, 2.979071], [107.756114, 2.978461], [107.745128, 2.983547], [107.751231, 3.01203], [107.77296, 3.025295], [107.796235, 3.025539], [107.80714, 3.014879], [107.813243, 2.99494], [107.811209, 2.986802], [107.76824, 2.979071]]], [[[108.85906, 3.061021], [108.865815, 3.057929], [108.870291, 3.053697], [108.871837, 3.052883], [108.870372, 3.048245], [108.867849, 3.04442], [108.873383, 3.033149], [108.84962, 3.019395], [108.848399, 3.023749], [108.852712, 3.025214], [108.854828, 3.033149], [108.848643, 3.043199], [108.843028, 3.050605], [108.841319, 3.05744], [108.84669, 3.065497], [108.853852, 3.063788], [108.85906, 3.061021]]], [[[108.051443, 3.581732], [108.048757, 3.569403], [108.04127, 3.575059], [108.038178, 3.586737], [108.041677, 3.592637], [108.043468, 3.597805], [108.045339, 3.598944], [108.049327, 3.594387], [108.051443, 3.581732]]], [[[108.08782, 3.622626], [108.09669, 3.641832], [108.1067, 3.642768], [108.120046, 3.636461], [108.124604, 3.623236], [108.115896, 3.608507], [108.101329, 3.60163], [108.09018, 3.602484], [108.083018, 3.59691], [108.074718, 3.594428], [108.0713, 3.604315], [108.075694, 3.61404], [108.081309, 3.619778], [108.08782, 3.622626]]], [[[108.081554, 3.643419], [108.073578, 3.642239], [108.063162, 3.643215], [108.058767, 3.640448], [108.055024, 3.643297], [108.051443, 3.661729], [108.059581, 3.674099], [108.074555, 3.672187], [108.082937, 3.662909], [108.087738, 3.652248], [108.086111, 3.646389], [108.081554, 3.643419]]], [[[108.007986, 3.813544], [108.001313, 3.816677], [107.994965, 3.817206], [107.996104, 3.822496], [108.005056, 3.825466], [108.016368, 3.823147], [108.026215, 3.817125], [108.031342, 3.810045], [108.033702, 3.799913], [108.035085, 3.795274], [108.039724, 3.791571], [108.042491, 3.786811], [108.034516, 3.770616], [108.033539, 3.770657], [108.035085, 3.77969], [108.030772, 3.786811], [108.028982, 3.784939], [108.022146, 3.784329], [108.013682, 3.788967], [108.01824, 3.799302], [108.014985, 3.806138], [108.014334, 3.812323], [108.007986, 3.813544]]], [[[107.917898, 3.892239], [107.913422, 3.889635], [107.906912, 3.891018], [107.89796, 3.901109], [107.896007, 3.910631], [107.903331, 3.919501], [107.908458, 3.91706], [107.921072, 3.914211], [107.924327, 3.904812], [107.917898, 3.892239]]], [[[108.285167, 3.674465], [108.253591, 3.676988], [108.238536, 3.676256], [108.223643, 3.670396], [108.194998, 3.652289], [108.183849, 3.648342], [108.17449, 3.651923], [108.142263, 3.676256], [108.104828, 3.690579], [108.094493, 3.696194], [108.118175, 3.725775], [108.121837, 3.734605], [108.125011, 3.74787], [108.132335, 3.752183], [108.140473, 3.751776], [108.146007, 3.750718], [108.164887, 3.75727], [108.171397, 3.77147], [108.175548, 3.785834], [108.187022, 3.792304], [108.202485, 3.792467], [108.213634, 3.791164], [108.224376, 3.785346], [108.238536, 3.772406], [108.266856, 3.738756], [108.28004, 3.731513], [108.277599, 3.745063], [108.26238, 3.792304], [108.257335, 3.795356], [108.248871, 3.809312], [108.245372, 3.813463], [108.236827, 3.815009], [108.20753, 3.813463], [108.180349, 3.81684], [108.103363, 3.845893], [108.071544, 3.85224], [108.062348, 3.855943], [108.052989, 3.864651], [108.04477, 3.877021], [108.03004, 3.908881], [108.028087, 3.917222], [108.026134, 3.932929], [108.023448, 3.941718], [108.016856, 3.946763], [108.009939, 3.951077], [108.005138, 3.957465], [108.003917, 3.964342], [108.005138, 3.987494], [108.002126, 3.997626], [107.995453, 4.002265], [107.988536, 4.005601], [107.98463, 4.01203], [107.987804, 4.020697], [107.997244, 4.034247], [108.022472, 4.063544], [108.032237, 4.069973], [108.041515, 4.07095], [108.050548, 4.070787], [108.060313, 4.074123], [108.066661, 4.080146], [108.080333, 4.097235], [108.084239, 4.100775], [108.094493, 4.105373], [108.170258, 4.179429], [108.181977, 4.204535], [108.195567, 4.220364], [108.211599, 4.235419], [108.224864, 4.244818], [108.242442, 4.230699], [108.250255, 4.211249], [108.252208, 4.159166], [108.257335, 4.130561], [108.270763, 4.112982], [108.306814, 4.086493], [108.365408, 4.015448], [108.391368, 3.997016], [108.396169, 3.990912], [108.398204, 3.976467], [108.397716, 3.949368], [108.403575, 3.936347], [108.392833, 3.924384], [108.378266, 3.915758], [108.365977, 3.905463], [108.362071, 3.888577], [108.372081, 3.893541], [108.380138, 3.891181], [108.396169, 3.874823], [108.406505, 3.884589], [108.406261, 3.874335], [108.389334, 3.82217], [108.382579, 3.809882], [108.341075, 3.756293], [108.333263, 3.740424], [108.327891, 3.724066], [108.323985, 3.692694], [108.317638, 3.683783], [108.300059, 3.676256], [108.285167, 3.674465]]], [[[107.847504, 4.130276], [107.845225, 4.132717], [107.845632, 4.13939], [107.84905, 4.145941], [107.856456, 4.160509], [107.862966, 4.166775], [107.866384, 4.164944], [107.869395, 4.159695], [107.868175, 4.156399], [107.861746, 4.143785], [107.863862, 4.134385], [107.85613, 4.124864], [107.853363, 4.123155], [107.849946, 4.125637], [107.846283, 4.120063], [107.842214, 4.12344], [107.845714, 4.127875], [107.847504, 4.130276]]], [[[108.205089, 4.265733], [108.200369, 4.255357], [108.190115, 4.243394], [108.188813, 4.249213], [108.196707, 4.258694], [108.198904, 4.263983], [108.199067, 4.270372], [108.206716, 4.274726], [108.205089, 4.265733]]], [[[107.935313, 4.698391], [107.936778, 4.70307], [107.940603, 4.708645], [107.951915, 4.717678], [107.966645, 4.726142], [107.979177, 4.735989], [107.98463, 4.748765], [107.986339, 4.755805], [107.991222, 4.763983], [107.997813, 4.770453], [108.005138, 4.772366], [108.012706, 4.768134], [108.011974, 4.760932], [108.007823, 4.752631], [108.005138, 4.745063], [108.000499, 4.709133], [107.993419, 4.691311], [107.981212, 4.683661], [107.958995, 4.684394], [107.946462, 4.686713], [107.937348, 4.691392], [107.935557, 4.694525], [107.935313, 4.698391]]], [[[108.960785, 10.502875], [108.940196, 10.504218], [108.930186, 10.514553], [108.925955, 10.530219], [108.929454, 10.544827], [108.942556, 10.551947], [108.958995, 10.537543], [108.966156, 10.517646], [108.960785, 10.502875]]], [[[109.303396, 12.191881], [109.304698, 12.192043], [109.305675, 12.191392], [109.307384, 12.187161], [109.287608, 12.188951], [109.269298, 12.198676], [109.254568, 12.211127], [109.245291, 12.221259], [109.245291, 12.228095], [109.251964, 12.22602], [109.266368, 12.223538], [109.273204, 12.221259], [109.272797, 12.224799], [109.273204, 12.235541], [109.291515, 12.228339], [109.32838, 12.221259], [109.336274, 12.217963], [109.342133, 12.213202], [109.346202, 12.207424], [109.348888, 12.200832], [109.344412, 12.196967], [109.333507, 12.189602], [109.32838, 12.187161], [109.323009, 12.193752], [109.31658, 12.197496], [109.309093, 12.19774], [109.300466, 12.193996], [109.303396, 12.191881]]], [[[109.368907, 12.627753], [109.383149, 12.623725], [109.390391, 12.613511], [109.393403, 12.601874], [109.401134, 12.58275], [109.40504, 12.570787], [109.400238, 12.557929], [109.383962, 12.563056], [109.347423, 12.588202], [109.341563, 12.59634], [109.33546, 12.603258], [109.323253, 12.606391], [109.312022, 12.614325], [109.320323, 12.627997], [109.346202, 12.631049], [109.368907, 12.627753]]], [[[109.351736, 13.610989], [109.345876, 13.621609], [109.343435, 13.63227], [109.349213, 13.630683], [109.358002, 13.619696], [109.362478, 13.616523], [109.365082, 13.608507], [109.362966, 13.606431], [109.358409, 13.609849], [109.354666, 13.609442], [109.351736, 13.610989]]], [[[109.129812, 15.390204], [109.140473, 15.385688], [109.144216, 15.378892], [109.139415, 15.375393], [109.130707, 15.371609], [109.118826, 15.370673], [109.105154, 15.374457], [109.097341, 15.379462], [109.097992, 15.383857], [109.104828, 15.389919], [109.116791, 15.390733], [109.129812, 15.390204]]], [[[111.192882, 15.778225], [111.1963, 15.785712], [111.199392, 15.789211], [111.20753, 15.789293], [111.208507, 15.786282], [111.20753, 15.782172], [111.2046, 15.779242], [111.196544, 15.775377], [111.194102, 15.776109], [111.192882, 15.778225]]], [[[108.492361, 15.958767], [108.48821, 15.963935], [108.490245, 15.966946], [108.501475, 15.974921], [108.508474, 15.975816], [108.538748, 15.953518], [108.541677, 15.943874], [108.541677, 15.925279], [108.540457, 15.920559], [108.536794, 15.921983], [108.531179, 15.929796], [108.512787, 15.942491], [108.511648, 15.944973], [108.511241, 15.950873], [108.50587, 15.955715], [108.498953, 15.956163], [108.492361, 15.958767]]], [[[111.753429, 16.047431], [111.761404, 16.048651], [111.76588, 16.045315], [111.763357, 16.043443], [111.753103, 16.044664], [111.753429, 16.047431]]], [[[111.51002, 16.444729], [111.508149, 16.442043], [111.506928, 16.443549], [111.51002, 16.444729]]], [[[111.71225, 16.447414], [111.710948, 16.450344], [111.713715, 16.449449], [111.71225, 16.447414]]], [[[111.70281, 16.450914], [111.701427, 16.453884], [111.704194, 16.452948], [111.70281, 16.450914]]], [[[111.744314, 16.459133], [111.742849, 16.457139], [111.741547, 16.460069], [111.744314, 16.459133]]], [[[111.600841, 16.531968], [111.602875, 16.533352], [111.605724, 16.533515], [111.608165, 16.531806], [111.60963, 16.528266], [111.608897, 16.527248], [111.606293, 16.524237], [111.602794, 16.524644], [111.600108, 16.527289], [111.599864, 16.527493], [111.600841, 16.531968]]], [[[111.660981, 16.5456], [111.659516, 16.543606], [111.658214, 16.546536], [111.660981, 16.5456]]], [[[111.713959, 16.543687], [111.712576, 16.546617], [111.715343, 16.545722], [111.713959, 16.543687]]], [[[111.673432, 16.569932], [111.672048, 16.572903], [111.674897, 16.571967], [111.673432, 16.569932]]], [[[111.705903, 16.575181], [111.703949, 16.573188], [111.70281, 16.5751], [111.705903, 16.575181]]], [[[111.680268, 16.578152], [111.678884, 16.581122], [111.681651, 16.580186], [111.680268, 16.578152]]], [[[110.858653, 19.534817], [110.842784, 19.539944], [110.829845, 19.552069], [110.821788, 19.567776], [110.818533, 19.591051], [110.825694, 19.603258], [110.841156, 19.607978], [110.862641, 19.60871], [110.847667, 19.622463], [110.826427, 19.621772], [110.806326, 19.612738], [110.794444, 19.601264], [110.803559, 19.589179], [110.812999, 19.563381], [110.821788, 19.554104], [110.807384, 19.530585], [110.802501, 19.517401], [110.800629, 19.495429], [110.796235, 19.484605], [110.785492, 19.47191], [110.772309, 19.461656], [110.760265, 19.457913], [110.760265, 19.451646], [110.764496, 19.440823], [110.757579, 19.430894], [110.745128, 19.422675], [110.732432, 19.416938], [110.724376, 19.415961], [110.706228, 19.41828], [110.698253, 19.416938], [110.694998, 19.411811], [110.685802, 19.393052], [110.681488, 19.388983], [110.669688, 19.381741], [110.670665, 19.365058], [110.676036, 19.346747], [110.677908, 19.334377], [110.666026, 19.31977], [110.641368, 19.312445], [110.636729, 19.296536], [110.63266, 19.264472], [110.621593, 19.230658], [110.606293, 19.199856], [110.589041, 19.176703], [110.580333, 19.155178], [110.575857, 19.15705], [110.568614, 19.163072], [110.549083, 19.15176], [110.544444, 19.150051], [110.510102, 19.150051], [110.502208, 19.153144], [110.496918, 19.159898], [110.490489, 19.166571], [110.479177, 19.169257], [110.479177, 19.163072], [110.489757, 19.152981], [110.497569, 19.141547], [110.507335, 19.132229], [110.524181, 19.128323], [110.535655, 19.132229], [110.541515, 19.138617], [110.546235, 19.139879], [110.554942, 19.128323], [110.556814, 19.120022], [110.554942, 19.087348], [110.562348, 19.102362], [110.57545, 19.150051], [110.582286, 19.150051], [110.569998, 19.100898], [110.567231, 19.065579], [110.563243, 19.05565], [110.547537, 19.040188], [110.530772, 19.018378], [110.518077, 18.993476], [110.509939, 18.964342], [110.507091, 18.930325], [110.508067, 18.922187], [110.51238, 18.91352], [110.513357, 18.906399], [110.509125, 18.897773], [110.500011, 18.895738], [110.490896, 18.895657], [110.486583, 18.892483], [110.483897, 18.887193], [110.477712, 18.88524], [110.47047, 18.884263], [110.465587, 18.881903], [110.463145, 18.875149], [110.461274, 18.856024], [110.458751, 18.848334], [110.454356, 18.844468], [110.441091, 18.836493], [110.434581, 18.83039], [110.431488, 18.821479], [110.435802, 18.814154], [110.441905, 18.808254], [110.445079, 18.803656], [110.450938, 18.804999], [110.465017, 18.804511], [110.480805, 18.800971], [110.492849, 18.793118], [110.500824, 18.802924], [110.502452, 18.811225], [110.499685, 18.837551], [110.493419, 18.862616], [110.493663, 18.876044], [110.503429, 18.881903], [110.51002, 18.868598], [110.534434, 18.785631], [110.519054, 18.783108], [110.507172, 18.783515], [110.498546, 18.781643], [110.492849, 18.77204], [110.486583, 18.77204], [110.469005, 18.777167], [110.450369, 18.756537], [110.424571, 18.703762], [110.431, 18.69245], [110.426768, 18.680894], [110.416026, 18.670559], [110.403494, 18.662787], [110.388682, 18.675035], [110.344493, 18.664618], [110.335216, 18.673326], [110.345388, 18.680854], [110.368663, 18.68594], [110.410899, 18.690131], [110.410899, 18.697496], [110.403494, 18.703762], [110.397227, 18.703762], [110.380138, 18.690497], [110.327322, 18.679348], [110.307872, 18.662787], [110.301036, 18.662787], [110.270844, 18.668158], [110.227224, 18.642157], [110.156993, 18.580797], [110.121104, 18.555813], [110.103282, 18.539374], [110.088145, 18.50434], [110.070649, 18.502021], [110.03419, 18.511949], [110.03419, 18.505764], [110.046153, 18.495917], [110.074067, 18.489081], [110.08253, 18.477769], [110.081309, 18.464545], [110.069835, 18.426988], [110.068207, 18.408922], [110.061371, 18.408922], [110.06072, 18.429592], [110.053233, 18.440619], [110.044607, 18.440131], [110.040294, 18.425971], [110.044444, 18.411363], [110.051117, 18.399644], [110.052582, 18.390204], [110.040294, 18.38227], [110.026215, 18.380601], [109.995128, 18.38231], [109.968598, 18.389838], [109.968598, 18.405504], [109.975922, 18.406643], [109.987071, 18.403998], [110.000336, 18.403022], [110.013682, 18.408922], [110.019867, 18.41767], [110.023448, 18.429389], [110.023936, 18.44123], [110.020518, 18.450507], [110.017345, 18.444973], [110.009288, 18.434801], [110.006196, 18.429389], [110.003184, 18.43358], [109.992524, 18.443061], [109.992361, 18.439643], [109.992849, 18.432766], [109.992524, 18.429389], [109.981944, 18.435492], [109.977387, 18.431464], [109.973643, 18.423082], [109.96518, 18.416327], [109.958018, 18.414374], [109.954112, 18.414252], [109.948741, 18.415229], [109.915375, 18.416815], [109.898285, 18.414252], [109.882091, 18.407538], [109.83546, 18.38227], [109.825206, 18.385891], [109.821544, 18.391669], [109.819591, 18.397773], [109.814464, 18.402086], [109.795665, 18.405178], [109.776215, 18.404039], [109.759044, 18.400377], [109.746104, 18.395901], [109.750011, 18.373603], [109.726573, 18.303778], [109.731781, 18.273017], [109.717784, 18.273098], [109.71339, 18.279853], [109.711599, 18.287991], [109.7046, 18.292222], [109.696788, 18.289862], [109.670421, 18.273017], [109.670421, 18.26557], [109.686209, 18.267646], [109.694021, 18.267157], [109.711925, 18.258734], [109.717784, 18.25845], [109.734548, 18.259996], [109.739268, 18.258734], [109.741466, 18.2508], [109.738536, 18.243232], [109.731781, 18.234198], [109.728038, 18.224677], [109.719005, 18.21483], [109.708751, 18.207221], [109.701182, 18.204088], [109.690684, 18.209174], [109.684337, 18.221137], [109.677257, 18.245063], [109.663748, 18.237616], [109.62908, 18.227362], [109.621918, 18.220852], [109.619151, 18.217271], [109.60613, 18.208889], [109.602061, 18.204088], [109.603526, 18.198798], [109.613048, 18.183051], [109.615733, 18.176174], [109.601329, 18.18122], [109.587657, 18.181586], [109.57602, 18.177476], [109.568044, 18.169338], [109.561209, 18.169338], [109.562511, 18.176988], [109.568044, 18.193183], [109.565766, 18.201361], [109.561209, 18.205797], [109.556488, 18.209215], [109.554454, 18.214057], [109.553233, 18.217678], [109.548595, 18.217678], [109.547618, 18.220852], [109.549653, 18.225531], [109.554454, 18.228827], [109.559093, 18.230536], [109.561209, 18.23078], [109.563324, 18.238023], [109.566254, 18.242987], [109.56658, 18.248847], [109.561209, 18.258734], [109.552257, 18.244778], [109.538829, 18.236762], [109.529552, 18.227688], [109.533946, 18.210354], [109.510753, 18.213609], [109.478689, 18.192694], [109.465017, 18.204088], [109.478038, 18.212795], [109.484711, 18.221503], [109.492686, 18.228095], [109.509613, 18.23078], [109.510265, 18.238593], [109.506521, 18.252753], [109.500173, 18.259508], [109.492931, 18.245063], [109.480724, 18.264797], [109.462738, 18.27969], [109.439952, 18.288967], [109.333507, 18.304267], [109.21811, 18.30565], [109.190603, 18.299709], [109.173106, 18.288153], [109.162608, 18.287828], [109.149669, 18.299709], [109.143891, 18.314154], [109.142345, 18.328681], [109.139496, 18.340725], [109.129161, 18.34748], [109.135997, 18.361151], [109.122081, 18.358222], [109.111176, 18.361274], [109.101573, 18.366034], [109.091645, 18.368598], [109.000743, 18.367174], [108.990896, 18.36872], [108.979015, 18.374823], [108.967784, 18.384467], [108.960948, 18.393866], [108.95281, 18.402289], [108.937348, 18.408922], [108.885916, 18.426663], [108.875987, 18.433173], [108.868663, 18.443834], [108.831065, 18.468695], [108.795584, 18.486558], [108.775564, 18.493069], [108.755138, 18.496975], [108.710704, 18.499661], [108.694998, 18.504828], [108.684906, 18.515204], [108.677257, 18.532416], [108.674083, 18.554836], [108.679454, 18.572252], [108.687185, 18.587836], [108.690929, 18.604722], [108.697113, 18.683295], [108.693614, 18.719875], [108.68336, 18.756171], [108.668142, 18.788642], [108.649425, 18.813625], [108.636974, 18.8251], [108.627452, 18.835883], [108.623871, 18.849189], [108.628917, 18.868232], [108.647227, 18.903225], [108.653819, 18.921047], [108.656261, 18.943996], [108.653575, 18.964342], [108.650401, 18.973578], [108.646007, 18.977484], [108.642589, 18.982815], [108.642589, 19.018459], [108.615245, 19.10163], [108.62908, 19.110907], [108.644298, 19.124172], [108.656912, 19.139797], [108.663097, 19.156236], [108.678966, 19.152045], [108.683442, 19.150051], [108.683442, 19.156236], [108.676036, 19.162177], [108.671886, 19.173], [108.669932, 19.194078], [108.66391, 19.209621], [108.650076, 19.212795], [108.634288, 19.212551], [108.622081, 19.217719], [108.621755, 19.228095], [108.630707, 19.237982], [108.63795, 19.248969], [108.626964, 19.27497], [108.631684, 19.286282], [108.641124, 19.294908], [108.649425, 19.299628], [108.647309, 19.303534], [108.644786, 19.31037], [108.649669, 19.311225], [108.662608, 19.309719], [108.664561, 19.314276], [108.663097, 19.320502], [108.66684, 19.325181], [108.677257, 19.327582], [108.677257, 19.334377], [108.669281, 19.343736], [108.672537, 19.351264], [108.679535, 19.3581], [108.683442, 19.365424], [108.686534, 19.377875], [108.694347, 19.380316], [108.714529, 19.375922], [108.729177, 19.377997], [108.752208, 19.386949], [108.76295, 19.388983], [108.770681, 19.394355], [108.790294, 19.423163], [108.798188, 19.425849], [108.817882, 19.439195], [108.827485, 19.444241], [108.869802, 19.457913], [108.903331, 19.493354], [108.92449, 19.506252], [108.937348, 19.492011], [108.944835, 19.492011], [108.944835, 19.498847], [108.940766, 19.514106], [108.956554, 19.534613], [108.992686, 19.567776], [109.002208, 19.587226], [109.008474, 19.597073], [109.01588, 19.601264], [109.067068, 19.60871], [109.078868, 19.612738], [109.103363, 19.626288], [109.118419, 19.631171], [109.128917, 19.640204], [109.132579, 19.642239], [109.133556, 19.643378], [109.156505, 19.649644], [109.192068, 19.678453], [109.205821, 19.698432], [109.204926, 19.718573], [109.211192, 19.724799], [109.218516, 19.722968], [109.243988, 19.729926], [109.258962, 19.731635], [109.272716, 19.729397], [109.283214, 19.724799], [109.300466, 19.711127], [109.307384, 19.711127], [109.298188, 19.726793], [109.281586, 19.74433], [109.274669, 19.757229], [109.2942, 19.759508], [109.2942, 19.765692], [109.286794, 19.765692], [109.286794, 19.773179], [109.295746, 19.774644], [109.300466, 19.776842], [109.307384, 19.786851], [109.297374, 19.786851], [109.289236, 19.787909], [109.281505, 19.790188], [109.273204, 19.793647], [109.260997, 19.778713], [109.235606, 19.762356], [109.210134, 19.749742], [109.19752, 19.745836], [109.181326, 19.735989], [109.174815, 19.730373], [109.170177, 19.724799], [109.163341, 19.724799], [109.167247, 19.742743], [109.163341, 19.790269], [109.16684, 19.805487], [109.175548, 19.814032], [109.186778, 19.820014], [109.19752, 19.827826], [109.200938, 19.832587], [109.207367, 19.843573], [109.211192, 19.848293], [109.219493, 19.854682], [109.224864, 19.855536], [109.229503, 19.855373], [109.235606, 19.858832], [109.248709, 19.868842], [109.25172, 19.874701], [109.252696, 19.885891], [109.255138, 19.898342], [109.261567, 19.900824], [109.270518, 19.900092], [109.28004, 19.902899], [109.303722, 19.921698], [109.311371, 19.919501], [109.31422, 19.899848], [109.3213, 19.892035], [109.337901, 19.889879], [109.368826, 19.889309], [109.395763, 19.869534], [109.412608, 19.861396], [109.427501, 19.865383], [109.443614, 19.872992], [109.455333, 19.864936], [109.462657, 19.849311], [109.465017, 19.834052], [109.472423, 19.834052], [109.479503, 19.844184], [109.493988, 19.850165], [109.511404, 19.855048], [109.527029, 19.861965], [109.53297, 19.852607], [109.545095, 19.853746], [109.561778, 19.857408], [109.581716, 19.855699], [109.581716, 19.861965], [109.529307, 19.875474], [109.520193, 19.882473], [109.515636, 19.905219], [109.525401, 19.911851], [109.554454, 19.910346], [109.557465, 19.917304], [109.552257, 19.927476], [109.544607, 19.933336], [109.540782, 19.927151], [109.537364, 19.924465], [109.530935, 19.930121], [109.52589, 19.940375], [109.527029, 19.951361], [109.581391, 19.984809], [109.595714, 19.99315], [109.611664, 19.99787], [109.626313, 19.997952], [109.636241, 19.992336], [109.642589, 19.992336], [109.65211, 20.002183], [109.668142, 20.006903], [109.686697, 20.00788], [109.7046, 20.006578], [109.712901, 20.010077], [109.719005, 20.010647], [109.725597, 20.006578], [109.728363, 19.99787], [109.7199, 19.985297], [109.725597, 19.978664], [109.725597, 19.971829], [109.722179, 19.966132], [109.71811, 19.957506], [109.725597, 19.957506], [109.737559, 19.978095], [109.763682, 19.974351], [109.807628, 19.951361], [109.810557, 19.965522], [109.811697, 19.981838], [109.815929, 19.991197], [109.827973, 19.984849], [109.835134, 19.973334], [109.838552, 19.958441], [109.83839, 19.943264], [109.83546, 19.930854], [109.854666, 19.941352], [109.870372, 19.953355], [109.880382, 19.967597], [109.883311, 19.984849], [109.895274, 19.985175], [109.914806, 19.99022], [109.920909, 19.988593], [109.926606, 19.98432], [109.929454, 19.986151], [109.931326, 19.990139], [109.934581, 19.992336], [109.942638, 19.990912], [109.94337, 19.987454], [109.942231, 19.982896], [109.944672, 19.978664], [109.957205, 19.967271], [109.972423, 19.948188], [109.975597, 19.932278], [109.951508, 19.930854], [109.959972, 19.917792], [109.973806, 19.908922], [109.990082, 19.905951], [110.006196, 19.910346], [110.006196, 19.916571], [109.992198, 19.92536], [110.001231, 19.932847], [110.014659, 19.940863], [110.013682, 19.957506], [110.050304, 19.974066], [110.068207, 19.978664], [110.076345, 19.979153], [110.08961, 19.978095], [110.10255, 19.973944], [110.109874, 19.964993], [110.122732, 19.974311], [110.136892, 19.996731], [110.149587, 20.006578], [110.138845, 20.002631], [110.123302, 19.989691], [110.115489, 19.984849], [110.104991, 19.982978], [110.068207, 19.984849], [110.114919, 20.001939], [110.129731, 20.012763], [110.137462, 20.024359], [110.149669, 20.055813], [110.156993, 20.067369], [110.171153, 20.060777], [110.208669, 20.049506], [110.222179, 20.047512], [110.232595, 20.044501], [110.245128, 20.038316], [110.260997, 20.033149], [110.280528, 20.033271], [110.295177, 20.039374], [110.316905, 20.057359], [110.324962, 20.061225], [110.344737, 20.058051], [110.358897, 20.049791], [110.368988, 20.038642], [110.37672, 20.026435], [110.37672, 20.020209], [110.368175, 20.007799], [110.375173, 19.996772], [110.397227, 19.978664], [110.402517, 19.964342], [110.406505, 19.93594], [110.410899, 19.923407], [110.417735, 19.923407], [110.414399, 19.932074], [110.413341, 19.934312], [110.410899, 19.93769], [110.410899, 19.943915], [110.417735, 19.943915], [110.417735, 19.951361], [110.414561, 19.957994], [110.409434, 19.980048], [110.407074, 19.984849], [110.397146, 19.987047], [110.390636, 19.993069], [110.386485, 20.001899], [110.382986, 20.012763], [110.383311, 20.014146], [110.378184, 20.039862], [110.37672, 20.04385], [110.375011, 20.063625], [110.376475, 20.071967], [110.382986, 20.081041], [110.424571, 20.047512], [110.431163, 20.050605], [110.470225, 20.031806], [110.495942, 20.023505], [110.527599, 20.020209], [110.527599, 20.012763], [110.520763, 20.012763], [110.520763, 20.006578], [110.535655, 19.999579], [110.550548, 19.988471], [110.564138, 19.984524], [110.57545, 19.999172], [110.580333, 19.979722], [110.598643, 19.943996], [110.602712, 19.927151], [110.605805, 19.923163], [110.612966, 19.925727], [110.619884, 19.932359], [110.62322, 19.940741], [110.621349, 19.950019], [110.618419, 19.957221], [110.617849, 19.963935], [110.62322, 19.971829], [110.609141, 19.989895], [110.606456, 20.007636], [110.600922, 20.021064], [110.578868, 20.026435], [110.570811, 20.030666], [110.57016, 20.040269], [110.572276, 20.050727], [110.572032, 20.057522], [110.566173, 20.069525], [110.569347, 20.079779], [110.59311, 20.107327], [110.604177, 20.110826], [110.640147, 20.108344], [110.652029, 20.117011], [110.670746, 20.154975], [110.677908, 20.16356], [110.685069, 20.153306], [110.710948, 20.075181], [110.724457, 20.06387], [110.752778, 20.047512], [110.774669, 20.020209], [110.788341, 20.010403], [110.869884, 19.997016], [110.890147, 19.999172], [110.893077, 20.001654], [110.893809, 20.004381], [110.896332, 20.004584], [110.904307, 19.999172], [110.920665, 20.01203], [110.934581, 19.995063], [110.977061, 19.865871], [110.983165, 19.807766], [110.996837, 19.749172], [111.000011, 19.721666], [110.994395, 19.694281], [110.996593, 19.686591], [111.010509, 19.683783], [111.016368, 19.678046], [111.034679, 19.642239], [111.020356, 19.635972], [111.009125, 19.64175], [110.993337, 19.643012], [110.977306, 19.640774], [110.965831, 19.635972], [110.913585, 19.583686], [110.887706, 19.550605], [110.876475, 19.539781], [110.858653, 19.534817]]], [[[107.745616, 20.139716], [107.744965, 20.133775], [107.742279, 20.127468], [107.739594, 20.124132], [107.735769, 20.124376], [107.730479, 20.126003], [107.72755, 20.129014], [107.731944, 20.133897], [107.739838, 20.138617], [107.745616, 20.139716]]], [[[110.417654, 20.654771], [110.422048, 20.662258], [110.430024, 20.662014], [110.43336, 20.663764], [110.43336, 20.667426], [110.437022, 20.667914], [110.442638, 20.66352], [110.44752, 20.658352], [110.462738, 20.654771], [110.471365, 20.647366], [110.476329, 20.631578], [110.478038, 20.610785], [110.475841, 20.595933], [110.471202, 20.592597], [110.464854, 20.590766], [110.457286, 20.586859], [110.451671, 20.589179], [110.44809, 20.596259], [110.43922, 20.629462], [110.435802, 20.638495], [110.426606, 20.64289], [110.417654, 20.654771]]], [[[110.547537, 20.917711], [110.57488, 20.947455], [110.58961, 20.959377], [110.602712, 20.964911], [110.595876, 20.958726], [110.60613, 20.953843], [110.617931, 20.952379], [110.62794, 20.948635], [110.632498, 20.936672], [110.630382, 20.925767], [110.624522, 20.915188], [110.609548, 20.897284], [110.589203, 20.88349], [110.575694, 20.888821], [110.563487, 20.903469], [110.547537, 20.917711]]], [[[107.7588, 20.982611], [107.753429, 20.988674], [107.743419, 20.994086], [107.737641, 21.003241], [107.745128, 21.020168], [107.758067, 21.016588], [107.792817, 20.992255], [107.792817, 20.986029], [107.7824, 20.989936], [107.779145, 20.992255], [107.77296, 20.992255], [107.778005, 20.972602], [107.770763, 20.957221], [107.756114, 20.945705], [107.738292, 20.937649], [107.757172, 20.971015], [107.7588, 20.982611]]], [[[107.844412, 21.011868], [107.827403, 20.989081], [107.817719, 20.988267], [107.81658, 21.005845], [107.825694, 21.02497], [107.842133, 21.03559], [107.856293, 21.033271], [107.852794, 21.019924], [107.844412, 21.011868]]], [[[110.499685, 20.968655], [110.493012, 20.977973], [110.476899, 20.990424], [110.457693, 21.001207], [110.441417, 21.005845], [110.363048, 21.005845], [110.333669, 20.996283], [110.298676, 20.980658], [110.266612, 20.972642], [110.24586, 20.986029], [110.261892, 20.992987], [110.265391, 21.00434], [110.259288, 21.016995], [110.24586, 21.027574], [110.264822, 21.033108], [110.275076, 21.034329], [110.287364, 21.03384], [110.287364, 21.040595], [110.276378, 21.041164], [110.270681, 21.044867], [110.269542, 21.051581], [110.273123, 21.061103], [110.290212, 21.054267], [110.309906, 21.052924], [110.326915, 21.05744], [110.335216, 21.06859], [110.322113, 21.064032], [110.307953, 21.060858], [110.295421, 21.063056], [110.287364, 21.074449], [110.342621, 21.074652], [110.371349, 21.080959], [110.389822, 21.095893], [110.400401, 21.06391], [110.408214, 21.048245], [110.417735, 21.040595], [110.423188, 21.051418], [110.43214, 21.057278], [110.444102, 21.059963], [110.458751, 21.061103], [110.451915, 21.061103], [110.47283, 21.061672], [110.48406, 21.067857], [110.492931, 21.075995], [110.507091, 21.082221], [110.526378, 21.082099], [110.538829, 21.073065], [110.545584, 21.057359], [110.547537, 21.037258], [110.543793, 21.022773], [110.526866, 20.989203], [110.520763, 20.972357], [110.522227, 20.962592], [110.525645, 20.951077], [110.526052, 20.941596], [110.516938, 20.937649], [110.507986, 20.940375], [110.502696, 20.947496], [110.500173, 20.957506], [110.499685, 20.968655]]], [[[109.099864, 21.060696], [109.122732, 21.065416], [109.136241, 21.051011], [109.127696, 21.032172], [109.112559, 21.027086], [109.105235, 21.024482], [109.100922, 21.021186], [109.095958, 21.02204], [109.090505, 21.041938], [109.099864, 21.060696]]], [[[110.472911, 21.16413], [110.479177, 21.150458], [110.461436, 21.151068], [110.449474, 21.156236], [110.445323, 21.165676], [110.451915, 21.178453], [110.44337, 21.177883], [110.426117, 21.179104], [110.417735, 21.178453], [110.417735, 21.184638], [110.434337, 21.186591], [110.444835, 21.193793], [110.452647, 21.201483], [110.462169, 21.205146], [110.487804, 21.208645], [110.499848, 21.206285], [110.496267, 21.195217], [110.470958, 21.193671], [110.46339, 21.190741], [110.479177, 21.184638], [110.492931, 21.183905], [110.504161, 21.18769], [110.526378, 21.200832], [110.532237, 21.203315], [110.537852, 21.204495], [110.543224, 21.204169], [110.549653, 21.20246], [110.566173, 21.193345], [110.568614, 21.191474], [110.555431, 21.176825], [110.550059, 21.168443], [110.547537, 21.156724], [110.554942, 21.156724], [110.577322, 21.190985], [110.594005, 21.202786], [110.616954, 21.19892], [110.616954, 21.191474], [110.599457, 21.17829], [110.576915, 21.130927], [110.565196, 21.112616], [110.543224, 21.104967], [110.520681, 21.111802], [110.50587, 21.126858], [110.507091, 21.143704], [110.496593, 21.146308], [110.489024, 21.150092], [110.483572, 21.155829], [110.479177, 21.16413], [110.472911, 21.16413]]], [[[107.980968, 21.242214], [107.982595, 21.2355], [107.979666, 21.229438], [107.973318, 21.22781], [107.961843, 21.228868], [107.953624, 21.233629], [107.9546, 21.239569], [107.968842, 21.24433], [107.974946, 21.24494], [107.980968, 21.242214]]], [[[107.775808, 21.294338], [107.781423, 21.295071], [107.791026, 21.296129], [107.796967, 21.293036], [107.793549, 21.291246], [107.780854, 21.291246], [107.772634, 21.289415], [107.759858, 21.281317], [107.757335, 21.281317], [107.75408, 21.283718], [107.759369, 21.290839], [107.771169, 21.294176], [107.775808, 21.294338]]], [[[107.815603, 21.3581], [107.818207, 21.354071], [107.819347, 21.350246], [107.817068, 21.348538], [107.809337, 21.347154], [107.711436, 21.307563], [107.714366, 21.310126], [107.725841, 21.323472], [107.783946, 21.35635], [107.800304, 21.362454], [107.813487, 21.3605], [107.815603, 21.3581]]], [[[107.848155, 21.370266], [107.853526, 21.360256], [107.854991, 21.355943], [107.859386, 21.364081], [107.865245, 21.370103], [107.872813, 21.374213], [107.852224, 21.375312], [107.826915, 21.370266], [107.826915, 21.37641], [107.860118, 21.386217], [107.868663, 21.390082], [107.998302, 21.403754], [107.998302, 21.397528], [107.959483, 21.373847], [107.944184, 21.368109], [107.936209, 21.37641], [107.929942, 21.37641], [107.922374, 21.372626], [107.854259, 21.350409], [107.841156, 21.348538], [107.843598, 21.358832], [107.848155, 21.370266]]], [[[108.182709, 21.53498], [108.177013, 21.530056], [108.128835, 21.518704], [108.126557, 21.520413], [108.129568, 21.523708], [108.142263, 21.529283], [108.160004, 21.544176], [108.172781, 21.546169], [108.181814, 21.54149], [108.182709, 21.53498]]], [[[111.888194, 21.588935], [111.871104, 21.573228], [111.863292, 21.568264], [111.822439, 21.561998], [111.809337, 21.565497], [111.810069, 21.568345], [111.816905, 21.571357], [111.822439, 21.5751], [111.842052, 21.606838], [111.845063, 21.623969], [111.835297, 21.643948], [111.847179, 21.647406], [111.8838, 21.650133], [111.896007, 21.653957], [111.915863, 21.662746], [111.928233, 21.664455], [111.931407, 21.662299], [111.934337, 21.657457], [111.938487, 21.652574], [111.94516, 21.650133], [111.950938, 21.651109], [111.955821, 21.656399], [111.962657, 21.65762], [111.989513, 21.657782], [111.999848, 21.653998], [112.0, 21.65379396634166], [112.0, 21.621473262855616], [111.999848, 21.621161], [111.981456, 21.612047], [111.929047, 21.601874], [111.91977, 21.601874], [111.909679, 21.600531], [111.897472, 21.595526], [111.888194, 21.588935]]], [[[108.570893, 21.777533], [108.574229, 21.775295], [108.577403, 21.771145], [108.577403, 21.76321], [108.576345, 21.759101], [108.572602, 21.759426], [108.569672, 21.765774], [108.569509, 21.769477], [108.565522, 21.77383], [108.570893, 21.777533]]]]}}]}