<?xml version="1.0" encoding="utf-8" ?>
<kml xmlns="http://www.opengis.net/kml/2.2">
<Document id="root_doc">
<Schema name="lighthouses" id="lighthouses">
	<SimpleField name="id" type="string"></SimpleField>
	<SimpleField name="kind" type="string"></SimpleField>
	<SimpleField name="region" type="string"></SimpleField>
	<SimpleField name="pos_src" type="string"></SimpleField>
	<SimpleField name="address" type="string"></SimpleField>
	<SimpleField name="alol" type="string"></SimpleField>
	<SimpleField name="char" type="string"></SimpleField>
	<SimpleField name="ckind" type="string"></SimpleField>
	<SimpleField name="colour" type="string"></SimpleField>
	<SimpleField name="group" type="int"></SimpleField>
	<SimpleField name="period" type="float"></SimpleField>
	<SimpleArrayField name="phases" type="float"></SimpleArrayField>
	<SimpleField name="phases_src" type="string"></SimpleField>
	<SimpleField name="flash_s" type="float"></SimpleField>
	<SimpleField name="sectored" type="int"></SimpleField>
	<SimpleField name="sectors_text" type="string"></SimpleField>
	<SimpleField name="lum_nm" type="float"></SimpleField>
	<SimpleField name="geo_nm" type="float"></SimpleField>
	<SimpleField name="iala_nm" type="float"></SimpleField>
	<SimpleField name="reach_nm" type="float"></SimpleField>
	<SimpleField name="intensity_cd" type="int"></SimpleField>
	<SimpleField name="elev_m" type="float"></SimpleField>
	<SimpleField name="optic" type="string"></SimpleField>
	<SimpleField name="optic_order" type="int"></SimpleField>
	<SimpleField name="optic_evidence" type="string"></SimpleField>
	<SimpleField name="optic_make" type="string"></SimpleField>
	<SimpleField name="optic_model" type="string"></SimpleField>
	<SimpleField name="optic_type" type="string"></SimpleField>
	<SimpleField name="optic_size" type="string"></SimpleField>
	<SimpleField name="rpm" type="float"></SimpleField>
	<SimpleField name="panels" type="int"></SimpleField>
	<SimpleField name="panels_total" type="int"></SimpleField>
	<SimpleField name="panels_note" type="string"></SimpleField>
	<SimpleField name="led" type="int"></SimpleField>
	<SimpleField name="solar" type="int"></SimpleField>
	<SimpleField name="ais" type="int"></SimpleField>
	<SimpleField name="dgps" type="int"></SimpleField>
	<SimpleField name="racon" type="string"></SimpleField>
	<SimpleField name="navtex" type="string"></SimpleField>
	<SimpleField name="vts" type="int"></SimpleField>
	<SimpleField name="tower_type" type="string"></SimpleField>
	<SimpleField name="tower_h_m" type="float"></SimpleField>
	<SimpleField name="tower_colour" type="string"></SimpleField>
	<SimpleField name="tower_year" type="int"></SimpleField>
	<SimpleField name="established" type="int"></SimpleField>
	<SimpleField name="visit" type="string"></SimpleField>
	<SimpleField name="tourism" type="int"></SimpleField>
	<SimpleField name="museum" type="int"></SimpleField>
	<SimpleField name="record" type="int"></SimpleField>
	<SimpleField name="ledger_url" type="string"></SimpleField>
	<SimpleField name="page_url" type="string"></SimpleField>
	<SimpleField name="rowlett" type="string"></SimpleField>
	<SimpleField name="arlhs" type="string"></SimpleField>
	<SimpleField name="wikidata" type="string"></SimpleField>
	<SimpleField name="photo" type="string"></SimpleField>
	<SimpleField name="transcribed" type="int"></SimpleField>
	<SimpleField name="no_ledger" type="int"></SimpleField>
	<SimpleArrayField name="ledger_issues" type="string"></SimpleArrayField>
	<SimpleField name="equip_years" type="string"></SimpleField>
	<SimpleField name="equip_since" type="string"></SimpleField>
	<SimpleArrayField name="tenders" type="int"></SimpleArrayField>
	<SimpleField name="photo_credit" type="string"></SimpleField>
</Schema>
<Folder><name>lighthouses</name>
  <Placemark>
	<name>Koteshwar Lighthouse &amp; VTS station</name>
	<ExtendedData><SchemaData schemaUrl="#lighthouses">
		<SimpleData name="id">koteshwar-lighthouse-vts-station</SimpleData>
		<SimpleData name="kind">lighthouse</SimpleData>
		<SimpleData name="region">Gandhidham (VTS)</SimpleData>
		<SimpleData name="pos_src">DGLL ledger</SimpleData>
		<SimpleData name="alol">F-0354</SimpleData>
		<SimpleData name="char">Fl (2)W15 sec [(fl 1s, ec 3s), fl 1s, ec10s]</SimpleData>
		<SimpleData name="ckind">Fl</SimpleData>
		<SimpleData name="colour">W</SimpleData>
		<SimpleData name="group">2</SimpleData>
		<SimpleData name="period">15</SimpleData>
		<SimpleData name="phases">(4:1,3,1,10)</SimpleData>
		<SimpleData name="phases_src">ledger</SimpleData>
		<SimpleData name="flash_s">1</SimpleData>
		<SimpleData name="sectored">0</SimpleData>
		<SimpleData name="lum_nm">18</SimpleData>
		<SimpleData name="geo_nm">19.4</SimpleData>
		<SimpleData name="iala_nm">19.5</SimpleData>
		<SimpleData name="reach_nm">18</SimpleData>
		<SimpleData name="intensity_cd">94400</SimpleData>
		<SimpleData name="elev_m">50.3</SimpleData>
		<SimpleData name="optic">flasher</SimpleData>
		<SimpleData name="optic_evidence">Type of Light (LED Flasher); Type of Light structure: Stationary LED flashing light</SimpleData>
		<SimpleData name="optic_make">Sealite, Australia</SimpleData>
		<SimpleData name="optic_model">SL300-1D5-1-W</SimpleData>
		<SimpleData name="optic_type">LED Flasher</SimpleData>
		<SimpleData name="optic_size">373mm lens diameter</SimpleData>
		<SimpleData name="led">1</SimpleData>
		<SimpleData name="solar">1</SimpleData>
		<SimpleData name="ais">0</SimpleData>
		<SimpleData name="dgps">0</SimpleData>
		<SimpleData name="vts">1</SimpleData>
		<SimpleData name="tower_type">RCC Circular concrete Tower</SimpleData>
		<SimpleData name="tower_h_m">60</SimpleData>
		<SimpleData name="tower_colour">4 black and 3 white bands. (Bottom band black)</SimpleData>
		<SimpleData name="tower_year">2014</SimpleData>
		<SimpleData name="established">2014</SimpleData>
		<SimpleData name="visit">grounds</SimpleData>
		<SimpleData name="tourism">0</SimpleData>
		<SimpleData name="museum">0</SimpleData>
		<SimpleData name="record">1</SimpleData>
		<SimpleData name="ledger_url">https://www.dgll.nic.in/sites/default/files/2022-11/Koteshwar_0.pdf</SimpleData>
		<SimpleData name="page_url">https://www.dgll.nic.in/DGLL-light-house-location/about-vts-gandhi-dham/koteshwar-lighthouse-vts-station</SimpleData>
		<SimpleData name="rowlett">2014 (?). Active; focal plane 60 m (197 ft); two white flashes every 15 s. Approx. 57 m (187 ft) round cylindrical concrete tower with lantern and gallery, painted with black and white horizontal bands. Jay Thakker has a 2023 photo, Tanmay Vora has a photo, Lightphotos.net has a photo, and Google has a satellite view. This is both the northernmost and the westernmost lighthouse of India. It has strategic value, standing to the east of the disputed Rann of Kutch area on the Pakistani frontier. Located on the south side of the village of Koteshwar facing the inlet known as Kori Creek. Site open, tower closed. Admiralty F0354; NGA 28420.5.</SimpleData>
		<SimpleData name="photo">https://www.dgll.nic.in/sites/default/files/2022-09/Koteshwar%201.png</SimpleData>
		<SimpleData name="transcribed">1</SimpleData>
		<SimpleData name="ledger_issues">(4:Elevation given as sum '46.5+3.8=50.3 M',Vertical divergence stated only as '&gt;1.5°',Physical characteristic values are misaligned with their labels on page 1 (e.g. lens diameter/height/width rows shifted),No RACON/NAIS/DGPS sections; page numbering reads 'Page 9 of 8')</SimpleData>
		<SimpleData name="equip_years">{ }</SimpleData>
		<SimpleData name="equip_since">{ }</SimpleData>
		<SimpleData name="tenders">(1:2303)</SimpleData>
		<SimpleData name="photo_credit">DGLL</SimpleData>
	</SchemaData></ExtendedData>
      <Point><coordinates>68.53,23.68433</coordinates></Point>
  </Placemark>
  <Placemark>
	<name>Jakhau Lighthouse and Vts Station</name>
	<ExtendedData><SchemaData schemaUrl="#lighthouses">
		<SimpleData name="id">jakhau-lighthouse-and-vts-station</SimpleData>
		<SimpleData name="kind">lighthouse</SimpleData>
		<SimpleData name="region">Gandhidham (VTS)</SimpleData>
		<SimpleData name="pos_src">DGLL ledger</SimpleData>
		<SimpleData name="address">Jakhau Lighthouse &amp; VTS Station, PO- Jakhau, Taluka – Abdasa Distt. Kutch Gujarat – 370640</SimpleData>
		<SimpleData name="alol">F 0355</SimpleData>
		<SimpleData name="char">Fl W 10 sec. (0.3 flash+9.7eclipse =10 sec.)</SimpleData>
		<SimpleData name="ckind">Fl</SimpleData>
		<SimpleData name="colour">W</SimpleData>
		<SimpleData name="group">1</SimpleData>
		<SimpleData name="period">10</SimpleData>
		<SimpleData name="phases">(2:0.3,9.699999999999999)</SimpleData>
		<SimpleData name="phases_src">ledger</SimpleData>
		<SimpleData name="flash_s">0.3</SimpleData>
		<SimpleData name="sectored">0</SimpleData>
		<SimpleData name="lum_nm">17</SimpleData>
		<SimpleData name="geo_nm">18</SimpleData>
		<SimpleData name="reach_nm">17</SimpleData>
		<SimpleData name="elev_m">46</SimpleData>
		<SimpleData name="optic">revolving</SimpleData>
		<SimpleData name="optic_order">3</SimpleData>
		<SimpleData name="optic_evidence">375mm (3rd order small) revolving type; Rotation device: electrically operated stepper motor; R.P.M 2</SimpleData>
		<SimpleData name="optic_make">Stone chance</SimpleData>
		<SimpleData name="optic_type">revolving type</SimpleData>
		<SimpleData name="optic_size">375mm</SimpleData>
		<SimpleData name="rpm">2</SimpleData>
		<SimpleData name="panels">3</SimpleData>
		<SimpleData name="led">1</SimpleData>
		<SimpleData name="solar">1</SimpleData>
		<SimpleData name="ais">1</SimpleData>
		<SimpleData name="dgps">0</SimpleData>
		<SimpleData name="racon">M</SimpleData>
		<SimpleData name="vts">1</SimpleData>
		<SimpleData name="tower_type">Double shell RCC Circular tower</SimpleData>
		<SimpleData name="tower_h_m">41</SimpleData>
		<SimpleData name="tower_colour">4 red and 3 white bands (Band width 5.6 mtrs, bottom band red, nos. of bands - 7)</SimpleData>
		<SimpleData name="tower_year">1965</SimpleData>
		<SimpleData name="established">1957</SimpleData>
		<SimpleData name="visit">grounds</SimpleData>
		<SimpleData name="tourism">0</SimpleData>
		<SimpleData name="museum">0</SimpleData>
		<SimpleData name="record">1</SimpleData>
		<SimpleData name="ledger_url">https://www.dgll.nic.in/sites/default/files/2022-12/Master%20Ledger%20Gandhidham%2003.pdf</SimpleData>
		<SimpleData name="page_url">https://www.dgll.nic.in/DGLL-light-house-location/about-vts-gandhidham/jakhau-lighthouse-and-vts-station</SimpleData>
		<SimpleData name="rowlett">1965 (station established 1957). Active; focal plane 46 m (151 ft); white flash every 10 s. 41 m (135 ft) round cylindrical concrete tower with lantern and gallery, painted with horizontal red and white bands. Prashant Chauhan's 2024 photo is at right, Chandrakant Swain has a 2018 photo, DGLL has a photo of the 60 m (197 ft) traffic control tower that stands next to the lighthouse, Chandrakant Swain has a photo of both towers, and Google has a satellite view. The original lighthouse here was replaced in 1964. Located on the main quay of Jakhau, a fishing port in western Kachchh. Site open, tower closed. ARLHS IND-138; Admiralty F0355; NGA 28420.</SimpleData>
		<SimpleData name="arlhs">IND-138</SimpleData>
		<SimpleData name="photo">https://www.dgll.nic.in/sites/default/files/2022-11/Jakhau%20Lighthouseand%20Vts%20Station.png</SimpleData>
		<SimpleData name="transcribed">1</SimpleData>
		<SimpleData name="ledger_issues">(3:Position printed with seconds marks (23°14.36&quot;, 68°36.43&quot;) but values read as decimal minutes,Year of lighthouse commissioned 1957, but Date of Commissioning given as 1st April 1965 (Lighthouse),Off-grid solar system stated as non-operational)</SimpleData>
		<SimpleData name="equip_years">{ &quot;racon&quot;: 2004 }</SimpleData>
		<SimpleData name="equip_since">{ &quot;racon&quot;: { &quot;year&quot;: 2004, &quot;src&quot;: &quot;ledger&quot; }, &quot;ais&quot;: { &quot;year&quot;: 2012, &quot;src&quot;: &quot;network&quot; } }</SimpleData>
		<SimpleData name="tenders">(1:2303)</SimpleData>
		<SimpleData name="photo_credit">DGLL</SimpleData>
	</SchemaData></ExtendedData>
      <Point><coordinates>68.60717,23.23933</coordinates></Point>
  </Placemark>
  <Placemark>
	<name>Navlakhi Lighthouse</name>
	<ExtendedData><SchemaData schemaUrl="#lighthouses">
		<SimpleData name="id">navlakhi-lighthouse</SimpleData>
		<SimpleData name="kind">lighthouse</SimpleData>
		<SimpleData name="region">Gandhidham (VTS)</SimpleData>
		<SimpleData name="pos_src">DGLL ledger</SimpleData>
		<SimpleData name="alol">F 0370</SimpleData>
		<SimpleData name="char">Fl (W) 10Sec. (1 + 9 = 10Sec)</SimpleData>
		<SimpleData name="ckind">Fl</SimpleData>
		<SimpleData name="colour">W</SimpleData>
		<SimpleData name="group">1</SimpleData>
		<SimpleData name="period">10</SimpleData>
		<SimpleData name="phases">(2:1,9)</SimpleData>
		<SimpleData name="phases_src">ledger</SimpleData>
		<SimpleData name="flash_s">1</SimpleData>
		<SimpleData name="sectored">0</SimpleData>
		<SimpleData name="lum_nm">12</SimpleData>
		<SimpleData name="geo_nm">16.2</SimpleData>
		<SimpleData name="reach_nm">12</SimpleData>
		<SimpleData name="elev_m">31</SimpleData>
		<SimpleData name="optic">flasher</SimpleData>
		<SimpleData name="optic_evidence">Type of Light (LED Flasher); Lantern: 12NM MLB-200-13 marine LED lantern</SimpleData>
		<SimpleData name="optic_make">Advance Navigation and Solar Technologies, New Delhi</SimpleData>
		<SimpleData name="optic_model">MLB-200-13</SimpleData>
		<SimpleData name="optic_type">12NM marine LED lantern (LED Flasher)</SimpleData>
		<SimpleData name="led">1</SimpleData>
		<SimpleData name="solar">1</SimpleData>
		<SimpleData name="ais">0</SimpleData>
		<SimpleData name="dgps">0</SimpleData>
		<SimpleData name="racon">B</SimpleData>
		<SimpleData name="vts">0</SimpleData>
		<SimpleData name="tower_type">Circular RCC tower</SimpleData>
		<SimpleData name="tower_h_m">30</SimpleData>
		<SimpleData name="tower_colour">White and red Alternate Horizontal bands</SimpleData>
		<SimpleData name="tower_year">2012</SimpleData>
		<SimpleData name="established">1932</SimpleData>
		<SimpleData name="visit">closed</SimpleData>
		<SimpleData name="tourism">0</SimpleData>
		<SimpleData name="museum">0</SimpleData>
		<SimpleData name="record">1</SimpleData>
		<SimpleData name="ledger_url">https://www.dgll.nic.in/sites/default/files/2022-12/Master%20Ledger%20Gandhidham%2012.pdf</SimpleData>
		<SimpleData name="page_url">https://www.dgll.nic.in/DGLL-light-house-location/about-vts-gandhi-dham/navlakhi-lighthouse</SimpleData>
		<SimpleData name="rowlett">2012 (station established 1932). Active; focal plane 30 m (198 ft); three white flashes every 10 s. 30 m (98 ft) round concrete tower with lantern, gallery, and an observation level, very similar to the Bhadreswar lighthouse at right. Tower painted with horizontal red and white bands. Saiad Sekh has a 2023 photo, Rajesh Shah has a distant view, and Google has a satellite view. The light guides ships approaching the port facility at Navlakhi at the head of the Gulf of Kachchh. The original light was replaced in 1985 by a 24 m (79 ft) skeletal tower. That lighthouse was knocked out of service by the earthquake of 26 January 2001, but it was restored and returned to service the following month.</SimpleData>
		<SimpleData name="arlhs">IND-155</SimpleData>
		<SimpleData name="photo">https://www.dgll.nic.in/sites/default/files/2022-11/Navlakhi%20Lighthouse.png</SimpleData>
		<SimpleData name="transcribed">1</SimpleData>
		<SimpleData name="ledger_issues">(3:Characteristic Fl (W) 10Sec (1 + 9) conflicts with lantern character '3fl (W) every 10Sec {(0.5+1.5)2+0.5+5.5=10Sec.}',Year of Establishment '1910 and re-established in 2012',Page footer reads 'Page 2 of 8' but PDF has only 2 pages)</SimpleData>
		<SimpleData name="equip_years">{ }</SimpleData>
		<SimpleData name="equip_since">{ &quot;racon&quot;: { &quot;year&quot;: 2004, &quot;src&quot;: &quot;network&quot; } }</SimpleData>
		<SimpleData name="tenders">(1:2303)</SimpleData>
		<SimpleData name="photo_credit">DGLL</SimpleData>
	</SchemaData></ExtendedData>
      <Point><coordinates>70.4439,22.961</coordinates></Point>
  </Placemark>
  <Placemark>
	<name>Chhachhi Lighthouse And Vts Station</name>
	<ExtendedData><SchemaData schemaUrl="#lighthouses">
		<SimpleData name="id">chhachhi-lighthouse-and-vts-station</SimpleData>
		<SimpleData name="kind">lighthouse</SimpleData>
		<SimpleData name="region">Gandhidham (VTS)</SimpleData>
		<SimpleData name="pos_src">DGLL ledger</SimpleData>
		<SimpleData name="alol">F-0356</SimpleData>
		<SimpleData name="char">Fl (3)W 15 sec. [(0.35+2.15+0.35+2.15+0.35+9.65 =15 sec.)]</SimpleData>
		<SimpleData name="ckind">Fl</SimpleData>
		<SimpleData name="colour">W</SimpleData>
		<SimpleData name="group">3</SimpleData>
		<SimpleData name="period">15</SimpleData>
		<SimpleData name="phases">(6:0.35,2.15,0.35,2.15,0.35,9.65)</SimpleData>
		<SimpleData name="phases_src">ledger</SimpleData>
		<SimpleData name="flash_s">0.35</SimpleData>
		<SimpleData name="sectored">0</SimpleData>
		<SimpleData name="lum_nm">19</SimpleData>
		<SimpleData name="geo_nm">14</SimpleData>
		<SimpleData name="iala_nm">19.3</SimpleData>
		<SimpleData name="reach_nm">14</SimpleData>
		<SimpleData name="intensity_cd">85383</SimpleData>
		<SimpleData name="elev_m">32</SimpleData>
		<SimpleData name="optic">revolving</SimpleData>
		<SimpleData name="optic_order">4</SimpleData>
		<SimpleData name="optic_evidence">B.B.T. France make 250 mm (4th order large) revolving type</SimpleData>
		<SimpleData name="optic_make">B.B.T. France</SimpleData>
		<SimpleData name="optic_type">250 mm (4th order large) revolving type</SimpleData>
		<SimpleData name="optic_size">250 mm</SimpleData>
		<SimpleData name="led">1</SimpleData>
		<SimpleData name="solar">1</SimpleData>
		<SimpleData name="ais">1</SimpleData>
		<SimpleData name="dgps">0</SimpleData>
		<SimpleData name="vts">1</SimpleData>
		<SimpleData name="tower_type">Square masonry stone tower</SimpleData>
		<SimpleData name="tower_colour">3 Black and 2 white bands</SimpleData>
		<SimpleData name="tower_year">1964</SimpleData>
		<SimpleData name="established">1957</SimpleData>
		<SimpleData name="visit">grounds</SimpleData>
		<SimpleData name="tourism">0</SimpleData>
		<SimpleData name="museum">0</SimpleData>
		<SimpleData name="record">1</SimpleData>
		<SimpleData name="ledger_url">https://www.dgll.nic.in/sites/default/files/2022-12/Master%20Ledger%20Gandhidham%2005.pdf</SimpleData>
		<SimpleData name="page_url">https://www.dgll.nic.in/DGLL-light-house-location/about-vts-gandhi-dham/chhachhi-lighthouse-and-vts-station</SimpleData>
		<SimpleData name="rowlett">1964 (station established 1957). Active; focal plane 33 m (108 ft); three white flashes every 15 s. 31 m (102 ft) square cylindrical masonry tower with lantern and gallery. Lighthouse painted with horizontal black and white bands; lantern roof painted red. DGLL's photo shows the lighthouse and the much taller traffic control tower that has stood next to it since 2008. Saurabh Parmar has a 2019 photo of the two towers, Niraj Kumar also has a photo, and Google has a satellite view of the two towers. This is an important lighthouse marking the northern entrance to the Gulf of Kachchh. Located near the village of Chhachhi about 50 km (30 mi) north northwest of Mandvi. Site open, although roads i</SimpleData>
		<SimpleData name="arlhs">IND-015</SimpleData>
		<SimpleData name="photo">https://www.dgll.nic.in/sites/default/files/2022-11/Chhachhi%20Lighthouse%20And%20Vts%20Station.png</SimpleData>
		<SimpleData name="transcribed">1</SimpleData>
		<SimpleData name="ledger_issues">(3:Optic 'Duration of flash: 2.1 sec' contradicts characteristic flash length 0.35 sec,Elevation given as '27.43+4.57=32 M'; tower height not separately stated (VTS tower 60 m is a separate structure),established_year from lighthouse commissioning 15.06.1964 (VTS 13.02.2012))</SimpleData>
		<SimpleData name="equip_years">{ }</SimpleData>
		<SimpleData name="equip_since">{ &quot;ais&quot;: { &quot;year&quot;: 2012, &quot;src&quot;: &quot;network&quot; } }</SimpleData>
		<SimpleData name="tenders">(1:2303)</SimpleData>
		<SimpleData name="photo_credit">DGLL</SimpleData>
	</SchemaData></ExtendedData>
      <Point><coordinates>69.00167,22.95333</coordinates></Point>
  </Placemark>
  <Placemark>
	<name>Bhadreshwar Vts Repeater And Lighthouse Station</name>
	<ExtendedData><SchemaData schemaUrl="#lighthouses">
		<SimpleData name="id">bhadreshwar-vts-repeater-and-lighthouse-station</SimpleData>
		<SimpleData name="kind">lighthouse</SimpleData>
		<SimpleData name="region">Gandhidham (VTS)</SimpleData>
		<SimpleData name="pos_src">DGLL ledger</SimpleData>
		<SimpleData name="alol">F 0365</SimpleData>
		<SimpleData name="char">White 3 flash every 20 Sec [(fl 1s, ec 2s)X2, fl 1s, ec13s]</SimpleData>
		<SimpleData name="ckind">Fl</SimpleData>
		<SimpleData name="colour">W</SimpleData>
		<SimpleData name="group">3</SimpleData>
		<SimpleData name="period">20</SimpleData>
		<SimpleData name="phases">(6:1,2,1,2,1,13)</SimpleData>
		<SimpleData name="phases_src">ledger</SimpleData>
		<SimpleData name="flash_s">1</SimpleData>
		<SimpleData name="sectored">0</SimpleData>
		<SimpleData name="lum_nm">16</SimpleData>
		<SimpleData name="geo_nm">19</SimpleData>
		<SimpleData name="reach_nm">16</SimpleData>
		<SimpleData name="elev_m">48</SimpleData>
		<SimpleData name="optic">flasher</SimpleData>
		<SimpleData name="optic_evidence">Type of Light (LED Flasher); Type of Light structure: Stationary LED Flashing Light</SimpleData>
		<SimpleData name="optic_make">Sealite, Australia</SimpleData>
		<SimpleData name="optic_model">SL300-1D5-1-W</SimpleData>
		<SimpleData name="optic_type">LED Flasher</SimpleData>
		<SimpleData name="optic_size">Lens Diameter 373mm</SimpleData>
		<SimpleData name="led">1</SimpleData>
		<SimpleData name="solar">1</SimpleData>
		<SimpleData name="ais">0</SimpleData>
		<SimpleData name="dgps">0</SimpleData>
		<SimpleData name="vts">1</SimpleData>
		<SimpleData name="tower_type">Circular RCC tower</SimpleData>
		<SimpleData name="tower_h_m">60</SimpleData>
		<SimpleData name="tower_colour">White</SimpleData>
		<SimpleData name="tower_year">2012</SimpleData>
		<SimpleData name="established">2012</SimpleData>
		<SimpleData name="visit">grounds</SimpleData>
		<SimpleData name="tourism">0</SimpleData>
		<SimpleData name="museum">0</SimpleData>
		<SimpleData name="record">1</SimpleData>
		<SimpleData name="ledger_url">https://www.dgll.nic.in/sites/default/files/2022-12/Master%20Ledger%20Gandhidham%2010.pdf</SimpleData>
		<SimpleData name="page_url">https://www.dgll.nic.in/DGLL-light-house-location/about-vts-gandhi-dham/bhadreshwar-vts-repeater-and-lighthouse-station</SimpleData>
		<SimpleData name="rowlett">2012. Active; focal plane 77 m (253 ft); three white flashes every 20 s. 60 m (197 ft) round concrete tower with lantern and double gallery. Entire lighthouse is white. A 2023 photo is at right and Google has a satellite view. This light is mounted on a vessel traffic control tower. Located at Bhadreswar, a village about 30 km (19 mi) northwest of Mundra. Site open, tower closed. Admiralty F0365; NGA 28378.</SimpleData>
		<SimpleData name="photo">https://www.dgll.nic.in/sites/default/files/2022-11/Bhadreshwar%20Vts%20Repeater%20And%20Lighthouse%20Station.png</SimpleData>
		<SimpleData name="transcribed">1</SimpleData>
		<SimpleData name="ledger_issues">(5:Longitude printed without hemisphere letter ('69.9135°'); taken as E,Tower height 60M exceeds stated light elevation 48M above MSL,Items xi-xiii values appear shifted one row: 'Product Life Expectancy: 12/03/2022', 'Date of Installation: Sealite, Australia', Make blank,Vertical divergence given as '&gt;1.5°' (lower bound only),Optic line also states '13 – 19NM AT@ 0.74')</SimpleData>
		<SimpleData name="equip_years">{ }</SimpleData>
		<SimpleData name="equip_since">{ }</SimpleData>
		<SimpleData name="tenders">(1:2303)</SimpleData>
		<SimpleData name="photo_credit">DGLL</SimpleData>
	</SchemaData></ExtendedData>
      <Point><coordinates>69.9135,22.9096</coordinates></Point>
  </Placemark>
  <Placemark>
	<name>Mandvi Lighthouse &amp; Vts Station</name>
	<ExtendedData><SchemaData schemaUrl="#lighthouses">
		<SimpleData name="id">mandvi-lighthouse-vts-station</SimpleData>
		<SimpleData name="kind">lighthouse</SimpleData>
		<SimpleData name="region">Gandhidham (VTS)</SimpleData>
		<SimpleData name="pos_src">DGLL ledger</SimpleData>
		<SimpleData name="alol">F-0357</SimpleData>
		<SimpleData name="char">Group flash 3 white every 30 sec [(fl 1s, ec 5s)*2, fl 1s, ec 17s]</SimpleData>
		<SimpleData name="ckind">Fl</SimpleData>
		<SimpleData name="colour">W</SimpleData>
		<SimpleData name="group">3</SimpleData>
		<SimpleData name="period">30</SimpleData>
		<SimpleData name="phases">(6:1,5,1,5,1,17)</SimpleData>
		<SimpleData name="phases_src">ledger</SimpleData>
		<SimpleData name="flash_s">1</SimpleData>
		<SimpleData name="sectored">0</SimpleData>
		<SimpleData name="lum_nm">16</SimpleData>
		<SimpleData name="geo_nm">18.6</SimpleData>
		<SimpleData name="iala_nm">19.5</SimpleData>
		<SimpleData name="reach_nm">16</SimpleData>
		<SimpleData name="intensity_cd">94400</SimpleData>
		<SimpleData name="elev_m">45</SimpleData>
		<SimpleData name="optic">flasher</SimpleData>
		<SimpleData name="optic_evidence">Type of Light structure: Stationary LED flashing light</SimpleData>
		<SimpleData name="optic_make">Sealite, Australia</SimpleData>
		<SimpleData name="optic_model">SL300-1D5-1-W</SimpleData>
		<SimpleData name="optic_type">LED Flasher (Multiple LED Optic)</SimpleData>
		<SimpleData name="optic_size">Lens Diameter 373mm</SimpleData>
		<SimpleData name="led">1</SimpleData>
		<SimpleData name="solar">1</SimpleData>
		<SimpleData name="ais">0</SimpleData>
		<SimpleData name="dgps">0</SimpleData>
		<SimpleData name="racon">G</SimpleData>
		<SimpleData name="vts">1</SimpleData>
		<SimpleData name="tower_type">RCC Circular concrete Tower</SimpleData>
		<SimpleData name="tower_h_m">60</SimpleData>
		<SimpleData name="tower_colour">4 black and 3 white bands (Bottom band black)</SimpleData>
		<SimpleData name="tower_year">2012</SimpleData>
		<SimpleData name="established">1856</SimpleData>
		<SimpleData name="visit">grounds</SimpleData>
		<SimpleData name="tourism">1</SimpleData>
		<SimpleData name="museum">0</SimpleData>
		<SimpleData name="record">1</SimpleData>
		<SimpleData name="ledger_url">https://www.dgll.nic.in/sites/default/files/2022-12/Master%20Ledger%20Gandhidham%2006.pdf</SimpleData>
		<SimpleData name="page_url">https://www.dgll.nic.in/DGLL-light-house-location/about-vts-gandhi-dham/mandvi-lighthouse-vts-station</SimpleData>
		<SimpleData name="rowlett">2012 (station established 1856). Active; focal plane 63 m (207 ft); three white flashes, separated by 5 s, every 30 s. 30 m (98 ft) round cylindrical concrete vessel traffic control tower with two circular observation levels. Lighthouse painted with red and white horizontal bands. Hitendra Vankani's 2024 photo is at right, Tanmay Vora has a closeup photo, Hardik Dhayani has a 2015 photo, Vinay Toprani has a photo, and Google has a 2023 street view and a satellite view. The 1964 lighthouse (previous entry) was a cylindrical concrete tower with lantern and gallery; that lighthouse was demolished after being heavily damaged by the earthquake of 26 January 2001. It was replaced by a skeletal tow</SimpleData>
		<SimpleData name="arlhs">IND-145</SimpleData>
		<SimpleData name="photo">https://www.dgll.nic.in/sites/default/files/2022-11/Mandvi%20Lighthouse%20%26%20Vts%20Station.png</SimpleData>
		<SimpleData name="transcribed">1</SimpleData>
		<SimpleData name="ledger_issues">(2:Light installed at 45 m on a 60 m RCC radar/VTS tower; established_year taken from Date of Commissioning 13/02/2012,Vertical divergence given as '&gt;1.5°')</SimpleData>
		<SimpleData name="equip_years">{ }</SimpleData>
		<SimpleData name="equip_since">{ &quot;racon&quot;: { &quot;year&quot;: 2004, &quot;src&quot;: &quot;network&quot; } }</SimpleData>
		<SimpleData name="tenders">(1:2303)</SimpleData>
		<SimpleData name="photo_credit">DGLL</SimpleData>
	</SchemaData></ExtendedData>
      <Point><coordinates>69.34667,22.818</coordinates></Point>
  </Placemark>
  <Placemark>
	<name>Rawal Pir Lighthouse</name>
	<ExtendedData><SchemaData schemaUrl="#lighthouses">
		<SimpleData name="id">rawal-pir-lighthouse</SimpleData>
		<SimpleData name="kind">lighthouse</SimpleData>
		<SimpleData name="region">Gandhidham (VTS)</SimpleData>
		<SimpleData name="pos_src">Lighthouse Directory map link</SimpleData>
		<SimpleData name="alol">F 0360</SimpleData>
		<SimpleData name="char">green flash every 3 s</SimpleData>
		<SimpleData name="ckind">Fl</SimpleData>
		<SimpleData name="colour">G</SimpleData>
		<SimpleData name="group">1</SimpleData>
		<SimpleData name="period">3</SimpleData>
		<SimpleData name="phases">(2:0.35,2.65)</SimpleData>
		<SimpleData name="phases_src">derived</SimpleData>
		<SimpleData name="geo_nm">17.8</SimpleData>
		<SimpleData name="reach_nm">17.8</SimpleData>
		<SimpleData name="elev_m">40</SimpleData>
		<SimpleData name="vts">0</SimpleData>
		<SimpleData name="tower_type">31 m (102 ft) round concrete tower with lantern and two galleries painted with red and white spiral bands</SimpleData>
		<SimpleData name="tower_h_m">31</SimpleData>
		<SimpleData name="tower_colour">tower with lantern and two galleries painted with red and white spiral bands</SimpleData>
		<SimpleData name="tower_year">2020</SimpleData>
		<SimpleData name="established">1936</SimpleData>
		<SimpleData name="tourism">1</SimpleData>
		<SimpleData name="museum">0</SimpleData>
		<SimpleData name="record">0</SimpleData>
		<SimpleData name="rowlett">2020 (station established 1936). Active; focal plane 40 m (131 ft); green flash every 3 s. 31 m (102 ft) round concrete tower with lantern and two galleries painted with red and white spiral bands. Vinay Ahirwar has a 2025 photo, a 2022 closeup photo is available, Samat Vagha has a 2021 photo, and Google has a satellite view. The listed location is the same as for the original light. Admiralty F0360; NGA 28404.</SimpleData>
		<SimpleData name="no_ledger">1</SimpleData>
		<SimpleData name="equip_years">{ }</SimpleData>
		<SimpleData name="equip_since">{ }</SimpleData>
		<SimpleData name="tenders">(1:2116)</SimpleData>
	</SchemaData></ExtendedData>
      <Point><coordinates>69.39204,22.81479</coordinates></Point>
  </Placemark>
  <Placemark>
	<name>Navinal Lighthouse And Vts Station</name>
	<ExtendedData><SchemaData schemaUrl="#lighthouses">
		<SimpleData name="id">navinal-lighthouse-and-vts-station</SimpleData>
		<SimpleData name="kind">lighthouse</SimpleData>
		<SimpleData name="region">Gandhidham (VTS)</SimpleData>
		<SimpleData name="pos_src">DGLL ledger</SimpleData>
		<SimpleData name="alol">F0361.82</SimpleData>
		<SimpleData name="char">Gp Fl 2 (W) every 10 Second</SimpleData>
		<SimpleData name="ckind">Fl</SimpleData>
		<SimpleData name="colour">W</SimpleData>
		<SimpleData name="group">2</SimpleData>
		<SimpleData name="period">10</SimpleData>
		<SimpleData name="phases">(4:0.7,1,0.7,7.6)</SimpleData>
		<SimpleData name="phases_src">derived</SimpleData>
		<SimpleData name="sectored">0</SimpleData>
		<SimpleData name="lum_nm">15</SimpleData>
		<SimpleData name="geo_nm">19</SimpleData>
		<SimpleData name="reach_nm">15</SimpleData>
		<SimpleData name="elev_m">48</SimpleData>
		<SimpleData name="optic">flasher</SimpleData>
		<SimpleData name="optic_evidence">Optical Equipment: SL-155 With 9 degree elevation; Type of Light (LED Flasher); LED LANTERN</SimpleData>
		<SimpleData name="optic_make">Sealite</SimpleData>
		<SimpleData name="optic_model">SL-155-2.5D-W</SimpleData>
		<SimpleData name="optic_type">LED Flasher</SimpleData>
		<SimpleData name="led">1</SimpleData>
		<SimpleData name="solar">1</SimpleData>
		<SimpleData name="ais">1</SimpleData>
		<SimpleData name="dgps">0</SimpleData>
		<SimpleData name="racon">C</SimpleData>
		<SimpleData name="vts">1</SimpleData>
		<SimpleData name="tower_type">RCC Circular concrete Tower (Light is installed at the height of 45 mtr)</SimpleData>
		<SimpleData name="tower_h_m">60</SimpleData>
		<SimpleData name="tower_colour">4 black and 3 white bands. (Bottom band black)</SimpleData>
		<SimpleData name="established">1892</SimpleData>
		<SimpleData name="tourism">0</SimpleData>
		<SimpleData name="museum">0</SimpleData>
		<SimpleData name="record">1</SimpleData>
		<SimpleData name="ledger_url">https://www.dgll.nic.in/sites/default/files/2022-12/Master%20Ledger%20Gandhidham%2009.pdf</SimpleData>
		<SimpleData name="page_url">https://www.dgll.nic.in/DGLL-light-house-location/about-vts-gandhidham/navinal-lighthouse-and-vts-station</SimpleData>
		<SimpleData name="rowlett">Date unknown (station established 1892). Active; focal plane about 65 m (213 ft); two white flashes every 15 s. 60 m (197 ft) round cylindrical concrete vessel traffic control tower with lantern and gallery, painted with horizontal black and white bands; lantern roof painted red. Daksh Joshi's 2020 photo is at right, a 2018 photo is available and Google has a satellite view. Navinal Point is a swampy point of land sheltering Mundra Creek; Admiralty F0361.82.</SimpleData>
		<SimpleData name="photo">https://www.dgll.nic.in/sites/default/files/2022-11/Navinal%20Lighthouse%20And%20Vts%20Station.png</SimpleData>
		<SimpleData name="transcribed">1</SimpleData>
		<SimpleData name="ledger_issues">(4:RACON mentioned only in power source line ('Recon PMPI X band'); no RACON section or make/code details,Illuminant cites a 170 watt solar panel while power source lists a 100 watt solar panel for the light,Date of commissioning 13/02/2012 (VTS) differs from Year First Light Commissioned 01.06.1965; subsequent development 1988, 1993, 1997, 2003,Effective beam intensity not stated)</SimpleData>
		<SimpleData name="equip_years">{ }</SimpleData>
		<SimpleData name="equip_since">{ &quot;racon&quot;: { &quot;year&quot;: 2004, &quot;src&quot;: &quot;network&quot; }, &quot;ais&quot;: { &quot;year&quot;: 2012, &quot;src&quot;: &quot;network&quot; } }</SimpleData>
		<SimpleData name="tenders">(3:2568,2303,2089)</SimpleData>
		<SimpleData name="photo_credit">DGLL</SimpleData>
	</SchemaData></ExtendedData>
      <Point><coordinates>69.6725,22.7679</coordinates></Point>
  </Placemark>
  <Placemark>
	<name>Mungra Reef Lighthouse</name>
	<ExtendedData><SchemaData schemaUrl="#lighthouses">
		<SimpleData name="id">mungra-reef-lighthouse</SimpleData>
		<SimpleData name="kind">lighthouse</SimpleData>
		<SimpleData name="region">Gandhidham (VTS)</SimpleData>
		<SimpleData name="pos_src">DGLL ledger</SimpleData>
		<SimpleData name="alol">0367.8</SimpleData>
		<SimpleData name="char">Fl (2) W 15Sec. 0.75+1+0.75+12.5 = 15Sec.</SimpleData>
		<SimpleData name="ckind">Fl</SimpleData>
		<SimpleData name="colour">W</SimpleData>
		<SimpleData name="group">2</SimpleData>
		<SimpleData name="period">15</SimpleData>
		<SimpleData name="phases">(4:0.75,1,0.75,12.5)</SimpleData>
		<SimpleData name="phases_src">ledger</SimpleData>
		<SimpleData name="flash_s">0.75</SimpleData>
		<SimpleData name="sectored">1</SimpleData>
		<SimpleData name="sectors_text">Visibility sector: 360°</SimpleData>
		<SimpleData name="lum_nm">12</SimpleData>
		<SimpleData name="geo_nm">8</SimpleData>
		<SimpleData name="reach_nm">8</SimpleData>
		<SimpleData name="elev_m">7</SimpleData>
		<SimpleData name="optic">flasher</SimpleData>
		<SimpleData name="optic_evidence">Navaid NE-9 LED Light Beacon, drum optic, Type of flasher: Auto-flash; Pedestal N/A</SimpleData>
		<SimpleData name="optic_make">Navaid</SimpleData>
		<SimpleData name="optic_model">NE-9</SimpleData>
		<SimpleData name="optic_type">LED Light Beacon, drum optic</SimpleData>
		<SimpleData name="optic_size">drum optic</SimpleData>
		<SimpleData name="led">1</SimpleData>
		<SimpleData name="solar">1</SimpleData>
		<SimpleData name="ais">0</SimpleData>
		<SimpleData name="dgps">0</SimpleData>
		<SimpleData name="vts">0</SimpleData>
		<SimpleData name="tower_type">White round concrete tower, red bands</SimpleData>
		<SimpleData name="tower_h_m">10</SimpleData>
		<SimpleData name="tower_colour">White - red band</SimpleData>
		<SimpleData name="tower_year">1890</SimpleData>
		<SimpleData name="established">1890</SimpleData>
		<SimpleData name="visit">closed</SimpleData>
		<SimpleData name="tourism">0</SimpleData>
		<SimpleData name="museum">0</SimpleData>
		<SimpleData name="record">1</SimpleData>
		<SimpleData name="ledger_url">https://www.dgll.nic.in/sites/default/files/2022-12/Master%20Ledger%20Gandhidham%2016.pdf</SimpleData>
		<SimpleData name="page_url">https://www.dgll.nic.in/DGLL-light-house-location/about-vts-gandhi-dham/mungra-reef-lighthouse</SimpleData>
		<SimpleData name="rowlett">1890 (rebuilt and lit in 1997; rebuilt a second time in 1999). Active; focal plane 10 m (33 ft); two white flashes every 10 s. 10 m (33 ft) round cylindrical concrete tower on a circular masonry pier. Tower painted red with one white horizontal band. The Indian Logistics Info photo is at right, but the light is not seen in Bing's satellite view. The lighthouse marks a dangerous reef on the approach to Jodiya Bandar. The native state of Nawanagar built this beacon. It was rebuilt in 1999 after being heavily damaged by a tropical cyclone on 9 June 1998. Located in the Gulf of Kachchh about 12 km (7.5 mi) northwest of Jodiya Bandar. Accessible only by boat. Site and tower closed. ARLHS IND-151;</SimpleData>
		<SimpleData name="arlhs">IND-151</SimpleData>
		<SimpleData name="photo">https://www.dgll.nic.in/sites/default/files/2022-11/Mungra_Reef_Lighthouse.png</SimpleData>
		<SimpleData name="transcribed">1</SimpleData>
		<SimpleData name="ledger_issues">(1:Effective Beam Intensity value missing (only unit 'Candela' printed))</SimpleData>
		<SimpleData name="equip_years">{ }</SimpleData>
		<SimpleData name="equip_since">{ }</SimpleData>
		<SimpleData name="tenders">(0:)</SimpleData>
		<SimpleData name="photo_credit">DGLL</SimpleData>
	</SchemaData></ExtendedData>
      <Point><coordinates>70.1835,22.75983</coordinates></Point>
  </Placemark>
  <Placemark>
	<name>Jodiya Lighthouse</name>
	<ExtendedData><SchemaData schemaUrl="#lighthouses">
		<SimpleData name="id">jodiya-lighthouse</SimpleData>
		<SimpleData name="kind">lighthouse</SimpleData>
		<SimpleData name="region">Gandhidham (VTS)</SimpleData>
		<SimpleData name="pos_src">DGLL ledger</SimpleData>
		<SimpleData name="alol">0368</SimpleData>
		<SimpleData name="char">Fl (W) 10Sec. (1 + 9 = 10Sec)</SimpleData>
		<SimpleData name="ckind">Fl</SimpleData>
		<SimpleData name="colour">W</SimpleData>
		<SimpleData name="group">1</SimpleData>
		<SimpleData name="period">10</SimpleData>
		<SimpleData name="phases">(2:1,9)</SimpleData>
		<SimpleData name="phases_src">ledger</SimpleData>
		<SimpleData name="flash_s">1</SimpleData>
		<SimpleData name="sectored">1</SimpleData>
		<SimpleData name="sectors_text">Visibility sector: 360°</SimpleData>
		<SimpleData name="lum_nm">11</SimpleData>
		<SimpleData name="geo_nm">14</SimpleData>
		<SimpleData name="reach_nm">11</SimpleData>
		<SimpleData name="elev_m">31</SimpleData>
		<SimpleData name="optic">flasher</SimpleData>
		<SimpleData name="optic_evidence">Marine LED Lantern NE-9A, Type of Light (LED Flasher), Operation: Flashing</SimpleData>
		<SimpleData name="optic_make">NavAids Pvt Ltd, Delhi</SimpleData>
		<SimpleData name="optic_model">NE-9A</SimpleData>
		<SimpleData name="optic_type">Marine LED Lantern (Three-Tier)</SimpleData>
		<SimpleData name="led">1</SimpleData>
		<SimpleData name="solar">1</SimpleData>
		<SimpleData name="ais">0</SimpleData>
		<SimpleData name="dgps">0</SimpleData>
		<SimpleData name="vts">0</SimpleData>
		<SimpleData name="tower_type">Frame work tower (Trestle tower)</SimpleData>
		<SimpleData name="tower_h_m">30</SimpleData>
		<SimpleData name="tower_colour">White</SimpleData>
		<SimpleData name="tower_year">2002</SimpleData>
		<SimpleData name="established">1903</SimpleData>
		<SimpleData name="visit">grounds</SimpleData>
		<SimpleData name="tourism">0</SimpleData>
		<SimpleData name="museum">0</SimpleData>
		<SimpleData name="record">1</SimpleData>
		<SimpleData name="ledger_url">https://www.dgll.nic.in/sites/default/files/2022-12/Master%20Ledger%20Gandhidham%2013.pdf</SimpleData>
		<SimpleData name="page_url">https://www.dgll.nic.in/DGLL-light-house-location/about-vts-gandhi-dham/jodiya-lighthouse</SimpleData>
		<SimpleData name="rowlett">2002 (station established 1903). Active; focal plane 31 m (102 ft); white flash every 10 s. 30 m (98 ft) skeletal tower, painted white. A 2021 photo and a distant 2025 view are available and Google has a satellite view. The 1993 lighthouse, a round cylindrical masonry tower with gallery attached to a small square 1-story equipment room, was destroyed by the earthquake of 26 January 2001. The original lighthouse was a small cast iron tower purchased from Chance Brothers by the native state of Nawanagar. Located at Jodiya (Jodia), a small port on the upper Gulf of Kachchh. Site open, tower closed. ARLHS IND-141; Admiralty F0368; NGA 28368.</SimpleData>
		<SimpleData name="arlhs">IND-141</SimpleData>
		<SimpleData name="photo">https://www.dgll.nic.in/sites/default/files/2022-11/Jodiya_Lighthouse.png</SimpleData>
		<SimpleData name="transcribed">1</SimpleData>
		<SimpleData name="ledger_issues">(0:)</SimpleData>
		<SimpleData name="equip_years">{ }</SimpleData>
		<SimpleData name="equip_since">{ }</SimpleData>
		<SimpleData name="tenders">(0:)</SimpleData>
		<SimpleData name="photo_credit">DGLL</SimpleData>
	</SchemaData></ExtendedData>
      <Point><coordinates>70.28,22.725</coordinates></Point>
  </Placemark>
  <Placemark>
	<name>Mawadi Point Beacon</name>
	<ExtendedData><SchemaData schemaUrl="#lighthouses">
		<SimpleData name="id">mawadi-point-beacon</SimpleData>
		<SimpleData name="kind">lighthouse</SimpleData>
		<SimpleData name="region">Gandhidham (VTS)</SimpleData>
		<SimpleData name="pos_src">DGLL ledger</SimpleData>
		<SimpleData name="alol">0378</SimpleData>
		<SimpleData name="char">Fl (R) 10Sec. (1 + 9 = 10Sec)</SimpleData>
		<SimpleData name="ckind">Fl</SimpleData>
		<SimpleData name="colour">R</SimpleData>
		<SimpleData name="group">1</SimpleData>
		<SimpleData name="period">10</SimpleData>
		<SimpleData name="phases">(2:1,9)</SimpleData>
		<SimpleData name="phases_src">ledger</SimpleData>
		<SimpleData name="flash_s">1</SimpleData>
		<SimpleData name="sectored">0</SimpleData>
		<SimpleData name="lum_nm">5</SimpleData>
		<SimpleData name="geo_nm">7</SimpleData>
		<SimpleData name="iala_nm">8</SimpleData>
		<SimpleData name="reach_nm">5</SimpleData>
		<SimpleData name="intensity_cd">500</SimpleData>
		<SimpleData name="elev_m">5</SimpleData>
		<SimpleData name="optic">flasher</SimpleData>
		<SimpleData name="optic_evidence">Type of Light (LED Flasher); Type of flasher: Marine LED Flasher</SimpleData>
		<SimpleData name="optic_make">Sealite, Australia</SimpleData>
		<SimpleData name="optic_model">SL125</SimpleData>
		<SimpleData name="optic_type">Marine LED Flasher</SimpleData>
		<SimpleData name="led">1</SimpleData>
		<SimpleData name="solar">1</SimpleData>
		<SimpleData name="ais">0</SimpleData>
		<SimpleData name="dgps">0</SimpleData>
		<SimpleData name="vts">0</SimpleData>
		<SimpleData name="tower_type">White pyramidal concrete tower, red bands</SimpleData>
		<SimpleData name="tower_h_m">8</SimpleData>
		<SimpleData name="tower_colour">White – red band</SimpleData>
		<SimpleData name="tower_year">1958</SimpleData>
		<SimpleData name="established">1928</SimpleData>
		<SimpleData name="visit">grounds</SimpleData>
		<SimpleData name="tourism">0</SimpleData>
		<SimpleData name="museum">0</SimpleData>
		<SimpleData name="record">1</SimpleData>
		<SimpleData name="ledger_url">https://www.dgll.nic.in/sites/default/files/2022-12/Master%20Ledger%20Gandhidham%2018_0.pdf</SimpleData>
		<SimpleData name="page_url">https://www.dgll.nic.in/DGLL-light-house-location/about-vts-gandhidham/mawadi-point-beacon</SimpleData>
		<SimpleData name="rowlett">1958 (station established 1928). Active; focal plane 8 m (26 ft); red flash every 10 s. 8 m (26 ft) short round tower mounted atop a round cylindrical stone tower. The upper tower is painted red with a white horizontal band. The lower tower is unpainted brown stone. Tushar Chhatrara has a photo but the light is not shown in Google's satellite view. The light marks the end of a reef extending northeast from Pirotan Island. The first light was a skeletal tower built on a daybecaon established in 1867. Located about 2.25 km (1.4 mi) northeast of the modern lighthouse. Site open, and nothing prevents climbing on the lighthouse. Admiralty F0378; NGA 28356.</SimpleData>
		<SimpleData name="wikidata">Q29048448</SimpleData>
		<SimpleData name="photo">http://commons.wikimedia.org/wiki/Special:FilePath/Lighthouse%20pirotan.jpg</SimpleData>
		<SimpleData name="transcribed">1</SimpleData>
		<SimpleData name="ledger_issues">(1:Elevation 5 Meter is less than tower height 8 Meter)</SimpleData>
		<SimpleData name="equip_years">{ }</SimpleData>
		<SimpleData name="equip_since">{ }</SimpleData>
		<SimpleData name="tenders">(0:)</SimpleData>
		<SimpleData name="photo_credit">DGLL</SimpleData>
	</SchemaData></ExtendedData>
      <Point><coordinates>69.97167,22.62</coordinates></Point>
  </Placemark>
  <Placemark>
	<name>Pirotan Lighthouse</name>
	<ExtendedData><SchemaData schemaUrl="#lighthouses">
		<SimpleData name="id">pirotan-lighthouse</SimpleData>
		<SimpleData name="kind">lighthouse</SimpleData>
		<SimpleData name="region">Gandhidham (VTS)</SimpleData>
		<SimpleData name="pos_src">DGLL ledger</SimpleData>
		<SimpleData name="address">C/O Assistant Engineer (E) Dhuvav MCS Station Jamnagar, Gujarat Pin - 361 008</SimpleData>
		<SimpleData name="alol">F 0380</SimpleData>
		<SimpleData name="char">Fl W 20 sec. (0.4+19.6 = 20 sec.)</SimpleData>
		<SimpleData name="ckind">Fl</SimpleData>
		<SimpleData name="colour">W</SimpleData>
		<SimpleData name="group">1</SimpleData>
		<SimpleData name="period">20</SimpleData>
		<SimpleData name="phases">(2:0.4,19.6)</SimpleData>
		<SimpleData name="phases_src">ledger</SimpleData>
		<SimpleData name="flash_s">0.4</SimpleData>
		<SimpleData name="sectored">0</SimpleData>
		<SimpleData name="lum_nm">24</SimpleData>
		<SimpleData name="geo_nm">12</SimpleData>
		<SimpleData name="iala_nm">23.6</SimpleData>
		<SimpleData name="reach_nm">12</SimpleData>
		<SimpleData name="intensity_cd">460194</SimpleData>
		<SimpleData name="elev_m">26</SimpleData>
		<SimpleData name="optic">revolving</SimpleData>
		<SimpleData name="optic_order">3</SimpleData>
		<SimpleData name="optic_evidence">Size: 500 mm (3rd order large) revolving type; Rotation device: stepper motor; R.P.M.: 3</SimpleData>
		<SimpleData name="optic_make">Stone Chance</SimpleData>
		<SimpleData name="optic_type">revolving type</SimpleData>
		<SimpleData name="optic_size">500 mm</SimpleData>
		<SimpleData name="rpm">3</SimpleData>
		<SimpleData name="panels">2</SimpleData>
		<SimpleData name="led">0</SimpleData>
		<SimpleData name="solar">1</SimpleData>
		<SimpleData name="ais">0</SimpleData>
		<SimpleData name="dgps">0</SimpleData>
		<SimpleData name="racon">K</SimpleData>
		<SimpleData name="vts">0</SimpleData>
		<SimpleData name="tower_type">Circular masonry tower</SimpleData>
		<SimpleData name="tower_h_m">24</SimpleData>
		<SimpleData name="tower_colour">Black and White alternate horizontal bands</SimpleData>
		<SimpleData name="tower_year">1958</SimpleData>
		<SimpleData name="established">1898</SimpleData>
		<SimpleData name="visit">closed</SimpleData>
		<SimpleData name="tourism">0</SimpleData>
		<SimpleData name="museum">0</SimpleData>
		<SimpleData name="record">1</SimpleData>
		<SimpleData name="ledger_url">https://www.dgll.nic.in/sites/default/files/2022-12/Master%20Ledger%20Gandhidham%2017.pdf</SimpleData>
		<SimpleData name="page_url">https://www.dgll.nic.in/DGLL-light-house-location/about-vts-gandhi-dham/pirotan-lighthouse</SimpleData>
		<SimpleData name="rowlett">1958 (station established 1898). Active; focal plane 26 m (85 ft); white flash every 20 s. 21 m (69 ft) round masonry tower with lantern and gallery, painted with horizontal black and white bands. Jayesh Kumar's 2020 photo is at right, Wikimedia has a sunrise photo by S. Ballal, Kumar has another 2020 photo, and Google has a satellite view. A seawall protects this highly exposed lighthouse. Pirotan is the beginning of the approach to Bedi, the seaport of the city of Jamnagar. Located on a small island 10 km (6 mi) northwest of Rozi. Accessible only by boat. Site and tower closed. ARLHS IND-157; Admiralty F0380; NGA 28352.</SimpleData>
		<SimpleData name="arlhs">IND-157</SimpleData>
		<SimpleData name="wikidata">Q29048448</SimpleData>
		<SimpleData name="photo">http://commons.wikimedia.org/wiki/Special:FilePath/Lighthouse%20pirotan.jpg</SimpleData>
		<SimpleData name="transcribed">1</SimpleData>
		<SimpleData name="ledger_issues">(4:Intensity printed as '46,0194 Candela' (irregular digit grouping, read as 460194),Duration of flash 0.7 Second differs from characteristic flash 0.4 s,2 panels at 3 RPM gives a flash every 10 s, but characteristic is every 20 s,Commissioning: first lighthouse 1898, modern lighthouse 05.02.1958)</SimpleData>
		<SimpleData name="equip_years">{ &quot;racon&quot;: 2004 }</SimpleData>
		<SimpleData name="equip_since">{ &quot;racon&quot;: { &quot;year&quot;: 2004, &quot;src&quot;: &quot;ledger&quot; } }</SimpleData>
		<SimpleData name="tenders">(0:)</SimpleData>
		<SimpleData name="photo_credit">DGLL</SimpleData>
	</SchemaData></ExtendedData>
      <Point><coordinates>69.95167,22.60333</coordinates></Point>
  </Placemark>
  <Placemark>
	<name>Chank Tapu Lighthouse</name>
	<ExtendedData><SchemaData schemaUrl="#lighthouses">
		<SimpleData name="id">chank-tapu-lighthouse</SimpleData>
		<SimpleData name="kind">lighthouse</SimpleData>
		<SimpleData name="region">Gandhidham (VTS)</SimpleData>
		<SimpleData name="pos_src">DGLL ledger</SimpleData>
		<SimpleData name="alol">0386</SimpleData>
		<SimpleData name="char">Fl (W) 15Sec. (1 + 14 = 15Sec)</SimpleData>
		<SimpleData name="ckind">Fl</SimpleData>
		<SimpleData name="colour">W</SimpleData>
		<SimpleData name="group">1</SimpleData>
		<SimpleData name="period">15</SimpleData>
		<SimpleData name="phases">(2:1,14)</SimpleData>
		<SimpleData name="phases_src">ledger</SimpleData>
		<SimpleData name="flash_s">1</SimpleData>
		<SimpleData name="sectored">0</SimpleData>
		<SimpleData name="lum_nm">11</SimpleData>
		<SimpleData name="geo_nm">9</SimpleData>
		<SimpleData name="iala_nm">14.2</SimpleData>
		<SimpleData name="reach_nm">9</SimpleData>
		<SimpleData name="intensity_cd">10000</SimpleData>
		<SimpleData name="elev_m">12</SimpleData>
		<SimpleData name="optic">flasher</SimpleData>
		<SimpleData name="optic_evidence">Type of Light (LED Flasher); Operation- Flashing; Horizontal Divergence 360°</SimpleData>
		<SimpleData name="optic_make">NavAids Pvt Ltd, Delhi</SimpleData>
		<SimpleData name="optic_model">NE-9A Three-Tier Lantern</SimpleData>
		<SimpleData name="optic_type">LED Flasher</SimpleData>
		<SimpleData name="led">1</SimpleData>
		<SimpleData name="solar">1</SimpleData>
		<SimpleData name="ais">0</SimpleData>
		<SimpleData name="dgps">0</SimpleData>
		<SimpleData name="vts">0</SimpleData>
		<SimpleData name="tower_type">Frame work tower (M.S. Trestle tower) over masonry structure</SimpleData>
		<SimpleData name="tower_h_m">6</SimpleData>
		<SimpleData name="tower_colour">White - Black three strips</SimpleData>
		<SimpleData name="tower_year">1988</SimpleData>
		<SimpleData name="established">1934</SimpleData>
		<SimpleData name="visit">closed</SimpleData>
		<SimpleData name="tourism">0</SimpleData>
		<SimpleData name="museum">0</SimpleData>
		<SimpleData name="record">1</SimpleData>
		<SimpleData name="ledger_url">https://www.dgll.nic.in/sites/default/files/2022-12/Master%20Ledger%20Gandhidham%2020.pdf</SimpleData>
		<SimpleData name="page_url">https://www.dgll.nic.in/DGLL-light-house-location/about-vts-gandhi-dham/chank-tapu-lighthouse</SimpleData>
		<SimpleData name="rowlett">1988 (station established 1934). Active; focal plane 14 m (46 ft); white flash every 15 s. 8 m (26 ft) square cylindrical skeletal tower with gallery, mounted on a large square concrete base. Wikimapia has an older photo and Bing has a satellite view. Lighthouse painted white; the small lantern is red. A stone daybeacon was placed on the reef in 1885; a skeletal tower was added in 1928 but apparently it was not lighted until 1934. Located at the northeastern end of the extensive Chanka Reef system, about 35 km (2 mi) east northeast of Okha. Accessible only by boat. Site and tower closed. Admiralty F0386; NGA 28332.</SimpleData>
		<SimpleData name="photo">https://www.dgll.nic.in/sites/default/files/2022-11/Chank_Tapu_Lighthouse.png</SimpleData>
		<SimpleData name="transcribed">1</SimpleData>
		<SimpleData name="ledger_issues">(3:Height given as '6 Meter steel trestle above 3mtrs masonry structure',Date of commissioning lists '05.02.2022 for New Light and new trestle' and '23.05.2014'; 2014 used as established year,Intensity given as 'Max. Beam Intensity 10,000 Candela')</SimpleData>
		<SimpleData name="equip_years">{ }</SimpleData>
		<SimpleData name="equip_since">{ }</SimpleData>
		<SimpleData name="tenders">(0:)</SimpleData>
		<SimpleData name="photo_credit">DGLL</SimpleData>
	</SchemaData></ExtendedData>
      <Point><coordinates>69.41,22.54667</coordinates></Point>
  </Placemark>
  <Placemark>
	<name>Bural Reef Lighthouse</name>
	<ExtendedData><SchemaData schemaUrl="#lighthouses">
		<SimpleData name="id">bural-reef-lighthouse</SimpleData>
		<SimpleData name="kind">lighthouse</SimpleData>
		<SimpleData name="region">Gandhidham (VTS)</SimpleData>
		<SimpleData name="pos_src">DGLL ledger</SimpleData>
		<SimpleData name="alol">0386.5</SimpleData>
		<SimpleData name="char">Fl (W) 1.1Sec. (0.5 + 0.6 = 1.1Sec)</SimpleData>
		<SimpleData name="ckind">Fl</SimpleData>
		<SimpleData name="colour">W</SimpleData>
		<SimpleData name="group">1</SimpleData>
		<SimpleData name="period">1.1</SimpleData>
		<SimpleData name="phases">(2:0.5,0.6)</SimpleData>
		<SimpleData name="phases_src">ledger</SimpleData>
		<SimpleData name="flash_s">0.5</SimpleData>
		<SimpleData name="sectored">0</SimpleData>
		<SimpleData name="lum_nm">9</SimpleData>
		<SimpleData name="geo_nm">10</SimpleData>
		<SimpleData name="iala_nm">14.2</SimpleData>
		<SimpleData name="reach_nm">9</SimpleData>
		<SimpleData name="intensity_cd">10000</SimpleData>
		<SimpleData name="elev_m">15</SimpleData>
		<SimpleData name="optic">flasher</SimpleData>
		<SimpleData name="optic_evidence">Type of Light (LED Flasher): Marine LED Lantern; Operation: Flashing</SimpleData>
		<SimpleData name="optic_make">NavAids Pvt Ltd, Delhi</SimpleData>
		<SimpleData name="optic_model">NE-9A (Three-Tier Lantern)</SimpleData>
		<SimpleData name="optic_type">Marine LED Lantern (LED Flasher)</SimpleData>
		<SimpleData name="led">1</SimpleData>
		<SimpleData name="solar">1</SimpleData>
		<SimpleData name="ais">0</SimpleData>
		<SimpleData name="dgps">0</SimpleData>
		<SimpleData name="racon">D</SimpleData>
		<SimpleData name="vts">0</SimpleData>
		<SimpleData name="tower_type">White round tower</SimpleData>
		<SimpleData name="tower_h_m">12</SimpleData>
		<SimpleData name="tower_colour">White</SimpleData>
		<SimpleData name="tower_year">1979</SimpleData>
		<SimpleData name="established">1979</SimpleData>
		<SimpleData name="visit">closed</SimpleData>
		<SimpleData name="tourism">0</SimpleData>
		<SimpleData name="museum">0</SimpleData>
		<SimpleData name="record">1</SimpleData>
		<SimpleData name="ledger_url">https://www.dgll.nic.in/sites/default/files/2022-12/Master%20Ledger%20Gandhidham%2019.pdf</SimpleData>
		<SimpleData name="page_url">https://www.dgll.nic.in/DGLL-light-house-location/about-vts-gandhidham/bural-reef-lighthouse</SimpleData>
		<SimpleData name="rowlett">1979. Active; focal plane 15 m (49 ft); quick-flashing white light. 12 m (39 ft) round cylindrical concrete tower with three galleries but no lantern, painted white. Lightphotos.net has an older photo, Indian Logistics Info.has a page with a photo, and Bing has a satellite view. The dangerous Bural Reef extends east northeast from Okha Point. Located about 25 km (15 mi) east northeast of Okha. Accessible only by boat. Site and tower closed. ARLHS IND-126; Admiralty F0386.5; NGA 28328.</SimpleData>
		<SimpleData name="arlhs">IND-126</SimpleData>
		<SimpleData name="photo">https://www.dgll.nic.in/sites/default/files/2022-11/Bural_Reef_Lighthouse%20.png</SimpleData>
		<SimpleData name="transcribed">1</SimpleData>
		<SimpleData name="ledger_issues">(3:Station name not printed in ledger; taken from file slug,Luminous range 9NM conflicts with lantern electrical parameter range 11-14NM,Year of commissioning 1978, with new light &amp; trestle 05.02.2022)</SimpleData>
		<SimpleData name="equip_years">{ &quot;racon&quot;: 2017 }</SimpleData>
		<SimpleData name="equip_since">{ &quot;racon&quot;: { &quot;year&quot;: 2017, &quot;src&quot;: &quot;ledger&quot; } }</SimpleData>
		<SimpleData name="tenders">(0:)</SimpleData>
		<SimpleData name="photo_credit">DGLL</SimpleData>
	</SchemaData></ExtendedData>
      <Point><coordinates>69.27,22.545</coordinates></Point>
  </Placemark>
  <Placemark>
	<name>Samiyani North Island Lighthouse Station</name>
	<ExtendedData><SchemaData schemaUrl="#lighthouses">
		<SimpleData name="id">samiyani-north-island-lighthouse-station</SimpleData>
		<SimpleData name="kind">lighthouse</SimpleData>
		<SimpleData name="region">Gandhidham (VTS)</SimpleData>
		<SimpleData name="pos_src">DGLL ledger</SimpleData>
		<SimpleData name="alol">F0389</SimpleData>
		<SimpleData name="char">Flashing (Green) every 3 sec FL 0.5 sec + EC 2.5 sec</SimpleData>
		<SimpleData name="ckind">Fl</SimpleData>
		<SimpleData name="colour">G</SimpleData>
		<SimpleData name="group">1</SimpleData>
		<SimpleData name="period">3</SimpleData>
		<SimpleData name="phases">(2:0.5,2.5)</SimpleData>
		<SimpleData name="phases_src">ledger</SimpleData>
		<SimpleData name="flash_s">0.5</SimpleData>
		<SimpleData name="sectored">0</SimpleData>
		<SimpleData name="lum_nm">5</SimpleData>
		<SimpleData name="geo_nm">12.3</SimpleData>
		<SimpleData name="reach_nm">5</SimpleData>
		<SimpleData name="elev_m">13.5</SimpleData>
		<SimpleData name="optic">flasher</SimpleData>
		<SimpleData name="optic_evidence">Optical Equipment: LED Lantern, Sealite SL-125-2</SimpleData>
		<SimpleData name="optic_make">Sealite, Australia</SimpleData>
		<SimpleData name="optic_model">SL-125-2, GREEN</SimpleData>
		<SimpleData name="optic_type">LED Lantern</SimpleData>
		<SimpleData name="led">1</SimpleData>
		<SimpleData name="solar">1</SimpleData>
		<SimpleData name="ais">0</SimpleData>
		<SimpleData name="dgps">0</SimpleData>
		<SimpleData name="vts">0</SimpleData>
		<SimpleData name="tower_type">Circular masonry tower</SimpleData>
		<SimpleData name="tower_h_m">12</SimpleData>
		<SimpleData name="tower_colour">Black &amp; white alternate horizontal band</SimpleData>
		<SimpleData name="tower_year">2002</SimpleData>
		<SimpleData name="established">1935</SimpleData>
		<SimpleData name="visit">closed</SimpleData>
		<SimpleData name="tourism">0</SimpleData>
		<SimpleData name="museum">0</SimpleData>
		<SimpleData name="record">1</SimpleData>
		<SimpleData name="ledger_url">https://www.dgll.nic.in/sites/default/files/2022-12/Master%20Ledger%20Gandhidham%2024.pdf</SimpleData>
		<SimpleData name="page_url">https://www.dgll.nic.in/DGLL-light-house-location/about-vts-gandhi-dham/samiyani-north-island-lighthouse-station</SimpleData>
		<SimpleData name="rowlett">2002 (station established 1935). Active; focal plane 11 m (36 ft); green flash every 3 s. 9 m (30 ft) round cylindrical concrete tower, mounted on a concrete foundation. Lighthouse painted with black and white horizontal bands. Chetan Kanzariya has a distant view and Google has an indistinct satellite view. The original light on a skeletal tower was replaced by a concrete tower in 1957. That lighthouse was destroyed by a tropical cyclone on 9 June 1998. It was replaced by a temporary skeletal tower, and then by the present lighthouse, which probably resembles the 1957 tower. Located in the water off the northeast tip of Samiyani Island. , marking the end of a long shoal. Accessible only by b</SimpleData>
		<SimpleData name="arlhs">IND-163</SimpleData>
		<SimpleData name="photo">https://www.dgll.nic.in/sites/default/files/2022-11/Samiyani_North_Island_Lighthouse_Station.png</SimpleData>
		<SimpleData name="transcribed">1</SimpleData>
		<SimpleData name="ledger_issues">(1:Latitude printed as '22°29 5&quot;N' without a minutes mark; read as 22° 29' 5&quot;)</SimpleData>
		<SimpleData name="equip_years">{ }</SimpleData>
		<SimpleData name="equip_since">{ }</SimpleData>
		<SimpleData name="tenders">(0:)</SimpleData>
		<SimpleData name="photo_credit">DGLL</SimpleData>
	</SchemaData></ExtendedData>
      <Point><coordinates>69.08472,22.48472</coordinates></Point>
  </Placemark>
  <Placemark>
	<name>Samiyani Island Lighthouse Station</name>
	<ExtendedData><SchemaData schemaUrl="#lighthouses">
		<SimpleData name="id">samiyani-island-lighthouse-station</SimpleData>
		<SimpleData name="kind">lighthouse</SimpleData>
		<SimpleData name="region">Gandhidham (VTS)</SimpleData>
		<SimpleData name="pos_src">DGLL ledger</SimpleData>
		<SimpleData name="alol">F 0390</SimpleData>
		<SimpleData name="char">Flashing (W) every5 sec</SimpleData>
		<SimpleData name="ckind">Fl</SimpleData>
		<SimpleData name="colour">W</SimpleData>
		<SimpleData name="group">1</SimpleData>
		<SimpleData name="period">5</SimpleData>
		<SimpleData name="phases">(2:0.45,4.55)</SimpleData>
		<SimpleData name="phases_src">derived</SimpleData>
		<SimpleData name="sectored">1</SimpleData>
		<SimpleData name="sectors_text">W160° (057-217) W 13° (247-260) R 30° (217-247) R 30° (260-290) W 79° (290-009)</SimpleData>
		<SimpleData name="lum_nm">11</SimpleData>
		<SimpleData name="geo_nm">9</SimpleData>
		<SimpleData name="reach_nm">9</SimpleData>
		<SimpleData name="elev_m">22</SimpleData>
		<SimpleData name="optic">flasher</SimpleData>
		<SimpleData name="optic_evidence">Optical equipment: Sealite SL-155 2.5D lantern, 'White flash every5 sec'; battery/solar powered, no rotation device</SimpleData>
		<SimpleData name="optic_make">Sealite, Australia</SimpleData>
		<SimpleData name="optic_model">SL-155, 2.5D</SimpleData>
		<SimpleData name="led">0</SimpleData>
		<SimpleData name="solar">1</SimpleData>
		<SimpleData name="ais">0</SimpleData>
		<SimpleData name="dgps">0</SimpleData>
		<SimpleData name="vts">0</SimpleData>
		<SimpleData name="tower_type">Round stone masonry tower</SimpleData>
		<SimpleData name="tower_h_m">20</SimpleData>
		<SimpleData name="tower_colour">White</SimpleData>
		<SimpleData name="tower_year">1876</SimpleData>
		<SimpleData name="established">1876</SimpleData>
		<SimpleData name="visit">grounds</SimpleData>
		<SimpleData name="tourism">1</SimpleData>
		<SimpleData name="museum">0</SimpleData>
		<SimpleData name="record">1</SimpleData>
		<SimpleData name="ledger_url">https://www.dgll.nic.in/sites/default/files/2022-12/Master%20Ledger%20Gandhidham%2025.pdf</SimpleData>
		<SimpleData name="page_url">https://www.dgll.nic.in/DGLL-light-house-location/about-vts-gandhi-dham/samiyani-island-lighthouse-station</SimpleData>
		<SimpleData name="rowlett">1876. Active; focal plane 22 m (72 ft); flash every 5 s, white or red depending on direction. 20 m (66 ft) round sandstone tower with lantern and gallery, mounted on a square stone base. Lighthouse painted white; lantern dome is red. A 2018 photo is at right, Kashyap Atri has a 2019 photo, Vishal Ahir has a 2024 view from the sea, and Google has a satellite view. Built by the princely state of Baroda, this elegant and historic lighthouse marks the entrance to Okha harbor. It stands on an island 1.5 km (1 mi) north of Okha Point, the tip of the peninsula. Boat transportation to the island can be hired in Okha. Located in the center of the island. Site open, tower closed. ARLHS IND-018; Admira</SimpleData>
		<SimpleData name="arlhs">IND-018</SimpleData>
		<SimpleData name="photo">https://www.dgll.nic.in/sites/default/files/2022-11/Samiyani_island_Lighthouse_Station.png</SimpleData>
		<SimpleData name="transcribed">1</SimpleData>
		<SimpleData name="ledger_issues">(4:No station name printed; address is 'C/o Station in-Charge, Okha Lighthouse and VTS Station',Latitude printed '22°29 3&quot;N' with missing minute mark; read as 22° 29' 3&quot;,Characteristic says white flashing only but visibility sectors include red sectors,Date of commissioning: original 1876, present lighthouse 1927)</SimpleData>
		<SimpleData name="equip_years">{ }</SimpleData>
		<SimpleData name="equip_since">{ }</SimpleData>
		<SimpleData name="tenders">(0:)</SimpleData>
		<SimpleData name="photo_credit">DGLL</SimpleData>
	</SchemaData></ExtendedData>
      <Point><coordinates>69.08389,22.48417</coordinates></Point>
  </Placemark>
  <Placemark>
	<name>OKHA Lighthouse DGPS And VTS Station</name>
	<ExtendedData><SchemaData schemaUrl="#lighthouses">
		<SimpleData name="id">okha-lighthouse-dgps-and-vts-station</SimpleData>
		<SimpleData name="kind">lighthouse</SimpleData>
		<SimpleData name="region">Gandhidham (VTS)</SimpleData>
		<SimpleData name="pos_src">DGLL ledger</SimpleData>
		<SimpleData name="alol">F.0388</SimpleData>
		<SimpleData name="char">Fl (3) W.25 sec.(Fl-1. 0.41, ec. 4.59, Fl-2.0.41, ec.4.59, Fl-3. 0.41, ec.14.59)</SimpleData>
		<SimpleData name="ckind">Fl</SimpleData>
		<SimpleData name="colour">W</SimpleData>
		<SimpleData name="group">3</SimpleData>
		<SimpleData name="period">25</SimpleData>
		<SimpleData name="phases">(6:0.41,4.59,0.41,4.59,0.41,14.59)</SimpleData>
		<SimpleData name="phases_src">ledger</SimpleData>
		<SimpleData name="flash_s">0.41</SimpleData>
		<SimpleData name="sectored">0</SimpleData>
		<SimpleData name="lum_nm">25</SimpleData>
		<SimpleData name="geo_nm">15</SimpleData>
		<SimpleData name="iala_nm">23.1</SimpleData>
		<SimpleData name="reach_nm">15</SimpleData>
		<SimpleData name="intensity_cd">386400</SimpleData>
		<SimpleData name="elev_m">26</SimpleData>
		<SimpleData name="optic">revolving</SimpleData>
		<SimpleData name="optic_order">4</SimpleData>
		<SimpleData name="optic_evidence">250 mm dia (4th order) revolving; Rotation device 20 kg.cm stepper motor; R.P.M 2.4</SimpleData>
		<SimpleData name="optic_make">Chance Brother Ltd., U.K</SimpleData>
		<SimpleData name="optic_type">revolving</SimpleData>
		<SimpleData name="optic_size">250 mm dia</SimpleData>
		<SimpleData name="rpm">2.4</SimpleData>
		<SimpleData name="panels">3</SimpleData>
		<SimpleData name="led">0</SimpleData>
		<SimpleData name="solar">1</SimpleData>
		<SimpleData name="ais">0</SimpleData>
		<SimpleData name="dgps">1</SimpleData>
		<SimpleData name="racon">O</SimpleData>
		<SimpleData name="vts">1</SimpleData>
		<SimpleData name="tower_type">Square Masonry tower</SimpleData>
		<SimpleData name="tower_h_m">23</SimpleData>
		<SimpleData name="tower_colour">Red and White alternate horizontal band</SimpleData>
		<SimpleData name="tower_year">1956</SimpleData>
		<SimpleData name="established">1956</SimpleData>
		<SimpleData name="visit">grounds</SimpleData>
		<SimpleData name="tourism">1</SimpleData>
		<SimpleData name="museum">0</SimpleData>
		<SimpleData name="record">1</SimpleData>
		<SimpleData name="ledger_url">https://www.dgll.nic.in/sites/default/files/2022-12/Master%20Ledger%20Gandhidham%2023.pdf</SimpleData>
		<SimpleData name="page_url">https://www.dgll.nic.in/DGLL-light-house-location/about-vts-gandhi-dham/okha-lighthouse-dgps-and-vts-station</SimpleData>
		<SimpleData name="rowlett">1956. Active; focal plane 26 m (85 ft); three white flashes every 25 s. 23 m (75 ft) square cylindrical concrete tower with lantern and gallery, painted with horizontal red and white bands. Niraj Kumar has a photo. Google's satellite view shows the 60 m (197 ft) round VTS vessel tracking tower built next to the historic lighthouse in 2012. Wikimedia has a view taken from the VTS tower. Okha lies at the end of a north-pointing peninsula that defines the southern entrance to the Gulf of Kachchh (Kutch). After independence western India lost the use of the port of Karachi, Pakistan, so it became important to develop port facilities in the Gulf. This lighthouse was the first major improvement to</SimpleData>
		<SimpleData name="arlhs">IND-014</SimpleData>
		<SimpleData name="photo">https://www.dgll.nic.in/sites/default/files/2022-11/OKHA_LIGHTHOUSE.png</SimpleData>
		<SimpleData name="transcribed">1</SimpleData>
		<SimpleData name="ledger_issues">(5:Position printed with seconds using a single prime (34.87', 11.38'); treated as degrees-minutes-seconds,Emergency vertical divergence printed as 0° 68' (minutes &gt;= 60),Optic 'Duration: 5 sec.' conflicts with flash duration 0.41 s in characteristic,RACON and DGPS aerial label/value rows are misaligned on the page (e.g. Output pulse power / Code / Power supply values shifted),DGPS Date Commissioning listed as 30-10-1998 and also 'Date of Commissioning 22/03/2018' / May 2004 in misaligned rows)</SimpleData>
		<SimpleData name="equip_years">{ &quot;dgps&quot;: 2018, &quot;racon&quot;: 2004 }</SimpleData>
		<SimpleData name="equip_since">{ &quot;racon&quot;: { &quot;year&quot;: 2004, &quot;src&quot;: &quot;ledger&quot; }, &quot;dgps&quot;: { &quot;year&quot;: 2018, &quot;src&quot;: &quot;ledger&quot; } }</SimpleData>
		<SimpleData name="tenders">(2:2303,622)</SimpleData>
		<SimpleData name="photo_credit">DGLL</SimpleData>
	</SchemaData></ExtendedData>
      <Point><coordinates>69.06983,22.47635</coordinates></Point>
  </Placemark>
  <Placemark>
	<name>Kalubhar Lighthouse</name>
	<ExtendedData><SchemaData schemaUrl="#lighthouses">
		<SimpleData name="id">kalubhar-lighthouse</SimpleData>
		<SimpleData name="kind">lighthouse</SimpleData>
		<SimpleData name="region">Gandhidham (VTS)</SimpleData>
		<SimpleData name="pos_src">DGLL ledger</SimpleData>
		<SimpleData name="alol">0384</SimpleData>
		<SimpleData name="char">Fl (3W) in 15Sec ((0.75 + 2.25)2 + 0.75 + 8.25 = 15Sec)</SimpleData>
		<SimpleData name="ckind">Fl</SimpleData>
		<SimpleData name="colour">W</SimpleData>
		<SimpleData name="group">3</SimpleData>
		<SimpleData name="period">15</SimpleData>
		<SimpleData name="phases">(6:0.75,2.25,0.75,2.25,0.75,8.25)</SimpleData>
		<SimpleData name="phases_src">ledger</SimpleData>
		<SimpleData name="flash_s">0.75</SimpleData>
		<SimpleData name="sectored">1</SimpleData>
		<SimpleData name="sectors_text">Visibility sector: 360°</SimpleData>
		<SimpleData name="lum_nm">12</SimpleData>
		<SimpleData name="geo_nm">13</SimpleData>
		<SimpleData name="iala_nm">14.2</SimpleData>
		<SimpleData name="reach_nm">12</SimpleData>
		<SimpleData name="intensity_cd">10000</SimpleData>
		<SimpleData name="elev_m">27</SimpleData>
		<SimpleData name="optic">flasher</SimpleData>
		<SimpleData name="optic_evidence">Marine LED Lantern NE-9A with programmable flasher; no rotation device</SimpleData>
		<SimpleData name="optic_make">NavAids Pvt Ltd, Delhi</SimpleData>
		<SimpleData name="optic_model">NE-9A</SimpleData>
		<SimpleData name="optic_type">Marine LED Lantern (Three-Tier)</SimpleData>
		<SimpleData name="led">1</SimpleData>
		<SimpleData name="solar">1</SimpleData>
		<SimpleData name="ais">0</SimpleData>
		<SimpleData name="dgps">0</SimpleData>
		<SimpleData name="vts">0</SimpleData>
		<SimpleData name="tower_type">White round stone tower</SimpleData>
		<SimpleData name="tower_h_m">20</SimpleData>
		<SimpleData name="tower_colour">White</SimpleData>
		<SimpleData name="tower_year">1884</SimpleData>
		<SimpleData name="established">1884</SimpleData>
		<SimpleData name="visit">closed</SimpleData>
		<SimpleData name="tourism">0</SimpleData>
		<SimpleData name="museum">0</SimpleData>
		<SimpleData name="record">1</SimpleData>
		<SimpleData name="ledger_url">https://www.dgll.nic.in/sites/default/files/2022-12/Master%20Ledger%20Gandhidham%2021.pdf</SimpleData>
		<SimpleData name="page_url">https://www.dgll.nic.in/DGLL-light-house-location/about-vts-gandhi-dham/kalubhar-lighthouse</SimpleData>
		<SimpleData name="rowlett">1884. Active; focal plane 27 m (89 ft); three white flashes every 15 s. 20 m (66 ft) round stone tower with lantern and gallery, attached to a 1-story keeper's house. Lighthouse painted white; lantern dome is red. Prashant Chauhan's 2020 photo is at right, Mukeshkumar Mali has a distant photo, and Google has a satellite view. This lighthouse, which marks the entrance to the harbor of Salaya, was built by the princely state of Nawanagar. The tower was restored and increased in height in 1961. Located just off the west end of the island about 20 km (12.5 mi) north of Salaya. Accessible only by boat. Site and tower closed. ARLHS IND-169; Admiralty F0384; NGA 28336.</SimpleData>
		<SimpleData name="arlhs">IND-169</SimpleData>
		<SimpleData name="photo">https://www.dgll.nic.in/sites/default/files/2022-11/Kalubhar_Lighthouse.png</SimpleData>
		<SimpleData name="transcribed">1</SimpleData>
		<SimpleData name="ledger_issues">(0:)</SimpleData>
		<SimpleData name="equip_years">{ }</SimpleData>
		<SimpleData name="equip_since">{ }</SimpleData>
		<SimpleData name="tenders">(0:)</SimpleData>
		<SimpleData name="photo_credit">DGLL</SimpleData>
	</SchemaData></ExtendedData>
      <Point><coordinates>69.58667,22.43833</coordinates></Point>
  </Placemark>
  <Placemark>
	<name>Kachchigadh Lighthouse</name>
	<ExtendedData><SchemaData schemaUrl="#lighthouses">
		<SimpleData name="id">kachhigadh-lighthouse</SimpleData>
		<SimpleData name="kind">lighthouse</SimpleData>
		<SimpleData name="region">Jamnagar</SimpleData>
		<SimpleData name="pos_src">DGLL ledger</SimpleData>
		<SimpleData name="alol">F 0397</SimpleData>
		<SimpleData name="char">Fl(4)W15 Sec. (0.4+1.5)3+0.4+8.9=15 Sec)</SimpleData>
		<SimpleData name="ckind">Fl</SimpleData>
		<SimpleData name="colour">W</SimpleData>
		<SimpleData name="group">4</SimpleData>
		<SimpleData name="period">15</SimpleData>
		<SimpleData name="phases">(8:0.4,1.5,0.4,1.5,0.4,1.5,0.4,8.9)</SimpleData>
		<SimpleData name="phases_src">ledger</SimpleData>
		<SimpleData name="flash_s">0.4</SimpleData>
		<SimpleData name="sectored">0</SimpleData>
		<SimpleData name="lum_nm">25.7</SimpleData>
		<SimpleData name="geo_nm">16.6</SimpleData>
		<SimpleData name="reach_nm">16.6</SimpleData>
		<SimpleData name="elev_m">33</SimpleData>
		<SimpleData name="optic">revolving</SimpleData>
		<SimpleData name="optic_evidence">Rotation Device: Stepper motor; R.P.M. 4; Pedestal: Mercury float</SimpleData>
		<SimpleData name="optic_make">BBT</SimpleData>
		<SimpleData name="optic_model">MBR-300</SimpleData>
		<SimpleData name="optic_type">MBR-300</SimpleData>
		<SimpleData name="rpm">4</SimpleData>
		<SimpleData name="panels">4</SimpleData>
		<SimpleData name="led">1</SimpleData>
		<SimpleData name="solar">1</SimpleData>
		<SimpleData name="ais">0</SimpleData>
		<SimpleData name="dgps">0</SimpleData>
		<SimpleData name="racon">K</SimpleData>
		<SimpleData name="vts">0</SimpleData>
		<SimpleData name="tower_type">Circular concrete Tower</SimpleData>
		<SimpleData name="tower_h_m">30</SimpleData>
		<SimpleData name="tower_colour">3 Red and 2 White bands (Bottom band Red)</SimpleData>
		<SimpleData name="tower_year">1983</SimpleData>
		<SimpleData name="established">1977</SimpleData>
		<SimpleData name="visit">grounds</SimpleData>
		<SimpleData name="tourism">1</SimpleData>
		<SimpleData name="museum">0</SimpleData>
		<SimpleData name="record">1</SimpleData>
		<SimpleData name="ledger_url">https://www.dgll.nic.in/sites/default/files/2022-12/dj1.pdf</SimpleData>
		<SimpleData name="page_url">https://www.dgll.nic.in/DGLL-light-house-location/about-jamnagar/kachhigadh-lighthouse</SimpleData>
		<SimpleData name="rowlett">1983 (station established 1977). Active; focal plane 34 m (112 ft); four white flashes every 15 s. 30 m (98 ft) round cylindrical concrete tower with lantern and gallery, painted with horizontal red and white bands. Arvind Prajapati has the 2022 photo seen at right, Vatsal Mandavia has a closeup 2021 photo, Sejul Antala has a closeup, R. Ramesh has a street view from the nearby beach, and Google has a satellite view. The station was established with a temporary light on a &quot;cabin&quot; in 1977. It marks the southern approach to the Gulf of Kachchh (Kutch). Located about 15 km (9 mi) north of Dwarka. Site open, tower closed. ARLHS IND-142; Admiralty F0397; NGA 28304.</SimpleData>
		<SimpleData name="arlhs">IND-142</SimpleData>
		<SimpleData name="photo">https://www.dgll.nic.in/sites/default/files/2022-11/J-1.jpg</SimpleData>
		<SimpleData name="transcribed">1</SimpleData>
		<SimpleData name="ledger_issues">(2:Effective beam intensity blank,Date of commissioning blank)</SimpleData>
		<SimpleData name="equip_years">{ }</SimpleData>
		<SimpleData name="equip_since">{ &quot;racon&quot;: { &quot;year&quot;: 2004, &quot;src&quot;: &quot;network&quot; } }</SimpleData>
		<SimpleData name="tenders">(0:)</SimpleData>
		<SimpleData name="photo_credit">DGLL</SimpleData>
	</SchemaData></ExtendedData>
      <Point><coordinates>68.94867,22.33117</coordinates></Point>
  </Placemark>
  <Placemark>
	<name>Dwarka Point Lighthouse</name>
	<ExtendedData><SchemaData schemaUrl="#lighthouses">
		<SimpleData name="id">dwarka-point-lighthouse</SimpleData>
		<SimpleData name="kind">lighthouse</SimpleData>
		<SimpleData name="region">Jamnagar</SimpleData>
		<SimpleData name="pos_src">DGLL ledger</SimpleData>
		<SimpleData name="alol">F 0396</SimpleData>
		<SimpleData name="char">Fl (2)W 20 sec. (0.31+4.69+0.31+14.69=20sec.)</SimpleData>
		<SimpleData name="ckind">Fl</SimpleData>
		<SimpleData name="colour">W</SimpleData>
		<SimpleData name="group">2</SimpleData>
		<SimpleData name="period">20</SimpleData>
		<SimpleData name="phases">(4:0.31,4.69,0.31,14.69)</SimpleData>
		<SimpleData name="phases_src">ledger</SimpleData>
		<SimpleData name="flash_s">0.31</SimpleData>
		<SimpleData name="sectored">0</SimpleData>
		<SimpleData name="lum_nm">25.5</SimpleData>
		<SimpleData name="geo_nm">19</SimpleData>
		<SimpleData name="iala_nm">24.7</SimpleData>
		<SimpleData name="reach_nm">19</SimpleData>
		<SimpleData name="intensity_cd">707007</SimpleData>
		<SimpleData name="elev_m">48</SimpleData>
		<SimpleData name="optic">revolving</SimpleData>
		<SimpleData name="optic_evidence">Rotation Device: Stepper motor; R.P.M. 3; Pedestal: Mercury float</SimpleData>
		<SimpleData name="optic_make">Stone Chance</SimpleData>
		<SimpleData name="optic_size">500 mm</SimpleData>
		<SimpleData name="rpm">3</SimpleData>
		<SimpleData name="panels">2</SimpleData>
		<SimpleData name="led">1</SimpleData>
		<SimpleData name="solar">1</SimpleData>
		<SimpleData name="ais">0</SimpleData>
		<SimpleData name="dgps">0</SimpleData>
		<SimpleData name="racon">G</SimpleData>
		<SimpleData name="vts">0</SimpleData>
		<SimpleData name="tower_type">Square masonry stone tower</SimpleData>
		<SimpleData name="tower_h_m">43</SimpleData>
		<SimpleData name="tower_colour">Black and White bands</SimpleData>
		<SimpleData name="tower_year">1962</SimpleData>
		<SimpleData name="established">1866</SimpleData>
		<SimpleData name="visit">open</SimpleData>
		<SimpleData name="tourism">1</SimpleData>
		<SimpleData name="museum">1</SimpleData>
		<SimpleData name="record">1</SimpleData>
		<SimpleData name="ledger_url">https://www.dgll.nic.in/sites/default/files/2022-12/dj2.pdf</SimpleData>
		<SimpleData name="page_url">https://www.dgll.nic.in/DGLL-light-house-location/about-jamnagar/dwarka-point-lighthouse</SimpleData>
		<SimpleData name="rowlett">1962 (station established 1866). Active; focal plane 48 m (157 ft); two white flashes every 20 s. 43 m (141 ft) square masonry tower with lantern and gallery, attached to a 1-story keeper's house/harbor control center. Lighthouse painted with horizontal black and white bands. A 2024 photo is at the top of this page, a 2018 photo is available, Elvin Lonan has a 2010 photo, Tanmay Vora has a 2008 photo, Wikimedia has a distant view, Harshang Chhaya has a closeup street view, and Google has a satellite view. This is the westernmost lighthouse of Saurashtra and a well-known tourist attraction. The original lighthouse, an 18 m (59 ft) square masonry tower, was built by the native state of Baroda.</SimpleData>
		<SimpleData name="arlhs">IND-133</SimpleData>
		<SimpleData name="photo">https://www.dgll.nic.in/sites/default/files/2022-11/J-2.jpg</SimpleData>
		<SimpleData name="transcribed">1</SimpleData>
		<SimpleData name="ledger_issues">(3:RACON heading says '- NA-' but a Tide Land RACON, code G, X&amp;S band, installed Oct-2005 is listed,NAIS lists only base station 'PSS Dwarka' with no model/MMSI,Solar plant capacity printed as '10WKp')</SimpleData>
		<SimpleData name="equip_years">{ &quot;racon&quot;: 2005 }</SimpleData>
		<SimpleData name="equip_since">{ &quot;racon&quot;: { &quot;year&quot;: 2005, &quot;src&quot;: &quot;ledger&quot; } }</SimpleData>
		<SimpleData name="tenders">(0:)</SimpleData>
		<SimpleData name="photo_credit">DGLL</SimpleData>
	</SchemaData></ExtendedData>
      <Point><coordinates>68.95783,22.23817</coordinates></Point>
  </Placemark>
  <Placemark>
	<name>Navadra Lighthouse</name>
	<ExtendedData><SchemaData schemaUrl="#lighthouses">
		<SimpleData name="id">navadra-lighthouse</SimpleData>
		<SimpleData name="kind">lighthouse</SimpleData>
		<SimpleData name="region">Jamnagar</SimpleData>
		<SimpleData name="pos_src">DGLL ledger</SimpleData>
		<SimpleData name="address">Station Incharge, Navadra Lighthouse, P.O. Bhatiya,Taluka- Kalyanpur, Dist- Devbhumi Dwarka Pin-361315.</SimpleData>
		<SimpleData name="alol">F 0398</SimpleData>
		<SimpleData name="char">Fl(3)W15 Sec. (0.4+1.5)2+0.4+10.8=15 Sec)</SimpleData>
		<SimpleData name="ckind">Fl</SimpleData>
		<SimpleData name="colour">W</SimpleData>
		<SimpleData name="group">3</SimpleData>
		<SimpleData name="period">15</SimpleData>
		<SimpleData name="phases">(6:0.4,1.5,0.4,1.5,0.4,10.8)</SimpleData>
		<SimpleData name="phases_src">ledger</SimpleData>
		<SimpleData name="flash_s">0.4</SimpleData>
		<SimpleData name="sectored">0</SimpleData>
		<SimpleData name="lum_nm">18</SimpleData>
		<SimpleData name="geo_nm">20</SimpleData>
		<SimpleData name="reach_nm">18</SimpleData>
		<SimpleData name="elev_m">55</SimpleData>
		<SimpleData name="optic">revolving</SimpleData>
		<SimpleData name="optic_evidence">Rotation Device: Stepper motor; R.P.M. 4</SimpleData>
		<SimpleData name="optic_make">MSM</SimpleData>
		<SimpleData name="optic_model">MBR-300</SimpleData>
		<SimpleData name="optic_type">MBR-300</SimpleData>
		<SimpleData name="rpm">4</SimpleData>
		<SimpleData name="panels">3</SimpleData>
		<SimpleData name="led">1</SimpleData>
		<SimpleData name="solar">1</SimpleData>
		<SimpleData name="ais">0</SimpleData>
		<SimpleData name="dgps">0</SimpleData>
		<SimpleData name="vts">0</SimpleData>
		<SimpleData name="tower_type">Circular concrete Tower</SimpleData>
		<SimpleData name="tower_h_m">35</SimpleData>
		<SimpleData name="tower_colour">3 Red and 2 White bands</SimpleData>
		<SimpleData name="tower_year">1986</SimpleData>
		<SimpleData name="established">1986</SimpleData>
		<SimpleData name="visit">grounds</SimpleData>
		<SimpleData name="tourism">0</SimpleData>
		<SimpleData name="museum">0</SimpleData>
		<SimpleData name="record">1</SimpleData>
		<SimpleData name="ledger_url">https://www.dgll.nic.in/sites/default/files/2022-12/dj3.pdf</SimpleData>
		<SimpleData name="page_url">https://www.dgll.nic.in/DGLL-light-house-location/about-jamnagar/navadra-lighthouse</SimpleData>
		<SimpleData name="rowlett">1986. Active; focal plane 55 m (180 ft); three white flashes every 15 s. 35 m (115 ft) round cylindrical concrete tower with lantern and gallery, painted with horizontal red and white bands. Karan Ahir has a closeup 2023 photo and Google has a satellite view. This lighthouse was built to provide the first light for the long stretch of coastline between Porbandar and Dwarka. It stands isolated, surrounded by a large wind farm, about 500 m (0.4 mi) from a 25 m (80 ft) cliff. Located off the coastal highway 50 km (30 mi) southeast of Dwarka and the same distance northwest of Porbandar. Site open, tower closed. ARLHS IND-152; Admiralty F0398; NGA 28296.</SimpleData>
		<SimpleData name="arlhs">IND-152</SimpleData>
		<SimpleData name="photo">https://www.dgll.nic.in/sites/default/files/2022-11/J-3.jpg</SimpleData>
		<SimpleData name="transcribed">1</SimpleData>
		<SimpleData name="ledger_issues">(2:Effective beam intensity blank,Name printed 'NAVDRA Lighthouse' (postal address 'Navadra'))</SimpleData>
		<SimpleData name="equip_years">{ }</SimpleData>
		<SimpleData name="equip_since">{ }</SimpleData>
		<SimpleData name="tenders">(2:2130,2019)</SimpleData>
		<SimpleData name="photo_credit">DGLL</SimpleData>
	</SchemaData></ExtendedData>
      <Point><coordinates>69.23167,21.94167</coordinates></Point>
  </Placemark>
  <Placemark>
	<name>Dariapur Lighthouse</name>
	<ExtendedData><SchemaData schemaUrl="#lighthouses">
		<SimpleData name="id">dariapur-lighthouse</SimpleData>
		<SimpleData name="kind">lighthouse</SimpleData>
		<SimpleData name="region">Kolkata</SimpleData>
		<SimpleData name="pos_src">DGLL ledger</SimpleData>
		<SimpleData name="address">Dariapur Lighthouse, P.O Dariapur Dist. East Midnapur, PIN- 721 442</SimpleData>
		<SimpleData name="alol">F 1029</SimpleData>
		<SimpleData name="char">Flash 2 (W) 20 Sec</SimpleData>
		<SimpleData name="ckind">Fl</SimpleData>
		<SimpleData name="colour">W</SimpleData>
		<SimpleData name="group">2</SimpleData>
		<SimpleData name="period">20</SimpleData>
		<SimpleData name="phases">(4:0.25,2,0.25,17.5)</SimpleData>
		<SimpleData name="phases_src">derived</SimpleData>
		<SimpleData name="flash_s">0.25</SimpleData>
		<SimpleData name="sectored">0</SimpleData>
		<SimpleData name="lum_nm">19</SimpleData>
		<SimpleData name="geo_nm">15.5</SimpleData>
		<SimpleData name="iala_nm">19.3</SimpleData>
		<SimpleData name="reach_nm">15.5</SimpleData>
		<SimpleData name="intensity_cd">85000</SimpleData>
		<SimpleData name="elev_m">22</SimpleData>
		<SimpleData name="optic">revolving</SimpleData>
		<SimpleData name="optic_order">4</SimpleData>
		<SimpleData name="optic_evidence">Size: 250 mm (4th Order) revolving; RPM 1.5; Pedestal: Mercury Float</SimpleData>
		<SimpleData name="optic_make">Chance Brothers, UK</SimpleData>
		<SimpleData name="optic_size">250 mm (4th Order) revolving</SimpleData>
		<SimpleData name="rpm">1.5</SimpleData>
		<SimpleData name="panels">4</SimpleData>
		<SimpleData name="led">0</SimpleData>
		<SimpleData name="solar">1</SimpleData>
		<SimpleData name="ais">0</SimpleData>
		<SimpleData name="dgps">0</SimpleData>
		<SimpleData name="racon">G</SimpleData>
		<SimpleData name="vts">0</SimpleData>
		<SimpleData name="tower_type">Circular Masonry Tower</SimpleData>
		<SimpleData name="tower_h_m">26</SimpleData>
		<SimpleData name="tower_colour">Black &amp; White Bands</SimpleData>
		<SimpleData name="tower_year">1968</SimpleData>
		<SimpleData name="established">1943</SimpleData>
		<SimpleData name="visit">open</SimpleData>
		<SimpleData name="tourism">1</SimpleData>
		<SimpleData name="museum">0</SimpleData>
		<SimpleData name="record">1</SimpleData>
		<SimpleData name="ledger_url">https://www.dgll.nic.in/sites/default/files/2022-11/Kolkata%202.pdf</SimpleData>
		<SimpleData name="page_url">https://www.dgll.nic.in/DGLL-light-house-location/about-kolkata/dariapur-lighthouse</SimpleData>
		<SimpleData name="rowlett">1968 (station established 1943). Active; focal plane 30 m (98 ft); two long (1.4 s) white flashes every 20 s. 26 m (85 ft) round cylindrical concrete tower with lantern and gallery, painted with horizontal black and white bands. Sayan Pradhan's 2023 photo is at the top of this page, Wikimdia has Biswarup Ganguly's 2016 photo and several other photos, a 2012 photo is available, and Google has a 2023 street view and a satellite view. The original light was on a 20 m (66 ft) steel mast located 1 km (0.6 mi) to the east. The original optics for the current lighthouse were transferred from the 1881 Dwarka lighthouse, deactivated in 1964. Modern LED optics are now in use. Since 1995 the lighthouse</SimpleData>
		<SimpleData name="arlhs">IND-030</SimpleData>
		<SimpleData name="wikidata">Q32859730</SimpleData>
		<SimpleData name="photo">http://commons.wikimedia.org/wiki/Special:FilePath/Dariapur%20Lighthouse%20-%20East%20Midnapore%202016-06-18%204577.JPG</SimpleData>
		<SimpleData name="transcribed">1</SimpleData>
		<SimpleData name="ledger_issues">(3:Ledger gives 'Elevation of ground 4m' and 'Elevation of tower 22 m' (tower height 26 m); 22 m used as elevation,Divergence printed without units ('2.28 (Horiz.) &amp; 4.56 (Vert.)'); assumed degrees,No year of establishment or commissioning stated)</SimpleData>
		<SimpleData name="equip_years">{ &quot;racon&quot;: 2008 }</SimpleData>
		<SimpleData name="equip_since">{ &quot;racon&quot;: { &quot;year&quot;: 2008, &quot;src&quot;: &quot;ledger&quot; } }</SimpleData>
		<SimpleData name="tenders">(4:2566,2014,1725,869)</SimpleData>
		<SimpleData name="photo_credit">Wikimedia Commons</SimpleData>
	</SchemaData></ExtendedData>
      <Point><coordinates>87.865,21.79</coordinates></Point>
  </Placemark>
  <Placemark>
	<name>Ruvapari Lighthouse</name>
	<ExtendedData><SchemaData schemaUrl="#lighthouses">
		<SimpleData name="id">ruvapari-lighthouse</SimpleData>
		<SimpleData name="kind">lighthouse</SimpleData>
		<SimpleData name="region">Jamnagar</SimpleData>
		<SimpleData name="pos_src">DGLL ledger</SimpleData>
		<SimpleData name="alol">F 0456</SimpleData>
		<SimpleData name="char">Fl (W) 12Sec. (0.5 + 11.5 = 12Sec)</SimpleData>
		<SimpleData name="ckind">Fl</SimpleData>
		<SimpleData name="colour">W</SimpleData>
		<SimpleData name="group">1</SimpleData>
		<SimpleData name="period">12</SimpleData>
		<SimpleData name="phases">(2:0.5,11.5)</SimpleData>
		<SimpleData name="phases_src">ledger</SimpleData>
		<SimpleData name="flash_s">0.5</SimpleData>
		<SimpleData name="sectored">0</SimpleData>
		<SimpleData name="lum_nm">11</SimpleData>
		<SimpleData name="geo_nm">13.9</SimpleData>
		<SimpleData name="iala_nm">12.1</SimpleData>
		<SimpleData name="reach_nm">11</SimpleData>
		<SimpleData name="intensity_cd">3817</SimpleData>
		<SimpleData name="elev_m">20</SimpleData>
		<SimpleData name="optic">flasher</SimpleData>
		<SimpleData name="optic_evidence">Illuminant: SL 155 LED LANTERN; Rotation Device and R.P.M. blank</SimpleData>
		<SimpleData name="optic_make">Chance Brother</SimpleData>
		<SimpleData name="optic_size">300 mm</SimpleData>
		<SimpleData name="led">1</SimpleData>
		<SimpleData name="solar">1</SimpleData>
		<SimpleData name="ais">0</SimpleData>
		<SimpleData name="dgps">0</SimpleData>
		<SimpleData name="vts">0</SimpleData>
		<SimpleData name="tower_type">Grey hut o piles</SimpleData>
		<SimpleData name="tower_h_m">10</SimpleData>
		<SimpleData name="tower_colour">Grey</SimpleData>
		<SimpleData name="tower_year">1922</SimpleData>
		<SimpleData name="established">1891</SimpleData>
		<SimpleData name="visit">grounds</SimpleData>
		<SimpleData name="tourism">0</SimpleData>
		<SimpleData name="museum">0</SimpleData>
		<SimpleData name="record">1</SimpleData>
		<SimpleData name="ledger_url">https://www.dgll.nic.in/sites/default/files/2022-12/dj20.pdf</SimpleData>
		<SimpleData name="page_url">https://www.dgll.nic.in/DGLL-light-house-location/about-jamnagar/ruvapari-lighthouse</SimpleData>
		<SimpleData name="rowlett">1922 (station established 1891). Active (?); focal plane 20 m (66 ft); white flash every 12 s. Square 1-story wood keeper's house with a pyramidal corrugated iron roof, mounted on Burmese teak pilings. Since 1994 the light has been shown from the top of a tall mast mounted on the roof. A DGLL photo is at right and Google has a satellite view; in both views the lighthouse appears high and dry on mud flats. The original lighthouse was destroyed by a tropical cyclone in 1920. The survival of this old-fashioned pile lighthouse is astonishing. The Indian Quarterly had an article by Ramesh Menon (no longer online) stating that the lighthouse has a resident keeper. The 16 teak straightpiles are abo</SimpleData>
		<SimpleData name="arlhs">IND-162</SimpleData>
		<SimpleData name="photo">https://www.dgll.nic.in/sites/default/files/2022-11/J-19.jpg</SimpleData>
		<SimpleData name="transcribed">1</SimpleData>
		<SimpleData name="ledger_issues">(3:Divergence 3° 26.18' not labelled horizontal or vertical,Tower type printed 'Grey hut o piles'; pedestal '40 feet wrought iron tapering mast fixed Screw Pile',Date of commissioning given only as year 1891)</SimpleData>
		<SimpleData name="equip_years">{ }</SimpleData>
		<SimpleData name="equip_since">{ }</SimpleData>
		<SimpleData name="tenders">(0:)</SimpleData>
		<SimpleData name="photo_credit">DGLL</SimpleData>
	</SchemaData></ExtendedData>
      <Point><coordinates>72.23333,21.77833</coordinates></Point>
  </Placemark>
  <Placemark>
	<name>Perigee Light Vessel(Main Light)</name>
	<ExtendedData><SchemaData schemaUrl="#lighthouses">
		<SimpleData name="id">perigee-light-vesselmain-light</SimpleData>
		<SimpleData name="kind">lightvessel</SimpleData>
		<SimpleData name="region">Jamnagar</SimpleData>
		<SimpleData name="pos_src">DGLL ledger</SimpleData>
		<SimpleData name="address">Perigee Lighthouse, C/o. Ghogha Lighthouse, P.O Ghogha, Dist: Bhavnagar.</SimpleData>
		<SimpleData name="alol">F 0449</SimpleData>
		<SimpleData name="char">Fl (W) 7Sec. (0.5 + 6.5 = 7Sec)</SimpleData>
		<SimpleData name="ckind">Fl</SimpleData>
		<SimpleData name="colour">W</SimpleData>
		<SimpleData name="group">1</SimpleData>
		<SimpleData name="period">7</SimpleData>
		<SimpleData name="phases">(2:0.5,6.5)</SimpleData>
		<SimpleData name="phases_src">ledger</SimpleData>
		<SimpleData name="flash_s">0.5</SimpleData>
		<SimpleData name="sectored">0</SimpleData>
		<SimpleData name="lum_nm">12</SimpleData>
		<SimpleData name="geo_nm">13.7</SimpleData>
		<SimpleData name="iala_nm">13</SimpleData>
		<SimpleData name="reach_nm">12</SimpleData>
		<SimpleData name="intensity_cd">5726</SimpleData>
		<SimpleData name="elev_m">19</SimpleData>
		<SimpleData name="optic">flasher</SimpleData>
		<SimpleData name="optic_evidence">Type: LED Lantern; Illuminant 12V/20W LED Lantern; Rotation Device and R.P.M. blank</SimpleData>
		<SimpleData name="optic_make">Sealite</SimpleData>
		<SimpleData name="optic_model">SL125</SimpleData>
		<SimpleData name="optic_type">LED Lantern</SimpleData>
		<SimpleData name="optic_size">125mm</SimpleData>
		<SimpleData name="led">1</SimpleData>
		<SimpleData name="solar">1</SimpleData>
		<SimpleData name="ais">0</SimpleData>
		<SimpleData name="dgps">0</SimpleData>
		<SimpleData name="vts">0</SimpleData>
		<SimpleData name="tower_type">Red Hull</SimpleData>
		<SimpleData name="tower_h_m">10</SimpleData>
		<SimpleData name="tower_colour">Red</SimpleData>
		<SimpleData name="tower_year">1973</SimpleData>
		<SimpleData name="established">1936</SimpleData>
		<SimpleData name="visit">closed</SimpleData>
		<SimpleData name="tourism">0</SimpleData>
		<SimpleData name="museum">0</SimpleData>
		<SimpleData name="record">1</SimpleData>
		<SimpleData name="ledger_url">https://www.dgll.nic.in/sites/default/files/2022-12/dj21.pdf</SimpleData>
		<SimpleData name="page_url">https://www.dgll.nic.in/DGLL-light-house-location/about-jamnagar/perigee-light-vesselmain-light</SimpleData>
		<SimpleData name="rowlett">1973 (station established 1936). Active; focal plane 12 m (39 ft); white flash every 7 s. 21 m (69 ft) unstaffed steel lightfloat; the solar-powered light is shown from a square pyramidal steel skeletal tower with gallery. Entire vessel painted red. A DGLL photo is at right and Bing has a satellite view. This vessel, the third to serve on the station, marks a dangerous shoal in the channel on the approach to Bhavnagar. Operated as an automated lightfloat, the ship was reported still on station in 2010. Located 3 km (2 mi) northeast of the Ghogha lighthouse; there should be a distant view from the Ghogha waterfront. Site and vessel closed. Operator: DGLL. ARLHS IND-144; Admiralty F0449; NGA 2</SimpleData>
		<SimpleData name="arlhs">IND-144</SimpleData>
		<SimpleData name="photo">https://www.dgll.nic.in/sites/default/files/2022-11/J-20.jpg</SimpleData>
		<SimpleData name="transcribed">1</SimpleData>
		<SimpleData name="ledger_issues">(1:Divergence 2.5º not labelled horizontal or vertical)</SimpleData>
		<SimpleData name="equip_years">{ }</SimpleData>
		<SimpleData name="equip_since">{ }</SimpleData>
		<SimpleData name="tenders">(0:)</SimpleData>
		<SimpleData name="photo_credit">DGLL</SimpleData>
	</SchemaData></ExtendedData>
      <Point><coordinates>72.3,21.70183</coordinates></Point>
  </Placemark>
  <Placemark>
	<name>Ghogha Lighthouse</name>
	<ExtendedData><SchemaData schemaUrl="#lighthouses">
		<SimpleData name="id">ghogha-lighthouse</SimpleData>
		<SimpleData name="kind">lighthouse</SimpleData>
		<SimpleData name="region">Jamnagar</SimpleData>
		<SimpleData name="pos_src">DGLL ledger</SimpleData>
		<SimpleData name="address">N.A-I,Ghogha Lighthouse,P.O Ghogha,Dist.Bhavnagar,PIN-364110</SimpleData>
		<SimpleData name="alol">F 0452</SimpleData>
		<SimpleData name="char">Occulting Red 15 Sec. (11 + 4= 15 Sec.)</SimpleData>
		<SimpleData name="ckind">Oc</SimpleData>
		<SimpleData name="colour">R</SimpleData>
		<SimpleData name="group">1</SimpleData>
		<SimpleData name="period">15</SimpleData>
		<SimpleData name="phases">(2:11,4)</SimpleData>
		<SimpleData name="phases_src">ledger</SimpleData>
		<SimpleData name="flash_s">11</SimpleData>
		<SimpleData name="sectored">0</SimpleData>
		<SimpleData name="lum_nm">11</SimpleData>
		<SimpleData name="geo_nm">13.4</SimpleData>
		<SimpleData name="iala_nm">16.9</SimpleData>
		<SimpleData name="reach_nm">11</SimpleData>
		<SimpleData name="intensity_cd">32230</SimpleData>
		<SimpleData name="elev_m">18</SimpleData>
		<SimpleData name="optic">flasher</SimpleData>
		<SimpleData name="optic_evidence">Make: B.B.T, Drum optic (fixed); Pedestal Fixed</SimpleData>
		<SimpleData name="optic_make">B.B.T, Drum optic (fixed)</SimpleData>
		<SimpleData name="optic_type">1000 mm dia (Provided with red color filter)</SimpleData>
		<SimpleData name="optic_size">1000 mm diameter</SimpleData>
		<SimpleData name="led">1</SimpleData>
		<SimpleData name="solar">1</SimpleData>
		<SimpleData name="ais">0</SimpleData>
		<SimpleData name="dgps">0</SimpleData>
		<SimpleData name="vts">0</SimpleData>
		<SimpleData name="tower_type">Square masonry tower with semicircular.</SimpleData>
		<SimpleData name="tower_h_m">16</SimpleData>
		<SimpleData name="tower_colour">2 Red and 1 White bands (Bottom band Red)</SimpleData>
		<SimpleData name="established">1856</SimpleData>
		<SimpleData name="visit">grounds</SimpleData>
		<SimpleData name="tourism">1</SimpleData>
		<SimpleData name="museum">0</SimpleData>
		<SimpleData name="record">1</SimpleData>
		<SimpleData name="ledger_url">https://www.dgll.nic.in/sites/default/files/2022-12/dj22.pdf</SimpleData>
		<SimpleData name="page_url">https://www.dgll.nic.in/DGLL-light-house-location/about-jamnagar/ghogha-lighthouse</SimpleData>
		<SimpleData name="rowlett">Date unknown (station established 1856). Active; focal plane 18 m (59 ft); red light occulting once every 15 s. 16 m (52 ft) square (or rectangular) cylindrical masonry tower with lantern and gallery, painted with horizontal red and white bands. Abutalib Sheikh has a closeup 2023 video, Ibrahim Shekh has a 2018 photo, Jatin Shah has a sunrise photo, another photo (second photo on the page) is available, and Google has a fuzzy satellite view. The station was inaugurated in 1856 with a mast light; this was replaced by a cast iron tower in 1887 and then by a masonry tower in 1936. Another tower was built in 1961. (We need more information about the history of this station!) Although Ghogha is a</SimpleData>
		<SimpleData name="arlhs">IND-134</SimpleData>
		<SimpleData name="photo">https://www.dgll.nic.in/sites/default/files/2022-11/J-21.jpg</SimpleData>
		<SimpleData name="transcribed">1</SimpleData>
		<SimpleData name="ledger_issues">(2:Divergence gives two values both labelled vertical ('4° 0.54'' and '0°41''), presumably main and emergency; no horizontal value,RACON section is a blank table)</SimpleData>
		<SimpleData name="equip_years">{ }</SimpleData>
		<SimpleData name="equip_since">{ }</SimpleData>
		<SimpleData name="tenders">(0:)</SimpleData>
		<SimpleData name="photo_credit">DGLL</SimpleData>
	</SchemaData></ExtendedData>
      <Point><coordinates>72.27667,21.69167</coordinates></Point>
  </Placemark>
  <Placemark>
	<name>Luhara Point Lighthouse</name>
	<ExtendedData><SchemaData schemaUrl="#lighthouses">
		<SimpleData name="id">luhara-point-lighthouse</SimpleData>
		<SimpleData name="kind">lighthouse</SimpleData>
		<SimpleData name="region">Mumbai</SimpleData>
		<SimpleData name="pos_src">DGLL ledger</SimpleData>
		<SimpleData name="address">Navigational Assistant Luhara Point Lighthouse AT-Luhara, PO-Lakhigam, Via-Dahej, Taluka- Wagra Dist-Bharuch, PIN-392130 (Gujurat)</SimpleData>
		<SimpleData name="alol">F 0470</SimpleData>
		<SimpleData name="char">fl W 15 Sec.(FL 0.5 Sec+14.5 Sec)</SimpleData>
		<SimpleData name="ckind">Fl</SimpleData>
		<SimpleData name="colour">W</SimpleData>
		<SimpleData name="group">1</SimpleData>
		<SimpleData name="period">15</SimpleData>
		<SimpleData name="phases">(2:0.5,14.5)</SimpleData>
		<SimpleData name="phases_src">ledger</SimpleData>
		<SimpleData name="flash_s">0.5</SimpleData>
		<SimpleData name="sectored">0</SimpleData>
		<SimpleData name="lum_nm">23.5</SimpleData>
		<SimpleData name="geo_nm">15.6</SimpleData>
		<SimpleData name="iala_nm">23.6</SimpleData>
		<SimpleData name="reach_nm">15.6</SimpleData>
		<SimpleData name="intensity_cd">468750</SimpleData>
		<SimpleData name="elev_m">28</SimpleData>
		<SimpleData name="optic">revolving</SimpleData>
		<SimpleData name="optic_evidence">Type: GRL-48MK-II gearless rotation; Rotation Device: 12V DC stepper motor; R.P.M. 1</SimpleData>
		<SimpleData name="optic_make">M/S. Ana, New Delhi</SimpleData>
		<SimpleData name="optic_model">GRL-48MK-II</SimpleData>
		<SimpleData name="optic_type">An Octagonal lens panel assembly; GRL-48MK-II gearless rotation</SimpleData>
		<SimpleData name="optic_size">200mm</SimpleData>
		<SimpleData name="rpm">1</SimpleData>
		<SimpleData name="panels">4</SimpleData>
		<SimpleData name="led">1</SimpleData>
		<SimpleData name="solar">1</SimpleData>
		<SimpleData name="ais">1</SimpleData>
		<SimpleData name="dgps">0</SimpleData>
		<SimpleData name="racon">D</SimpleData>
		<SimpleData name="vts">0</SimpleData>
		<SimpleData name="tower_type">C.I. Circular tower on RCC Base</SimpleData>
		<SimpleData name="tower_h_m">24</SimpleData>
		<SimpleData name="tower_colour">Red and White Spiral Band</SimpleData>
		<SimpleData name="tower_year">1977</SimpleData>
		<SimpleData name="established">1887</SimpleData>
		<SimpleData name="visit">open</SimpleData>
		<SimpleData name="tourism">0</SimpleData>
		<SimpleData name="museum">0</SimpleData>
		<SimpleData name="record">1</SimpleData>
		<SimpleData name="ledger_url">https://www.dgll.nic.in/sites/default/files/2022-12/mm1.pdf</SimpleData>
		<SimpleData name="page_url">https://www.dgll.nic.in/DGLL-light-house-location/about-mumbai/luhara-point-lighthouse</SimpleData>
		<SimpleData name="rowlett">1977 (station established 1887). Active; focal plane 32 m (105 ft); white flash every 15 s. 24 m (79 ft) round cast iron tower with lantern and gallery, mounted on a round concrete base. Lighthouse painted in a red and white spiral pattern; lantern painted white. A 2021 photo is at right, Farmesh Vasava has a 2018 photo, Asim Patel has a sunset photo, Prakash Patel has a view from atop the lighthouse, and Google has a satellite view. The original lighthouse was a skeletal tower. Located on a point of land near Ambetha, at the entrance to the Narbada River, which leads to the port city of Bharuch. Accessible by a walk of about 1.5 km (1 mi) from the village of Luhara (local guidance needed). </SimpleData>
		<SimpleData name="photo">https://www.dgll.nic.in/sites/default/files/2022-11/Luhara_Point_Lighthouse.png</SimpleData>
		<SimpleData name="transcribed">1</SimpleData>
		<SimpleData name="ledger_issues">(2:No. of lens printed 'Acrylic Fresnel lens assembly &amp; 4 lanes +4 Blanks' (octagonal assembly); 4 lenses used,RACON Sr. No 6295 is the same serial as in East Island and Kalpeni ledgers)</SimpleData>
		<SimpleData name="equip_years">{ &quot;racon&quot;: 2005 }</SimpleData>
		<SimpleData name="equip_since">{ &quot;racon&quot;: { &quot;year&quot;: 2005, &quot;src&quot;: &quot;ledger&quot; }, &quot;ais&quot;: { &quot;year&quot;: 2012, &quot;src&quot;: &quot;network&quot; } }</SimpleData>
		<SimpleData name="tenders">(2:2544,2219)</SimpleData>
		<SimpleData name="photo_credit">DGLL</SimpleData>
	</SchemaData></ExtendedData>
      <Point><coordinates>72.54817,21.6595</coordinates></Point>
  </Placemark>
  <Placemark>
	<name>Tajpur Lighthouse</name>
	<ExtendedData><SchemaData schemaUrl="#lighthouses">
		<SimpleData name="id">tajpur-lighthouse</SimpleData>
		<SimpleData name="kind">lighthouse</SimpleData>
		<SimpleData name="region">Kolkata</SimpleData>
		<SimpleData name="pos_src">DGLL ledger</SimpleData>
		<SimpleData name="alol">F1028.5</SimpleData>
		<SimpleData name="char">Flash (3) White Every 15 Seconds</SimpleData>
		<SimpleData name="ckind">Fl</SimpleData>
		<SimpleData name="colour">W</SimpleData>
		<SimpleData name="group">3</SimpleData>
		<SimpleData name="period">15</SimpleData>
		<SimpleData name="phases">(6:0.95,1.5,0.95,1.5,0.95,9.15)</SimpleData>
		<SimpleData name="phases_src">derived</SimpleData>
		<SimpleData name="sectored">0</SimpleData>
		<SimpleData name="lum_nm">20</SimpleData>
		<SimpleData name="geo_nm">16</SimpleData>
		<SimpleData name="iala_nm">11.8</SimpleData>
		<SimpleData name="reach_nm">16</SimpleData>
		<SimpleData name="intensity_cd">3344</SimpleData>
		<SimpleData name="elev_m">33.66</SimpleData>
		<SimpleData name="optic">revolving</SimpleData>
		<SimpleData name="optic_evidence">Speed Of Rotation 3 Rpm; 6 Panels</SimpleData>
		<SimpleData name="optic_model">SMLRB21</SimpleData>
		<SimpleData name="optic_size">Focal Length F-185 Mm</SimpleData>
		<SimpleData name="rpm">3</SimpleData>
		<SimpleData name="panels">6</SimpleData>
		<SimpleData name="led">0</SimpleData>
		<SimpleData name="solar">0</SimpleData>
		<SimpleData name="ais">0</SimpleData>
		<SimpleData name="dgps">0</SimpleData>
		<SimpleData name="vts">0</SimpleData>
		<SimpleData name="tower_type">Rcc Circular Tower (Slip Form)</SimpleData>
		<SimpleData name="tower_h_m">30</SimpleData>
		<SimpleData name="tower_colour">Red And White Spiral Band</SimpleData>
		<SimpleData name="tower_year">2019</SimpleData>
		<SimpleData name="established">2019</SimpleData>
		<SimpleData name="visit">open</SimpleData>
		<SimpleData name="tourism">1</SimpleData>
		<SimpleData name="museum">0</SimpleData>
		<SimpleData name="record">1</SimpleData>
		<SimpleData name="ledger_url">https://www.dgll.nic.in/sites/default/files/2022-11/kalkata11.pdf</SimpleData>
		<SimpleData name="page_url">https://www.dgll.nic.in/DGLL-light-house-location/about-kolkata/tajpur-lighthouse</SimpleData>
		<SimpleData name="rowlett">2019. Active; focal plane 30 m (98 ft); three white flashes every 15 s. Approx. 27 m (89 ft) round cylindrical concrete tower with lantern and two large observation galleries. A 2020 photo is at right, Suvajit Manna has a good photo, T. Suman has a closeup and a street view, and Google has a satellite view. Located in Tajpur, about 30 km (19 mi) southwest of Contai. Site open, tower open late afternoons daily. . Admiralty F1028.5.</SimpleData>
		<SimpleData name="transcribed">1</SimpleData>
		<SimpleData name="ledger_issues">(3:Effective beam intensity printed as '1,10,000 Lux (10219 3344 Candela)'; candela figure unreadable/implausible, not transcribed,Optic model printed as 'SMLRB2l' (last character l or 1),Established year taken from 'Date Of Operational 03rd December 2019')</SimpleData>
		<SimpleData name="equip_years">{ }</SimpleData>
		<SimpleData name="equip_since">{ }</SimpleData>
		<SimpleData name="tenders">(2:2251,2181)</SimpleData>
	</SchemaData></ExtendedData>
      <Point><coordinates>87.63162,21.65161</coordinates></Point>
  </Placemark>
  <Placemark>
	<name>Porbandar Lighthouse</name>
	<ExtendedData><SchemaData schemaUrl="#lighthouses">
		<SimpleData name="id">porbandar-lighthouse</SimpleData>
		<SimpleData name="kind">lighthouse</SimpleData>
		<SimpleData name="region">Jamnagar</SimpleData>
		<SimpleData name="pos_src">DGLL ledger</SimpleData>
		<SimpleData name="address">Assistant Engineer(E), Porbandar Lighthouse &amp; DGPS station, Post- Birla Sagar, Dist-Porbandar, Pin- 360 576(Gujarat State)</SimpleData>
		<SimpleData name="alol">F 0400</SimpleData>
		<SimpleData name="char">Fl(1)W5 Sec. (0.25+4.75=5 Sec)</SimpleData>
		<SimpleData name="ckind">Fl</SimpleData>
		<SimpleData name="colour">W</SimpleData>
		<SimpleData name="group">1</SimpleData>
		<SimpleData name="period">5</SimpleData>
		<SimpleData name="phases">(2:0.25,4.75)</SimpleData>
		<SimpleData name="phases_src">ledger</SimpleData>
		<SimpleData name="flash_s">0.25</SimpleData>
		<SimpleData name="sectored">0</SimpleData>
		<SimpleData name="lum_nm">19.8</SimpleData>
		<SimpleData name="geo_nm">19</SimpleData>
		<SimpleData name="reach_nm">19</SimpleData>
		<SimpleData name="elev_m">47.6</SimpleData>
		<SimpleData name="optic">revolving</SimpleData>
		<SimpleData name="optic_evidence">Rotation Device: Stepper motor; R.P.M. 2</SimpleData>
		<SimpleData name="optic_make">M/s.MEDITERRANEO SENALES MARITIMAS.</SimpleData>
		<SimpleData name="optic_type">MBR-300</SimpleData>
		<SimpleData name="rpm">2</SimpleData>
		<SimpleData name="panels">6</SimpleData>
		<SimpleData name="led">1</SimpleData>
		<SimpleData name="solar">1</SimpleData>
		<SimpleData name="ais">0</SimpleData>
		<SimpleData name="dgps">1</SimpleData>
		<SimpleData name="racon">D</SimpleData>
		<SimpleData name="vts">0</SimpleData>
		<SimpleData name="tower_type">Round concrete Tower</SimpleData>
		<SimpleData name="tower_h_m">41</SimpleData>
		<SimpleData name="tower_colour">Black and White bands</SimpleData>
		<SimpleData name="tower_year">1983</SimpleData>
		<SimpleData name="established">1876</SimpleData>
		<SimpleData name="visit">grounds</SimpleData>
		<SimpleData name="tourism">1</SimpleData>
		<SimpleData name="museum">0</SimpleData>
		<SimpleData name="record">1</SimpleData>
		<SimpleData name="ledger_url">https://www.dgll.nic.in/sites/default/files/2022-12/dj4.pdf</SimpleData>
		<SimpleData name="page_url">https://www.dgll.nic.in/DGLL-light-house-location/about-jamnagar/porbandar-lighthouse</SimpleData>
		<SimpleData name="rowlett">1983 (station established 1876). Active; focal plane 47 m (145 ft); white flash every 5 s. 41 m (135 ft) round concrete tower with lantern and gallery; the lighthouse also has a large harbor control room encircling the tower about 1/3 of the way up from the ground. Lighthouse painted with horizontal black and white bands. Google's 2023 street view is at right, Jayrajsinh Vaghela has a 2022 photo, Bandari Laxman has a 2023 photo, Vijay Jethva has a sunset photo, and Google also has a satellite view. Porbandar is an important port and also a tourist attraction; it was the birthplace of Mahatma Gandhi. Located 4 km (2.5 mi) east of the harbor of Porbandar. Site open, tower reported open in the </SimpleData>
		<SimpleData name="arlhs">IND-158</SimpleData>
		<SimpleData name="photo">https://www.dgll.nic.in/sites/default/files/2022-11/j-4.jpg</SimpleData>
		<SimpleData name="transcribed">1</SimpleData>
		<SimpleData name="ledger_issues">(3:Optic 'Duration of Flash 5 Sec' conflicts with flash 0.25 s in characteristic,Effective beam intensity blank,RACON and NAIS tables blank, yet a 70 W 'Solar Plant for RACON' is listed)</SimpleData>
		<SimpleData name="equip_years">{ &quot;ais&quot;: 2018 }</SimpleData>
		<SimpleData name="equip_since">{ &quot;racon&quot;: { &quot;year&quot;: 2004, &quot;src&quot;: &quot;network&quot; }, &quot;dgps&quot;: { &quot;year&quot;: 2003, &quot;src&quot;: &quot;network&quot; } }</SimpleData>
		<SimpleData name="tenders">(0:)</SimpleData>
		<SimpleData name="photo_credit">DGLL</SimpleData>
	</SchemaData></ExtendedData>
      <Point><coordinates>69.61994,21.6221</coordinates></Point>
  </Placemark>
  <Placemark>
	<name>Piram Lighthouse</name>
	<ExtendedData><SchemaData schemaUrl="#lighthouses">
		<SimpleData name="id">piram-lighthouse</SimpleData>
		<SimpleData name="kind">lighthouse</SimpleData>
		<SimpleData name="region">Jamnagar</SimpleData>
		<SimpleData name="pos_src">DGLL ledger</SimpleData>
		<SimpleData name="alol">F 0448</SimpleData>
		<SimpleData name="char">Fl(2)W10 Sec. (0.3+2.2+0.3+7.2=10 Sec)</SimpleData>
		<SimpleData name="ckind">Fl</SimpleData>
		<SimpleData name="colour">W</SimpleData>
		<SimpleData name="group">2</SimpleData>
		<SimpleData name="period">10</SimpleData>
		<SimpleData name="phases">(4:0.3,2.2,0.3,7.2)</SimpleData>
		<SimpleData name="phases_src">ledger</SimpleData>
		<SimpleData name="flash_s">0.3</SimpleData>
		<SimpleData name="sectored">0</SimpleData>
		<SimpleData name="lum_nm">16</SimpleData>
		<SimpleData name="geo_nm">18.7</SimpleData>
		<SimpleData name="iala_nm">19.6</SimpleData>
		<SimpleData name="reach_nm">16</SimpleData>
		<SimpleData name="intensity_cd">98072</SimpleData>
		<SimpleData name="elev_m">46</SimpleData>
		<SimpleData name="optic">revolving</SimpleData>
		<SimpleData name="optic_order">4</SimpleData>
		<SimpleData name="optic_evidence">Type: 300 mm (4th order) revolving type; Rotation Device: Stepper motor; R.P.M. 3</SimpleData>
		<SimpleData name="optic_make">BBT-France</SimpleData>
		<SimpleData name="optic_type">300 mm (4th order) revolving type</SimpleData>
		<SimpleData name="optic_size">300 mm</SimpleData>
		<SimpleData name="rpm">3</SimpleData>
		<SimpleData name="panels">4</SimpleData>
		<SimpleData name="led">1</SimpleData>
		<SimpleData name="solar">1</SimpleData>
		<SimpleData name="ais">0</SimpleData>
		<SimpleData name="dgps">0</SimpleData>
		<SimpleData name="racon">B</SimpleData>
		<SimpleData name="vts">0</SimpleData>
		<SimpleData name="tower_type">Brick Masonry circular Tower</SimpleData>
		<SimpleData name="tower_h_m">27</SimpleData>
		<SimpleData name="tower_colour">3 Black and 2 White bands (Bottom band Black)</SimpleData>
		<SimpleData name="tower_year">1865</SimpleData>
		<SimpleData name="established">1865</SimpleData>
		<SimpleData name="visit">closed</SimpleData>
		<SimpleData name="tourism">0</SimpleData>
		<SimpleData name="museum">0</SimpleData>
		<SimpleData name="record">1</SimpleData>
		<SimpleData name="ledger_url">https://www.dgll.nic.in/sites/default/files/2022-12/dj19.pdf</SimpleData>
		<SimpleData name="page_url">https://www.dgll.nic.in/DGLL-light-house-location/about-jamnagar/piram-lighthouse</SimpleData>
		<SimpleData name="rowlett">1865 (extensively rebuilt in 1965). Active; focal plane 42 m (138 ft); two white flashes every 10 s. 27 m (89 ft) round cylindrical masonry tower with lantern and gallery, rising from a circular 2-story base. Lighthouse painted with horizontal black and white bands. V.T. Balar has a 2018 closeup photo and Google has a satellite view. The lighthouse was repaired after a damaging fire in 1928. In 1965 its height was increased by 3 m (10 ft) and a new lantern was installed; photos suggest that only the 2-story base remains from the British lighthouse. The island is privately owned and available for purchase or development. Located on the southwest side of the island, about 10 km (6 mi) southeas</SimpleData>
		<SimpleData name="arlhs">IND-006</SimpleData>
		<SimpleData name="photo">https://www.dgll.nic.in/sites/default/files/2022-11/J-18.jpg</SimpleData>
		<SimpleData name="transcribed">1</SimpleData>
		<SimpleData name="ledger_issues">(2:NAIS section empty but a 6KWp 'Solar Plant for Main NAIS' and PSS NAIS batteries are listed,Unusually wide divergence 20°59.99' horizontal, 13°44.72' vertical)</SimpleData>
		<SimpleData name="equip_years">{ &quot;racon&quot;: 2010 }</SimpleData>
		<SimpleData name="equip_since">{ &quot;racon&quot;: { &quot;year&quot;: 2010, &quot;src&quot;: &quot;ledger&quot; } }</SimpleData>
		<SimpleData name="tenders">(0:)</SimpleData>
		<SimpleData name="photo_credit">DGLL</SimpleData>
	</SchemaData></ExtendedData>
      <Point><coordinates>72.35333,21.59833</coordinates></Point>
  </Placemark>
  <Placemark>
	<name>Navibandar Lighthouse</name>
	<ExtendedData><SchemaData schemaUrl="#lighthouses">
		<SimpleData name="id">navibandar-lighthouse</SimpleData>
		<SimpleData name="kind">lighthouse</SimpleData>
		<SimpleData name="region">Jamnagar</SimpleData>
		<SimpleData name="pos_src">DGLL ledger</SimpleData>
		<SimpleData name="alol">F 0404</SimpleData>
		<SimpleData name="char">Fl(1)W10 Sec. (1+9=10 Sec)</SimpleData>
		<SimpleData name="ckind">Fl</SimpleData>
		<SimpleData name="colour">W</SimpleData>
		<SimpleData name="group">1</SimpleData>
		<SimpleData name="period">10</SimpleData>
		<SimpleData name="phases">(2:1,9)</SimpleData>
		<SimpleData name="phases_src">ledger</SimpleData>
		<SimpleData name="flash_s">1</SimpleData>
		<SimpleData name="sectored">0</SimpleData>
		<SimpleData name="lum_nm">13</SimpleData>
		<SimpleData name="geo_nm">13.4</SimpleData>
		<SimpleData name="reach_nm">13</SimpleData>
		<SimpleData name="elev_m">18</SimpleData>
		<SimpleData name="optic">flasher</SimpleData>
		<SimpleData name="optic_evidence">Type: LED lantern; Rotation Device NIL; R.P.M. NIL</SimpleData>
		<SimpleData name="optic_make">Sealite</SimpleData>
		<SimpleData name="optic_type">LED lantern</SimpleData>
		<SimpleData name="led">1</SimpleData>
		<SimpleData name="solar">1</SimpleData>
		<SimpleData name="ais">0</SimpleData>
		<SimpleData name="dgps">0</SimpleData>
		<SimpleData name="vts">0</SimpleData>
		<SimpleData name="tower_type">Round concrete Tower</SimpleData>
		<SimpleData name="tower_h_m">15</SimpleData>
		<SimpleData name="tower_colour">White</SimpleData>
		<SimpleData name="established">1896</SimpleData>
		<SimpleData name="visit">grounds</SimpleData>
		<SimpleData name="tourism">0</SimpleData>
		<SimpleData name="museum">0</SimpleData>
		<SimpleData name="record">1</SimpleData>
		<SimpleData name="ledger_url">https://www.dgll.nic.in/sites/default/files/2022-12/dj5.pdf</SimpleData>
		<SimpleData name="page_url">https://www.dgll.nic.in/DGLL-light-house-location/about-jamnagar/navibandar-lighthouse</SimpleData>
		<SimpleData name="rowlett">Around 1920 (station established 1896). Active; focal plane 18 m (59 ft); white flash every 10 s. 15 m (49 ft) round concrete tower with lantern and gallery. Lighthouse painted white, lantern painted black with a red roof. A closeup photo (nearly 2/3 the way down the page) is available, Virendra Chamundiya has a 2024 closeup, and Google has a 2023 street view and a satellite view. The original light was on a corner of an 18th century fort, otherwise in ruins, that was restored for use as a lighthouse. This light is easily confused with the Nawabandar Light just east of Diu; that lighthouse is listed and pictured above. The two lighthouses are twins, which increases the chance of confusion. L</SimpleData>
		<SimpleData name="arlhs">IND-153</SimpleData>
		<SimpleData name="photo">https://www.dgll.nic.in/sites/default/files/2022-11/J-5.jpg</SimpleData>
		<SimpleData name="transcribed">1</SimpleData>
		<SimpleData name="ledger_issues">(2:Optic Duration of Flash printed as '10 Sec', inconsistent with characteristic 1+9=10 Sec,Effective beam intensity fields are blank)</SimpleData>
		<SimpleData name="equip_years">{ }</SimpleData>
		<SimpleData name="equip_since">{ }</SimpleData>
		<SimpleData name="tenders">(0:)</SimpleData>
		<SimpleData name="photo_credit">DGLL</SimpleData>
	</SchemaData></ExtendedData>
      <Point><coordinates>69.78667,21.45</coordinates></Point>
  </Placemark>
  <Placemark>
	<name>Alang Lighthouse</name>
	<ExtendedData><SchemaData schemaUrl="#lighthouses">
		<SimpleData name="id">alang-lighthouse</SimpleData>
		<SimpleData name="kind">lighthouse</SimpleData>
		<SimpleData name="region">Jamnagar</SimpleData>
		<SimpleData name="pos_src">DGLL ledger</SimpleData>
		<SimpleData name="address">Alang Lighthouse, P.O: Alang Shipbreaking Yard, Via:Trapaj; Distt: Bhavnagar (Gujarat) Pin – 364081</SimpleData>
		<SimpleData name="alol">F 0446</SimpleData>
		<SimpleData name="char">Fl W 3 Sec. (0.42+2.58=3 Sec.)</SimpleData>
		<SimpleData name="ckind">Fl</SimpleData>
		<SimpleData name="colour">W</SimpleData>
		<SimpleData name="group">1</SimpleData>
		<SimpleData name="period">3</SimpleData>
		<SimpleData name="phases">(2:0.42,2.58)</SimpleData>
		<SimpleData name="phases_src">ledger</SimpleData>
		<SimpleData name="flash_s">0.42</SimpleData>
		<SimpleData name="sectored">0</SimpleData>
		<SimpleData name="lum_nm">20</SimpleData>
		<SimpleData name="geo_nm">17.6</SimpleData>
		<SimpleData name="iala_nm">20.5</SimpleData>
		<SimpleData name="reach_nm">17.6</SimpleData>
		<SimpleData name="intensity_cd">136916</SimpleData>
		<SimpleData name="elev_m">39</SimpleData>
		<SimpleData name="optic">revolving</SimpleData>
		<SimpleData name="optic_evidence">Type: revolving; Pedestal: Mercury float; Rotation Device: Stepper motor; R.P.M. 5</SimpleData>
		<SimpleData name="optic_make">BBT-France</SimpleData>
		<SimpleData name="optic_type">revolving</SimpleData>
		<SimpleData name="optic_size">250mm</SimpleData>
		<SimpleData name="rpm">5</SimpleData>
		<SimpleData name="led">0</SimpleData>
		<SimpleData name="solar">1</SimpleData>
		<SimpleData name="ais">0</SimpleData>
		<SimpleData name="dgps">0</SimpleData>
		<SimpleData name="racon">C</SimpleData>
		<SimpleData name="vts">0</SimpleData>
		<SimpleData name="tower_type">Hexagonal masonry tower</SimpleData>
		<SimpleData name="tower_h_m">24</SimpleData>
		<SimpleData name="tower_colour">Black and White bands</SimpleData>
		<SimpleData name="tower_year">1965</SimpleData>
		<SimpleData name="established">1965</SimpleData>
		<SimpleData name="visit">closed</SimpleData>
		<SimpleData name="tourism">1</SimpleData>
		<SimpleData name="museum">0</SimpleData>
		<SimpleData name="record">1</SimpleData>
		<SimpleData name="ledger_url">https://www.dgll.nic.in/sites/default/files/2022-12/dj16.pdf</SimpleData>
		<SimpleData name="page_url">https://www.dgll.nic.in/DGLL-light-house-location/about-jamnagar/alang-lighthouse</SimpleData>
		<SimpleData name="rowlett">1965. Active; focal plane 36 m (118 ft); white flash every 3 s. 24 m (79 ft) hexagonal cylindrical masonry tower with lantern and gallery, painted with horizontal black and white bands. Allott Christian has a 2019 photo, Shreyesh Abhavani has a 2023 photo, and Google has a satellite view. Alang is the site of a huge shipbreaking yard, where obsolete ships are scrapped. Located on the southwestern shore of the Gulf of Khambhat, about 13 km (8 mi) southwest of Alang. Site open, tower closed. Operator: DGLL. ARLHS IND-123; Admiralty F0446; NGA 28188.</SimpleData>
		<SimpleData name="arlhs">IND-123</SimpleData>
		<SimpleData name="photo">https://www.dgll.nic.in/sites/default/files/2022-11/J-15.jpg</SimpleData>
		<SimpleData name="transcribed">1</SimpleData>
		<SimpleData name="ledger_issues">(2:Illuminant listed as 'Cluster 150W/230V M.H Lamp' but Main listed as '230V/70W Metal Halide Lamp',No. of lens given as '-')</SimpleData>
		<SimpleData name="equip_years">{ &quot;racon&quot;: 2004 }</SimpleData>
		<SimpleData name="equip_since">{ &quot;racon&quot;: { &quot;year&quot;: 2004, &quot;src&quot;: &quot;ledger&quot; } }</SimpleData>
		<SimpleData name="tenders">(1:1982)</SimpleData>
		<SimpleData name="photo_credit">DGLL</SimpleData>
	</SchemaData></ExtendedData>
      <Point><coordinates>72.185,21.40333</coordinates></Point>
  </Placemark>
  <Placemark>
	<name>Gopnath Lighthouse &amp; Dgps Station</name>
	<ExtendedData><SchemaData schemaUrl="#lighthouses">
		<SimpleData name="id">gopnath-lighthouse-dgps-station</SimpleData>
		<SimpleData name="kind">lighthouse</SimpleData>
		<SimpleData name="region">Jamnagar</SimpleData>
		<SimpleData name="pos_src">DGLL ledger</SimpleData>
		<SimpleData name="address">Assistant Engineer (E ) Gopnath Lighthouse&amp;, DGPS station P.O. Ralia, Via- Pithalpur, Dist. Bhavnagar (Gujarat). Pin – 364 135.</SimpleData>
		<SimpleData name="alol">F 0444</SimpleData>
		<SimpleData name="char">Fl (3) W 20sec (0.3+3.7)2+0.3+11.7=20Sec</SimpleData>
		<SimpleData name="ckind">Fl</SimpleData>
		<SimpleData name="colour">W</SimpleData>
		<SimpleData name="group">3</SimpleData>
		<SimpleData name="period">20</SimpleData>
		<SimpleData name="phases">(6:0.3,3.7,0.3,3.7,0.3,11.7)</SimpleData>
		<SimpleData name="phases_src">ledger</SimpleData>
		<SimpleData name="flash_s">0.3</SimpleData>
		<SimpleData name="sectored">0</SimpleData>
		<SimpleData name="lum_nm">18</SimpleData>
		<SimpleData name="geo_nm">17.9</SimpleData>
		<SimpleData name="iala_nm">20.2</SimpleData>
		<SimpleData name="reach_nm">17.9</SimpleData>
		<SimpleData name="intensity_cd">123258</SimpleData>
		<SimpleData name="elev_m">41</SimpleData>
		<SimpleData name="optic">revolving</SimpleData>
		<SimpleData name="optic_order">4</SimpleData>
		<SimpleData name="optic_evidence">300 mm (4th order) revolving type; stepper motor direct drive; R.P.M. 3</SimpleData>
		<SimpleData name="optic_make">J. Stone &amp; company Calcutta</SimpleData>
		<SimpleData name="optic_type">revolving type</SimpleData>
		<SimpleData name="optic_size">300 mm (4th order) revolving type</SimpleData>
		<SimpleData name="rpm">3</SimpleData>
		<SimpleData name="led">1</SimpleData>
		<SimpleData name="solar">1</SimpleData>
		<SimpleData name="ais">0</SimpleData>
		<SimpleData name="dgps">1</SimpleData>
		<SimpleData name="racon">G</SimpleData>
		<SimpleData name="vts">0</SimpleData>
		<SimpleData name="tower_type">6.71 M Square masonry tower</SimpleData>
		<SimpleData name="tower_h_m">30.48</SimpleData>
		<SimpleData name="tower_colour">Red and White bands</SimpleData>
		<SimpleData name="tower_year">1975</SimpleData>
		<SimpleData name="established">1879</SimpleData>
		<SimpleData name="visit">grounds</SimpleData>
		<SimpleData name="tourism">1</SimpleData>
		<SimpleData name="museum">1</SimpleData>
		<SimpleData name="record">1</SimpleData>
		<SimpleData name="ledger_url">https://www.dgll.nic.in/sites/default/files/2022-12/dj18.pdf</SimpleData>
		<SimpleData name="page_url">https://www.dgll.nic.in/DGLL-light-house-location/about-jamnagar/gopnath-lighthouse-dgps-station</SimpleData>
		<SimpleData name="rowlett">1975 (station established 1879). Active; focal plane 44 m (144 ft); three white flashes every 20 s. 30 m (98 ft) square cylindrical masonry tower with lantern and gallery, painted with horizontal red and white bands (the rear of the tower is all white). Rahul Kambad's 2023 photo is at right, Sohil Sarkazi has a 2010 photo, Wikimedia has a view, and Google has a 2023 street view and a satellite view. In 2021 a 3-story building was built around the tower and opened as a maritime museum; Vijay Parmar's 2021 photo shows the building under construction and Kambad's 2023 photo at right shows it completed. The new lighthouse is 500 m (0.4 mi) north of the old one. There are beach resorts in the vic</SimpleData>
		<SimpleData name="arlhs">IND-135</SimpleData>
		<SimpleData name="photo">https://www.dgll.nic.in/sites/default/files/2022-11/J-17.jpg</SimpleData>
		<SimpleData name="transcribed">1</SimpleData>
		<SimpleData name="ledger_issues">(3:Ledger header reads 'East Island Lighthouse and DGPS Station' but postal address is Gopnath Lighthouse &amp; DGPS station,NAIS marked NA but Base Station lists 'R-40 02 Nos' and a NAIS PSS inverter is listed,Station named DGPS station but ledger has no DGPS section)</SimpleData>
		<SimpleData name="equip_years">{ &quot;racon&quot;: 2004 }</SimpleData>
		<SimpleData name="equip_since">{ &quot;racon&quot;: { &quot;year&quot;: 2004, &quot;src&quot;: &quot;ledger&quot; }, &quot;dgps&quot;: { &quot;year&quot;: 2003, &quot;src&quot;: &quot;network&quot; } }</SimpleData>
		<SimpleData name="tenders">(0:)</SimpleData>
		<SimpleData name="photo_credit">DGLL</SimpleData>
	</SchemaData></ExtendedData>
      <Point><coordinates>72.11,21.20333</coordinates></Point>
  </Placemark>
  <Placemark>
	<name>Jhanjhmer Lighthouse</name>
	<ExtendedData><SchemaData schemaUrl="#lighthouses">
		<SimpleData name="id">jhanjhmer-lighthouse</SimpleData>
		<SimpleData name="kind">lighthouse</SimpleData>
		<SimpleData name="region">Jamnagar</SimpleData>
		<SimpleData name="pos_src">DGLL ledger</SimpleData>
		<SimpleData name="alol">0442</SimpleData>
		<SimpleData name="char">Fl(1)W10 Sec. (1+9=10 Sec)</SimpleData>
		<SimpleData name="ckind">Fl</SimpleData>
		<SimpleData name="colour">W</SimpleData>
		<SimpleData name="group">1</SimpleData>
		<SimpleData name="period">10</SimpleData>
		<SimpleData name="phases">(2:1,9)</SimpleData>
		<SimpleData name="phases_src">ledger</SimpleData>
		<SimpleData name="flash_s">1</SimpleData>
		<SimpleData name="sectored">0</SimpleData>
		<SimpleData name="lum_nm">16</SimpleData>
		<SimpleData name="geo_nm">18.6</SimpleData>
		<SimpleData name="iala_nm">15.8</SimpleData>
		<SimpleData name="reach_nm">16</SimpleData>
		<SimpleData name="intensity_cd">20000</SimpleData>
		<SimpleData name="elev_m">45</SimpleData>
		<SimpleData name="optic">flasher</SimpleData>
		<SimpleData name="optic_evidence">Sealite make SL155 LED lantern on G.I. pedestal; Rotation Device '--', R.P.M. '--'</SimpleData>
		<SimpleData name="optic_make">Sealite</SimpleData>
		<SimpleData name="optic_model">SL155 LED (Ever on)</SimpleData>
		<SimpleData name="led">1</SimpleData>
		<SimpleData name="solar">1</SimpleData>
		<SimpleData name="ais">0</SimpleData>
		<SimpleData name="dgps">0</SimpleData>
		<SimpleData name="vts">0</SimpleData>
		<SimpleData name="tower_type">Masonary square room with RCC slab.</SimpleData>
		<SimpleData name="tower_h_m">4.7</SimpleData>
		<SimpleData name="tower_colour">White</SimpleData>
		<SimpleData name="tower_year">1970</SimpleData>
		<SimpleData name="established">1870</SimpleData>
		<SimpleData name="visit">grounds</SimpleData>
		<SimpleData name="tourism">0</SimpleData>
		<SimpleData name="museum">0</SimpleData>
		<SimpleData name="record">1</SimpleData>
		<SimpleData name="ledger_url">https://www.dgll.nic.in/sites/default/files/2022-12/dj17.pdf</SimpleData>
		<SimpleData name="page_url">https://www.dgll.nic.in/DGLL-light-house-location/about-jamnagar/jhanjhmer-lighthouse</SimpleData>
		<SimpleData name="rowlett">1970 (station established 1870). Active; focal plane 45 m (148 ft); white flash every 10 s. 9 m (30 ft) square masonry tower with lantern and gallery. Lighthouse painted white with red trim; lantern dome painted red. Chetan Raval has a 2018 closeup photo and Google has a satellite view. The original light was a small lantern atop a fort built by the prince of Bhavnagar; the present lighthouse stands on the ruins of the same fort. Located on a bluff about 8 km (5 mi) southwest of the Gopnath Point lighthouse. Site open, tower closed. Operator: DGLL. ARLHS IND-140; Admiralty F0442; NGA 28196.</SimpleData>
		<SimpleData name="arlhs">IND-140</SimpleData>
		<SimpleData name="photo">https://www.dgll.nic.in/sites/default/files/2022-11/J-16.jpg</SimpleData>
		<SimpleData name="transcribed">1</SimpleData>
		<SimpleData name="ledger_issues">(2:Name printed 'ZHANJHMER Lighthouse' (postal address 'Zanzmer'),ALOL printed '0442' without letter prefix)</SimpleData>
		<SimpleData name="equip_years">{ }</SimpleData>
		<SimpleData name="equip_since">{ }</SimpleData>
		<SimpleData name="tenders">(1:2020)</SimpleData>
		<SimpleData name="photo_credit">DGLL</SimpleData>
	</SchemaData></ExtendedData>
      <Point><coordinates>72.06167,21.18</coordinates></Point>
  </Placemark>
  <Placemark>
	<name>Mangrol Lighthouse</name>
	<ExtendedData><SchemaData schemaUrl="#lighthouses">
		<SimpleData name="id">mangrol-lighthouse</SimpleData>
		<SimpleData name="kind">lighthouse</SimpleData>
		<SimpleData name="region">Jamnagar</SimpleData>
		<SimpleData name="pos_src">DGLL ledger</SimpleData>
		<SimpleData name="address">The Lighthouse In-Charge Mangrol lighthouse, Bander Road, P.O. – Mangrol, Dist-Junagadh, Pin-362226</SimpleData>
		<SimpleData name="alol">F 0406</SimpleData>
		<SimpleData name="char">FL 2 (W) every (0.5+2+0.5+17=20s) 20Sec.</SimpleData>
		<SimpleData name="ckind">Fl</SimpleData>
		<SimpleData name="colour">W</SimpleData>
		<SimpleData name="group">2</SimpleData>
		<SimpleData name="period">20</SimpleData>
		<SimpleData name="phases">(4:0.5,2,0.5,17)</SimpleData>
		<SimpleData name="phases_src">ledger</SimpleData>
		<SimpleData name="flash_s">0.5</SimpleData>
		<SimpleData name="sectored">0</SimpleData>
		<SimpleData name="lum_nm">18</SimpleData>
		<SimpleData name="geo_nm">17.3</SimpleData>
		<SimpleData name="reach_nm">17.3</SimpleData>
		<SimpleData name="elev_m">37.335</SimpleData>
		<SimpleData name="optic">revolving</SimpleData>
		<SimpleData name="optic_evidence">Rotation Device: Stepper motor; R.P.M. 1.5</SimpleData>
		<SimpleData name="optic_make">Mediterraneo Senales Maritimas (MSM)</SimpleData>
		<SimpleData name="optic_type">MBR-300</SimpleData>
		<SimpleData name="rpm">1.5</SimpleData>
		<SimpleData name="panels">4</SimpleData>
		<SimpleData name="led">1</SimpleData>
		<SimpleData name="solar">1</SimpleData>
		<SimpleData name="ais">1</SimpleData>
		<SimpleData name="dgps">0</SimpleData>
		<SimpleData name="vts">0</SimpleData>
		<SimpleData name="tower_type">Hexagonal Concrete Tower</SimpleData>
		<SimpleData name="tower_h_m">35</SimpleData>
		<SimpleData name="tower_colour">Red and White bands.</SimpleData>
		<SimpleData name="tower_year">1985</SimpleData>
		<SimpleData name="established">1877</SimpleData>
		<SimpleData name="visit">grounds</SimpleData>
		<SimpleData name="tourism">1</SimpleData>
		<SimpleData name="museum">0</SimpleData>
		<SimpleData name="record">1</SimpleData>
		<SimpleData name="ledger_url">https://www.dgll.nic.in/sites/default/files/2022-12/dj6.pdf</SimpleData>
		<SimpleData name="page_url">https://www.dgll.nic.in/DGLL-light-house-location/about-jamnagar/mangrol-lighthouse</SimpleData>
		<SimpleData name="rowlett">1985 (station established 1877). Active; focal plane 37 m (121 ft); two white flashes every 20 s. 35 m (115 ft) hexagonal concrete tower with lantern and gallery, painted with horizontal red and white bands. The lighthouse also has an observation room at the watch room level, plus a control center encircling the middle of the tower. Lighthouse painted with horizontal red and white bands. A 2009 photo and a closeup photo (2/3 the way down the page) are available and Google has a satellite view. The original light was on a mast; it was moved in 1980 atop the port administration building. Located about 300 m from the beach and 500 m (0.3 mi) east of the waterfront in Mangrol. Site open, tower c</SimpleData>
		<SimpleData name="arlhs">IND-147</SimpleData>
		<SimpleData name="photo">https://www.dgll.nic.in/sites/default/files/2022-11/J-6.jpg</SimpleData>
		<SimpleData name="transcribed">1</SimpleData>
		<SimpleData name="ledger_issues">(1:Effective beam intensity not stated ('----'))</SimpleData>
		<SimpleData name="equip_years">{ }</SimpleData>
		<SimpleData name="equip_since">{ &quot;ais&quot;: { &quot;year&quot;: 2012, &quot;src&quot;: &quot;network&quot; } }</SimpleData>
		<SimpleData name="tenders">(0:)</SimpleData>
		<SimpleData name="photo_credit">DGLL</SimpleData>
	</SchemaData></ExtendedData>
      <Point><coordinates>70.10333,21.105</coordinates></Point>
  </Placemark>
  <Placemark>
	<name>Hazira Lighthouse And D.G.P.S Station</name>
	<ExtendedData><SchemaData schemaUrl="#lighthouses">
		<SimpleData name="id">hazira-lighthouse-and-dgps-station</SimpleData>
		<SimpleData name="kind">lighthouse</SimpleData>
		<SimpleData name="region">Mumbai</SimpleData>
		<SimpleData name="pos_src">DGLL ledger</SimpleData>
		<SimpleData name="alol">F 0476</SimpleData>
		<SimpleData name="char">Fl (3)W 15 Sec. (fl. 0.4, ec. 2.10)(fl. 0.4,ec.2.10) (fl 0.4, ec. 9.60)</SimpleData>
		<SimpleData name="ckind">Fl</SimpleData>
		<SimpleData name="colour">W</SimpleData>
		<SimpleData name="group">3</SimpleData>
		<SimpleData name="period">15</SimpleData>
		<SimpleData name="phases">(6:0.4,2.1,0.4,2.1,0.4,9.6)</SimpleData>
		<SimpleData name="phases_src">ledger</SimpleData>
		<SimpleData name="flash_s">0.4</SimpleData>
		<SimpleData name="sectored">0</SimpleData>
		<SimpleData name="lum_nm">24</SimpleData>
		<SimpleData name="geo_nm">17.6</SimpleData>
		<SimpleData name="iala_nm">18.9</SimpleData>
		<SimpleData name="reach_nm">17.6</SimpleData>
		<SimpleData name="intensity_cd">72054</SimpleData>
		<SimpleData name="elev_m">39</SimpleData>
		<SimpleData name="optic">revolving</SimpleData>
		<SimpleData name="optic_order">4</SimpleData>
		<SimpleData name="optic_evidence">Type: Revolving; Rotation Device: Dual Stepper Motor 40 Kgcm; R.P.M. 2</SimpleData>
		<SimpleData name="optic_make">B.B.T</SimpleData>
		<SimpleData name="optic_type">Revolving</SimpleData>
		<SimpleData name="optic_size">250 mm</SimpleData>
		<SimpleData name="rpm">2</SimpleData>
		<SimpleData name="panels">6</SimpleData>
		<SimpleData name="led">1</SimpleData>
		<SimpleData name="solar">1</SimpleData>
		<SimpleData name="ais">1</SimpleData>
		<SimpleData name="dgps">1</SimpleData>
		<SimpleData name="racon">K</SimpleData>
		<SimpleData name="vts">0</SimpleData>
		<SimpleData name="tower_type">Circular Stone Masonry Tower</SimpleData>
		<SimpleData name="tower_h_m">25</SimpleData>
		<SimpleData name="tower_colour">White</SimpleData>
		<SimpleData name="tower_year">1966</SimpleData>
		<SimpleData name="established">1836</SimpleData>
		<SimpleData name="visit">grounds</SimpleData>
		<SimpleData name="tourism">1</SimpleData>
		<SimpleData name="museum">0</SimpleData>
		<SimpleData name="record">1</SimpleData>
		<SimpleData name="ledger_url">https://www.dgll.nic.in/sites/default/files/2022-12/mm2.pdf</SimpleData>
		<SimpleData name="page_url">https://www.dgll.nic.in/DGLL-light-house-location/about-mumbai/hazira-lighthouse-and-dgps-station</SimpleData>
		<SimpleData name="rowlett">1966 (station established 1836). Active; focal plane 39 m (118 ft); three white flashes every 15 s. 25 m (82 ft) round masonry tower with lantern and gallery. Lighthouse painted white; lantern roof painted red. Rahul Sharma has a 2022 photo, Shishir Desai has a 2016 photo, Manish Choudhary has a 2020 photo, and Google has a satellite view. Hazira, at the southern entrance to the Gulf of Khambhat, was one of the first British light stations in India; the 20 m (66 ft) round stone tower completed in 1836 was replaced by a 27 m (90 ft) round brick tower in 1867. Today Hazira is being developed as a major port facility to relieve pressure on the overcrowded piers of Mumbai. Located on a promontor</SimpleData>
		<SimpleData name="arlhs">IND-136</SimpleData>
		<SimpleData name="photo">https://www.dgll.nic.in/sites/default/files/2022-11/Hazira_Lighthouse.png</SimpleData>
		<SimpleData name="transcribed">1</SimpleData>
		<SimpleData name="ledger_issues">(2:No. of lens given as '6 (2 Tier of 3 Panels each of 60°)',RACON Sr. No. 'ALORS 78980' is identical to the one printed in the Aguada ledger)</SimpleData>
		<SimpleData name="equip_years">{ &quot;racon&quot;: 2005, &quot;ais&quot;: 2020 }</SimpleData>
		<SimpleData name="equip_since">{ &quot;racon&quot;: { &quot;year&quot;: 2005, &quot;src&quot;: &quot;ledger&quot; }, &quot;ais&quot;: { &quot;year&quot;: 2020, &quot;src&quot;: &quot;ledger&quot; }, &quot;dgps&quot;: { &quot;year&quot;: 2003, &quot;src&quot;: &quot;network&quot; } }</SimpleData>
		<SimpleData name="tenders">(2:1975,1739)</SimpleData>
		<SimpleData name="photo_credit">DGLL</SimpleData>
	</SchemaData></ExtendedData>
      <Point><coordinates>72.6425,21.09217</coordinates></Point>
  </Placemark>
  <Placemark>
	<name>Jegri island Lighthouse</name>
	<ExtendedData><SchemaData schemaUrl="#lighthouses">
		<SimpleData name="id">jegri-island-lighthouse</SimpleData>
		<SimpleData name="kind">lighthouse</SimpleData>
		<SimpleData name="region">Jamnagar</SimpleData>
		<SimpleData name="pos_src">DGLL ledger</SimpleData>
		<SimpleData name="alol">F 0438</SimpleData>
		<SimpleData name="char">Fl(2)W20 Sec. (0.3+3.7+0.3+15.7=20 Sec)</SimpleData>
		<SimpleData name="ckind">Fl</SimpleData>
		<SimpleData name="colour">W</SimpleData>
		<SimpleData name="group">2</SimpleData>
		<SimpleData name="period">20</SimpleData>
		<SimpleData name="phases">(4:0.3,3.7,0.3,15.7)</SimpleData>
		<SimpleData name="phases_src">ledger</SimpleData>
		<SimpleData name="flash_s">0.3</SimpleData>
		<SimpleData name="sectored">0</SimpleData>
		<SimpleData name="lum_nm">27</SimpleData>
		<SimpleData name="geo_nm">20.3</SimpleData>
		<SimpleData name="iala_nm">22.7</SimpleData>
		<SimpleData name="reach_nm">20.3</SimpleData>
		<SimpleData name="intensity_cd">334480</SimpleData>
		<SimpleData name="elev_m">57</SimpleData>
		<SimpleData name="optic">revolving</SimpleData>
		<SimpleData name="optic_evidence">Type: Revolaving; Rotation Device: Stepper Motor; R.P.M. 1.5</SimpleData>
		<SimpleData name="optic_make">Stone Chance</SimpleData>
		<SimpleData name="optic_type">Revolaving</SimpleData>
		<SimpleData name="optic_size">375mm</SimpleData>
		<SimpleData name="rpm">1.5</SimpleData>
		<SimpleData name="panels">4</SimpleData>
		<SimpleData name="led">0</SimpleData>
		<SimpleData name="solar">1</SimpleData>
		<SimpleData name="ais">0</SimpleData>
		<SimpleData name="dgps">0</SimpleData>
		<SimpleData name="racon">G</SimpleData>
		<SimpleData name="vts">0</SimpleData>
		<SimpleData name="tower_type">Square Masonery</SimpleData>
		<SimpleData name="tower_h_m">29</SimpleData>
		<SimpleData name="tower_colour">Black and White Bands</SimpleData>
		<SimpleData name="tower_year">1960</SimpleData>
		<SimpleData name="established">1871</SimpleData>
		<SimpleData name="visit">grounds</SimpleData>
		<SimpleData name="tourism">1</SimpleData>
		<SimpleData name="museum">0</SimpleData>
		<SimpleData name="record">1</SimpleData>
		<SimpleData name="ledger_url">https://www.dgll.nic.in/sites/default/files/2022-12/dj15.pdf</SimpleData>
		<SimpleData name="page_url">https://www.dgll.nic.in/DGLL-light-house-location/about-jamnagar/jegri-island-lighthouse</SimpleData>
		<SimpleData name="rowlett">1960 (station established 1871). Active; focal plane 57 m (187 ft); two white flashes every 20 s. 30 m (98 ft) square cylindrical masonry tower with lantern and gallery, painted with horizontal black and white bands. A closeup photo and a 2021 photo are available, Amit Sorathiya has a 2014 photo, Bhavin Patel has a view from the beach, and Google has a satellite view. The original light was mounted on the keeper's house. Jegri is a small island just off the coast at Mahuva, linked to the mainland by a bridge. Located on a high bluff at the south point of the island; accessible by road. Site open, tower closed. Operator: DGLL. ARLHS IND-139; Admiralty F0438; NGA 28200.</SimpleData>
		<SimpleData name="arlhs">IND-139</SimpleData>
		<SimpleData name="photo">https://www.dgll.nic.in/sites/default/files/2022-11/J-14.jpg</SimpleData>
		<SimpleData name="transcribed">1</SimpleData>
		<SimpleData name="ledger_issues">(5:Name printed as 'JEGARI LIGHTHOUSE' in header; postal address says 'Jegri Lighthouse',Duration of Flash given as 1.86 Sec but characteristic sequence gives 0.3 s flashes,Effective beam intensity printed with irregular grouping '33,4,480 Candela'; read as 334480,RACON heading says '- NA-' but a Tide Land Sea Beacon System 6, code G, X &amp; S band, Oct-2005 is listed (identical to Dwarka ledger entry),NAIS lists only base station 'PSS Dwarka' with no model/MMSI)</SimpleData>
		<SimpleData name="equip_years">{ &quot;racon&quot;: 2005 }</SimpleData>
		<SimpleData name="equip_since">{ &quot;racon&quot;: { &quot;year&quot;: 2005, &quot;src&quot;: &quot;ledger&quot; } }</SimpleData>
		<SimpleData name="tenders">(0:)</SimpleData>
		<SimpleData name="photo_credit">DGLL</SimpleData>
	</SchemaData></ExtendedData>
      <Point><coordinates>71.80333,21.04</coordinates></Point>
  </Placemark>
  <Placemark>
	<name>Wasi Borsi Lighthouse</name>
	<ExtendedData><SchemaData schemaUrl="#lighthouses">
		<SimpleData name="id">wasi-borsi-lighthouse</SimpleData>
		<SimpleData name="kind">lighthouse</SimpleData>
		<SimpleData name="region">Mumbai</SimpleData>
		<SimpleData name="pos_src">DGLL ledger</SimpleData>
		<SimpleData name="address">Navigational Assistant, WasiBorsi Lighthouse, P.O. BorsiMachhiwad, via Maroli,Distt. Navsari, Gujarat PIN – 396 436.</SimpleData>
		<SimpleData name="alol">F 0478</SimpleData>
		<SimpleData name="char">fl W 7 Sec. (fl 0.54, ec 6.46)</SimpleData>
		<SimpleData name="ckind">Fl</SimpleData>
		<SimpleData name="colour">W</SimpleData>
		<SimpleData name="group">1</SimpleData>
		<SimpleData name="period">7</SimpleData>
		<SimpleData name="phases">(2:0.54,6.46)</SimpleData>
		<SimpleData name="phases_src">ledger</SimpleData>
		<SimpleData name="flash_s">0.54</SimpleData>
		<SimpleData name="sectored">0</SimpleData>
		<SimpleData name="lum_nm">17</SimpleData>
		<SimpleData name="geo_nm">17.1</SimpleData>
		<SimpleData name="iala_nm">18.6</SimpleData>
		<SimpleData name="reach_nm">17</SimpleData>
		<SimpleData name="intensity_cd">64430</SimpleData>
		<SimpleData name="elev_m">36</SimpleData>
		<SimpleData name="optic">revolving</SimpleData>
		<SimpleData name="optic_order">5</SimpleData>
		<SimpleData name="optic_evidence">Type: revolving type; Rotation Device: Dual Stepper Motor; R.P.M. 2.14 (one revolution in 28 sec.)</SimpleData>
		<SimpleData name="optic_make">B.B.T.</SimpleData>
		<SimpleData name="optic_type">revolving type</SimpleData>
		<SimpleData name="optic_size">187.5 mm</SimpleData>
		<SimpleData name="rpm">2.14</SimpleData>
		<SimpleData name="panels">4</SimpleData>
		<SimpleData name="led">0</SimpleData>
		<SimpleData name="solar">1</SimpleData>
		<SimpleData name="ais">0</SimpleData>
		<SimpleData name="dgps">0</SimpleData>
		<SimpleData name="vts">0</SimpleData>
		<SimpleData name="tower_type">Square open frame R.C.C. Tower</SimpleData>
		<SimpleData name="tower_h_m">34</SimpleData>
		<SimpleData name="tower_colour">Red &amp; White bands</SimpleData>
		<SimpleData name="tower_year">1982</SimpleData>
		<SimpleData name="established">1965</SimpleData>
		<SimpleData name="visit">grounds</SimpleData>
		<SimpleData name="tourism">0</SimpleData>
		<SimpleData name="museum">0</SimpleData>
		<SimpleData name="record">1</SimpleData>
		<SimpleData name="ledger_url">https://www.dgll.nic.in/sites/default/files/2022-12/mm3.pdf</SimpleData>
		<SimpleData name="page_url">https://www.dgll.nic.in/DGLL-light-house-location/about-mumbai/wasi-borsi-lighthouse</SimpleData>
		<SimpleData name="rowlett">1982 (station established 1965). Active; focal plane 36 m (118 ft); white flash every 7 s. 34 m (112 ft) square cylindrical concrete tower with lantern and double gallery, painted with horizontal red and white bands. The design of the present lighthouse is unusual; the light is supported by four square concrete pillars, with the stairway exposed between them. Bhushan Parab has a 2018 photo, Emil Roshal has a 2021 closeup, and Google has a 2022 street view and a satellite view as well as a distant street view from the nearby beach. The first lighthouse was a skeletal tower. Located at the south end of a barrier island about 25 km (15 mi) west of Navsari. Accessible by road. Site open, tower c</SimpleData>
		<SimpleData name="arlhs">IND-167</SimpleData>
		<SimpleData name="photo">https://www.dgll.nic.in/sites/default/files/2022-11/Wasi_Borsi_Lighthouse.png</SimpleData>
		<SimpleData name="transcribed">1</SimpleData>
		<SimpleData name="ledger_issues">(0:)</SimpleData>
		<SimpleData name="equip_years">{ }</SimpleData>
		<SimpleData name="equip_since">{ }</SimpleData>
		<SimpleData name="tenders">(2:2544,1739)</SimpleData>
		<SimpleData name="photo_credit">DGLL</SimpleData>
	</SchemaData></ExtendedData>
      <Point><coordinates>72.76183,20.93433</coordinates></Point>
  </Placemark>
  <Placemark>
	<name>Veraval Lighthouse</name>
	<ExtendedData><SchemaData schemaUrl="#lighthouses">
		<SimpleData name="id">veraval-lighthouse</SimpleData>
		<SimpleData name="kind">lighthouse</SimpleData>
		<SimpleData name="region">Jamnagar</SimpleData>
		<SimpleData name="pos_src">DGLL ledger</SimpleData>
		<SimpleData name="address">Veraval Lighthouse &amp; RCS Station, Rajendra Bhavan Road, P.O. Veraval, Dist. Gir – Somnath, Pin- 362265</SimpleData>
		<SimpleData name="alol">F 0410</SimpleData>
		<SimpleData name="char">F l W15 Sec. (10+5=15 Sec)</SimpleData>
		<SimpleData name="ckind">Fl</SimpleData>
		<SimpleData name="colour">W</SimpleData>
		<SimpleData name="group">1</SimpleData>
		<SimpleData name="period">15</SimpleData>
		<SimpleData name="phases">(2:10,5)</SimpleData>
		<SimpleData name="phases_src">ledger</SimpleData>
		<SimpleData name="flash_s">10</SimpleData>
		<SimpleData name="sectored">0</SimpleData>
		<SimpleData name="lum_nm">15</SimpleData>
		<SimpleData name="geo_nm">16.6</SimpleData>
		<SimpleData name="iala_nm">15.9</SimpleData>
		<SimpleData name="reach_nm">15</SimpleData>
		<SimpleData name="intensity_cd">20902</SimpleData>
		<SimpleData name="elev_m">33</SimpleData>
		<SimpleData name="optic">flasher</SimpleData>
		<SimpleData name="optic_evidence">Size: 1000 mm drum optic; Pedestal: Fixed Large Size; Rotation Device: N/A; R.P.M.: N/A</SimpleData>
		<SimpleData name="optic_make">BBT France</SimpleData>
		<SimpleData name="optic_type">1000 mm drum optic with catadioptric</SimpleData>
		<SimpleData name="optic_size">1000 mm</SimpleData>
		<SimpleData name="led">1</SimpleData>
		<SimpleData name="solar">1</SimpleData>
		<SimpleData name="ais">1</SimpleData>
		<SimpleData name="dgps">0</SimpleData>
		<SimpleData name="racon">K</SimpleData>
		<SimpleData name="navtex">{ &quot;id_518&quot;: &quot;H&quot;, &quot;id_490&quot;: &quot;P&quot; }</SimpleData>
		<SimpleData name="vts">0</SimpleData>
		<SimpleData name="tower_type">Square Masonry Tower with Semi Circular Front</SimpleData>
		<SimpleData name="tower_h_m">34</SimpleData>
		<SimpleData name="tower_colour">Black and White bands - 5 Nos.</SimpleData>
		<SimpleData name="tower_year">1965</SimpleData>
		<SimpleData name="established">1865</SimpleData>
		<SimpleData name="visit">grounds</SimpleData>
		<SimpleData name="tourism">1</SimpleData>
		<SimpleData name="museum">0</SimpleData>
		<SimpleData name="record">1</SimpleData>
		<SimpleData name="ledger_url">https://www.dgll.nic.in/sites/default/files/2022-12/dj7.pdf</SimpleData>
		<SimpleData name="page_url">https://www.dgll.nic.in/DGLL-light-house-location/about-jamnagar/veraval-lighthouse</SimpleData>
		<SimpleData name="rowlett">1965 (station established 1865). Active; focal plane 33 m (108 ft); white light occulting once every 15 s. 30 m (98 ft) cylindrical concrete tower, D-shaped in cross section, with lantern and gallery, rising from a 1-story control center. Lighthouse painted with horizontal black and white bands. Ram Vadher's 2022 photo is at right, Ravi Bhagat has a photo, a 2010 photo and another view are available, Lightphotos.net has a closeup photo, and Google has a satellite view. The two-tier lantern carries powerful lights in both Fresnel lenses. Veraval is one of the most important ports for the fishing fleets of Gujarat, so this light station has always been an important one. In 2021 the name of Ver</SimpleData>
		<SimpleData name="arlhs">IND-166</SimpleData>
		<SimpleData name="wikidata">Q135512476</SimpleData>
		<SimpleData name="photo">https://www.dgll.nic.in/sites/default/files/2022-11/J-7.jpg</SimpleData>
		<SimpleData name="transcribed">1</SimpleData>
		<SimpleData name="ledger_issues">(3:Characteristic 'Fl W 15 Sec (10+5=15 Sec)' with Duration of Flash 10 Sec - light longer than eclipse, inconsistent with a flashing light,Tower height 34 M exceeds stated elevation 33 M,NAIS section has date and router/antenna but no base station model or MMSI)</SimpleData>
		<SimpleData name="equip_years">{ &quot;racon&quot;: 2016, &quot;ais&quot;: 2012 }</SimpleData>
		<SimpleData name="equip_since">{ &quot;navtex&quot;: { &quot;year&quot;: 2015, &quot;src&quot;: &quot;network&quot; }, &quot;racon&quot;: { &quot;year&quot;: 2016, &quot;src&quot;: &quot;ledger&quot; }, &quot;ais&quot;: { &quot;year&quot;: 2012, &quot;src&quot;: &quot;ledger&quot; } }</SimpleData>
		<SimpleData name="tenders">(0:)</SimpleData>
		<SimpleData name="photo_credit">DGLL</SimpleData>
	</SchemaData></ExtendedData>
      <Point><coordinates>70.35333,20.91</coordinates></Point>
  </Placemark>
  <Placemark>
	<name>Savaibet Lighthouse</name>
	<ExtendedData><SchemaData schemaUrl="#lighthouses">
		<SimpleData name="id">savaibet-lighthouse</SimpleData>
		<SimpleData name="kind">lighthouse</SimpleData>
		<SimpleData name="region">Jamnagar</SimpleData>
		<SimpleData name="pos_src">DGLL ledger</SimpleData>
		<SimpleData name="address">Station Incharge,Savaibet Lighthouse, P.O. Shiyalbet, Via-Rajula, Dist. Amreli., Pin-364 560</SimpleData>
		<SimpleData name="alol">F 0436</SimpleData>
		<SimpleData name="char">Fl (4)W 30 sec.[(0.3+4.7)3+0.3 +14.7=30 sec.)</SimpleData>
		<SimpleData name="ckind">Fl</SimpleData>
		<SimpleData name="colour">W</SimpleData>
		<SimpleData name="group">4</SimpleData>
		<SimpleData name="period">30</SimpleData>
		<SimpleData name="phases">(8:0.3,4.7,0.3,4.7,0.3,4.7,0.3,14.7)</SimpleData>
		<SimpleData name="phases_src">ledger</SimpleData>
		<SimpleData name="flash_s">0.3</SimpleData>
		<SimpleData name="sectored">0</SimpleData>
		<SimpleData name="lum_nm">22.6</SimpleData>
		<SimpleData name="geo_nm">18.6</SimpleData>
		<SimpleData name="reach_nm">18.6</SimpleData>
		<SimpleData name="elev_m">45</SimpleData>
		<SimpleData name="optic">revolving</SimpleData>
		<SimpleData name="optic_evidence">Type: Revolving; Rotation Device: Stepper motor; R.P.M. 2</SimpleData>
		<SimpleData name="optic_make">BBT</SimpleData>
		<SimpleData name="optic_type">Revolving</SimpleData>
		<SimpleData name="optic_size">250mm</SimpleData>
		<SimpleData name="rpm">2</SimpleData>
		<SimpleData name="panels">4</SimpleData>
		<SimpleData name="led">1</SimpleData>
		<SimpleData name="solar">1</SimpleData>
		<SimpleData name="ais">0</SimpleData>
		<SimpleData name="dgps">0</SimpleData>
		<SimpleData name="racon">M</SimpleData>
		<SimpleData name="vts">0</SimpleData>
		<SimpleData name="tower_type">Square stone masonry tower</SimpleData>
		<SimpleData name="tower_h_m">27</SimpleData>
		<SimpleData name="tower_colour">Red and white bands</SimpleData>
		<SimpleData name="tower_year">1967</SimpleData>
		<SimpleData name="established">1967</SimpleData>
		<SimpleData name="visit">closed</SimpleData>
		<SimpleData name="tourism">0</SimpleData>
		<SimpleData name="museum">0</SimpleData>
		<SimpleData name="record">1</SimpleData>
		<SimpleData name="ledger_url">https://www.dgll.nic.in/sites/default/files/2022-12/dj13.pdf</SimpleData>
		<SimpleData name="page_url">https://www.dgll.nic.in/DGLL-light-house-location/about-jamnagar/savaibet-lighthouse</SimpleData>
		<SimpleData name="rowlett">1967. Active; focal plane 45 m (148 ft); four white flashes every 30 s. 27 m (89 ft) square cylindrical masonry tower with lantern and gallery, painted with horizontal red and white bands. Abhishek Srivastava's 2020 photo is at the top of this page, Jeetesh Muchhadia has a photo, Rizvan Khan has a more distant view, and Google has a satellite view. Savaibet is a small island separated from the larger island of Shialbet by a narrow channel at high tide. Located about 25 km (15 mi) east of Jafarabad. Accessible only by boat. Site and tower closed. Operator: DGLL. ARLHS IND-164; Admiralty F0436; NGA 28204.</SimpleData>
		<SimpleData name="arlhs">IND-164</SimpleData>
		<SimpleData name="photo">https://www.dgll.nic.in/sites/default/files/2022-11/J-12.jpg</SimpleData>
		<SimpleData name="transcribed">1</SimpleData>
		<SimpleData name="ledger_issues">(3:Effective beam intensity left blank,No RACON section, but a Racon 12V/100Ah battery is listed,Characteristic bracket unbalanced as printed)</SimpleData>
		<SimpleData name="equip_years">{ }</SimpleData>
		<SimpleData name="equip_since">{ &quot;racon&quot;: { &quot;year&quot;: 2004, &quot;src&quot;: &quot;network&quot; } }</SimpleData>
		<SimpleData name="tenders">(0:)</SimpleData>
		<SimpleData name="photo_credit">DGLL</SimpleData>
	</SchemaData></ExtendedData>
      <Point><coordinates>71.525,20.90333</coordinates></Point>
  </Placemark>
  <Placemark>
	<name>Bhirbhanjan Lighthouse</name>
	<ExtendedData><SchemaData schemaUrl="#lighthouses">
		<SimpleData name="id">bhirbhanjan-lighthouse</SimpleData>
		<SimpleData name="kind">lighthouse</SimpleData>
		<SimpleData name="region">Jamnagar</SimpleData>
		<SimpleData name="pos_src">DGLL ledger</SimpleData>
		<SimpleData name="alol">F 0412</SimpleData>
		<SimpleData name="char">Fl R 10 Sec. (0.5+9.5=10 Sec)</SimpleData>
		<SimpleData name="ckind">Fl</SimpleData>
		<SimpleData name="colour">R</SimpleData>
		<SimpleData name="group">1</SimpleData>
		<SimpleData name="period">10</SimpleData>
		<SimpleData name="phases">(2:0.5,9.5)</SimpleData>
		<SimpleData name="phases_src">ledger</SimpleData>
		<SimpleData name="flash_s">0.5</SimpleData>
		<SimpleData name="sectored">0</SimpleData>
		<SimpleData name="lum_nm">9</SimpleData>
		<SimpleData name="geo_nm">10.9</SimpleData>
		<SimpleData name="reach_nm">9</SimpleData>
		<SimpleData name="elev_m">9</SimpleData>
		<SimpleData name="optic">flasher</SimpleData>
		<SimpleData name="optic_evidence">Rotation Device: N/A; R.P.M.: N/A; Illuminant: LED Light; Pedestal: M.S. Angle Iron</SimpleData>
		<SimpleData name="optic_make">ANA</SimpleData>
		<SimpleData name="led">1</SimpleData>
		<SimpleData name="solar">1</SimpleData>
		<SimpleData name="ais">0</SimpleData>
		<SimpleData name="dgps">0</SimpleData>
		<SimpleData name="vts">0</SimpleData>
		<SimpleData name="tower_type">White Square Masonry Tower, Red bands</SimpleData>
		<SimpleData name="tower_h_m">6</SimpleData>
		<SimpleData name="tower_colour">Red and White band</SimpleData>
		<SimpleData name="tower_year">1936</SimpleData>
		<SimpleData name="established">1936</SimpleData>
		<SimpleData name="visit">grounds</SimpleData>
		<SimpleData name="tourism">0</SimpleData>
		<SimpleData name="museum">0</SimpleData>
		<SimpleData name="record">1</SimpleData>
		<SimpleData name="ledger_url">https://www.dgll.nic.in/sites/default/files/2022-12/dj8.pdf</SimpleData>
		<SimpleData name="page_url">https://www.dgll.nic.in/DGLL-light-house-location/about-jamnagar/bhirbhanjan-lighthouse</SimpleData>
		<SimpleData name="rowlett">1936. Active; focal plane 9 m (30 ft); red flash every 10 s. 6 m (20 ft) square cylindrical brick tower, painted red with a white horizontal band. Google has a 2016 street view and a closeup 2023 street view. The small tower is centered in a Google satellite view. Located on the beach 3 km (1.8 mi) east of the Veraval lighthouse. Site open, tower closed. Operator: DGLL. ARLHS IND-168; Admiralty F0412; NGA 28276.</SimpleData>
		<SimpleData name="arlhs">IND-168</SimpleData>
		<SimpleData name="photo">https://www.dgll.nic.in/sites/default/files/2022-11/J-8.jpg</SimpleData>
		<SimpleData name="transcribed">1</SimpleData>
		<SimpleData name="ledger_issues">(2:Effective beam intensity given as 'Flashing Light' instead of a candela value,Name printed 'Bhidbhanjan' while slug is 'bhirbhanjan')</SimpleData>
		<SimpleData name="equip_years">{ }</SimpleData>
		<SimpleData name="equip_since">{ }</SimpleData>
		<SimpleData name="tenders">(0:)</SimpleData>
		<SimpleData name="photo_credit">DGLL</SimpleData>
	</SchemaData></ExtendedData>
      <Point><coordinates>70.38333,20.89833</coordinates></Point>
  </Placemark>
  <Placemark>
	<name>Jafrabad Lighthouse</name>
	<ExtendedData><SchemaData schemaUrl="#lighthouses">
		<SimpleData name="id">jafrabad-lighthouse</SimpleData>
		<SimpleData name="kind">lighthouse</SimpleData>
		<SimpleData name="region">Jamnagar</SimpleData>
		<SimpleData name="pos_src">DGLL ledger</SimpleData>
		<SimpleData name="address">Station Incharge Jafrabad Lighthouse, P.O Jafrabad, Dist. Amreli, Pin – 364 540</SimpleData>
		<SimpleData name="alol">F 0432</SimpleData>
		<SimpleData name="char">Fl W 10 Sec. (0.3 + 9.7 = 10 Sec.)</SimpleData>
		<SimpleData name="ckind">Fl</SimpleData>
		<SimpleData name="colour">W</SimpleData>
		<SimpleData name="group">1</SimpleData>
		<SimpleData name="period">10</SimpleData>
		<SimpleData name="phases">(2:0.3,9.699999999999999)</SimpleData>
		<SimpleData name="phases_src">ledger</SimpleData>
		<SimpleData name="flash_s">0.3</SimpleData>
		<SimpleData name="sectored">0</SimpleData>
		<SimpleData name="lum_nm">16</SimpleData>
		<SimpleData name="geo_nm">18.2</SimpleData>
		<SimpleData name="iala_nm">20.7</SimpleData>
		<SimpleData name="reach_nm">16</SimpleData>
		<SimpleData name="intensity_cd">152000</SimpleData>
		<SimpleData name="elev_m">43</SimpleData>
		<SimpleData name="optic">revolving</SimpleData>
		<SimpleData name="optic_evidence">Type: revolving; Rotation Device: Stepper motor; R.P.M. 2</SimpleData>
		<SimpleData name="optic_make">BBT-France</SimpleData>
		<SimpleData name="optic_type">revolving</SimpleData>
		<SimpleData name="optic_size">250mm</SimpleData>
		<SimpleData name="rpm">2</SimpleData>
		<SimpleData name="led">0</SimpleData>
		<SimpleData name="solar">1</SimpleData>
		<SimpleData name="ais">0</SimpleData>
		<SimpleData name="dgps">0</SimpleData>
		<SimpleData name="vts">0</SimpleData>
		<SimpleData name="tower_type">White round masonry tower</SimpleData>
		<SimpleData name="tower_colour">White</SimpleData>
		<SimpleData name="tower_year">2022</SimpleData>
		<SimpleData name="established">1865</SimpleData>
		<SimpleData name="visit">grounds</SimpleData>
		<SimpleData name="tourism">1</SimpleData>
		<SimpleData name="museum">0</SimpleData>
		<SimpleData name="record">1</SimpleData>
		<SimpleData name="ledger_url">https://www.dgll.nic.in/sites/default/files/2022-12/dj12.pdf</SimpleData>
		<SimpleData name="page_url">https://www.dgll.nic.in/DGLL-light-house-location/about-jamnagar/jafrabad-lighthouse</SimpleData>
		<SimpleData name="rowlett">2022 (station established 1865). Active; focal plane 56 m (184 ft); white flash every 10 s. 45 m (148 ft) round cylindrical white concrete tower with observation room and a lower gallery; lantern roof painted red. Abhishek Srivastava's 2022 photo is at the top of this page, Tirth Thakar has a 2022 photo of the two lighthouses, and Google has a 2024 street view and a satellite view. Located behind the historic lighthouse. Site open, tower closed. Operator: DGLL. ARLHS IND-137; Admiralty F0432; NGA 28208.</SimpleData>
		<SimpleData name="arlhs">IND-137</SimpleData>
		<SimpleData name="photo">https://www.dgll.nic.in/sites/default/files/2022-11/J-11.jpg</SimpleData>
		<SimpleData name="transcribed">1</SimpleData>
		<SimpleData name="ledger_issues">(3:Tower height left blank ('M'),Intensity printed as '1,52000 Candela' (irregular digit grouping), read as 152000,Generator: DG Set 15 KVA but alternator row says Qty 12, 40 KVA)</SimpleData>
		<SimpleData name="equip_years">{ }</SimpleData>
		<SimpleData name="equip_since">{ }</SimpleData>
		<SimpleData name="tenders">(0:)</SimpleData>
		<SimpleData name="photo_credit">DGLL</SimpleData>
	</SchemaData></ExtendedData>
      <Point><coordinates>71.38167,20.85667</coordinates></Point>
  </Placemark>
  <Placemark>
	<name>Kanai Creek Lighthouse</name>
	<ExtendedData><SchemaData schemaUrl="#lighthouses">
		<SimpleData name="id">kanai-creek-lighthouse</SimpleData>
		<SimpleData name="kind">lighthouse</SimpleData>
		<SimpleData name="region">Mumbai</SimpleData>
		<SimpleData name="pos_src">DGLL ledger</SimpleData>
		<SimpleData name="alol">F 0479</SimpleData>
		<SimpleData name="char">fl (2) W 20 Sec. (fl 0.5, ec 3,fl 0.5, ec 16)</SimpleData>
		<SimpleData name="ckind">Fl</SimpleData>
		<SimpleData name="colour">W</SimpleData>
		<SimpleData name="group">2</SimpleData>
		<SimpleData name="period">20</SimpleData>
		<SimpleData name="phases">(4:0.5,3,0.5,16)</SimpleData>
		<SimpleData name="phases_src">ledger</SimpleData>
		<SimpleData name="flash_s">0.5</SimpleData>
		<SimpleData name="sectored">0</SimpleData>
		<SimpleData name="lum_nm">17</SimpleData>
		<SimpleData name="geo_nm">16.7</SimpleData>
		<SimpleData name="iala_nm">17.5</SimpleData>
		<SimpleData name="reach_nm">16.7</SimpleData>
		<SimpleData name="intensity_cd">41600</SimpleData>
		<SimpleData name="elev_m">34</SimpleData>
		<SimpleData name="optic">revolving</SimpleData>
		<SimpleData name="optic_evidence">Type: WM-RB 500 Marine Rotating Beacon; Rotation Device 2 Nos. 12V DC Stepper Motors; R.P.M. 1.5</SimpleData>
		<SimpleData name="optic_make">Wealth Marine Pvt. Ltd. Singapore</SimpleData>
		<SimpleData name="optic_type">WM – RB 500 Marine Rotating Beacon</SimpleData>
		<SimpleData name="optic_size">200 MM</SimpleData>
		<SimpleData name="rpm">1.5</SimpleData>
		<SimpleData name="panels">6</SimpleData>
		<SimpleData name="led">1</SimpleData>
		<SimpleData name="solar">1</SimpleData>
		<SimpleData name="ais">1</SimpleData>
		<SimpleData name="dgps">0</SimpleData>
		<SimpleData name="vts">0</SimpleData>
		<SimpleData name="tower_type">Circular concrete Tower</SimpleData>
		<SimpleData name="tower_h_m">30</SimpleData>
		<SimpleData name="tower_colour">Black &amp; White bands (3 black &amp; 2 white)</SimpleData>
		<SimpleData name="tower_year">1983</SimpleData>
		<SimpleData name="established">1983</SimpleData>
		<SimpleData name="visit">open</SimpleData>
		<SimpleData name="tourism">0</SimpleData>
		<SimpleData name="museum">0</SimpleData>
		<SimpleData name="record">1</SimpleData>
		<SimpleData name="ledger_url">https://www.dgll.nic.in/sites/default/files/2022-12/mm4.pdf</SimpleData>
		<SimpleData name="page_url">https://www.dgll.nic.in/DGLL-light-house-location/about-mumbai/kanai-creek-lighthouse</SimpleData>
		<SimpleData name="rowlett">1983. Active; focal plane 34 m (112 ft); two white flashes every 20 s. 30 m (98 ft) round concrete tower with lantern and gallery painted with black and whitee horizontal bands. Satchidananda Arya has a 2023 photo and Google has a foggy street view and a satellite view. Located north of the mouth of Kanai Creek. Site open, tower open in late afternoons. Operator: DGLL. ARLHS IND-143; Admiralty F0479; NGA 28112.</SimpleData>
		<SimpleData name="arlhs">IND-143</SimpleData>
		<SimpleData name="photo">https://www.dgll.nic.in/sites/default/files/2022-11/Kanai_Creek_Lighthouse.png</SimpleData>
		<SimpleData name="transcribed">1</SimpleData>
		<SimpleData name="ledger_issues">(1:6 lens panels equally spaced at 1.5 RPM does not obviously produce Fl(2) every 20 s)</SimpleData>
		<SimpleData name="equip_years">{ }</SimpleData>
		<SimpleData name="equip_since">{ &quot;ais&quot;: { &quot;year&quot;: 2012, &quot;src&quot;: &quot;network&quot; } }</SimpleData>
		<SimpleData name="tenders">(1:2544)</SimpleData>
		<SimpleData name="photo_credit">DGLL</SimpleData>
	</SchemaData></ExtendedData>
      <Point><coordinates>72.82833,20.81167</coordinates></Point>
  </Placemark>
  <Placemark>
	<name>Saiyad Rajpara Lighthouse</name>
	<ExtendedData><SchemaData schemaUrl="#lighthouses">
		<SimpleData name="id">saiyad-rajpara-lighthouse</SimpleData>
		<SimpleData name="kind">lighthouse</SimpleData>
		<SimpleData name="region">Jamnagar</SimpleData>
		<SimpleData name="pos_src">DGLL ledger</SimpleData>
		<SimpleData name="alol">F 0430-6</SimpleData>
		<SimpleData name="char">Fl (W) 5Sec. (1 + 4 = 5Sec)</SimpleData>
		<SimpleData name="ckind">Fl</SimpleData>
		<SimpleData name="colour">W</SimpleData>
		<SimpleData name="group">1</SimpleData>
		<SimpleData name="period">5</SimpleData>
		<SimpleData name="phases">(2:1,4)</SimpleData>
		<SimpleData name="phases_src">ledger</SimpleData>
		<SimpleData name="flash_s">1</SimpleData>
		<SimpleData name="sectored">0</SimpleData>
		<SimpleData name="lum_nm">12</SimpleData>
		<SimpleData name="geo_nm">14.8</SimpleData>
		<SimpleData name="reach_nm">12</SimpleData>
		<SimpleData name="elev_m">24</SimpleData>
		<SimpleData name="optic_evidence">Optical equipment section left blank</SimpleData>
		<SimpleData name="led">0</SimpleData>
		<SimpleData name="solar">0</SimpleData>
		<SimpleData name="ais">0</SimpleData>
		<SimpleData name="dgps">0</SimpleData>
		<SimpleData name="vts">0</SimpleData>
		<SimpleData name="tower_type">Stone column and hut</SimpleData>
		<SimpleData name="tower_h_m">5</SimpleData>
		<SimpleData name="tower_colour">White</SimpleData>
		<SimpleData name="tower_year">2003</SimpleData>
		<SimpleData name="established">1901</SimpleData>
		<SimpleData name="visit">grounds</SimpleData>
		<SimpleData name="tourism">0</SimpleData>
		<SimpleData name="museum">0</SimpleData>
		<SimpleData name="record">1</SimpleData>
		<SimpleData name="ledger_url">https://www.dgll.nic.in/sites/default/files/2022-12/dj11.pdf</SimpleData>
		<SimpleData name="page_url">https://www.dgll.nic.in/DGLL-light-house-location/about-jamnagar/saiyad-rajpara-lighthouse</SimpleData>
		<SimpleData name="rowlett">2003 (station established 1901). Active; focal plane 34 m (112 ft); white flash every 10 s. 30 m (98 ft) square skeletal tower, painted with red and white horizontal bands. This tower replaced a concrete post mounted on a 1-story square concrete equipment room; this small beacon may survive. A very distant view is available and Google has a satellite view and a distant street view. The red and white concrete tower shown on the DGLL page is the Diu Head lighthouse placed here in error. The original light was mounted on the old Portuguese fort of Simar, nearby. Located on the waterfront in Simar, a small fishing port 12 km (7.5 mi) southeast of Una. Site open, tower closed. Operator: DGLL. ARL</SimpleData>
		<SimpleData name="arlhs">IND-165</SimpleData>
		<SimpleData name="transcribed">1</SimpleData>
		<SimpleData name="ledger_issues">(2:Optical equipment and effective beam intensity sections are blank,NAIS section lists VHF &amp; GPS antenna and CISCO Router 2900 but no AIS base station details)</SimpleData>
		<SimpleData name="equip_years">{ }</SimpleData>
		<SimpleData name="equip_since">{ }</SimpleData>
		<SimpleData name="tenders">(1:617)</SimpleData>
	</SchemaData></ExtendedData>
      <Point><coordinates>71.205,20.79167</coordinates></Point>
  </Placemark>
  <Placemark>
	<name>Simar Lighthouse</name>
	<ExtendedData><SchemaData schemaUrl="#lighthouses">
		<SimpleData name="id">simar-lighthouse</SimpleData>
		<SimpleData name="kind">lighthouse</SimpleData>
		<SimpleData name="region">Jamnagar</SimpleData>
		<SimpleData name="pos_src">DGLL ledger</SimpleData>
		<SimpleData name="alol">F 0430</SimpleData>
		<SimpleData name="char">Fl (W) 10Sec. (1 + 9 = 10Sec)</SimpleData>
		<SimpleData name="ckind">Fl</SimpleData>
		<SimpleData name="colour">W</SimpleData>
		<SimpleData name="group">1</SimpleData>
		<SimpleData name="period">10</SimpleData>
		<SimpleData name="phases">(2:1,9)</SimpleData>
		<SimpleData name="phases_src">ledger</SimpleData>
		<SimpleData name="flash_s">1</SimpleData>
		<SimpleData name="sectored">0</SimpleData>
		<SimpleData name="lum_nm">12</SimpleData>
		<SimpleData name="geo_nm">16.7</SimpleData>
		<SimpleData name="reach_nm">12</SimpleData>
		<SimpleData name="elev_m">34</SimpleData>
		<SimpleData name="led">0</SimpleData>
		<SimpleData name="solar">0</SimpleData>
		<SimpleData name="ais">0</SimpleData>
		<SimpleData name="dgps">0</SimpleData>
		<SimpleData name="vts">0</SimpleData>
		<SimpleData name="tower_type">Frame work tower, Red and White bands</SimpleData>
		<SimpleData name="tower_h_m">30</SimpleData>
		<SimpleData name="tower_colour">Red and White</SimpleData>
		<SimpleData name="tower_year">2003</SimpleData>
		<SimpleData name="established">1901</SimpleData>
		<SimpleData name="visit">grounds</SimpleData>
		<SimpleData name="tourism">0</SimpleData>
		<SimpleData name="museum">0</SimpleData>
		<SimpleData name="record">1</SimpleData>
		<SimpleData name="ledger_url">https://www.dgll.nic.in/sites/default/files/2022-12/dj10.pdf</SimpleData>
		<SimpleData name="page_url">https://www.dgll.nic.in/DGLL-light-house-location/about-jamnagar/simar-lighthouse</SimpleData>
		<SimpleData name="rowlett">2003 (station established 1901). Active; focal plane 34 m (112 ft); white flash every 10 s. 30 m (98 ft) square skeletal tower, painted with red and white horizontal bands. This tower replaced a concrete post mounted on a 1-story square concrete equipment room; this small beacon may survive. A very distant view is available and Google has a satellite view and a distant street view. The red and white concrete tower shown on the DGLL page is the Diu Head lighthouse placed here in error. The original light was mounted on the old Portuguese fort of Simar, nearby. Located on the waterfront in Simar, a small fishing port 12 km (7.5 mi) southeast of Una. Site open, tower closed. Operator: DGLL. ARL</SimpleData>
		<SimpleData name="arlhs">IND-165</SimpleData>
		<SimpleData name="photo">https://www.dgll.nic.in/sites/default/files/2022-11/J-10.jpg</SimpleData>
		<SimpleData name="transcribed">1</SimpleData>
		<SimpleData name="ledger_issues">(2:Optical equipment, effective intensity and lantern sections entirely blank,RACON Sr. No 6183 listed with no other RACON details)</SimpleData>
		<SimpleData name="equip_years">{ }</SimpleData>
		<SimpleData name="equip_since">{ }</SimpleData>
		<SimpleData name="tenders">(0:)</SimpleData>
		<SimpleData name="photo_credit">DGLL</SimpleData>
	</SchemaData></ExtendedData>
      <Point><coordinates>71.15,20.775</coordinates></Point>
  </Placemark>
  <Placemark>
	<name>Nawabander Lighthouse</name>
	<ExtendedData><SchemaData schemaUrl="#lighthouses">
		<SimpleData name="id">nawabander-lighthouse</SimpleData>
		<SimpleData name="kind">lighthouse</SimpleData>
		<SimpleData name="region">Jamnagar</SimpleData>
		<SimpleData name="pos_src">DGLL ledger</SimpleData>
		<SimpleData name="alol">F 0426</SimpleData>
		<SimpleData name="char">4Fl (W) 12Sec. (0.75 + 1)3 +0.75+6 = 12Sec</SimpleData>
		<SimpleData name="ckind">Fl</SimpleData>
		<SimpleData name="colour">W</SimpleData>
		<SimpleData name="group">4</SimpleData>
		<SimpleData name="period">12</SimpleData>
		<SimpleData name="phases">(8:0.75,1,0.75,1,0.75,1,0.75,6)</SimpleData>
		<SimpleData name="phases_src">ledger</SimpleData>
		<SimpleData name="flash_s">0.75</SimpleData>
		<SimpleData name="sectored">0</SimpleData>
		<SimpleData name="lum_nm">12</SimpleData>
		<SimpleData name="geo_nm">15.4</SimpleData>
		<SimpleData name="reach_nm">12</SimpleData>
		<SimpleData name="elev_m">27</SimpleData>
		<SimpleData name="optic_evidence">Only Make 'Sealite' given; type, rotation device and R.P.M. blank</SimpleData>
		<SimpleData name="optic_make">Sealite</SimpleData>
		<SimpleData name="led">0</SimpleData>
		<SimpleData name="solar">0</SimpleData>
		<SimpleData name="ais">0</SimpleData>
		<SimpleData name="dgps">0</SimpleData>
		<SimpleData name="vts">0</SimpleData>
		<SimpleData name="tower_type">White round tower</SimpleData>
		<SimpleData name="tower_h_m">15</SimpleData>
		<SimpleData name="tower_colour">White</SimpleData>
		<SimpleData name="tower_year">1920</SimpleData>
		<SimpleData name="established">1896</SimpleData>
		<SimpleData name="visit">grounds</SimpleData>
		<SimpleData name="tourism">0</SimpleData>
		<SimpleData name="museum">0</SimpleData>
		<SimpleData name="record">1</SimpleData>
		<SimpleData name="ledger_url">https://www.dgll.nic.in/sites/default/files/2022-12/dj14.pdf</SimpleData>
		<SimpleData name="page_url">https://www.dgll.nic.in/DGLL-light-house-location/about-jamnagar/nawabander-lighthouse</SimpleData>
		<SimpleData name="rowlett">1920 (station established 1896). Active; focal plane 27 m (89 ft); four white flashes every 12 s. 15 m (49 ft) round cylindrical masonry tower with lantern and gallery. Lighthouse painted white; lantern roof is red. Seta Ayaj has the 2021 photo at right and Google has a distant street view and a satellite view. We need accurate information on the history of this station. The Jenkins 1904 light list says the first light was a pillar on a rock off the point. This light is easily confused with the Navibandar Light in southwestern Gujarat; that light is listed near the bottom of this page. The two lighthouses are twins, increasing the chance of confusion. Located on a promontory about 12 km (7.5</SimpleData>
		<SimpleData name="arlhs">IND-156</SimpleData>
		<SimpleData name="photo">https://www.dgll.nic.in/sites/default/files/2022-11/J-13.jpg</SimpleData>
		<SimpleData name="transcribed">1</SimpleData>
		<SimpleData name="ledger_issues">(2:Optic details (type, intensity, rotation) not given beyond make Sealite,Date of commissioning given only as year 1986)</SimpleData>
		<SimpleData name="equip_years">{ }</SimpleData>
		<SimpleData name="equip_since">{ }</SimpleData>
		<SimpleData name="tenders">(1:1981)</SimpleData>
		<SimpleData name="photo_credit">DGLL</SimpleData>
	</SchemaData></ExtendedData>
      <Point><coordinates>71.08,20.74</coordinates></Point>
  </Placemark>
  <Placemark>
	<name>Diu-head Lighthouse</name>
	<ExtendedData><SchemaData schemaUrl="#lighthouses">
		<SimpleData name="id">diu-head-lighthouse</SimpleData>
		<SimpleData name="kind">lighthouse</SimpleData>
		<SimpleData name="region">Jamnagar</SimpleData>
		<SimpleData name="pos_src">DGLL ledger</SimpleData>
		<SimpleData name="alol">F 0414</SimpleData>
		<SimpleData name="char">Fl W 10 sec. 0.3+9.7=10 Sec.</SimpleData>
		<SimpleData name="ckind">Fl</SimpleData>
		<SimpleData name="colour">W</SimpleData>
		<SimpleData name="group">1</SimpleData>
		<SimpleData name="period">10</SimpleData>
		<SimpleData name="phases">(2:0.3,9.699999999999999)</SimpleData>
		<SimpleData name="phases_src">ledger</SimpleData>
		<SimpleData name="flash_s">0.3</SimpleData>
		<SimpleData name="sectored">0</SimpleData>
		<SimpleData name="lum_nm">30</SimpleData>
		<SimpleData name="geo_nm">20.4</SimpleData>
		<SimpleData name="iala_nm">31.9</SimpleData>
		<SimpleData name="reach_nm">20.4</SimpleData>
		<SimpleData name="intensity_cd">10224000</SimpleData>
		<SimpleData name="elev_m">58</SimpleData>
		<SimpleData name="optic">revolving</SimpleData>
		<SimpleData name="optic_order">2</SimpleData>
		<SimpleData name="optic_evidence">Size: 700 mm (2nd order large) revolving type; Rotation Device: stepper motor direct drive; R.P.M. 1.5</SimpleData>
		<SimpleData name="optic_make">B.B.T. France</SimpleData>
		<SimpleData name="optic_size">700 mm (2nd order large) revolving type</SimpleData>
		<SimpleData name="rpm">1.5</SimpleData>
		<SimpleData name="led">1</SimpleData>
		<SimpleData name="solar">1</SimpleData>
		<SimpleData name="ais">0</SimpleData>
		<SimpleData name="dgps">0</SimpleData>
		<SimpleData name="racon">D</SimpleData>
		<SimpleData name="vts">0</SimpleData>
		<SimpleData name="tower_type">Hexagonal stone masonry tower.</SimpleData>
		<SimpleData name="tower_h_m">37</SimpleData>
		<SimpleData name="tower_colour">Red and white bands S.E. Paint.</SimpleData>
		<SimpleData name="tower_year">1969</SimpleData>
		<SimpleData name="established">1882</SimpleData>
		<SimpleData name="visit">open</SimpleData>
		<SimpleData name="tourism">0</SimpleData>
		<SimpleData name="museum">0</SimpleData>
		<SimpleData name="record">1</SimpleData>
		<SimpleData name="ledger_url">https://www.dgll.nic.in/sites/default/files/2022-12/dj9.pdf</SimpleData>
		<SimpleData name="page_url">https://www.dgll.nic.in/DGLL-light-house-location/about-jamnagar/diu-head-lighthouse</SimpleData>
		<SimpleData name="rowlett">1969 (station established 1882). Active; focal plane 59 m (194 ft); white flash every 10 s. 37 m (121 ft) hexagonal masonry tower with lantern and gallery, painted with horizontal red and white bands. Sanjay Dhapa's 2024 photo is at right, Chandrapal Lodhari has a 2017 photo, Vipul Baria has a 2020 photo, Vijay Dalki has a distant view, and Google has a satellite view. Diu Head is the southernmost point of Saurashtra, making this a crucial light for shipping along the coast. Located on a promontory on the west entrance to Madhvad Bay, about 4 km (2.5 mi) west of Diu Island. The promontory is accessible from the mainland by a mile-long causeway. Site open, tower open for climbing Friday throu</SimpleData>
		<SimpleData name="arlhs">IND-131</SimpleData>
		<SimpleData name="photo">https://www.dgll.nic.in/sites/default/files/2022-11/J-9.jpg</SimpleData>
		<SimpleData name="transcribed">1</SimpleData>
		<SimpleData name="ledger_issues">(2:Effective beam intensity printed as '1,02,24000 Candela' (irregular digit grouping); transcribed as 10224000,NAIS heading says NA but Base Station lists 'R-40 02 Nos')</SimpleData>
		<SimpleData name="equip_years">{ &quot;racon&quot;: 2006 }</SimpleData>
		<SimpleData name="equip_since">{ &quot;racon&quot;: { &quot;year&quot;: 2006, &quot;src&quot;: &quot;ledger&quot; } }</SimpleData>
		<SimpleData name="tenders">(1:2018)</SimpleData>
		<SimpleData name="photo_credit">DGLL</SimpleData>
	</SchemaData></ExtendedData>
      <Point><coordinates>70.82833,20.69167</coordinates></Point>
  </Placemark>
  <Placemark>
	<name>Valsad Khadi Lighthouse</name>
	<ExtendedData><SchemaData schemaUrl="#lighthouses">
		<SimpleData name="id">valsad-khadi-lighthouse</SimpleData>
		<SimpleData name="kind">lighthouse</SimpleData>
		<SimpleData name="region">Mumbai</SimpleData>
		<SimpleData name="pos_src">DGLL ledger</SimpleData>
		<SimpleData name="alol">F0480</SimpleData>
		<SimpleData name="char">Fl(4)W 20 sec</SimpleData>
		<SimpleData name="ckind">Fl</SimpleData>
		<SimpleData name="colour">W</SimpleData>
		<SimpleData name="group">4</SimpleData>
		<SimpleData name="period">20</SimpleData>
		<SimpleData name="phases">(8:0.5,2,0.5,2,0.5,2,0.5,12)</SimpleData>
		<SimpleData name="phases_src">derived</SimpleData>
		<SimpleData name="flash_s">0.5</SimpleData>
		<SimpleData name="sectored">0</SimpleData>
		<SimpleData name="lum_nm">22</SimpleData>
		<SimpleData name="geo_nm">19.3</SimpleData>
		<SimpleData name="iala_nm">24.5</SimpleData>
		<SimpleData name="reach_nm">19.3</SimpleData>
		<SimpleData name="intensity_cd">650000</SimpleData>
		<SimpleData name="elev_m">50</SimpleData>
		<SimpleData name="optic">revolving</SimpleData>
		<SimpleData name="optic_evidence">Type: ZL-LSRB-26 Revolving LED; Rotation Device: Inbuilt Direct drive brushless DC motor; R.P.M. 3 RPM</SimpleData>
		<SimpleData name="optic_make">Zen Lite Buoy Co. Ltd</SimpleData>
		<SimpleData name="optic_model">ZL-LSRB-26</SimpleData>
		<SimpleData name="optic_type">Revolving LED</SimpleData>
		<SimpleData name="rpm">3</SimpleData>
		<SimpleData name="panels">4</SimpleData>
		<SimpleData name="panels_total">6</SimpleData>
		<SimpleData name="panels_note">(4 in service</SimpleData>
		<SimpleData name="led">1</SimpleData>
		<SimpleData name="solar">1</SimpleData>
		<SimpleData name="ais">0</SimpleData>
		<SimpleData name="dgps">0</SimpleData>
		<SimpleData name="vts">0</SimpleData>
		<SimpleData name="tower_type">Masonary Tower</SimpleData>
		<SimpleData name="tower_h_m">45</SimpleData>
		<SimpleData name="tower_colour">Red + White Spiral Band</SimpleData>
		<SimpleData name="tower_year">2018</SimpleData>
		<SimpleData name="established">1866</SimpleData>
		<SimpleData name="visit">open</SimpleData>
		<SimpleData name="tourism">1</SimpleData>
		<SimpleData name="museum">0</SimpleData>
		<SimpleData name="record">1</SimpleData>
		<SimpleData name="ledger_url">https://www.dgll.nic.in/sites/default/files/2022-12/mm5.pdf</SimpleData>
		<SimpleData name="page_url">https://www.dgll.nic.in/DGLL-light-house-location/about-mumbai/valsad-khadi-lighthouse</SimpleData>
		<SimpleData name="rowlett">2018 (station established 1866). Active; focal plane 32 m (105 ft); four white flashes every 20 s. 30 m (98 ft) round cylindrical concrete tower with lantern, a round observation room, and two galleries. Lighthouse painted with red and white spiral bands. Kartik Tandel has a photo of the old and new lighthouses (also seen at right), Karun Patel has a 2023 photo, and Vinit Shah has a closeup photo. Khadi is a Hindi word for &quot;connection,&quot; here meaning the inlet from the sea. Located about 2 km (1.25 mi) south of the mouth of the Auranga River, 8 km (5 mi) west of Valsad. Accessible by road. Site open, tower open late afternoons daily. Operator: DGLL. ARLHS IND-172; Admiralty F0480; NGA 28108.</SimpleData>
		<SimpleData name="arlhs">IND-172</SimpleData>
		<SimpleData name="photo">https://www.dgll.nic.in/sites/default/files/2022-11/Valsad_Khadi_Lighthouse.png</SimpleData>
		<SimpleData name="transcribed">1</SimpleData>
		<SimpleData name="ledger_issues">(2:Latitude printed as 20º37’80’ (seconds ≥ 60); interpreted as 20° 37.80' and longitude 72º53’20’ as 72° 53.20',No. of lens given as '6 Nos (4 in service)')</SimpleData>
		<SimpleData name="equip_years">{ }</SimpleData>
		<SimpleData name="equip_since">{ }</SimpleData>
		<SimpleData name="tenders">(0:)</SimpleData>
		<SimpleData name="photo_credit">DGLL</SimpleData>
	</SchemaData></ExtendedData>
      <Point><coordinates>72.88667,20.63</coordinates></Point>
  </Placemark>
  <Placemark>
	<name>False Point Lighthouse</name>
	<ExtendedData><SchemaData schemaUrl="#lighthouses">
		<SimpleData name="id">false-point-lighthouse</SimpleData>
		<SimpleData name="kind">lighthouse</SimpleData>
		<SimpleData name="region">Kolkata</SimpleData>
		<SimpleData name="pos_src">DGLL ledger</SimpleData>
		<SimpleData name="address">False Point Lighthouse, PO — Barakolikhola, Dist. Kendrapara Odisha — 754 142.</SimpleData>
		<SimpleData name="alol">F 1006</SimpleData>
		<SimpleData name="char">Fl (2) W 20 Sec</SimpleData>
		<SimpleData name="ckind">Fl</SimpleData>
		<SimpleData name="colour">W</SimpleData>
		<SimpleData name="group">2</SimpleData>
		<SimpleData name="period">20</SimpleData>
		<SimpleData name="phases">(4:0.25,2,0.25,17.5)</SimpleData>
		<SimpleData name="phases_src">derived</SimpleData>
		<SimpleData name="flash_s">0.25</SimpleData>
		<SimpleData name="sectored">0</SimpleData>
		<SimpleData name="lum_nm">23.3</SimpleData>
		<SimpleData name="geo_nm">17</SimpleData>
		<SimpleData name="iala_nm">20.4</SimpleData>
		<SimpleData name="reach_nm">17</SimpleData>
		<SimpleData name="intensity_cd">132500</SimpleData>
		<SimpleData name="elev_m">26</SimpleData>
		<SimpleData name="optic">revolving</SimpleData>
		<SimpleData name="optic_evidence">Size: 250 mm (4th order small), revolving; R.P.M. 3; Pedestal: Mercury Float</SimpleData>
		<SimpleData name="optic_make">M/s B.B.T, Paris</SimpleData>
		<SimpleData name="optic_size">250 mm (4th order small), revolving</SimpleData>
		<SimpleData name="rpm">3</SimpleData>
		<SimpleData name="panels">2</SimpleData>
		<SimpleData name="led">0</SimpleData>
		<SimpleData name="solar">0</SimpleData>
		<SimpleData name="ais">0</SimpleData>
		<SimpleData name="dgps">0</SimpleData>
		<SimpleData name="vts">0</SimpleData>
		<SimpleData name="tower_type">Circular Masonry Tower</SimpleData>
		<SimpleData name="tower_h_m">32</SimpleData>
		<SimpleData name="tower_colour">Red and White Band</SimpleData>
		<SimpleData name="tower_year">1836</SimpleData>
		<SimpleData name="established">1836</SimpleData>
		<SimpleData name="visit">open</SimpleData>
		<SimpleData name="tourism">1</SimpleData>
		<SimpleData name="museum">0</SimpleData>
		<SimpleData name="record">1</SimpleData>
		<SimpleData name="ledger_url">https://www.dgll.nic.in/sites/default/files/2022-11/kalkata3.pdf</SimpleData>
		<SimpleData name="page_url">https://www.dgll.nic.in/DGLL-light-house-location/about-kolkata/false-point-lighthouse</SimpleData>
		<SimpleData name="rowlett">1836 (British). Active; focal plane 38 m (125 ft); two white flashes every 20 s. 38 m (125 ft) round granite tower, painted with horizontal red and white bands. The lighthouse traditionally carries a 10-point star-shaped daymark, placed in recent years on one of the white bands. Somanath Debnath's 2022 photo is at right, Pravir Sahoo has a 2015 photo, Smrutirekha Dey has a photo, Alok Swain has a street view, and Google has a satellite view. The lighthouse was built to mark the entrance to the Mahanadi River; it also marks the nearby cape, which is called False Point because mariners bound for Calcutta sometimes mistook it for Palmyras Point farther north. This is one of three lighthouses in</SimpleData>
		<SimpleData name="arlhs">IND-033</SimpleData>
		<SimpleData name="transcribed">1</SimpleData>
		<SimpleData name="ledger_issues">(2:Ledger gives 'Elevation of ground 6 m' and 'Elevation of tower 26 m' (tower height 32 m); 26 m used as elevation,No year of establishment or commissioning stated)</SimpleData>
		<SimpleData name="equip_years">{ }</SimpleData>
		<SimpleData name="equip_since">{ }</SimpleData>
		<SimpleData name="tenders">(4:2556,2518,2537,2536)</SimpleData>
	</SchemaData></ExtendedData>
      <Point><coordinates>86.74167,20.32383</coordinates></Point>
  </Placemark>
  <Placemark>
	<name>Paradeep Lighthouse</name>
	<ExtendedData><SchemaData schemaUrl="#lighthouses">
		<SimpleData name="id">paradeep-lighthouse</SimpleData>
		<SimpleData name="kind">lighthouse</SimpleData>
		<SimpleData name="region">Kolkata</SimpleData>
		<SimpleData name="pos_src">DGLL ledger, seconds column read as decimal minutes (matches OpenStreetMap node/6985663820)</SimpleData>
		<SimpleData name="address">Paradeep Lighthouse&amp; DGPS Station, PO — Paradeep, Dist. Jagatsingpur, Odisha — 754 142.</SimpleData>
		<SimpleData name="alol">F 1004.4</SimpleData>
		<SimpleData name="char">Fl (3) W 30 Sec.</SimpleData>
		<SimpleData name="ckind">Fl</SimpleData>
		<SimpleData name="colour">W</SimpleData>
		<SimpleData name="group">3</SimpleData>
		<SimpleData name="period">30</SimpleData>
		<SimpleData name="phases">(6:0.75,2,0.75,2,0.75,23.75)</SimpleData>
		<SimpleData name="phases_src">derived</SimpleData>
		<SimpleData name="flash_s">0.75</SimpleData>
		<SimpleData name="sectored">0</SimpleData>
		<SimpleData name="lum_nm">17</SimpleData>
		<SimpleData name="geo_nm">17.5</SimpleData>
		<SimpleData name="iala_nm">16.5</SimpleData>
		<SimpleData name="reach_nm">17</SimpleData>
		<SimpleData name="intensity_cd">26928</SimpleData>
		<SimpleData name="elev_m">40.4</SimpleData>
		<SimpleData name="optic">revolving</SimpleData>
		<SimpleData name="optic_evidence">Optical equipment: TRB 220 (Revolving); RPM 2</SimpleData>
		<SimpleData name="optic_make">Tideland Signal Corporation, USA</SimpleData>
		<SimpleData name="optic_model">TRB 220</SimpleData>
		<SimpleData name="optic_type">Revolving</SimpleData>
		<SimpleData name="optic_size">915 mm height &amp; 445 mm Dia.; Focal Length 110 mm</SimpleData>
		<SimpleData name="rpm">2</SimpleData>
		<SimpleData name="panels">6</SimpleData>
		<SimpleData name="led">0</SimpleData>
		<SimpleData name="solar">1</SimpleData>
		<SimpleData name="ais">1</SimpleData>
		<SimpleData name="dgps">1</SimpleData>
		<SimpleData name="racon">K</SimpleData>
		<SimpleData name="vts">0</SimpleData>
		<SimpleData name="tower_type">Tapering Circular RCC Tower</SimpleData>
		<SimpleData name="tower_h_m">40.86</SimpleData>
		<SimpleData name="tower_colour">Black and White Band</SimpleData>
		<SimpleData name="tower_year">1988</SimpleData>
		<SimpleData name="established">1988</SimpleData>
		<SimpleData name="visit">open</SimpleData>
		<SimpleData name="tourism">1</SimpleData>
		<SimpleData name="museum">0</SimpleData>
		<SimpleData name="record">1</SimpleData>
		<SimpleData name="ledger_url">https://www.dgll.nic.in/sites/default/files/2022-11/Kolkata%204.pdf</SimpleData>
		<SimpleData name="page_url">https://www.dgll.nic.in/DGLL-light-house-location/about-kolkata/paradeep-lighthouse</SimpleData>
		<SimpleData name="rowlett">1988. Active; focal plane 40 m (131 ft); three white flashes every 30 s. 40 m (131 ft) round concrete tower with lantern, gallery, and a circular observation and control room about 1/3 the way up the tower. Lighthouse painted with black and white horizontal bands; lantern dome painted red. Rudra Pratap Majhi's 2024 photo is at right, Jitendra Dash has a similar 2022 closeup, Sujit Kumar Mishra has a 2019 photo, Linga Raju has a 2017 photo, Jitendra Dash has a 2022 closeup, Sitansu Sekhar Sutar has a street view, and Google has a satellite view. In 2013 the lighthouse was identified as one of three Odisha light stations scheduled for development as tourist attractions. Located behind the beac</SimpleData>
		<SimpleData name="arlhs">IND-049</SimpleData>
		<SimpleData name="transcribed">1</SimpleData>
		<SimpleData name="ledger_issues">(4:Divergence printed as '2.40 (Horiz.) &amp; 1.15 (Vert.)' without degree signs; unclear whether decimal degrees or degrees-minutes,No date of commissioning / establishment year stated,Tower height 40.86 m exceeds stated elevation of tower 40.4 m (ground elevation 4 m),Luminous intensity 26928 cd and divergence figures are identical to the Kalingapatnam ledger)</SimpleData>
		<SimpleData name="equip_years">{ &quot;ais&quot;: 2012, &quot;dgps&quot;: 2019 }</SimpleData>
		<SimpleData name="equip_since">{ &quot;racon&quot;: { &quot;year&quot;: 2004, &quot;src&quot;: &quot;network&quot; }, &quot;ais&quot;: { &quot;year&quot;: 2012, &quot;src&quot;: &quot;ledger&quot; }, &quot;dgps&quot;: { &quot;year&quot;: 2019, &quot;src&quot;: &quot;ledger&quot; } }</SimpleData>
		<SimpleData name="tenders">(4:2537,2536,2125,1722)</SimpleData>
	</SchemaData></ExtendedData>
      <Point><coordinates>86.65833,20.255</coordinates></Point>
  </Placemark>
  <Placemark>
	<name>Umergam Lighthouse</name>
	<ExtendedData><SchemaData schemaUrl="#lighthouses">
		<SimpleData name="id">umergam-lighthouse</SimpleData>
		<SimpleData name="kind">lighthouse</SimpleData>
		<SimpleData name="region">Mumbai</SimpleData>
		<SimpleData name="pos_src">DGLL ledger</SimpleData>
		<SimpleData name="address">Navigational Assistant Umergaon Lighthouse P.O. -Umergaon, Dist. -Valsad Gujarat Pin-396170</SimpleData>
		<SimpleData name="alol">F 0489</SimpleData>
		<SimpleData name="char">Fl W 15 Sec. (fl. 0.33, ec. 14.67)</SimpleData>
		<SimpleData name="ckind">Fl</SimpleData>
		<SimpleData name="colour">W</SimpleData>
		<SimpleData name="group">1</SimpleData>
		<SimpleData name="period">15</SimpleData>
		<SimpleData name="phases">(2:0.33,14.67)</SimpleData>
		<SimpleData name="phases_src">ledger</SimpleData>
		<SimpleData name="flash_s">0.4</SimpleData>
		<SimpleData name="sectored">0</SimpleData>
		<SimpleData name="lum_nm">19</SimpleData>
		<SimpleData name="geo_nm">16.9</SimpleData>
		<SimpleData name="iala_nm">21.1</SimpleData>
		<SimpleData name="reach_nm">16.9</SimpleData>
		<SimpleData name="intensity_cd">173684</SimpleData>
		<SimpleData name="elev_m">35</SimpleData>
		<SimpleData name="optic">revolving</SimpleData>
		<SimpleData name="optic_evidence">Type: WM-RB500 Marine Rotating Beacon; Rotation Device: 2 Nos. Stepper Motor; R.P.M. 0.67</SimpleData>
		<SimpleData name="optic_make">Welth Marine Pvt Ltd. Singapore</SimpleData>
		<SimpleData name="optic_model">WM-RB500</SimpleData>
		<SimpleData name="optic_type">WM-RB500 Marine Rotating Becon</SimpleData>
		<SimpleData name="optic_size">500 mm</SimpleData>
		<SimpleData name="rpm">0.67</SimpleData>
		<SimpleData name="panels">6</SimpleData>
		<SimpleData name="led">1</SimpleData>
		<SimpleData name="solar">1</SimpleData>
		<SimpleData name="ais">1</SimpleData>
		<SimpleData name="dgps">0</SimpleData>
		<SimpleData name="racon">M</SimpleData>
		<SimpleData name="vts">0</SimpleData>
		<SimpleData name="tower_type">Triangular R.C.C Tower</SimpleData>
		<SimpleData name="tower_h_m">30</SimpleData>
		<SimpleData name="tower_colour">Red &amp; White Bands</SimpleData>
		<SimpleData name="tower_year">1979</SimpleData>
		<SimpleData name="established">1979</SimpleData>
		<SimpleData name="visit">open</SimpleData>
		<SimpleData name="tourism">1</SimpleData>
		<SimpleData name="museum">0</SimpleData>
		<SimpleData name="record">1</SimpleData>
		<SimpleData name="ledger_url">https://www.dgll.nic.in/sites/default/files/2022-12/mm6.pdf</SimpleData>
		<SimpleData name="page_url">https://www.dgll.nic.in/DGLL-light-house-location/about-mumbai/umergam-lighthouse</SimpleData>
		<SimpleData name="rowlett">1979. Active; focal plane 35 m (115 ft); white flash every 15 s. 30 m (98 ft) triangular cylindrical concrete tower with lantern and double gallery, painted with horizontal red and white bands. Khalasi Krunal's 2019 photo is at the top of this page, Vikas Mhaskar has a 2021 photo, Chandni Rajendran has a view from atop the lighthouse, and Google has a satellite view. Umergam Beach is a popular resort, and the lighthouse is an attraction. Located off the beach at Umbergaon. Site open, tower open daily. Operator: DGLL. ARLHS IND-118; Admiralty F0489; NGA 28092.</SimpleData>
		<SimpleData name="arlhs">IND-118</SimpleData>
		<SimpleData name="photo">https://www.dgll.nic.in/sites/default/files/2022-11/Umergam_Lighthouse.png</SimpleData>
		<SimpleData name="transcribed">1</SimpleData>
		<SimpleData name="ledger_issues">(1:Duration of Flash 0.4 Sec differs from characteristic flash 0.33 s)</SimpleData>
		<SimpleData name="equip_years">{ &quot;racon&quot;: 2018 }</SimpleData>
		<SimpleData name="equip_since">{ &quot;racon&quot;: { &quot;year&quot;: 2018, &quot;src&quot;: &quot;ledger&quot; }, &quot;ais&quot;: { &quot;year&quot;: 2012, &quot;src&quot;: &quot;network&quot; } }</SimpleData>
		<SimpleData name="tenders">(0:)</SimpleData>
		<SimpleData name="photo_credit">DGLL</SimpleData>
	</SchemaData></ExtendedData>
      <Point><coordinates>72.75,20.195</coordinates></Point>
  </Placemark>
  <Placemark>
	<name>Dahanu Lighthouse</name>
	<ExtendedData><SchemaData schemaUrl="#lighthouses">
		<SimpleData name="id">dahanu-lighthouse</SimpleData>
		<SimpleData name="kind">lighthouse</SimpleData>
		<SimpleData name="region">Mumbai</SimpleData>
		<SimpleData name="pos_src">DGLL ledger</SimpleData>
		<SimpleData name="address">Dahanu Lighthouse At/ P.O. Dahanu, Tal/Dahanu, Dist. Palghar , Pin – 401602.</SimpleData>
		<SimpleData name="alol">F0491</SimpleData>
		<SimpleData name="char">fl W 05 Sec. (Fl 0.3 )</SimpleData>
		<SimpleData name="ckind">Fl</SimpleData>
		<SimpleData name="colour">W</SimpleData>
		<SimpleData name="group">1</SimpleData>
		<SimpleData name="period">5</SimpleData>
		<SimpleData name="phases">(2:0.3,4.7)</SimpleData>
		<SimpleData name="phases_src">derived</SimpleData>
		<SimpleData name="flash_s">0.3</SimpleData>
		<SimpleData name="sectored">0</SimpleData>
		<SimpleData name="lum_nm">10</SimpleData>
		<SimpleData name="geo_nm">12.1</SimpleData>
		<SimpleData name="iala_nm">12.1</SimpleData>
		<SimpleData name="reach_nm">10</SimpleData>
		<SimpleData name="intensity_cd">3910</SimpleData>
		<SimpleData name="elev_m">13</SimpleData>
		<SimpleData name="optic">flasher</SimpleData>
		<SimpleData name="optic_evidence">Type: LED Flasher; Rotation Device: 'WhiteFlashing Light'; R.P.M.: NA; Pedestal: GI pipe stand</SimpleData>
		<SimpleData name="optic_make">Sealite</SimpleData>
		<SimpleData name="optic_model">SL155-10D with GSM Monitoring System</SimpleData>
		<SimpleData name="optic_type">LED Flasher</SimpleData>
		<SimpleData name="optic_size">171mm</SimpleData>
		<SimpleData name="led">1</SimpleData>
		<SimpleData name="solar">1</SimpleData>
		<SimpleData name="ais">0</SimpleData>
		<SimpleData name="dgps">0</SimpleData>
		<SimpleData name="vts">0</SimpleData>
		<SimpleData name="tower_type">Metal Frame Work Tower</SimpleData>
		<SimpleData name="tower_h_m">12</SimpleData>
		<SimpleData name="tower_colour">7</SimpleData>
		<SimpleData name="visit">grounds</SimpleData>
		<SimpleData name="tourism">0</SimpleData>
		<SimpleData name="museum">0</SimpleData>
		<SimpleData name="record">1</SimpleData>
		<SimpleData name="ledger_url">https://www.dgll.nic.in/sites/default/files/2022-12/mm7.pdf</SimpleData>
		<SimpleData name="page_url">https://www.dgll.nic.in/DGLL-light-house-location/about-mumbai/dahanu-lighthouse</SimpleData>
		<SimpleData name="rowlett">Date unknown. Active; focal plane 13 m (43 ft); white flash every 5 s. 12 m (39 ft) mast. A closeup photo (fifth from last photo on a long page) is available but the mast has not been located in Google's satellite view. NGA lists a skeletal tower. Located on the north side of the entrance to Khongda (Dahanu) Creek at Dahanu, a city of about 80,000 residents. Site open, tower closed. Admiralty F0491; NGA 28088.</SimpleData>
		<SimpleData name="photo">https://www.dgll.nic.in/sites/default/files/2022-11/Dahanu%20Lighthouse.jpg</SimpleData>
		<SimpleData name="transcribed">1</SimpleData>
		<SimpleData name="ledger_issues">(3:Commissioning/established date not stated; only 'Date of Installation of New LED Flashing Light: 29.10.2020',Rotation Device field filled with 'WhiteFlashing Light',NAIS base station fields empty though VSAT Antenna 'Prodelin 2.4 meter' is listed)</SimpleData>
		<SimpleData name="equip_years">{ }</SimpleData>
		<SimpleData name="equip_since">{ }</SimpleData>
		<SimpleData name="tenders">(0:)</SimpleData>
		<SimpleData name="photo_credit">DGLL</SimpleData>
	</SchemaData></ExtendedData>
      <Point><coordinates>72.71667,19.975</coordinates></Point>
  </Placemark>
  <Placemark>
	<name>Chandrabhaga Lighthouse</name>
	<ExtendedData><SchemaData schemaUrl="#lighthouses">
		<SimpleData name="id">chandrabhaga-lighthouse</SimpleData>
		<SimpleData name="kind">lighthouse</SimpleData>
		<SimpleData name="region">Kolkata</SimpleData>
		<SimpleData name="pos_src">DGLL ledger</SimpleData>
		<SimpleData name="address">Chandrabhaga Lighthouse, Konark PO — Konark, Dist. Puri, Odisha — 752 111.</SimpleData>
		<SimpleData name="alol">F 1003</SimpleData>
		<SimpleData name="char">FL W 10 Sec</SimpleData>
		<SimpleData name="ckind">Fl</SimpleData>
		<SimpleData name="colour">W</SimpleData>
		<SimpleData name="group">1</SimpleData>
		<SimpleData name="period">10</SimpleData>
		<SimpleData name="phases">(2:0.3,9.699999999999999)</SimpleData>
		<SimpleData name="phases_src">derived</SimpleData>
		<SimpleData name="flash_s">0.3</SimpleData>
		<SimpleData name="sectored">0</SimpleData>
		<SimpleData name="lum_nm">14.5</SimpleData>
		<SimpleData name="geo_nm">16.5</SimpleData>
		<SimpleData name="iala_nm">14.3</SimpleData>
		<SimpleData name="reach_nm">14.5</SimpleData>
		<SimpleData name="intensity_cd">10500</SimpleData>
		<SimpleData name="elev_m">37</SimpleData>
		<SimpleData name="optic">revolving</SimpleData>
		<SimpleData name="optic_order">4</SimpleData>
		<SimpleData name="optic_evidence">Size: 4th order small, revolving; RPM 3; inverter for 'Rotation'</SimpleData>
		<SimpleData name="optic_make">Stone Chance, France</SimpleData>
		<SimpleData name="optic_type">revolving</SimpleData>
		<SimpleData name="optic_size">4th order small, Focal Length 250 mm</SimpleData>
		<SimpleData name="rpm">3</SimpleData>
		<SimpleData name="panels">2</SimpleData>
		<SimpleData name="led">0</SimpleData>
		<SimpleData name="solar">1</SimpleData>
		<SimpleData name="ais">1</SimpleData>
		<SimpleData name="dgps">0</SimpleData>
		<SimpleData name="vts">0</SimpleData>
		<SimpleData name="tower_type">Circular RCC Tower</SimpleData>
		<SimpleData name="tower_h_m">30.5</SimpleData>
		<SimpleData name="tower_colour">Red and White Bands</SimpleData>
		<SimpleData name="tower_year">1968</SimpleData>
		<SimpleData name="established">1968</SimpleData>
		<SimpleData name="visit">open</SimpleData>
		<SimpleData name="tourism">1</SimpleData>
		<SimpleData name="museum">0</SimpleData>
		<SimpleData name="record">1</SimpleData>
		<SimpleData name="ledger_url">https://www.dgll.nic.in/sites/default/files/2022-11/Kolkata%20%285%29.pdf</SimpleData>
		<SimpleData name="page_url">https://www.dgll.nic.in/DGLL-light-house-location/about-kolkata/chandrabhaga-lighthouse</SimpleData>
		<SimpleData name="rowlett">1968. Active; focal plane 37 m (122 ft); white flash every 10 s. 30 m (98 ft) round masonry tower, painted with horizontal red and white bands. Two 1-story keeper's houses. Chandra Shekhar Satti's 2023 photo is at the top of this page, Sangeeta Kumari has a closeup 2011 photo, Subhajit Mishra has a 2016 photo, and Google has a satellite view. This is one three lighthouses in Odisha designated for tourist development in 2011. Located just off the beach near Konarak (Konark). Site open, tower open late afternoons daily. . ARLHS IND-025; Admiralty F1003; NGA 26940.</SimpleData>
		<SimpleData name="arlhs">IND-025</SimpleData>
		<SimpleData name="transcribed">1</SimpleData>
		<SimpleData name="ledger_issues">(3:Divergence printed as '5.30 (Horiz.) &amp; 3.24 (Vert.)' without degree sign or unit; could be degrees-minutes,Elevation: ground 6.5 m, 'Elevation of tower' 37m (used as light elevation),Panels: 2 (each of 120 degree))</SimpleData>
		<SimpleData name="equip_years">{ &quot;ais&quot;: 2011 }</SimpleData>
		<SimpleData name="equip_since">{ &quot;ais&quot;: { &quot;year&quot;: 2011, &quot;src&quot;: &quot;ledger&quot; } }</SimpleData>
		<SimpleData name="tenders">(7:2559,2301,2159,2124,1915,1759,620)</SimpleData>
	</SchemaData></ExtendedData>
      <Point><coordinates>86.106,19.87167</coordinates></Point>
  </Placemark>
  <Placemark>
	<name>Tarapur Point Lighthouse</name>
	<ExtendedData><SchemaData schemaUrl="#lighthouses">
		<SimpleData name="id">tarapur-point-lighthouse</SimpleData>
		<SimpleData name="kind">lighthouse</SimpleData>
		<SimpleData name="region">Mumbai</SimpleData>
		<SimpleData name="pos_src">DGLL ledger</SimpleData>
		<SimpleData name="alol">F0491.5</SimpleData>
		<SimpleData name="char">Fl (3)W 30 Sec.(fl.0.4,ec 5.6,fl 0.4, ec.5.6, fl. 0.4, ec.17.6)</SimpleData>
		<SimpleData name="ckind">Fl</SimpleData>
		<SimpleData name="colour">W</SimpleData>
		<SimpleData name="group">3</SimpleData>
		<SimpleData name="period">30</SimpleData>
		<SimpleData name="phases">(6:0.4,5.6,0.4,5.6,0.4,17.6)</SimpleData>
		<SimpleData name="phases_src">ledger</SimpleData>
		<SimpleData name="flash_s">0.4</SimpleData>
		<SimpleData name="sectored">0</SimpleData>
		<SimpleData name="lum_nm">23</SimpleData>
		<SimpleData name="geo_nm">15</SimpleData>
		<SimpleData name="iala_nm">16.9</SimpleData>
		<SimpleData name="reach_nm">15</SimpleData>
		<SimpleData name="intensity_cd">32116</SimpleData>
		<SimpleData name="elev_m">25</SimpleData>
		<SimpleData name="optic">revolving</SimpleData>
		<SimpleData name="optic_order">5</SimpleData>
		<SimpleData name="optic_evidence">Type: Cut and polished revolving; Pedestal: Mercury Float; Rotation Device: Dual Stepper Motor; R.P.M. 2</SimpleData>
		<SimpleData name="optic_make">B.B.T.</SimpleData>
		<SimpleData name="optic_type">Cut and polished revolving</SimpleData>
		<SimpleData name="optic_size">187.5 mm (5th order)</SimpleData>
		<SimpleData name="rpm">2</SimpleData>
		<SimpleData name="panels">3</SimpleData>
		<SimpleData name="led">0</SimpleData>
		<SimpleData name="solar">1</SimpleData>
		<SimpleData name="ais">1</SimpleData>
		<SimpleData name="dgps">0</SimpleData>
		<SimpleData name="vts">0</SimpleData>
		<SimpleData name="tower_type">Square Masonry Tower</SimpleData>
		<SimpleData name="tower_h_m">23</SimpleData>
		<SimpleData name="tower_colour">Black &amp; White bands (5 Bands 4.45 each)</SimpleData>
		<SimpleData name="tower_year">1961</SimpleData>
		<SimpleData name="established">1961</SimpleData>
		<SimpleData name="visit">closed</SimpleData>
		<SimpleData name="tourism">0</SimpleData>
		<SimpleData name="museum">0</SimpleData>
		<SimpleData name="record">1</SimpleData>
		<SimpleData name="ledger_url">https://www.dgll.nic.in/sites/default/files/2022-12/mm8.pdf</SimpleData>
		<SimpleData name="page_url">https://www.dgll.nic.in/DGLL-light-house-location/about-mumbai/tarapur-point-lighthouse</SimpleData>
		<SimpleData name="rowlett">1961. Active; focal plane 25 m (82 ft); three white flashes every 30 s. 23 m (75 ft) square cylindrical masonry tower with lantern and gallery, painted with horizontal black and white bands; lantern roof painted red. Raj Davane's 2022 photo is at right, Sumit Popalkar has a 2020 closeup photo, and Google has a satellite view. Tarapur is the site of a large nuclear power station which also provides plutonium for India's nuclear weaons program. Located on a promontory about 6 km (4 mi) southwest of Tarapur. Site status unknown, probably closed. ARLHS IND-115; Admiralty F0491.5; NGA 28084.</SimpleData>
		<SimpleData name="arlhs">IND-115</SimpleData>
		<SimpleData name="photo">https://www.dgll.nic.in/sites/default/files/2022-11/Tarapur%20Point%20Lighthouse.jpg</SimpleData>
		<SimpleData name="transcribed">1</SimpleData>
		<SimpleData name="ledger_issues">(3:Duration of Flash field says 1.39 sec while characteristic gives fl 0.4,Degree signs printed as backticks in position and divergence ('19` 50'', '16.72`'),Illuminant 'Main' row reads '03 Phase MSEDCL Supply')</SimpleData>
		<SimpleData name="equip_years">{ }</SimpleData>
		<SimpleData name="equip_since">{ &quot;ais&quot;: { &quot;year&quot;: 2012, &quot;src&quot;: &quot;network&quot; } }</SimpleData>
		<SimpleData name="tenders">(1:1739)</SimpleData>
		<SimpleData name="photo_credit">DGLL</SimpleData>
	</SchemaData></ExtendedData>
      <Point><coordinates>72.65139,19.83528</coordinates></Point>
  </Placemark>
  <Placemark>
	<name>Puri Lighthouse</name>
	<ExtendedData><SchemaData schemaUrl="#lighthouses">
		<SimpleData name="id">puri-lighthouse</SimpleData>
		<SimpleData name="kind">lighthouse</SimpleData>
		<SimpleData name="region">Kolkata</SimpleData>
		<SimpleData name="pos_src">DGLL ledger</SimpleData>
		<SimpleData name="address">Puri Lighthouse, Baliapanda Puri-752001, Dist. Puri, Odisha</SimpleData>
		<SimpleData name="alol">F 1002</SimpleData>
		<SimpleData name="char">FL (3) W 20 SEC</SimpleData>
		<SimpleData name="ckind">Fl</SimpleData>
		<SimpleData name="colour">W</SimpleData>
		<SimpleData name="group">3</SimpleData>
		<SimpleData name="period">20</SimpleData>
		<SimpleData name="phases">(6:0.11,2,0.11,2,0.11,15.67)</SimpleData>
		<SimpleData name="phases_src">derived</SimpleData>
		<SimpleData name="flash_s">0.11</SimpleData>
		<SimpleData name="sectored">0</SimpleData>
		<SimpleData name="lum_nm">17</SimpleData>
		<SimpleData name="geo_nm">15</SimpleData>
		<SimpleData name="iala_nm">16.5</SimpleData>
		<SimpleData name="reach_nm">15</SimpleData>
		<SimpleData name="intensity_cd">26928</SimpleData>
		<SimpleData name="elev_m">30.2</SimpleData>
		<SimpleData name="optic">revolving</SimpleData>
		<SimpleData name="optic_evidence">Optical Equipment: TRB 220 (Revolving); RPM 3</SimpleData>
		<SimpleData name="optic_make">Tideland Signal Corporation, USA</SimpleData>
		<SimpleData name="optic_model">TRB 220</SimpleData>
		<SimpleData name="optic_type">Revolving</SimpleData>
		<SimpleData name="optic_size">915 mm height &amp; 445 mm Dia., Focal Length 110 mm</SimpleData>
		<SimpleData name="rpm">3</SimpleData>
		<SimpleData name="panels">6</SimpleData>
		<SimpleData name="led">0</SimpleData>
		<SimpleData name="solar">1</SimpleData>
		<SimpleData name="ais">1</SimpleData>
		<SimpleData name="dgps">0</SimpleData>
		<SimpleData name="vts">0</SimpleData>
		<SimpleData name="tower_type">Circular RCC Tower</SimpleData>
		<SimpleData name="tower_h_m">25</SimpleData>
		<SimpleData name="tower_colour">Black and White Bands</SimpleData>
		<SimpleData name="tower_year">2002</SimpleData>
		<SimpleData name="established">1887</SimpleData>
		<SimpleData name="visit">open</SimpleData>
		<SimpleData name="tourism">1</SimpleData>
		<SimpleData name="museum">0</SimpleData>
		<SimpleData name="record">1</SimpleData>
		<SimpleData name="ledger_url">https://www.dgll.nic.in/sites/default/files/2022-11/kalkata%206.pdf</SimpleData>
		<SimpleData name="page_url">https://www.dgll.nic.in/DGLL-light-house-location/about-kolkata/puri-lighthouse</SimpleData>
		<SimpleData name="rowlett">2002 (station established 1887). Active; focal plane 29 m (95 ft); three white flashes every 20 s. 25 m (82 ft) round cylindrical concrete tower with lantern and double gallery, painted with horizontal black and white bands. Several 1-story keeper's cottages nearby. Amit Dey's 2024 photo is at right, Suprriya Basak has a 2022 photo, Aditya Biswaman has a 2017 closeup, Tamal Guha has a late evening street view from the beach, and Google has a satellite view. This is by far the best known lighthouse of Odisha. Early lights were mounted on the wall of the Circuit House; in 1956 a skeletal tower was mounted atop a new Circuit House. The Puri area is a very popular seaside resort; H.G. Mukhopadhy</SimpleData>
		<SimpleData name="arlhs">IND-056</SimpleData>
		<SimpleData name="transcribed">1</SimpleData>
		<SimpleData name="ledger_issues">(3:Elevation given as 'Elevation of ground 5.2 m' and 'Elevation of tower 30.2 m'; 30.2 m used,Divergence values printed without units,Year of establishment not stated)</SimpleData>
		<SimpleData name="equip_years">{ &quot;ais&quot;: 2012 }</SimpleData>
		<SimpleData name="equip_since">{ &quot;ais&quot;: { &quot;year&quot;: 2012, &quot;src&quot;: &quot;ledger&quot; } }</SimpleData>
		<SimpleData name="tenders">(2:2030,1724)</SimpleData>
	</SchemaData></ExtendedData>
      <Point><coordinates>85.80611,19.79</coordinates></Point>
  </Placemark>
  <Placemark>
	<name>Satpati Lighthouse</name>
	<ExtendedData><SchemaData schemaUrl="#lighthouses">
		<SimpleData name="id">satpati-lighthouse</SimpleData>
		<SimpleData name="kind">lighthouse</SimpleData>
		<SimpleData name="region">Mumbai</SimpleData>
		<SimpleData name="pos_src">DGLL ledger</SimpleData>
		<SimpleData name="alol">F 0492</SimpleData>
		<SimpleData name="char">Fl(2) w 20 Sec</SimpleData>
		<SimpleData name="ckind">Fl</SimpleData>
		<SimpleData name="colour">W</SimpleData>
		<SimpleData name="group">2</SimpleData>
		<SimpleData name="period">20</SimpleData>
		<SimpleData name="phases">(4:0.267,2,0.267,17.47)</SimpleData>
		<SimpleData name="phases_src">derived</SimpleData>
		<SimpleData name="flash_s">0.267</SimpleData>
		<SimpleData name="sectored">0</SimpleData>
		<SimpleData name="lum_nm">20</SimpleData>
		<SimpleData name="geo_nm">17.4</SimpleData>
		<SimpleData name="iala_nm">20.5</SimpleData>
		<SimpleData name="reach_nm">17.4</SimpleData>
		<SimpleData name="intensity_cd">139990</SimpleData>
		<SimpleData name="elev_m">38</SimpleData>
		<SimpleData name="optic">revolving</SimpleData>
		<SimpleData name="optic_evidence">Type: Tideland TRB-220 Marine Rotating Beacon; Rotation Device: Stepper Motor gearless direct drive; R.P.M. 1.5</SimpleData>
		<SimpleData name="optic_make">Tideland signal Corporation, USA</SimpleData>
		<SimpleData name="optic_model">TRB-220</SimpleData>
		<SimpleData name="optic_type">Tideland TRB-220 Marine Rotating Beacon</SimpleData>
		<SimpleData name="optic_size">110 mm focal Length</SimpleData>
		<SimpleData name="rpm">1.5</SimpleData>
		<SimpleData name="panels">4</SimpleData>
		<SimpleData name="panels_total">6</SimpleData>
		<SimpleData name="panels_note">04 fresnel lense + 2 blank</SimpleData>
		<SimpleData name="led">0</SimpleData>
		<SimpleData name="solar">1</SimpleData>
		<SimpleData name="ais">0</SimpleData>
		<SimpleData name="dgps">0</SimpleData>
		<SimpleData name="vts">0</SimpleData>
		<SimpleData name="tower_type">Circular RCC Tower</SimpleData>
		<SimpleData name="tower_h_m">30</SimpleData>
		<SimpleData name="tower_colour">Red &amp; White band (3 Red 2 White)</SimpleData>
		<SimpleData name="tower_year">2010</SimpleData>
		<SimpleData name="established">2010</SimpleData>
		<SimpleData name="visit">grounds</SimpleData>
		<SimpleData name="tourism">0</SimpleData>
		<SimpleData name="museum">0</SimpleData>
		<SimpleData name="record">1</SimpleData>
		<SimpleData name="ledger_url">https://www.dgll.nic.in/sites/default/files/2022-12/mm9.pdf</SimpleData>
		<SimpleData name="page_url">https://www.dgll.nic.in/DGLL-light-house-location/about-mumbai/satpati-lighthouse</SimpleData>
		<SimpleData name="rowlett">2010. Active; focal plane 30 m (98 ft); two white flashes every 20 s. Approx. 25 m (82 ft) round cylindrical concrete tower with lantern and gallery, painted with red and white horizontal bands. A 2023 photo and a 2013 photo are available, Parag Mhatre has a view from the top of the tower, and Google has a 2017 photo and a satellite view. The previous light, described by NGA as a mast, was actually a square skeletal tower with a focal plane of 22 m (72 ft). The lighthouse is on the grounds of the Maharashtra Government Fisheries Training Center in Satpati, a fishing port about 80 km (50 mi) north of Mumbai. Site open, tower closed. Admiralty F0492; NGA 28076.</SimpleData>
		<SimpleData name="photo">https://www.dgll.nic.in/sites/default/files/2022-11/Satpati%20Lighthouse.jpg</SimpleData>
		<SimpleData name="transcribed">1</SimpleData>
		<SimpleData name="ledger_issues">(1:No. of lens given as '06 (04 fresnel lense + 2 blanks)')</SimpleData>
		<SimpleData name="equip_years">{ }</SimpleData>
		<SimpleData name="equip_since">{ }</SimpleData>
		<SimpleData name="tenders">(1:2544)</SimpleData>
		<SimpleData name="photo_credit">DGLL</SimpleData>
	</SchemaData></ExtendedData>
      <Point><coordinates>72.70267,19.72233</coordinates></Point>
  </Placemark>
  <Placemark>
	<name>Prayagi Lighthouse</name>
	<ExtendedData><SchemaData schemaUrl="#lighthouses">
		<SimpleData name="id">prayagi-lighthouse</SimpleData>
		<SimpleData name="kind">lighthouse</SimpleData>
		<SimpleData name="region">Kolkata</SimpleData>
		<SimpleData name="pos_src">DGLL ledger</SimpleData>
		<SimpleData name="address">Village Praygi, PO — Palur Via Humma Dist. Ganjam, PIN— 761 027, Odisha</SimpleData>
		<SimpleData name="alol">F 1000</SimpleData>
		<SimpleData name="char">GR FL (2) W 10 SEC</SimpleData>
		<SimpleData name="ckind">Fl</SimpleData>
		<SimpleData name="colour">W</SimpleData>
		<SimpleData name="group">2</SimpleData>
		<SimpleData name="period">10</SimpleData>
		<SimpleData name="phases">(4:0.2,1,0.2,8.6)</SimpleData>
		<SimpleData name="phases_src">derived</SimpleData>
		<SimpleData name="flash_s">0.2</SimpleData>
		<SimpleData name="sectored">0</SimpleData>
		<SimpleData name="lum_nm">17</SimpleData>
		<SimpleData name="geo_nm">16.4</SimpleData>
		<SimpleData name="iala_nm">16.5</SimpleData>
		<SimpleData name="reach_nm">16.4</SimpleData>
		<SimpleData name="intensity_cd">26928</SimpleData>
		<SimpleData name="elev_m">38.1</SimpleData>
		<SimpleData name="optic">revolving</SimpleData>
		<SimpleData name="optic_evidence">Optical Equipment TRB 220; RPM 3</SimpleData>
		<SimpleData name="optic_make">Tideland Signal Corporation, USA</SimpleData>
		<SimpleData name="optic_model">TRB 220</SimpleData>
		<SimpleData name="optic_size">915 mm height &amp; 445 mm Dia.; focal length 110 mm</SimpleData>
		<SimpleData name="rpm">3</SimpleData>
		<SimpleData name="panels">3</SimpleData>
		<SimpleData name="led">0</SimpleData>
		<SimpleData name="solar">1</SimpleData>
		<SimpleData name="ais">1</SimpleData>
		<SimpleData name="dgps">0</SimpleData>
		<SimpleData name="vts">0</SimpleData>
		<SimpleData name="tower_type">Circular RCC Tower</SimpleData>
		<SimpleData name="tower_h_m">30</SimpleData>
		<SimpleData name="tower_colour">Spiral Red and White Bands</SimpleData>
		<SimpleData name="tower_year">2012</SimpleData>
		<SimpleData name="established">2012</SimpleData>
		<SimpleData name="visit">grounds</SimpleData>
		<SimpleData name="tourism">0</SimpleData>
		<SimpleData name="museum">0</SimpleData>
		<SimpleData name="record">1</SimpleData>
		<SimpleData name="ledger_url">https://www.dgll.nic.in/sites/default/files/2022-11/kalkata%208.pdf</SimpleData>
		<SimpleData name="page_url">https://www.dgll.nic.in/DGLL-light-house-location/about-kolkata/prayagi-lighthouse</SimpleData>
		<SimpleData name="rowlett">2012. Active; focal plane 40 m (131 ft); two white flashes every 10 s. 32 m (105 ft) round concrete tower with lantern and gallery, painted with red and white spiral bands. Susanta Patra has a closeup 2020 photo, a 2023 photo is available, Manoj Pradhan has a 2017 photo, and Google has a satellite view. Located on the coast about 25 km (15 mi) northeast of Ganjam. Site open, tower status unknown. Admiralty F1000; NGA 26946.</SimpleData>
		<SimpleData name="transcribed">1</SimpleData>
		<SimpleData name="ledger_issues">(5:Elevation given as 'Elevation of ground 8.1 m' and 'Elevation of tower 38.1 m'; 38.1 m used,Divergence printed '2.40 (Horiz.) &amp; 1.15 (Vert.)' without units; taken as degrees,No date of commissioning given (only innovation August 2013),3 panels at 3 RPM does not obviously match GR FL (2) every 10 sec,Intensity labelled 'Luminous Intensity' rather than effective beam intensity)</SimpleData>
		<SimpleData name="equip_years">{ &quot;ais&quot;: 2012 }</SimpleData>
		<SimpleData name="equip_since">{ &quot;ais&quot;: { &quot;year&quot;: 2012, &quot;src&quot;: &quot;ledger&quot; } }</SimpleData>
		<SimpleData name="tenders">(0:)</SimpleData>
	</SchemaData></ExtendedData>
      <Point><coordinates>85.16667,19.46667</coordinates></Point>
  </Placemark>
  <Placemark>
	<name>Arnala Lighthouse</name>
	<ExtendedData><SchemaData schemaUrl="#lighthouses">
		<SimpleData name="id">arnala-lighthouse</SimpleData>
		<SimpleData name="kind">lighthouse</SimpleData>
		<SimpleData name="region">Mumbai</SimpleData>
		<SimpleData name="pos_src">DGLL ledger</SimpleData>
		<SimpleData name="address">ArnalaLighthoiuseArnala , Virar (W) Palghar – 401302</SimpleData>
		<SimpleData name="alol">F 0494</SimpleData>
		<SimpleData name="char">FL 3 WR 15 Sec. (FL 0.83 Sec.)</SimpleData>
		<SimpleData name="ckind">Fl</SimpleData>
		<SimpleData name="colour">W</SimpleData>
		<SimpleData name="group">3</SimpleData>
		<SimpleData name="period">15</SimpleData>
		<SimpleData name="phases">(6:0.83,1.5,0.83,1.5,0.83,9.51)</SimpleData>
		<SimpleData name="phases_src">derived</SimpleData>
		<SimpleData name="flash_s">0.83</SimpleData>
		<SimpleData name="sectored">1</SimpleData>
		<SimpleData name="lum_nm">25</SimpleData>
		<SimpleData name="geo_nm">19</SimpleData>
		<SimpleData name="iala_nm">21.5</SimpleData>
		<SimpleData name="reach_nm">19</SimpleData>
		<SimpleData name="intensity_cd">209000</SimpleData>
		<SimpleData name="elev_m">48</SimpleData>
		<SimpleData name="optic">revolving</SimpleData>
		<SimpleData name="optic_evidence">Rotation Device: motor drive brushless direct drive motor; R.P.M. 2</SimpleData>
		<SimpleData name="optic_make">Vega Marine Rotating Beacon</SimpleData>
		<SimpleData name="optic_type">VRB-25-LED-8P-2T</SimpleData>
		<SimpleData name="optic_size">2Tire LED -8P-2T</SimpleData>
		<SimpleData name="rpm">2</SimpleData>
		<SimpleData name="panels">6</SimpleData>
		<SimpleData name="panels_total">8</SimpleData>
		<SimpleData name="panels_note">( 06 In sevies</SimpleData>
		<SimpleData name="led">1</SimpleData>
		<SimpleData name="solar">1</SimpleData>
		<SimpleData name="ais">0</SimpleData>
		<SimpleData name="dgps">0</SimpleData>
		<SimpleData name="vts">0</SimpleData>
		<SimpleData name="tower_type">RCC tower by using slip from method with spiral half round staircase and lift</SimpleData>
		<SimpleData name="tower_h_m">45</SimpleData>
		<SimpleData name="tower_colour">Spiral Band White &amp; Black</SimpleData>
		<SimpleData name="tower_year">2019</SimpleData>
		<SimpleData name="established">1860</SimpleData>
		<SimpleData name="visit">grounds</SimpleData>
		<SimpleData name="tourism">0</SimpleData>
		<SimpleData name="museum">0</SimpleData>
		<SimpleData name="record">1</SimpleData>
		<SimpleData name="ledger_url">https://www.dgll.nic.in/sites/default/files/2022-12/mm10.pdf</SimpleData>
		<SimpleData name="page_url">https://www.dgll.nic.in/DGLL-light-house-location/about-mumbai/arnala-lighthouse</SimpleData>
		<SimpleData name="rowlett">2019 (station established 1860). Active; focal plane 33 m (108 ft); three flashes every 15 s, white or red depending on direction. 30 m (98 ft) round concrete tower with lantern and double gallery, painted with black and white spiral bands. Emmanuel Dinis has a 2022 closeup photo, Nitin Bhoir has a 2023 photo, Mahendra Kharpade has a March 2020 view from the sea and Google has a satellite view of the new tower. There's a closeup late 2019 YouTube video of the new tower and its 1996 predecessor, a square skeletal tower with double gallery painted white. The older tower was demolished. The original light on a mast was replaced by skeletal towers in 1907 and again in 1967. Located in Arnala, a </SimpleData>
		<SimpleData name="arlhs">IND-074</SimpleData>
		<SimpleData name="photo">https://www.dgll.nic.in/sites/default/files/2022-11/Arnala%20Lighthouse.jpg</SimpleData>
		<SimpleData name="transcribed">1</SimpleData>
		<SimpleData name="ledger_issues">(4:Colour given as 'WR' with no sector bearings,No. of lens '08 ( 06 In sevies)' is unclear,Duration of Flash field reads '15 Sec , 2rpm'; 2 rpm with 8 lenses does not obviously match 3 flashes per 15 s,RACON and NAIS sections are blank tables)</SimpleData>
		<SimpleData name="equip_years">{ }</SimpleData>
		<SimpleData name="equip_since">{ }</SimpleData>
		<SimpleData name="tenders">(2:2220,2218)</SimpleData>
		<SimpleData name="photo_credit">DGLL</SimpleData>
	</SchemaData></ExtendedData>
      <Point><coordinates>72.74667,19.45667</coordinates></Point>
  </Placemark>
  <Placemark>
	<name>Uttan Point Lighthouse and DGPS Station</name>
	<ExtendedData><SchemaData schemaUrl="#lighthouses">
		<SimpleData name="id">uttan-point-lighthouse-and-dgps-station</SimpleData>
		<SimpleData name="kind">lighthouse</SimpleData>
		<SimpleData name="region">Mumbai</SimpleData>
		<SimpleData name="pos_src">DGLL ledger</SimpleData>
		<SimpleData name="alol">F 0499</SimpleData>
		<SimpleData name="char">Fl (2) W 15 Sec. (fl 0.25, ec 3.51, fl 0.25, ec 10.99)</SimpleData>
		<SimpleData name="ckind">Fl</SimpleData>
		<SimpleData name="colour">W</SimpleData>
		<SimpleData name="group">2</SimpleData>
		<SimpleData name="period">15</SimpleData>
		<SimpleData name="phases">(4:0.25,3.51,0.25,10.99)</SimpleData>
		<SimpleData name="phases_src">ledger</SimpleData>
		<SimpleData name="flash_s">0.25</SimpleData>
		<SimpleData name="sectored">0</SimpleData>
		<SimpleData name="lum_nm">24</SimpleData>
		<SimpleData name="geo_nm">19.7</SimpleData>
		<SimpleData name="iala_nm">18.8</SimpleData>
		<SimpleData name="reach_nm">19.7</SimpleData>
		<SimpleData name="intensity_cd">69940</SimpleData>
		<SimpleData name="elev_m">53</SimpleData>
		<SimpleData name="optic">revolving</SimpleData>
		<SimpleData name="optic_order">5</SimpleData>
		<SimpleData name="optic_evidence">Size: 187.5 mm (5th Order) revolving; Rotation Device: Dual Stepper Motor 40 Kg cm; R.P.M. 4</SimpleData>
		<SimpleData name="optic_make">M/S. Chance Bros.</SimpleData>
		<SimpleData name="optic_type">5th Order</SimpleData>
		<SimpleData name="optic_size">187.5 mm (5th Order) revolving</SimpleData>
		<SimpleData name="rpm">4</SimpleData>
		<SimpleData name="panels">2</SimpleData>
		<SimpleData name="led">1</SimpleData>
		<SimpleData name="solar">1</SimpleData>
		<SimpleData name="ais">1</SimpleData>
		<SimpleData name="dgps">1</SimpleData>
		<SimpleData name="vts">0</SimpleData>
		<SimpleData name="tower_type">Square Masonry Tower</SimpleData>
		<SimpleData name="tower_h_m">12.8</SimpleData>
		<SimpleData name="tower_colour">Red &amp; White bands</SimpleData>
		<SimpleData name="tower_year">1960</SimpleData>
		<SimpleData name="established">1960</SimpleData>
		<SimpleData name="visit">grounds</SimpleData>
		<SimpleData name="tourism">1</SimpleData>
		<SimpleData name="museum">0</SimpleData>
		<SimpleData name="record">1</SimpleData>
		<SimpleData name="ledger_url">https://www.dgll.nic.in/sites/default/files/2022-12/mm11.pdf</SimpleData>
		<SimpleData name="page_url">https://www.dgll.nic.in/DGLL-light-house-location/about-mumbai/uttan-point-lighthouse-and-dgps-station</SimpleData>
		<SimpleData name="rowlett">1960. Active; focal plane 53 m (174 ft); two white flashes every 15 s. Approx. 17 m (56 ft) square cylindrical masonry tower with lantern and gallery, painted with horizontal red and white bands and attached to a 1-story keeper's house. Ambert Miranda has the 2021 photo seen below right, Pravin Ubhare has a photo, Amar Kumar has a 2011 photo, and Google has a satellite view. Located near the northwestern point of Salsette Island, about 50 km (30 mi) north of Mumbai. Accessible by road. Site open, tower closed. ARLHS IND-119; Admiralty F0499; NGA 28060.</SimpleData>
		<SimpleData name="arlhs">IND-119</SimpleData>
		<SimpleData name="wikidata">Q89104801</SimpleData>
		<SimpleData name="photo">https://www.dgll.nic.in/sites/default/files/2022-11/Uttan%20Point%20Lighthouse%20and%20DGPS%20Station.jpg</SimpleData>
		<SimpleData name="transcribed">1</SimpleData>
		<SimpleData name="ledger_issues">(2:Duration of Flash given as 0.70 Sec but characteristic sequence gives 0.25 s flashes,No. of lens given as '2 of 135º')</SimpleData>
		<SimpleData name="equip_years">{ &quot;ais&quot;: 2017 }</SimpleData>
		<SimpleData name="equip_since">{ &quot;ais&quot;: { &quot;year&quot;: 2017, &quot;src&quot;: &quot;ledger&quot; }, &quot;dgps&quot;: { &quot;year&quot;: 2003, &quot;src&quot;: &quot;network&quot; } }</SimpleData>
		<SimpleData name="tenders">(3:2544,1975,1739)</SimpleData>
		<SimpleData name="photo_credit">DGLL</SimpleData>
	</SchemaData></ExtendedData>
      <Point><coordinates>72.78,19.275</coordinates></Point>
  </Placemark>
  <Placemark>
	<name>Gopalpur Lighthouse</name>
	<ExtendedData><SchemaData schemaUrl="#lighthouses">
		<SimpleData name="id">gopalpur-lighthouse</SimpleData>
		<SimpleData name="kind">lighthouse</SimpleData>
		<SimpleData name="region">Kolkata</SimpleData>
		<SimpleData name="pos_src">DGLL ledger</SimpleData>
		<SimpleData name="address">Gopalpur Lighthouse, PO— Gopalpur— On- Sea, Dist. Ganjam, Odisha — 761 002.</SimpleData>
		<SimpleData name="alol">F 0988</SimpleData>
		<SimpleData name="char">FL W 5 Sec.</SimpleData>
		<SimpleData name="ckind">Fl</SimpleData>
		<SimpleData name="colour">W</SimpleData>
		<SimpleData name="group">1</SimpleData>
		<SimpleData name="period">5</SimpleData>
		<SimpleData name="phases">(2:0.25,4.75)</SimpleData>
		<SimpleData name="phases_src">derived</SimpleData>
		<SimpleData name="flash_s">0.25</SimpleData>
		<SimpleData name="sectored">0</SimpleData>
		<SimpleData name="lum_nm">26.2</SimpleData>
		<SimpleData name="geo_nm">18.2</SimpleData>
		<SimpleData name="iala_nm">20.4</SimpleData>
		<SimpleData name="reach_nm">18.2</SimpleData>
		<SimpleData name="intensity_cd">132700</SimpleData>
		<SimpleData name="elev_m">45</SimpleData>
		<SimpleData name="optic">revolving</SimpleData>
		<SimpleData name="optic_order">4</SimpleData>
		<SimpleData name="optic_evidence">Size: 4th Order (large), revolving; RPM 3; Pedestal: Mercury Float</SimpleData>
		<SimpleData name="optic_make">BBT Paris</SimpleData>
		<SimpleData name="optic_type">revolving</SimpleData>
		<SimpleData name="optic_size">4th Order (large), Focal Length 300 mm</SimpleData>
		<SimpleData name="rpm">3</SimpleData>
		<SimpleData name="panels">4</SimpleData>
		<SimpleData name="led">0</SimpleData>
		<SimpleData name="solar">1</SimpleData>
		<SimpleData name="ais">1</SimpleData>
		<SimpleData name="dgps">0</SimpleData>
		<SimpleData name="racon">G</SimpleData>
		<SimpleData name="vts">0</SimpleData>
		<SimpleData name="tower_type">Circular RCC Tower</SimpleData>
		<SimpleData name="tower_h_m">37</SimpleData>
		<SimpleData name="tower_colour">Red &amp; White Band</SimpleData>
		<SimpleData name="tower_year">1967</SimpleData>
		<SimpleData name="established">1871</SimpleData>
		<SimpleData name="visit">open</SimpleData>
		<SimpleData name="tourism">1</SimpleData>
		<SimpleData name="museum">0</SimpleData>
		<SimpleData name="record">1</SimpleData>
		<SimpleData name="ledger_url">https://www.dgll.nic.in/sites/default/files/2022-11/kalkata%207.pdf</SimpleData>
		<SimpleData name="page_url">https://www.dgll.nic.in/DGLL-light-house-location/about-kolkata/gopalpur-lighthouse</SimpleData>
		<SimpleData name="rowlett">1967 (station established 1871). Active; focal plane 48 m (148 ft); white flash every 5 s. 32 m (105 ft) round masonry tower with lantern and gallery, attached to several 1-story keeper's houses. Lighthouse painted with horizontal red and white bands. Narasingh Naik's 2022 photo is at right, a good closeup photo is available, Purnima Roy has a more distant view, Umashankar Behera has a street view from the beach, and Google has a satellite view. The original mast light was replaced by a skeletal tower in 1925; a second skeletal tower was built in 1948. Gopalpur-on-Sea is also a very popular seaside resort, and this is one of the three lighthouses in Odisha designated for tourist development </SimpleData>
		<SimpleData name="arlhs">IND-035</SimpleData>
		<SimpleData name="transcribed">1</SimpleData>
		<SimpleData name="ledger_issues">(3:Elevation given as 'Elevation of ground 8 m' and 'Elevation of tower 45 m'; 45 m used,Divergence values printed without units,Year of establishment not stated)</SimpleData>
		<SimpleData name="equip_years">{ &quot;ais&quot;: 2012 }</SimpleData>
		<SimpleData name="equip_since">{ &quot;racon&quot;: { &quot;year&quot;: 2004, &quot;src&quot;: &quot;network&quot; }, &quot;ais&quot;: { &quot;year&quot;: 2012, &quot;src&quot;: &quot;ledger&quot; } }</SimpleData>
		<SimpleData name="tenders">(3:2537,2536,1824)</SimpleData>
	</SchemaData></ExtendedData>
      <Point><coordinates>84.90833,19.255</coordinates></Point>
  </Placemark>
  <Placemark>
	<name>Baruva Lighthouse</name>
	<ExtendedData><SchemaData schemaUrl="#lighthouses">
		<SimpleData name="id">baruva-lighthouse</SimpleData>
		<SimpleData name="kind">lighthouse</SimpleData>
		<SimpleData name="region">Kolkata</SimpleData>
		<SimpleData name="pos_src">DGLL ledger, seconds column read as decimal minutes (matches OpenStreetMap way/1551695714)</SimpleData>
		<SimpleData name="address">Baruva Lighthouse, Post-Baruva, Sompeta mondal, Dist. - Srikakulam, PIN-532 263, Andhra Pradesh</SimpleData>
		<SimpleData name="alol">F 0985</SimpleData>
		<SimpleData name="char">FL (I) W 15 SEC</SimpleData>
		<SimpleData name="ckind">Fl</SimpleData>
		<SimpleData name="colour">W</SimpleData>
		<SimpleData name="group">1</SimpleData>
		<SimpleData name="period">15</SimpleData>
		<SimpleData name="phases">(2:0.8,14.2)</SimpleData>
		<SimpleData name="phases_src">derived</SimpleData>
		<SimpleData name="flash_s">0.8</SimpleData>
		<SimpleData name="sectored">0</SimpleData>
		<SimpleData name="lum_nm">17</SimpleData>
		<SimpleData name="geo_nm">20</SimpleData>
		<SimpleData name="iala_nm">16.5</SimpleData>
		<SimpleData name="reach_nm">17</SimpleData>
		<SimpleData name="intensity_cd">26928</SimpleData>
		<SimpleData name="elev_m">40</SimpleData>
		<SimpleData name="optic">revolving</SimpleData>
		<SimpleData name="optic_evidence">Optical Equipment: TRB 220 (Revolving); RPM 2</SimpleData>
		<SimpleData name="optic_make">Tideland Signal Corporation, USA</SimpleData>
		<SimpleData name="optic_model">TRB 220</SimpleData>
		<SimpleData name="optic_type">Revolving</SimpleData>
		<SimpleData name="optic_size">915 mm height &amp; 445 mm Dia.; Focal Length 110 mm</SimpleData>
		<SimpleData name="rpm">2</SimpleData>
		<SimpleData name="panels">6</SimpleData>
		<SimpleData name="led">0</SimpleData>
		<SimpleData name="solar">1</SimpleData>
		<SimpleData name="ais">1</SimpleData>
		<SimpleData name="dgps">0</SimpleData>
		<SimpleData name="vts">0</SimpleData>
		<SimpleData name="tower_type">RCC structure (Octagonal Shape)</SimpleData>
		<SimpleData name="tower_h_m">30</SimpleData>
		<SimpleData name="tower_colour">Black and White Bands</SimpleData>
		<SimpleData name="tower_year">2012</SimpleData>
		<SimpleData name="established">2012</SimpleData>
		<SimpleData name="visit">closed</SimpleData>
		<SimpleData name="tourism">1</SimpleData>
		<SimpleData name="museum">0</SimpleData>
		<SimpleData name="record">1</SimpleData>
		<SimpleData name="ledger_url">https://www.dgll.nic.in/sites/default/files/2022-11/kalkata9.pdf</SimpleData>
		<SimpleData name="page_url">https://www.dgll.nic.in/DGLL-light-house-location/about-kolkata/baruva-lighthouse</SimpleData>
		<SimpleData name="rowlett">2012 (station establishment date unknown). Active; focal plane 30 m (98 ft); two white flashes every 15 s. 30 m (98 ft) octagonal cylindrical concrete tower with lantern and gallery, painted with black and white horizontal bands; lantern painted red. Biman Sahu has a closeup, Shubham Kumar has a 2025 photo, Raju Pydi has a 2022 photo, and Google has a satellite view. The previous light was mounted &quot;on port flagstaff,&quot; according to NGA, although there does not appear to be an active port at Baruva. This light was deactivated in 2003 and there was no light until the new lighthouse was activated. An 1889 Bay of Bengal Pilot describes an unlit &quot;column,&quot; painted with black and white bands, at Bar</SimpleData>
		<SimpleData name="wikidata">Q57518137</SimpleData>
		<SimpleData name="transcribed">1</SimpleData>
		<SimpleData name="ledger_issues">(3:Two elevations given: 'Elevation of ground 9 m' and 'Elevation of tower 40 m'; 40 m used,Divergence printed '2.40 (Horiz.) &amp; 1.15 (Vert.)' without units or degree sign,Intensity labelled 'Luminous Intensity' (26928 cd))</SimpleData>
		<SimpleData name="equip_years">{ &quot;ais&quot;: 2012 }</SimpleData>
		<SimpleData name="equip_since">{ &quot;ais&quot;: { &quot;year&quot;: 2012, &quot;src&quot;: &quot;ledger&quot; } }</SimpleData>
		<SimpleData name="tenders">(2:2014,1778)</SimpleData>
	</SchemaData></ExtendedData>
      <Point><coordinates>84.59667,18.88</coordinates></Point>
  </Placemark>
  <Placemark>
	<name>Prongs reef Lighthouse</name>
	<ExtendedData><SchemaData schemaUrl="#lighthouses">
		<SimpleData name="id">prongs-reef-lighthouse</SimpleData>
		<SimpleData name="kind">lighthouse</SimpleData>
		<SimpleData name="region">Mumbai</SimpleData>
		<SimpleData name="pos_src">DGLL ledger</SimpleData>
		<SimpleData name="address">C/O Deep Bhavan, M.G. Road, Ghatkopar (E), Mumbai 400077</SimpleData>
		<SimpleData name="alol">F 0514</SimpleData>
		<SimpleData name="char">Fl W 10 Sec.</SimpleData>
		<SimpleData name="ckind">Fl</SimpleData>
		<SimpleData name="colour">W</SimpleData>
		<SimpleData name="group">1</SimpleData>
		<SimpleData name="period">10</SimpleData>
		<SimpleData name="phases">(2:0.27,9.73)</SimpleData>
		<SimpleData name="phases_src">derived</SimpleData>
		<SimpleData name="flash_s">0.27</SimpleData>
		<SimpleData name="sectored">0</SimpleData>
		<SimpleData name="lum_nm">23</SimpleData>
		<SimpleData name="geo_nm">17.9</SimpleData>
		<SimpleData name="iala_nm">20.3</SimpleData>
		<SimpleData name="reach_nm">17.9</SimpleData>
		<SimpleData name="intensity_cd">126623</SimpleData>
		<SimpleData name="elev_m">41</SimpleData>
		<SimpleData name="optic">revolving</SimpleData>
		<SimpleData name="optic_evidence">Optic: Marine Rotating Beacon; Rotation Device: 2 Nos. Stepper Motors; R.P.M. 1</SimpleData>
		<SimpleData name="optic_make">Wealth Marine Pvt. Ltd., Singapore</SimpleData>
		<SimpleData name="optic_model">WM-RB 500</SimpleData>
		<SimpleData name="optic_type">WM-RB 500 Marine Rotating Beacon</SimpleData>
		<SimpleData name="optic_size">500mm dia. 6 clear &quot;Bulls Eye&quot; Acrylic lens panels equally spaced at 60° (Hexagonal)</SimpleData>
		<SimpleData name="rpm">1</SimpleData>
		<SimpleData name="panels">6</SimpleData>
		<SimpleData name="led">0</SimpleData>
		<SimpleData name="solar">1</SimpleData>
		<SimpleData name="ais">0</SimpleData>
		<SimpleData name="dgps">0</SimpleData>
		<SimpleData name="racon">G</SimpleData>
		<SimpleData name="vts">0</SimpleData>
		<SimpleData name="tower_type">Circular Masonry Tower</SimpleData>
		<SimpleData name="tower_h_m">41</SimpleData>
		<SimpleData name="tower_colour">Red, White and Black bands</SimpleData>
		<SimpleData name="tower_year">1874</SimpleData>
		<SimpleData name="established">1842</SimpleData>
		<SimpleData name="visit">closed</SimpleData>
		<SimpleData name="tourism">0</SimpleData>
		<SimpleData name="museum">0</SimpleData>
		<SimpleData name="record">1</SimpleData>
		<SimpleData name="ledger_url">https://www.dgll.nic.in/sites/default/files/2022-12/mm13.pdf</SimpleData>
		<SimpleData name="page_url">https://www.dgll.nic.in/DGLL-light-house-location/about-mumbai/prongs-reef-lighthouse</SimpleData>
		<SimpleData name="rowlett">1874 (British; lightship station established 1842). Active; focal plane 41 m (135 ft); white flash every 10 s. 44 m (144 ft) round tapered stone tower with lantern and two galleries, mounted on a stone pier. 1st order Fresnel lens in use. The tower is painted white with a red horizontal band, and the supporting pier is painted black. A 2023 photo is at right, Milan Vyas has a 2021 photo, Mayur Mangela has a photo, Sahil Chauhan has a 2022 photo, Trabas has Cameron's 2010 view, a view from shore is available, Huelse has a historic postcard image, and Google has a good satellite view. This historic offshore lighthouse, marking the entrance to Mumbai Harbour, replaced the onshore Colaba Point l</SimpleData>
		<SimpleData name="arlhs">IND-007</SimpleData>
		<SimpleData name="wikidata">Q16956772</SimpleData>
		<SimpleData name="photo">https://www.dgll.nic.in/sites/default/files/2022-11/Prongs%20reef%20Lighthouse.jpg</SimpleData>
		<SimpleData name="transcribed">1</SimpleData>
		<SimpleData name="ledger_issues">(4:R.P.M. given as 1 but rotation device says speed selectable from 0.5-0.6 RPM,Range '23' printed without unit or luminous/geographical label,Date of commissioning lists both 1875 and 29.06.2008 (taken over from Mumbai Port Trust 11.10.2007),Standby NA yet a portable Honda 2.5KVA generator is listed)</SimpleData>
		<SimpleData name="equip_years">{ }</SimpleData>
		<SimpleData name="equip_since">{ &quot;racon&quot;: { &quot;year&quot;: 2004, &quot;src&quot;: &quot;network&quot; } }</SimpleData>
		<SimpleData name="tenders">(0:)</SimpleData>
		<SimpleData name="photo_credit">DGLL</SimpleData>
	</SchemaData></ExtendedData>
      <Point><coordinates>72.81633,18.87933</coordinates></Point>
  </Placemark>
  <Placemark>
	<name>Kanhoji Angre Lighthouse</name>
	<ExtendedData><SchemaData schemaUrl="#lighthouses">
		<SimpleData name="id">kanhoji-angre-lighthouse</SimpleData>
		<SimpleData name="kind">lighthouse</SimpleData>
		<SimpleData name="region">Mumbai</SimpleData>
		<SimpleData name="pos_src">DGLL ledger</SimpleData>
		<SimpleData name="alol">F 0556</SimpleData>
		<SimpleData name="char">fl (2) WR 10 Sec.</SimpleData>
		<SimpleData name="ckind">Fl</SimpleData>
		<SimpleData name="colour">W</SimpleData>
		<SimpleData name="group">2</SimpleData>
		<SimpleData name="period">10</SimpleData>
		<SimpleData name="phases">(4:3,1,3,3)</SimpleData>
		<SimpleData name="phases_src">derived</SimpleData>
		<SimpleData name="flash_s">3</SimpleData>
		<SimpleData name="sectored">1</SimpleData>
		<SimpleData name="lum_nm">25</SimpleData>
		<SimpleData name="geo_nm">18.9</SimpleData>
		<SimpleData name="reach_nm">18.9</SimpleData>
		<SimpleData name="elev_m">47</SimpleData>
		<SimpleData name="optic">revolving</SimpleData>
		<SimpleData name="optic_evidence">Make: Wealth Marine WM-RB 500 Marine rotating beacon; R.P.M. 3 (Rotation Device field '---')</SimpleData>
		<SimpleData name="optic_make">Wealth Marine</SimpleData>
		<SimpleData name="optic_model">WM-RB 500</SimpleData>
		<SimpleData name="optic_type">Marine rotating beacon</SimpleData>
		<SimpleData name="optic_size">200mm</SimpleData>
		<SimpleData name="rpm">3</SimpleData>
		<SimpleData name="panels">6</SimpleData>
		<SimpleData name="led">0</SimpleData>
		<SimpleData name="solar">1</SimpleData>
		<SimpleData name="ais">0</SimpleData>
		<SimpleData name="dgps">0</SimpleData>
		<SimpleData name="vts">0</SimpleData>
		<SimpleData name="tower_type">Octagonal masonry tower</SimpleData>
		<SimpleData name="tower_h_m">17</SimpleData>
		<SimpleData name="tower_colour">--</SimpleData>
		<SimpleData name="tower_year">1867</SimpleData>
		<SimpleData name="established">1867</SimpleData>
		<SimpleData name="visit">closed</SimpleData>
		<SimpleData name="tourism">0</SimpleData>
		<SimpleData name="museum">0</SimpleData>
		<SimpleData name="record">1</SimpleData>
		<SimpleData name="ledger_url">https://www.dgll.nic.in/sites/default/files/2022-12/mm14.pdf</SimpleData>
		<SimpleData name="page_url">https://www.dgll.nic.in/DGLL-light-house-location/about-mumbai/kanhoji-angre-lighthouse</SimpleData>
		<SimpleData name="rowlett">1867 (British). Active; focal plane 47 m (154 ft); two flashes every 10 s, white or red depending on direction. 23 m (75 ft) octagonal cut stone tower with lantern and gallery, attached to a 2-story keeper's house. 1st order Fresnel lens in use. The tower is unpainted; lantern painted white; lantern roof is gray metallic. An enclosed observation room has been built on the gallery. Goraksha Ghawate's 2018 photo is at the top of this page, Wikimedia has Anand Ranade's 2015 photo, Pankaj Bhalbar has a 2024 photo, Huelse has a historic postcard view, Forand has a second postcard view, and Google has a satellite view. Khanderi Island is also the site of a 17th century fort. The island is managed </SimpleData>
		<SimpleData name="arlhs">IND-093</SimpleData>
		<SimpleData name="photo">https://www.dgll.nic.in/sites/default/files/2022-11/Kanhoji%20Angre%20Lighthouse.jpg</SimpleData>
		<SimpleData name="transcribed">1</SimpleData>
		<SimpleData name="ledger_issues">(5:Two divergence sets given: 4.48°/3.26° and 'Main 5° 03’ (Horizontal) 4° 59’ (Vertical)'; first set used,Duration of Flash 'Main 3 sec.' is inconsistent with fl (2) 10 Sec character,Rotation Device '---' although R.P.M. 3 and rotating beacon listed,Colours W and R given but no sector bearings stated,Effective beam intensity '---')</SimpleData>
		<SimpleData name="equip_years">{ }</SimpleData>
		<SimpleData name="equip_since">{ }</SimpleData>
		<SimpleData name="tenders">(7:2544,2141,2066,2065,2056,2055,2054)</SimpleData>
		<SimpleData name="photo_credit">DGLL</SimpleData>
	</SchemaData></ExtendedData>
      <Point><coordinates>72.81315,18.70318</coordinates></Point>
  </Placemark>
  <Placemark>
	<name>Chaul kadu lighthouse</name>
	<ExtendedData><SchemaData schemaUrl="#lighthouses">
		<SimpleData name="id">chaul-kadu-lighthouse</SimpleData>
		<SimpleData name="kind">lighthouse</SimpleData>
		<SimpleData name="region">Mumbai</SimpleData>
		<SimpleData name="pos_src">DGLL ledger</SimpleData>
		<SimpleData name="address">C/o, Head Lightkeeper, Korlai Fort Lighthouse, P.O. Korlai Ta. Murud Dist. Raigad Pin no. 402202</SimpleData>
		<SimpleData name="alol">F 0557.6</SimpleData>
		<SimpleData name="char">fl. R 3 Sec. (fl. 0.5, EC 2.5)</SimpleData>
		<SimpleData name="ckind">Fl</SimpleData>
		<SimpleData name="colour">R</SimpleData>
		<SimpleData name="group">1</SimpleData>
		<SimpleData name="period">3</SimpleData>
		<SimpleData name="phases">(2:0.5,2.5)</SimpleData>
		<SimpleData name="phases_src">ledger</SimpleData>
		<SimpleData name="flash_s">0.5</SimpleData>
		<SimpleData name="sectored">0</SimpleData>
		<SimpleData name="lum_nm">6.2</SimpleData>
		<SimpleData name="geo_nm">7.5</SimpleData>
		<SimpleData name="iala_nm">6.3</SimpleData>
		<SimpleData name="reach_nm">6.2</SimpleData>
		<SimpleData name="intensity_cd">176</SimpleData>
		<SimpleData name="elev_m">17</SimpleData>
		<SimpleData name="optic">flasher</SimpleData>
		<SimpleData name="optic_evidence">LED lantern Sealite SL-125/3; Pedestal: Fixed - Cast Iron; Rotation Device and R.P.M. '---'</SimpleData>
		<SimpleData name="optic_make">Sealite</SimpleData>
		<SimpleData name="optic_model">SL-125/3</SimpleData>
		<SimpleData name="optic_type">Ultra bright 108 LEDs</SimpleData>
		<SimpleData name="optic_size">200 mm</SimpleData>
		<SimpleData name="led">0</SimpleData>
		<SimpleData name="solar">1</SimpleData>
		<SimpleData name="ais">0</SimpleData>
		<SimpleData name="dgps">0</SimpleData>
		<SimpleData name="vts">0</SimpleData>
		<SimpleData name="tower_type">Circular Masonry Tower(White)</SimpleData>
		<SimpleData name="tower_h_m">16</SimpleData>
		<SimpleData name="tower_colour">White</SimpleData>
		<SimpleData name="tower_year">1870</SimpleData>
		<SimpleData name="established">1870</SimpleData>
		<SimpleData name="visit">closed</SimpleData>
		<SimpleData name="tourism">0</SimpleData>
		<SimpleData name="museum">0</SimpleData>
		<SimpleData name="record">1</SimpleData>
		<SimpleData name="ledger_url">https://www.dgll.nic.in/sites/default/files/2022-12/mm12.pdf</SimpleData>
		<SimpleData name="page_url">https://www.dgll.nic.in/DGLL-light-house-location/about-mumbai/chaul-kadu-lighthouse</SimpleData>
		<SimpleData name="rowlett">1870 (British). Active; focal plane 17 m (56 ft); red flash every 3 s. 19 m (62 ft) round cylindrical masonry tower with gallery, painted white. Lantern removed. In front of the lighthouse is a prow-shaped masonry wall meant to break the force of any waves that might reach the tower. The lighthouse was built with a refuge room to shelter shipwrecked sailors. Bing has a satellite view. Located about 5 km (3 mi) offshore and about 10 km (6 mi) southwest of Alibag. Accessible only by boat. Site and tower closed. ARLHS IND-001; Admiralty F0557.6; NGA 27924.</SimpleData>
		<SimpleData name="arlhs">IND-001</SimpleData>
		<SimpleData name="photo">https://www.dgll.nic.in/sites/default/files/2022-11/Chaul%20kadu%20lighthouse.jpg</SimpleData>
		<SimpleData name="transcribed">1</SimpleData>
		<SimpleData name="ledger_issues">(2:Name printed 'CHAUL KHADU LGHTHOUSE',Source of energy 'Mains' row describes solar-charged batteries, no grid mains stated)</SimpleData>
		<SimpleData name="equip_years">{ }</SimpleData>
		<SimpleData name="equip_since">{ }</SimpleData>
		<SimpleData name="tenders">(0:)</SimpleData>
		<SimpleData name="photo_credit">DGLL</SimpleData>
	</SchemaData></ExtendedData>
      <Point><coordinates>72.84843,18.59705</coordinates></Point>
  </Placemark>
  <Placemark>
	<name>Korlai Fort Lighthouse</name>
	<ExtendedData><SchemaData schemaUrl="#lighthouses">
		<SimpleData name="id">korlai-fort-lighthouse</SimpleData>
		<SimpleData name="kind">lighthouse</SimpleData>
		<SimpleData name="region">Mumbai</SimpleData>
		<SimpleData name="pos_src">DGLL ledger</SimpleData>
		<SimpleData name="address">Head Lightkeeper, Korlai Fort Lighthouse, P.O. Korlai Ta. Murud Dist. Raigad Pin no. 402202</SimpleData>
		<SimpleData name="alol">F 0558</SimpleData>
		<SimpleData name="char">fl. W 3 Sec. (fl. 1, ec 2)</SimpleData>
		<SimpleData name="ckind">Fl</SimpleData>
		<SimpleData name="colour">W</SimpleData>
		<SimpleData name="group">1</SimpleData>
		<SimpleData name="period">3</SimpleData>
		<SimpleData name="phases">(2:1,2)</SimpleData>
		<SimpleData name="phases_src">ledger</SimpleData>
		<SimpleData name="flash_s">0.95</SimpleData>
		<SimpleData name="sectored">0</SimpleData>
		<SimpleData name="lum_nm">23.5</SimpleData>
		<SimpleData name="geo_nm">16</SimpleData>
		<SimpleData name="iala_nm">23.6</SimpleData>
		<SimpleData name="reach_nm">16</SimpleData>
		<SimpleData name="intensity_cd">468750</SimpleData>
		<SimpleData name="elev_m">33</SimpleData>
		<SimpleData name="optic">revolving</SimpleData>
		<SimpleData name="optic_evidence">Type: Revolving with acrylic flat Fresnel lenses; Rotation Device: Stepper Motor; R.P.M. 2.5</SimpleData>
		<SimpleData name="optic_make">ANA Navaids, New Delhi</SimpleData>
		<SimpleData name="optic_model">GRB-48, MK-II</SimpleData>
		<SimpleData name="optic_type">Revolving with acrylic flat Fresnel lenses</SimpleData>
		<SimpleData name="optic_size">200 mm</SimpleData>
		<SimpleData name="rpm">2.5</SimpleData>
		<SimpleData name="panels">8</SimpleData>
		<SimpleData name="led">0</SimpleData>
		<SimpleData name="solar">1</SimpleData>
		<SimpleData name="ais">1</SimpleData>
		<SimpleData name="dgps">0</SimpleData>
		<SimpleData name="racon">O</SimpleData>
		<SimpleData name="vts">0</SimpleData>
		<SimpleData name="tower_type">Rectangular Masonry Tower</SimpleData>
		<SimpleData name="tower_h_m">12.7</SimpleData>
		<SimpleData name="tower_colour">Black &amp; White bands (3 bands 4.30 m each)</SimpleData>
		<SimpleData name="tower_year">1955</SimpleData>
		<SimpleData name="established">1955</SimpleData>
		<SimpleData name="visit">grounds</SimpleData>
		<SimpleData name="tourism">1</SimpleData>
		<SimpleData name="museum">0</SimpleData>
		<SimpleData name="record">1</SimpleData>
		<SimpleData name="ledger_url">https://www.dgll.nic.in/sites/default/files/2022-12/mm15.pdf</SimpleData>
		<SimpleData name="page_url">https://www.dgll.nic.in/DGLL-light-house-location/about-mumbai/korlai-fort-lighthouse</SimpleData>
		<SimpleData name="rowlett">1955. Active; focal plane 33 m (108 ft); white flash every 3 s. 16 m (52 ft) square cylindrical masonry tower with lantern and gallery, attached to the front of a 2-story masonry keeper's house. Tower painted with black and white horizontal bands; lantern dome painted red. Ketan Kadam's 2024 photo is below right, Harshal Sonawane has a 2019 photo, Mithila Rane has a photo, Vinit Maheshwari has a 2007 photo, Siddhesh Balsaraf has a street view, and Google has a satellite view and a fuzzy street view. Ruins of the early 16th century Korlai fort, built in a successful campaign to expel the Portuguese from Chaul, are on the hill above the lighthouse; a long stairway connects the fort and the lig</SimpleData>
		<SimpleData name="arlhs">IND-081</SimpleData>
		<SimpleData name="photo">https://www.dgll.nic.in/sites/default/files/2022-11/Korlai%20Fort%20Lighthouse.jpg</SimpleData>
		<SimpleData name="transcribed">1</SimpleData>
		<SimpleData name="ledger_issues">(1:Characteristic sequence gives fl 1 s but optic Duration of Flash is 0.95 sec)</SimpleData>
		<SimpleData name="equip_years">{ &quot;racon&quot;: 2005 }</SimpleData>
		<SimpleData name="equip_since">{ &quot;racon&quot;: { &quot;year&quot;: 2005, &quot;src&quot;: &quot;ledger&quot; }, &quot;ais&quot;: { &quot;year&quot;: 2012, &quot;src&quot;: &quot;network&quot; } }</SimpleData>
		<SimpleData name="tenders">(3:1977,1795,1787)</SimpleData>
		<SimpleData name="photo_credit">DGLL</SimpleData>
	</SchemaData></ExtendedData>
      <Point><coordinates>72.90607,18.5377</coordinates></Point>
  </Placemark>
  <Placemark>
	<name>Kalingapatnam Lighthouse</name>
	<ExtendedData><SchemaData schemaUrl="#lighthouses">
		<SimpleData name="id">kalingapatnam-lighthouse</SimpleData>
		<SimpleData name="kind">lighthouse</SimpleData>
		<SimpleData name="region">Kolkata</SimpleData>
		<SimpleData name="pos_src">DGLL ledger, seconds column read as decimal minutes (matches OpenStreetMap node/6989662212)</SimpleData>
		<SimpleData name="address">Kalingapatnam Lighthouse, P.O : Kalingapatnam Dist. Srikakulam, Andhra Pradesh, PIN- 532406</SimpleData>
		<SimpleData name="alol">F 0982</SimpleData>
		<SimpleData name="char">FL (3) W 15 SEC</SimpleData>
		<SimpleData name="ckind">Fl</SimpleData>
		<SimpleData name="colour">W</SimpleData>
		<SimpleData name="group">3</SimpleData>
		<SimpleData name="period">15</SimpleData>
		<SimpleData name="phases">(6:0.38,1.5,0.38,1.5,0.38,10.86)</SimpleData>
		<SimpleData name="phases_src">derived</SimpleData>
		<SimpleData name="flash_s">0.38</SimpleData>
		<SimpleData name="sectored">0</SimpleData>
		<SimpleData name="lum_nm">17</SimpleData>
		<SimpleData name="geo_nm">16</SimpleData>
		<SimpleData name="iala_nm">16.5</SimpleData>
		<SimpleData name="reach_nm">16</SimpleData>
		<SimpleData name="intensity_cd">26928</SimpleData>
		<SimpleData name="elev_m">34.54</SimpleData>
		<SimpleData name="optic">revolving</SimpleData>
		<SimpleData name="optic_evidence">Optical Equipment: TRB 220 (Revolving); RPM 4</SimpleData>
		<SimpleData name="optic_make">Tideland Signal Corporation, USA</SimpleData>
		<SimpleData name="optic_model">TRB 220</SimpleData>
		<SimpleData name="optic_type">Revolving</SimpleData>
		<SimpleData name="optic_size">915 mm height &amp; 445 mm Dia.; Focal Length 110 mm</SimpleData>
		<SimpleData name="rpm">4</SimpleData>
		<SimpleData name="panels">6</SimpleData>
		<SimpleData name="led">0</SimpleData>
		<SimpleData name="solar">1</SimpleData>
		<SimpleData name="ais">1</SimpleData>
		<SimpleData name="dgps">0</SimpleData>
		<SimpleData name="vts">0</SimpleData>
		<SimpleData name="tower_type">Hexagonal Masonry Tower</SimpleData>
		<SimpleData name="tower_h_m">30</SimpleData>
		<SimpleData name="tower_colour">Red &amp; White Bands</SimpleData>
		<SimpleData name="tower_year">1982</SimpleData>
		<SimpleData name="established">1877</SimpleData>
		<SimpleData name="visit">grounds</SimpleData>
		<SimpleData name="tourism">1</SimpleData>
		<SimpleData name="museum">0</SimpleData>
		<SimpleData name="record">1</SimpleData>
		<SimpleData name="ledger_url">https://www.dgll.nic.in/sites/default/files/2022-11/kalkata%2010.pdf</SimpleData>
		<SimpleData name="page_url">https://www.dgll.nic.in/DGLL-light-house-location/about-kolkata/kalingapatnam-lighthouse</SimpleData>
		<SimpleData name="rowlett">1982 (station established 1877). Active; focal plane 35 m (115 ft); three white flashes every 15 s. 30 m (98 ft) hexagonal cylindrical masonry tower with lantern and gallery, painted with horizontal red and white bands. Nilakantha Mahapatra has a closeup 2024 photo, Gowtham Kambhampati has a 2016 photo, Muni Raja Bonthala has a 2018 photo, Wikimedia has photos, and Google has a satellite view. Located at Kalingapatnam, a beach resort town about 30 km (19 mi) east of Srikakulam at the mouth of the Vamsadhara River. Accessible by road. Site open, tower status unknown. . ARLHS IND-036; Admiralty F0982; NGA 26956.</SimpleData>
		<SimpleData name="arlhs">IND-036</SimpleData>
		<SimpleData name="wikidata">Q30039442</SimpleData>
		<SimpleData name="photo">http://commons.wikimedia.org/wiki/Special:FilePath/Kalingapatnam%20light%20house%2003.jpg</SimpleData>
		<SimpleData name="transcribed">1</SimpleData>
		<SimpleData name="ledger_issues">(3:Divergence printed as '2.40 (Horiz.) &amp; I.15 (Vert.)' without degree signs; unclear whether decimal degrees or degrees-minutes,No date of commissioning / establishment year stated,Elevation of ground 4.54 m and elevation of tower 34.54 m both given; tower elevation used)</SimpleData>
		<SimpleData name="equip_years">{ &quot;ais&quot;: 2011 }</SimpleData>
		<SimpleData name="equip_since">{ &quot;ais&quot;: { &quot;year&quot;: 2011, &quot;src&quot;: &quot;ledger&quot; } }</SimpleData>
		<SimpleData name="tenders">(5:2537,2536,2304,2300,1829)</SimpleData>
		<SimpleData name="photo_credit">Wikimedia Commons</SimpleData>
	</SchemaData></ExtendedData>
      <Point><coordinates>84.125,18.34167</coordinates></Point>
  </Placemark>
  <Placemark>
	<name>Nanwel Point Lighthouse</name>
	<ExtendedData><SchemaData schemaUrl="#lighthouses">
		<SimpleData name="id">nanwel-point-lighthouse</SimpleData>
		<SimpleData name="kind">lighthouse</SimpleData>
		<SimpleData name="region">Mumbai</SimpleData>
		<SimpleData name="pos_src">DGLL ledger</SimpleData>
		<SimpleData name="alol">F 0562</SimpleData>
		<SimpleData name="char">fl (3) W 15 Sec. (FL 0.33, ec. 12.7 ) fl 0.33, ec. 2.17, fl 0.33, ec. 9.67)</SimpleData>
		<SimpleData name="ckind">Fl</SimpleData>
		<SimpleData name="colour">W</SimpleData>
		<SimpleData name="group">3</SimpleData>
		<SimpleData name="period">25.53</SimpleData>
		<SimpleData name="phases">(6:0.33,12.7,0.33,2.17,0.33,9.67)</SimpleData>
		<SimpleData name="phases_src">ledger</SimpleData>
		<SimpleData name="flash_s">0.52</SimpleData>
		<SimpleData name="sectored">0</SimpleData>
		<SimpleData name="lum_nm">16</SimpleData>
		<SimpleData name="geo_nm">21.2</SimpleData>
		<SimpleData name="iala_nm">19.1</SimpleData>
		<SimpleData name="reach_nm">16</SimpleData>
		<SimpleData name="intensity_cd">78318</SimpleData>
		<SimpleData name="elev_m">64</SimpleData>
		<SimpleData name="optic">revolving</SimpleData>
		<SimpleData name="optic_order">4</SimpleData>
		<SimpleData name="optic_evidence">Type: Revolving; Rotation Device: Dual Stepper Motor 40 Kgcm; R.P.M. 4</SimpleData>
		<SimpleData name="optic_make">Stone Chance</SimpleData>
		<SimpleData name="optic_type">Revolving with cut and polished prisms</SimpleData>
		<SimpleData name="optic_size">250 mm</SimpleData>
		<SimpleData name="rpm">4</SimpleData>
		<SimpleData name="panels">3</SimpleData>
		<SimpleData name="led">0</SimpleData>
		<SimpleData name="solar">0</SimpleData>
		<SimpleData name="ais">0</SimpleData>
		<SimpleData name="dgps">0</SimpleData>
		<SimpleData name="vts">0</SimpleData>
		<SimpleData name="tower_type">Octagonal Masonry Tower</SimpleData>
		<SimpleData name="tower_h_m">18.3</SimpleData>
		<SimpleData name="tower_colour">Red, White &amp; Red Bands</SimpleData>
		<SimpleData name="tower_year">1964</SimpleData>
		<SimpleData name="established">1884</SimpleData>
		<SimpleData name="visit">grounds</SimpleData>
		<SimpleData name="tourism">0</SimpleData>
		<SimpleData name="museum">0</SimpleData>
		<SimpleData name="record">1</SimpleData>
		<SimpleData name="ledger_url">https://www.dgll.nic.in/sites/default/files/2022-12/mm17.pdf</SimpleData>
		<SimpleData name="page_url">https://www.dgll.nic.in/DGLL-light-house-location/about-mumbai/nanwel-point-lighthouse</SimpleData>
		<SimpleData name="rowlett">1964 (station established 1884). Active; focal plane 66 m (217 ft); three white flashes every 15 s. 19 m (62 ft) octagonal masonry tower with lantern and gallery painted with red and white horizontal bands. Prajyot Sale has the 2022 photo at right, Pritam Patil has a 2018 closeup photo, Sachchida Nand Arya has a photo, Wikimapia has photos, and Google has a satellite view. The original light was a 10.5 m (34 ft) white tower. In 1998 Nilesh Korgaonkar had a long hike from Nanvell to reach the lighthouse, where he had tea with the keepers. Located on a promontory at the southern entrance to the Rajpuri Creek estuary, about 80 km (50 mi) west of Mangaon. Site open but quite difficult to reach, </SimpleData>
		<SimpleData name="arlhs">IND-104</SimpleData>
		<SimpleData name="photo">https://www.dgll.nic.in/sites/default/files/2022-11/Nanwel%20Point%20Lighthouse.jpg</SimpleData>
		<SimpleData name="transcribed">1</SimpleData>
		<SimpleData name="ledger_issues">(5:Headline says every 15 s but itemised sequence (0.33, 12.7, 0.33, 2.17, 0.33, 9.67) sums to 25.53 s; first eclipse 12.7 likely a typo for 2.17,Sequence flash 0.33 s differs from Duration of Flash 0.52 Sec,Panels printed as '3 to 60° each',Tower height '18.3' printed without unit,Geographical range blank)</SimpleData>
		<SimpleData name="equip_years">{ }</SimpleData>
		<SimpleData name="equip_since">{ }</SimpleData>
		<SimpleData name="tenders">(3:2544,1795,1787)</SimpleData>
		<SimpleData name="photo_credit">DGLL</SimpleData>
	</SchemaData></ExtendedData>
      <Point><coordinates>72.93633,18.28067</coordinates></Point>
  </Placemark>
  <Placemark>
	<name>Santapalli Lighthouse</name>
	<ExtendedData><SchemaData schemaUrl="#lighthouses">
		<SimpleData name="id">santapalli-lighthouse</SimpleData>
		<SimpleData name="kind">lighthouse</SimpleData>
		<SimpleData name="region">Visakhapatnam</SimpleData>
		<SimpleData name="pos_src">DGLL ledger</SimpleData>
		<SimpleData name="address">The Navigational Assistant Gr-I, Santapalli Lighthouse, Chintapalli post, Via. Pusapati Raga, Dist. Vizayanagaram Andhra Pradesh, Pin: 535 204.</SimpleData>
		<SimpleData name="alol">0980</SimpleData>
		<SimpleData name="char">FL (2) White, every 10 Seconds (Fl 0.2 ec2.3 Fl0.2 ec7)</SimpleData>
		<SimpleData name="ckind">Fl</SimpleData>
		<SimpleData name="colour">W</SimpleData>
		<SimpleData name="group">2</SimpleData>
		<SimpleData name="period">10</SimpleData>
		<SimpleData name="phases">(4:0.2,2.3,0.2,7)</SimpleData>
		<SimpleData name="phases_src">ledger</SimpleData>
		<SimpleData name="flash_s">0.2</SimpleData>
		<SimpleData name="sectored">0</SimpleData>
		<SimpleData name="lum_nm">23</SimpleData>
		<SimpleData name="geo_nm">18</SimpleData>
		<SimpleData name="iala_nm">25.4</SimpleData>
		<SimpleData name="reach_nm">18</SimpleData>
		<SimpleData name="intensity_cd">939600</SimpleData>
		<SimpleData name="elev_m">43</SimpleData>
		<SimpleData name="optic">revolving</SimpleData>
		<SimpleData name="optic_order">3</SimpleData>
		<SimpleData name="optic_evidence">500 mm 3rd Order Large Revolving; twin stepper motor direct drive; Rotation Speed 6 RPM</SimpleData>
		<SimpleData name="optic_make">M/s Chance Brothers</SimpleData>
		<SimpleData name="optic_type">Large Revolving</SimpleData>
		<SimpleData name="optic_size">500 mm (focal distance 500 mm)</SimpleData>
		<SimpleData name="rpm">6</SimpleData>
		<SimpleData name="panels">2</SimpleData>
		<SimpleData name="led">1</SimpleData>
		<SimpleData name="solar">1</SimpleData>
		<SimpleData name="ais">1</SimpleData>
		<SimpleData name="dgps">0</SimpleData>
		<SimpleData name="vts">0</SimpleData>
		<SimpleData name="tower_type">Circular masonry Tower</SimpleData>
		<SimpleData name="tower_h_m">22</SimpleData>
		<SimpleData name="tower_colour">Black and White bands</SimpleData>
		<SimpleData name="tower_year">1903</SimpleData>
		<SimpleData name="established">1840</SimpleData>
		<SimpleData name="visit">grounds</SimpleData>
		<SimpleData name="tourism">1</SimpleData>
		<SimpleData name="museum">0</SimpleData>
		<SimpleData name="record">1</SimpleData>
		<SimpleData name="ledger_url">https://www.dgll.nic.in/sites/default/files/2022-11/Santapalli%20Lighthouse.pdf</SimpleData>
		<SimpleData name="page_url">https://www.dgll.nic.in/DGLL-light-house-location/about-vishakhapatnam/santapalli-lighthouse</SimpleData>
		<SimpleData name="rowlett">1903 British; (station established 1840). Active; focal plane 43 m (141 ft); two white flashes every 10 s. 22 m (72 ft) round masonry tower with lantern and gallery, painted with horizontal black and white bands; lantern dome painted red. Aditya Vishnu Vardhan Inuganti's 2022 photo is at right, Dayal Saran has a closeup 2016 photo, Kartheek Dummu has a 2019 photo, and the lighthouse and several station buildings are seen in a Google satellite view. The original light, a temporary structure on the beach, was destroyed by a typhoon. Ruins of the second (1849) lighthouse, which had a light tower attached to a keeper's house, can also be seen. According to DGLL remains of a primitive 18th centur</SimpleData>
		<SimpleData name="arlhs">IND-061</SimpleData>
		<SimpleData name="wikidata">Q57518237</SimpleData>
		<SimpleData name="photo">https://www.dgll.nic.in/sites/default/files/2022-11/Santapalli%20Lighthouse.jpg</SimpleData>
		<SimpleData name="transcribed">1</SimpleData>
		<SimpleData name="ledger_issues">(4:Sequence (0.2+2.3+0.2+7) sums to 9.7 s but period stated as 10 s,Horizontal divergence printed as '6° 45 6'' (ambiguous, possibly 6° 45.6'),Estd./year of first light 1840 but Date of Commissioning given as 1903,ALOL given only as Sr.No. '0980' without letter prefix)</SimpleData>
		<SimpleData name="equip_years">{ &quot;ais&quot;: 2011 }</SimpleData>
		<SimpleData name="equip_since">{ &quot;ais&quot;: { &quot;year&quot;: 2011, &quot;src&quot;: &quot;ledger&quot; } }</SimpleData>
		<SimpleData name="tenders">(1:868)</SimpleData>
		<SimpleData name="photo_credit">DGLL</SimpleData>
	</SchemaData></ExtendedData>
      <Point><coordinates>83.64,18.065</coordinates></Point>
  </Placemark>
  <Placemark>
	<name>Bheemlipatnam Lighthouse</name>
	<ExtendedData><SchemaData schemaUrl="#lighthouses">
		<SimpleData name="id">bheemlipatnam-lighthouse</SimpleData>
		<SimpleData name="kind">lighthouse</SimpleData>
		<SimpleData name="region">Visakhapatnam</SimpleData>
		<SimpleData name="pos_src">DGLL ledger</SimpleData>
		<SimpleData name="alol">F 0978</SimpleData>
		<SimpleData name="char">3FL (W) every 15Seconds (FL 1+ EC 2+FL 1+EC 2+FL 1+EC8=15sec)</SimpleData>
		<SimpleData name="ckind">Fl</SimpleData>
		<SimpleData name="colour">W</SimpleData>
		<SimpleData name="group">3</SimpleData>
		<SimpleData name="period">15</SimpleData>
		<SimpleData name="phases">(6:1,2,1,2,1,8)</SimpleData>
		<SimpleData name="phases_src">ledger</SimpleData>
		<SimpleData name="flash_s">1</SimpleData>
		<SimpleData name="sectored">0</SimpleData>
		<SimpleData name="lum_nm">15</SimpleData>
		<SimpleData name="geo_nm">12</SimpleData>
		<SimpleData name="iala_nm">14</SimpleData>
		<SimpleData name="reach_nm">12</SimpleData>
		<SimpleData name="intensity_cd">9000</SimpleData>
		<SimpleData name="elev_m">10.97</SimpleData>
		<SimpleData name="optic">flasher</SimpleData>
		<SimpleData name="optic_evidence">Type: LED Light Beacon; illuminant 12V, 18 W LED Light (Sea lite make SL155); no rotation device listed</SimpleData>
		<SimpleData name="optic_make">M/s. Aero marine</SimpleData>
		<SimpleData name="optic_model">SL-155</SimpleData>
		<SimpleData name="optic_type">LED Light Beacon</SimpleData>
		<SimpleData name="led">1</SimpleData>
		<SimpleData name="solar">1</SimpleData>
		<SimpleData name="ais">0</SimpleData>
		<SimpleData name="dgps">0</SimpleData>
		<SimpleData name="vts">0</SimpleData>
		<SimpleData name="tower_type">Circular Brick masonry Tower</SimpleData>
		<SimpleData name="tower_h_m">10.97</SimpleData>
		<SimpleData name="tower_colour">White day mark</SimpleData>
		<SimpleData name="tower_year">1903</SimpleData>
		<SimpleData name="established">1903</SimpleData>
		<SimpleData name="visit">grounds</SimpleData>
		<SimpleData name="tourism">0</SimpleData>
		<SimpleData name="museum">0</SimpleData>
		<SimpleData name="record">1</SimpleData>
		<SimpleData name="ledger_url">https://www.dgll.nic.in/sites/default/files/2022-11/Bheemlipatnam%20Lighthouse.pdf</SimpleData>
		<SimpleData name="page_url">https://www.dgll.nic.in/DGLL-light-house-location/about-vishakhapatnam/bheemlipatnam-lighthouse</SimpleData>
		<SimpleData name="rowlett">1903 (British). Active; focal plane 12 m (39 ft); white flash every 9 s. 11 m (36 ft) masonry tower, painted white. A 2017 photo is at right, Matt Kutsch also has a good photo, Laxmi Saha has a 2022 photo, and Google has a satellite view. In January 2013 it was announced that this historic lighthouse would be demolished and replaced, but these plans were dropped. Google's January 2017 street view shows the old tower very much in place, with visitors on the gallery. In March 2022 government officials visited to survey sites for a new lighthouse; it would have a height of about 30 m (100 ft). Located near the port office in Bhimunipatnam (Bheemili), a seaport at the mouth of the river Gosthani</SimpleData>
		<SimpleData name="arlhs">IND-023</SimpleData>
		<SimpleData name="photo">https://www.dgll.nic.in/sites/default/files/2022-11/Bheemlipatnam%20Lighthouse.jpg</SimpleData>
		<SimpleData name="transcribed">1</SimpleData>
		<SimpleData name="ledger_issues">(3:Name printed as 'BHEEMINIPATNAM LIGHT HOUSE' in the Name field; page title reads 'Bheemlipatnam Lighthouse',Latitude printed as 17° 56'.30&quot; (mixed minute/second notation); converted as 17°56'30&quot;,Duration of flash given as 0.38 seconds but characteristic sequence gives FL 1 s)</SimpleData>
		<SimpleData name="equip_years">{ }</SimpleData>
		<SimpleData name="equip_since">{ }</SimpleData>
		<SimpleData name="tenders">(0:)</SimpleData>
		<SimpleData name="photo_credit">DGLL</SimpleData>
	</SchemaData></ExtendedData>
      <Point><coordinates>83.45667,17.94167</coordinates></Point>
  </Placemark>
  <Placemark>
	<name>Kelshi (Anjarle) Lighthouse</name>
	<ExtendedData><SchemaData schemaUrl="#lighthouses">
		<SimpleData name="id">kelshi-lighthouse</SimpleData>
		<SimpleData name="kind">lighthouse</SimpleData>
		<SimpleData name="region">Mumbai</SimpleData>
		<SimpleData name="pos_src">Lighthouse Directory map link</SimpleData>
		<SimpleData name="alol">F 0563.5</SimpleData>
		<SimpleData name="char">white flash every 15 s</SimpleData>
		<SimpleData name="ckind">Fl</SimpleData>
		<SimpleData name="colour">W</SimpleData>
		<SimpleData name="group">1</SimpleData>
		<SimpleData name="period">15</SimpleData>
		<SimpleData name="phases">(2:0.95,14.05)</SimpleData>
		<SimpleData name="phases_src">derived</SimpleData>
		<SimpleData name="geo_nm">20.3</SimpleData>
		<SimpleData name="reach_nm">20.3</SimpleData>
		<SimpleData name="elev_m">57</SimpleData>
		<SimpleData name="vts">0</SimpleData>
		<SimpleData name="tower_type">25 m (82 ft) octagonal concrete tower wih a large lantern structure, painted with black and white horizontal bands</SimpleData>
		<SimpleData name="tower_h_m">25</SimpleData>
		<SimpleData name="tower_colour">tower wih a large lantern structure, painted with black and white horizontal bands</SimpleData>
		<SimpleData name="tower_year">2021</SimpleData>
		<SimpleData name="established">2021</SimpleData>
		<SimpleData name="tourism">1</SimpleData>
		<SimpleData name="museum">0</SimpleData>
		<SimpleData name="record">0</SimpleData>
		<SimpleData name="rowlett">2021. Active; focal plane 57 m (187 ft); white flash every 15 s. Approx. 25 m (82 ft) octagonal concrete tower wih a large lantern structure, painted with black and white horizontal bands. Suraj Sheth's 2023 photo is at right, Danish Palte has a December 2020 photo of the lighthouse under construction, Pramod Jadhav has a May 2022 photo of the completed lighthouse, and Google has a 2023 street view and a satellite view. Located on a prominent headland at Dapoli. Site open, tower closed. Admiralty F0563.5.</SimpleData>
		<SimpleData name="no_ledger">1</SimpleData>
		<SimpleData name="equip_years">{ }</SimpleData>
		<SimpleData name="equip_since">{ }</SimpleData>
		<SimpleData name="tenders">(1:1976)</SimpleData>
	</SchemaData></ExtendedData>
      <Point><coordinates>73.08225,17.86222</coordinates></Point>
  </Placemark>
  <Placemark>
	<name>Harnai Lighthouse</name>
	<ExtendedData><SchemaData schemaUrl="#lighthouses">
		<SimpleData name="id">harnai-lighthouse</SimpleData>
		<SimpleData name="kind">lighthouse</SimpleData>
		<SimpleData name="region">Mumbai</SimpleData>
		<SimpleData name="pos_src">DGLL ledger</SimpleData>
		<SimpleData name="alol">F0564</SimpleData>
		<SimpleData name="char">fl R 05 Sec. (Fl 0.5 )</SimpleData>
		<SimpleData name="ckind">Fl</SimpleData>
		<SimpleData name="colour">R</SimpleData>
		<SimpleData name="group">1</SimpleData>
		<SimpleData name="period">5</SimpleData>
		<SimpleData name="phases">(2:0.5,4.5)</SimpleData>
		<SimpleData name="phases_src">derived</SimpleData>
		<SimpleData name="flash_s">0.5</SimpleData>
		<SimpleData name="sectored">0</SimpleData>
		<SimpleData name="lum_nm">8</SimpleData>
		<SimpleData name="geo_nm">15.8</SimpleData>
		<SimpleData name="reach_nm">8</SimpleData>
		<SimpleData name="elev_m">29</SimpleData>
		<SimpleData name="optic">flasher</SimpleData>
		<SimpleData name="optic_evidence">Rotation Device: RedFlashing Light; R.P.M. NA; Pedestal GI pipe stand; Illuminant LED Light</SimpleData>
		<SimpleData name="optic_make">MG Nickon, (Finland)</SimpleData>
		<SimpleData name="optic_model">LED 350-2NR</SimpleData>
		<SimpleData name="led">1</SimpleData>
		<SimpleData name="solar">1</SimpleData>
		<SimpleData name="ais">0</SimpleData>
		<SimpleData name="dgps">0</SimpleData>
		<SimpleData name="vts">0</SimpleData>
		<SimpleData name="tower_type">White missionary tower</SimpleData>
		<SimpleData name="tower_h_m">10</SimpleData>
		<SimpleData name="tower_colour">White</SimpleData>
		<SimpleData name="tower_year">1899</SimpleData>
		<SimpleData name="established">1899</SimpleData>
		<SimpleData name="visit">closed</SimpleData>
		<SimpleData name="tourism">0</SimpleData>
		<SimpleData name="museum">0</SimpleData>
		<SimpleData name="record">1</SimpleData>
		<SimpleData name="ledger_url">https://www.dgll.nic.in/sites/default/files/2022-12/mm18.pdf</SimpleData>
		<SimpleData name="page_url">https://www.dgll.nic.in/DGLL-light-house-location/about-mumbai/harnai-lighthouse</SimpleData>
		<SimpleData name="rowlett">1899 (British). Active; focal plane 29 m (95 ft); red flash every 5 s. 10 m (33 ft) round concrete tower with gallery; the lantern has been replaced by a light on a short mast. The lighthouse was formerly painted white, but in photos it seems most of the paint has weathered off. Amit Kulkarni has a 2023 photo, Jagannath Sahoo has a 2024 photo, Khalil Sawant has a 2008 closeup photo, and Google has a satellite view. Located atop a narrow promontory, connected to the mainland by a causeway, on the north side of the harbor entrance at Harnai. Site probably open, tower closed. ARLHS IND-086; Admiralty F0564; NGA 27904.</SimpleData>
		<SimpleData name="arlhs">IND-086</SimpleData>
		<SimpleData name="photo">https://www.dgll.nic.in/sites/default/files/2022-11/Harnai%20Lighthouse.jpg</SimpleData>
		<SimpleData name="transcribed">1</SimpleData>
		<SimpleData name="ledger_issues">(1:Date of commissioning blank; only 'Date of Installation of New LED Flashing Light: 12.07.2018' given)</SimpleData>
		<SimpleData name="equip_years">{ }</SimpleData>
		<SimpleData name="equip_since">{ }</SimpleData>
		<SimpleData name="tenders">(0:)</SimpleData>
		<SimpleData name="photo_credit">DGLL</SimpleData>
	</SchemaData></ExtendedData>
      <Point><coordinates>73.08933,17.80883</coordinates></Point>
  </Placemark>
  <Placemark>
	<name>Dolphin Nose Lighthouse</name>
	<ExtendedData><SchemaData schemaUrl="#lighthouses">
		<SimpleData name="id">dolphin-nose-lighthouse</SimpleData>
		<SimpleData name="kind">lighthouse</SimpleData>
		<SimpleData name="region">Visakhapatnam</SimpleData>
		<SimpleData name="pos_src">DGLL ledger</SimpleData>
		<SimpleData name="address">Assistant Engineer (Electronics), Dolphin’s Nose Lighthouse Post: Gandhigram. P.O.Box-134 Visakhapatnam-530005.</SimpleData>
		<SimpleData name="alol">0970</SimpleData>
		<SimpleData name="char">FL.W. 10 Sec (Fl 0.33 Sec. Ec 9.67 Sec.)</SimpleData>
		<SimpleData name="ckind">Fl</SimpleData>
		<SimpleData name="colour">W</SimpleData>
		<SimpleData name="group">1</SimpleData>
		<SimpleData name="period">10</SimpleData>
		<SimpleData name="phases">(2:0.33,9.67)</SimpleData>
		<SimpleData name="phases_src">ledger</SimpleData>
		<SimpleData name="flash_s">0.33</SimpleData>
		<SimpleData name="sectored">0</SimpleData>
		<SimpleData name="lum_nm">32</SimpleData>
		<SimpleData name="geo_nm">31</SimpleData>
		<SimpleData name="iala_nm">25.4</SimpleData>
		<SimpleData name="reach_nm">31</SimpleData>
		<SimpleData name="intensity_cd">939600</SimpleData>
		<SimpleData name="elev_m">173</SimpleData>
		<SimpleData name="optic">revolving</SimpleData>
		<SimpleData name="optic_order">3</SimpleData>
		<SimpleData name="optic_evidence">Size: 375 mm (3rd order small) Revolving; Rotation Device: Twin Stepper motor Direct Drive; Rotation Speed 3 RPM</SimpleData>
		<SimpleData name="optic_make">BBT</SimpleData>
		<SimpleData name="optic_type">Revolving</SimpleData>
		<SimpleData name="optic_size">375 mm</SimpleData>
		<SimpleData name="rpm">3</SimpleData>
		<SimpleData name="panels">1</SimpleData>
		<SimpleData name="led">1</SimpleData>
		<SimpleData name="solar">1</SimpleData>
		<SimpleData name="ais">1</SimpleData>
		<SimpleData name="dgps">1</SimpleData>
		<SimpleData name="racon">O</SimpleData>
		<SimpleData name="vts">0</SimpleData>
		<SimpleData name="tower_type">Square Masonry Tower</SimpleData>
		<SimpleData name="tower_h_m">19</SimpleData>
		<SimpleData name="tower_colour">Black &amp; White bands</SimpleData>
		<SimpleData name="tower_year">1957</SimpleData>
		<SimpleData name="established">1874</SimpleData>
		<SimpleData name="visit">closed</SimpleData>
		<SimpleData name="tourism">0</SimpleData>
		<SimpleData name="museum">0</SimpleData>
		<SimpleData name="record">1</SimpleData>
		<SimpleData name="ledger_url">https://www.dgll.nic.in/sites/default/files/2022-11/Dolphin%20Nose%20Lighthouse.pdf</SimpleData>
		<SimpleData name="page_url">https://www.dgll.nic.in/DGLL-light-house-location/about-vishakhapatnam/dolphin-nose-lighthouse</SimpleData>
		<SimpleData name="rowlett">1957 (station established 1874). Active; focal plane 173 m (568 ft); white flash every 10 s. 15 m (49 ft) square cylindrical masonry tower with lantern and gallery, painted with horizontal black and white bands; lantern dome painted red. Joel Lava's 2024 photo is at the top of this page, Jaydip Bhattacharya has a 2017 closeup photo, Pallab Ghosh also has a photo, the lighthouse can be seen atop the rock in a distant view of the headland, and Google has a satellite view of the station. A light was displayed at the nearby fort as early as 1874, but there was no proper lighthouse until about 1905. The first lighthouse at the present site was built in 1940. The Dolphin's Nose is a huge rocky hea</SimpleData>
		<SimpleData name="arlhs">IND-032</SimpleData>
		<SimpleData name="wikidata">Q57499110</SimpleData>
		<SimpleData name="photo">http://commons.wikimedia.org/wiki/Special:FilePath/Dolphin%27s%20Nose%20Lighthouse%20-%20panoramio.jpg</SimpleData>
		<SimpleData name="transcribed">1</SimpleData>
		<SimpleData name="ledger_issues">(4:Elevation printed as '173 above MSL' without unit,Luminous range printed as '32 M' (unit presumably NM),1 panel at 3 RPM gives one flash every 20 s, but characteristic is Fl every 10 s,Year of first light 1940; present lighthouse commissioned 15-06-1957)</SimpleData>
		<SimpleData name="equip_years">{ &quot;racon&quot;: 2005, &quot;navtex&quot;: 2015 }</SimpleData>
		<SimpleData name="equip_since">{ &quot;racon&quot;: { &quot;year&quot;: 2005, &quot;src&quot;: &quot;ledger&quot; }, &quot;ais&quot;: { &quot;year&quot;: 2012, &quot;src&quot;: &quot;network&quot; }, &quot;dgps&quot;: { &quot;year&quot;: 2003, &quot;src&quot;: &quot;network&quot; } }</SimpleData>
		<SimpleData name="tenders">(3:2136,701,621)</SimpleData>
		<SimpleData name="photo_credit">DGLL</SimpleData>
	</SchemaData></ExtendedData>
      <Point><coordinates>83.295,17.675</coordinates></Point>
  </Placemark>
  <Placemark>
	<name>Tolkeshwar Point Lighthouse</name>
	<ExtendedData><SchemaData schemaUrl="#lighthouses">
		<SimpleData name="id">tolkeshwar-point-lighthouse</SimpleData>
		<SimpleData name="kind">lighthouse</SimpleData>
		<SimpleData name="region">Mumbai</SimpleData>
		<SimpleData name="pos_src">DGLL ledger</SimpleData>
		<SimpleData name="alol">F 0566</SimpleData>
		<SimpleData name="char">GP fl W (3) every 15 Sec. (W) 0.35+2.65+0.35+2.65+0.35+8.65=15 sec.</SimpleData>
		<SimpleData name="ckind">Fl</SimpleData>
		<SimpleData name="colour">W</SimpleData>
		<SimpleData name="group">3</SimpleData>
		<SimpleData name="period">15</SimpleData>
		<SimpleData name="phases">(6:0.35,2.65,0.35,2.65,0.35,8.65)</SimpleData>
		<SimpleData name="phases_src">ledger</SimpleData>
		<SimpleData name="flash_s">0.35</SimpleData>
		<SimpleData name="sectored">0</SimpleData>
		<SimpleData name="lum_nm">22</SimpleData>
		<SimpleData name="geo_nm">25.8</SimpleData>
		<SimpleData name="iala_nm">22.1</SimpleData>
		<SimpleData name="reach_nm">22</SimpleData>
		<SimpleData name="intensity_cd">263883</SimpleData>
		<SimpleData name="elev_m">104</SimpleData>
		<SimpleData name="optic">revolving</SimpleData>
		<SimpleData name="optic_order">3</SimpleData>
		<SimpleData name="optic_evidence">Type: Revolving; Rotation Device: Dual Stepper Motor 40 Kgcm; R.P.M. 4</SimpleData>
		<SimpleData name="optic_make">Stone Chance</SimpleData>
		<SimpleData name="optic_type">Revolving</SimpleData>
		<SimpleData name="optic_size">375 mm (3rd order small) revolving</SimpleData>
		<SimpleData name="rpm">4</SimpleData>
		<SimpleData name="panels">3</SimpleData>
		<SimpleData name="led">1</SimpleData>
		<SimpleData name="solar">1</SimpleData>
		<SimpleData name="ais">1</SimpleData>
		<SimpleData name="dgps">0</SimpleData>
		<SimpleData name="vts">0</SimpleData>
		<SimpleData name="tower_type">Rectangular Masonry Tower</SimpleData>
		<SimpleData name="tower_h_m">13.5</SimpleData>
		<SimpleData name="tower_colour">White</SimpleData>
		<SimpleData name="tower_year">1958</SimpleData>
		<SimpleData name="established">1880</SimpleData>
		<SimpleData name="visit">open</SimpleData>
		<SimpleData name="tourism">0</SimpleData>
		<SimpleData name="museum">0</SimpleData>
		<SimpleData name="record">1</SimpleData>
		<SimpleData name="ledger_url">https://www.dgll.nic.in/sites/default/files/2022-12/mm19.pdf</SimpleData>
		<SimpleData name="page_url">https://www.dgll.nic.in/DGLL-light-house-location/about-mumbai/tolkeshwar-point-lighthouse</SimpleData>
		<SimpleData name="rowlett">1958 (station established 1880). Active; focal plane 104 m (341 ft); three white flashes every 15 s. 14 m (46 ft) square cylindrical masonry tower with lantern and gallery, painted white; lantern dome painted red. Vitthal Kemble has a closeup 2022 photo, Ranjit Wagh has a 2017 photo, Praveen Jadhav has a closeup photo, Nilesh Korgaonkar reports on a 1998 visit, and Google has a satellite view of the station. The original cast iron post light was replaced by a short masonry tower in 1934. Located on a high promontory near Dabhol, about 20 km (13 mi) north northwest of Guhagar. Site open, tower open daily 3 to 5 pm. ARLHS IND-117; Admiralty F0566; NGA 27888.</SimpleData>
		<SimpleData name="arlhs">IND-117</SimpleData>
		<SimpleData name="photo">https://www.dgll.nic.in/sites/default/files/2022-11/Tolkeshwar%20Point%20Lighthouse.jpg</SimpleData>
		<SimpleData name="transcribed">1</SimpleData>
		<SimpleData name="ledger_issues">(3:No. of lens printed '3 to 50° each (1 of 110° &amp; 2nd of 100° each)',Ledger header spells name 'Talkeshwar Point'; slug uses 'tolkeshwar',established_year from commissioning 15.02.1960 (PV burner); converted to electric 31.01.1997)</SimpleData>
		<SimpleData name="equip_years">{ }</SimpleData>
		<SimpleData name="equip_since">{ &quot;ais&quot;: { &quot;year&quot;: 2012, &quot;src&quot;: &quot;network&quot; } }</SimpleData>
		<SimpleData name="tenders">(1:1991)</SimpleData>
		<SimpleData name="photo_credit">DGLL</SimpleData>
	</SchemaData></ExtendedData>
      <Point><coordinates>73.13743,17.5666</coordinates></Point>
  </Placemark>
  <Placemark>
	<name>Pudimadaka Lighthouse</name>
	<ExtendedData><SchemaData schemaUrl="#lighthouses">
		<SimpleData name="id">pudimadaka-lighthouse</SimpleData>
		<SimpleData name="kind">lighthouse</SimpleData>
		<SimpleData name="region">Visakhapatnam</SimpleData>
		<SimpleData name="pos_src">DGLL ledger</SimpleData>
		<SimpleData name="alol">0968</SimpleData>
		<SimpleData name="char">Fl. (2) W 15 Sec. (0.4+ 3.4 +0.4 +10.8 =15 sec.)</SimpleData>
		<SimpleData name="ckind">Fl</SimpleData>
		<SimpleData name="colour">W</SimpleData>
		<SimpleData name="group">2</SimpleData>
		<SimpleData name="period">15</SimpleData>
		<SimpleData name="phases">(4:0.4,3.4,0.4,10.8)</SimpleData>
		<SimpleData name="phases_src">ledger</SimpleData>
		<SimpleData name="flash_s">0.4</SimpleData>
		<SimpleData name="sectored">0</SimpleData>
		<SimpleData name="lum_nm">20</SimpleData>
		<SimpleData name="geo_nm">16.5</SimpleData>
		<SimpleData name="iala_nm">23.4</SimpleData>
		<SimpleData name="reach_nm">16.5</SimpleData>
		<SimpleData name="intensity_cd">438480</SimpleData>
		<SimpleData name="elev_m">35</SimpleData>
		<SimpleData name="optic">revolving</SimpleData>
		<SimpleData name="optic_order">4</SimpleData>
		<SimpleData name="optic_evidence">Size: 300 mm (4th order Large) revolving; Rotation Device: Twin Stepper motor Direct Drive system; Rotation Speed 2 RPM</SimpleData>
		<SimpleData name="optic_make">B.B.T</SimpleData>
		<SimpleData name="optic_type">revolving</SimpleData>
		<SimpleData name="optic_size">300 mm (4th order Large); focal distance 300 MM</SimpleData>
		<SimpleData name="rpm">2</SimpleData>
		<SimpleData name="panels">4</SimpleData>
		<SimpleData name="led">1</SimpleData>
		<SimpleData name="solar">1</SimpleData>
		<SimpleData name="ais">0</SimpleData>
		<SimpleData name="dgps">0</SimpleData>
		<SimpleData name="vts">0</SimpleData>
		<SimpleData name="tower_type">Square Masonry</SimpleData>
		<SimpleData name="tower_h_m">26</SimpleData>
		<SimpleData name="tower_colour">Red &amp; white band</SimpleData>
		<SimpleData name="tower_year">1991</SimpleData>
		<SimpleData name="established">1971</SimpleData>
		<SimpleData name="visit">open</SimpleData>
		<SimpleData name="tourism">1</SimpleData>
		<SimpleData name="museum">0</SimpleData>
		<SimpleData name="record">1</SimpleData>
		<SimpleData name="ledger_url">https://www.dgll.nic.in/sites/default/files/2022-11/Pudimadaka%20Lighthouse.pdf</SimpleData>
		<SimpleData name="page_url">https://www.dgll.nic.in/DGLL-light-house-location/about-vishakhapatnam/pudimadaka-lighthouse</SimpleData>
		<SimpleData name="rowlett">1991 (station established 1971). Active; focal plane 35 m (115 ft); two white flashes every 15 s. 26 m (85 ft) square cylindrical masonry tower with lantern and gallery, painted with horizontal red and white bands. A 2019 photo by Dommeti Venkata Mahesh at right, Yajjala Mahesh has a 2022 photo, Sivakodandarao Yeripalli has a 2017 photo, a closeup photo is available, and Google has a satellite view. The history of this station is not clear but apparently the present tower was built in 1991. Located on a sandy promontory at Pudi Madaka, about 55 km (35 mi) southwest of Vishakhapatnam. Site open, tower open daily. . ARLHS IND-054; Admiralty F0968; NGA 27012.</SimpleData>
		<SimpleData name="arlhs">IND-054</SimpleData>
		<SimpleData name="wikidata">Q57496306</SimpleData>
		<SimpleData name="photo">https://www.dgll.nic.in/sites/default/files/2022-11/Pudimadaka%20Lighthouse.jpg</SimpleData>
		<SimpleData name="transcribed">1</SimpleData>
		<SimpleData name="ledger_issues">(4:Position printed with minute marks instead of degree signs ('17' 29.3&quot; N', '83' 00.3&quot; E'); converted as 17° 29.3' N, 83° 00.3' E,Luminous range printed as '20 candelas' (unit error); transcribed as 20 NM,Duration of flash given as '0.38 sec. - 0.4 sec.'; sequence gives 0.4 s,ALOL number printed as '0968' without 'F' prefix)</SimpleData>
		<SimpleData name="equip_years">{ }</SimpleData>
		<SimpleData name="equip_since">{ }</SimpleData>
		<SimpleData name="tenders">(1:867)</SimpleData>
		<SimpleData name="photo_credit">DGLL</SimpleData>
	</SchemaData></ExtendedData>
      <Point><coordinates>83.005,17.48833</coordinates></Point>
  </Placemark>
  <Placemark>
	<name>Pentakota Lighthouse</name>
	<ExtendedData><SchemaData schemaUrl="#lighthouses">
		<SimpleData name="id">pentakota-lighthouse</SimpleData>
		<SimpleData name="kind">lighthouse</SimpleData>
		<SimpleData name="region">Visakhapatnam</SimpleData>
		<SimpleData name="pos_src">DGLL ledger</SimpleData>
		<SimpleData name="alol">0966</SimpleData>
		<SimpleData name="char">Fl. W 15 Sec. (Fl. 1.5 +, ec. 13.5= 15 sec.)</SimpleData>
		<SimpleData name="ckind">Fl</SimpleData>
		<SimpleData name="colour">W</SimpleData>
		<SimpleData name="group">1</SimpleData>
		<SimpleData name="period">15</SimpleData>
		<SimpleData name="phases">(2:1.5,13.5)</SimpleData>
		<SimpleData name="phases_src">ledger</SimpleData>
		<SimpleData name="flash_s">1.5</SimpleData>
		<SimpleData name="sectored">0</SimpleData>
		<SimpleData name="lum_nm">15</SimpleData>
		<SimpleData name="geo_nm">10</SimpleData>
		<SimpleData name="iala_nm">23.4</SimpleData>
		<SimpleData name="reach_nm">10</SimpleData>
		<SimpleData name="intensity_cd">438480</SimpleData>
		<SimpleData name="elev_m">18</SimpleData>
		<SimpleData name="optic">revolving</SimpleData>
		<SimpleData name="optic_order">6</SimpleData>
		<SimpleData name="optic_evidence">150 mm (6th order) revolving; twin stepper motor direct drive; Rotation Speed 1 RPM</SimpleData>
		<SimpleData name="optic_make">B.B.T</SimpleData>
		<SimpleData name="optic_type">revolving</SimpleData>
		<SimpleData name="optic_size">150 mm</SimpleData>
		<SimpleData name="rpm">1</SimpleData>
		<SimpleData name="panels">4</SimpleData>
		<SimpleData name="led">1</SimpleData>
		<SimpleData name="solar">1</SimpleData>
		<SimpleData name="ais">1</SimpleData>
		<SimpleData name="dgps">0</SimpleData>
		<SimpleData name="vts">0</SimpleData>
		<SimpleData name="tower_type">Square Masonry</SimpleData>
		<SimpleData name="tower_h_m">17.6</SimpleData>
		<SimpleData name="tower_colour">Black &amp; White bands</SimpleData>
		<SimpleData name="tower_year">1957</SimpleData>
		<SimpleData name="established">1957</SimpleData>
		<SimpleData name="visit">closed</SimpleData>
		<SimpleData name="tourism">0</SimpleData>
		<SimpleData name="museum">0</SimpleData>
		<SimpleData name="record">1</SimpleData>
		<SimpleData name="ledger_url">https://www.dgll.nic.in/sites/default/files/2022-11/Pentakota%20Lighthouse.pdf</SimpleData>
		<SimpleData name="page_url">https://www.dgll.nic.in/DGLL-light-house-location/about-vishakhapatnam/pentakota-lighthouse</SimpleData>
		<SimpleData name="rowlett">1957. Active; focal plane 18 m (59 ft); white flash every 15 s. 18 m (59 ft) square cylindrical stone tower with lantern and gallery, painted with horizontal black and white bands; lantern dome painted red. Guduguntla Karthik has a 2017 photo, Raju Boddapu has a 2022 photo, and Google has a satellite view. Located at Pentakota, about 12 km (7.5 mi) southeast of Tuni and 40 km (25 mi) north of Kakinada. Site and tower status unknown. ARLHS IND-051; Admiralty F0966; NGA 27016.</SimpleData>
		<SimpleData name="arlhs">IND-051</SimpleData>
		<SimpleData name="wikidata">Q51523977</SimpleData>
		<SimpleData name="photo">https://www.dgll.nic.in/sites/default/files/2022-11/Pentakota%20Lighthouse.jpg</SimpleData>
		<SimpleData name="transcribed">1</SimpleData>
		<SimpleData name="ledger_issues">(3:Luminous range printed as '15 M' (unit unclear),Focal distance printed as '150 NM',ALOL given only as Sr.No. '0966' without letter prefix)</SimpleData>
		<SimpleData name="equip_years">{ &quot;ais&quot;: 2011 }</SimpleData>
		<SimpleData name="equip_since">{ &quot;ais&quot;: { &quot;year&quot;: 2011, &quot;src&quot;: &quot;ledger&quot; } }</SimpleData>
		<SimpleData name="tenders">(2:2142,1654)</SimpleData>
		<SimpleData name="photo_credit">DGLL</SimpleData>
	</SchemaData></ExtendedData>
      <Point><coordinates>82.61667,17.3</coordinates></Point>
  </Placemark>
  <Placemark>
	<name>Jaigarh Lighthouse</name>
	<ExtendedData><SchemaData schemaUrl="#lighthouses">
		<SimpleData name="id">jaigarh-lighthouse</SimpleData>
		<SimpleData name="kind">lighthouse</SimpleData>
		<SimpleData name="region">Mumbai</SimpleData>
		<SimpleData name="pos_src">DGLL ledger</SimpleData>
		<SimpleData name="alol">F 0578</SimpleData>
		<SimpleData name="char">GP fl (4) W every 20 Sec. (fl.0.25 ec.2.6, fl.0.25 ec.2.6, fl.0.25 ec.2.6, fl.0.25 ec.11.2)</SimpleData>
		<SimpleData name="ckind">Fl</SimpleData>
		<SimpleData name="colour">W</SimpleData>
		<SimpleData name="group">4</SimpleData>
		<SimpleData name="period">20</SimpleData>
		<SimpleData name="phases">(8:0.25,2.6,0.25,2.6,0.25,2.6,0.25,11.2)</SimpleData>
		<SimpleData name="phases_src">ledger</SimpleData>
		<SimpleData name="flash_s">0.25</SimpleData>
		<SimpleData name="sectored">0</SimpleData>
		<SimpleData name="lum_nm">25</SimpleData>
		<SimpleData name="geo_nm">17.9</SimpleData>
		<SimpleData name="iala_nm">19.7</SimpleData>
		<SimpleData name="reach_nm">17.9</SimpleData>
		<SimpleData name="intensity_cd">100000</SimpleData>
		<SimpleData name="elev_m">41</SimpleData>
		<SimpleData name="optic">revolving</SimpleData>
		<SimpleData name="optic_order">2</SimpleData>
		<SimpleData name="optic_evidence">Type: 2nd order revolving; Rotation Device: Dual Stepper Motor 40 Kgcm; R.P.M. 3</SimpleData>
		<SimpleData name="optic_make">Chance Bros. &amp; Co. Ltd. England</SimpleData>
		<SimpleData name="optic_type">2nd order revolving</SimpleData>
		<SimpleData name="optic_size">700 mm</SimpleData>
		<SimpleData name="rpm">3</SimpleData>
		<SimpleData name="panels">4</SimpleData>
		<SimpleData name="led">1</SimpleData>
		<SimpleData name="solar">1</SimpleData>
		<SimpleData name="ais">0</SimpleData>
		<SimpleData name="dgps">0</SimpleData>
		<SimpleData name="vts">0</SimpleData>
		<SimpleData name="tower_type">C.I. Circular Tapered Tower</SimpleData>
		<SimpleData name="tower_h_m">21</SimpleData>
		<SimpleData name="tower_colour">2Red and 1White bands</SimpleData>
		<SimpleData name="tower_year">1933</SimpleData>
		<SimpleData name="established">1896</SimpleData>
		<SimpleData name="visit">open</SimpleData>
		<SimpleData name="tourism">1</SimpleData>
		<SimpleData name="museum">0</SimpleData>
		<SimpleData name="record">1</SimpleData>
		<SimpleData name="ledger_url">https://www.dgll.nic.in/sites/default/files/2022-12/mm20.pdf</SimpleData>
		<SimpleData name="page_url">https://www.dgll.nic.in/DGLL-light-house-location/about-mumbai/jaigarh-lighthouse</SimpleData>
		<SimpleData name="rowlett">1933 (British; station established 1896). Active; focal plane 41 m (135 ft); four white flashes every 20 s. 22 m (72 ft) round cast iron tower with lantern and gallery, painted with red and white horizontal bands. Several 1-story keeper's houses. A 2024 photo is at right, Paramantapa Dasgupta has a 2012 closeup, Prasad Gohad has a 2017 photo, Bhavesh Sawant has a 2022 photo, and Google has a satellite view. The original light, mounted on a bastion of Jaigarh Fort, was replaced by a skeletal tower in 1899. Nilesh Korgaonkar has an account of a visit to the lighthouse in 1998; he found the lighthouse was not automated and keepers were still winding the clockwork rotating mechanism by hand. Loc</SimpleData>
		<SimpleData name="arlhs">IND-087</SimpleData>
		<SimpleData name="photo">https://www.dgll.nic.in/sites/default/files/2022-11/Jaigarh%20Lighthouse.jpg</SimpleData>
		<SimpleData name="transcribed">1</SimpleData>
		<SimpleData name="ledger_issues">(0:)</SimpleData>
		<SimpleData name="equip_years">{ }</SimpleData>
		<SimpleData name="equip_since">{ }</SimpleData>
		<SimpleData name="tenders">(0:)</SimpleData>
		<SimpleData name="photo_credit">DGLL</SimpleData>
	</SchemaData></ExtendedData>
      <Point><coordinates>73.19333,17.29667</coordinates></Point>
  </Placemark>
  <Placemark>
	<name>Vakalapudi Lighthouse</name>
	<ExtendedData><SchemaData schemaUrl="#lighthouses">
		<SimpleData name="id">vakalapudi-lighthouse</SimpleData>
		<SimpleData name="kind">lighthouse</SimpleData>
		<SimpleData name="region">Visakhapatnam</SimpleData>
		<SimpleData name="pos_src">DGLL ledger</SimpleData>
		<SimpleData name="address">The Navigational Assistant Gr-I, Vakalapudi Lighthouse, Tammavaram Post, Kakinada, East Godavari Dist. Andhra Pradesh, Pin: 533005</SimpleData>
		<SimpleData name="alol">0964</SimpleData>
		<SimpleData name="char">FL(3) white, every 15 sec</SimpleData>
		<SimpleData name="ckind">Fl</SimpleData>
		<SimpleData name="colour">W</SimpleData>
		<SimpleData name="group">3</SimpleData>
		<SimpleData name="period">15</SimpleData>
		<SimpleData name="phases">(6:0.19,1.5,0.19,1.5,0.19,11.43)</SimpleData>
		<SimpleData name="phases_src">derived</SimpleData>
		<SimpleData name="flash_s">0.19</SimpleData>
		<SimpleData name="sectored">0</SimpleData>
		<SimpleData name="lum_nm">26</SimpleData>
		<SimpleData name="geo_nm">19</SimpleData>
		<SimpleData name="iala_nm">25.4</SimpleData>
		<SimpleData name="reach_nm">19</SimpleData>
		<SimpleData name="intensity_cd">939600</SimpleData>
		<SimpleData name="elev_m">47.88</SimpleData>
		<SimpleData name="optic">revolving</SimpleData>
		<SimpleData name="optic_order">4</SimpleData>
		<SimpleData name="optic_evidence">Size: 350 mm (4th order) revolving; Rotation Device: Twin stepper motor direct drive; Rotation Speed 4 RPM</SimpleData>
		<SimpleData name="optic_make">M/s BBT</SimpleData>
		<SimpleData name="optic_type">revolving</SimpleData>
		<SimpleData name="optic_size">350 mm (4th order)</SimpleData>
		<SimpleData name="rpm">4</SimpleData>
		<SimpleData name="panels">3</SimpleData>
		<SimpleData name="led">1</SimpleData>
		<SimpleData name="solar">1</SimpleData>
		<SimpleData name="ais">1</SimpleData>
		<SimpleData name="dgps">0</SimpleData>
		<SimpleData name="racon">G</SimpleData>
		<SimpleData name="navtex">{ &quot;id_518&quot;: &quot;Q&quot;, &quot;id_490&quot;: &quot;G&quot; }</SimpleData>
		<SimpleData name="vts">0</SimpleData>
		<SimpleData name="tower_type">Circular R.C.C. Tower</SimpleData>
		<SimpleData name="tower_h_m">45</SimpleData>
		<SimpleData name="tower_colour">Red and White bands</SimpleData>
		<SimpleData name="tower_year">2005</SimpleData>
		<SimpleData name="established">1868</SimpleData>
		<SimpleData name="visit">open</SimpleData>
		<SimpleData name="tourism">1</SimpleData>
		<SimpleData name="museum">0</SimpleData>
		<SimpleData name="record">1</SimpleData>
		<SimpleData name="ledger_url">https://www.dgll.nic.in/sites/default/files/2022-11/Vakalapudi%20Lighthouse.pdf</SimpleData>
		<SimpleData name="page_url">https://www.dgll.nic.in/DGLL-light-house-location/about-vishakhapatnam/vakalapudi-lighthouse</SimpleData>
		<SimpleData name="rowlett">2005 (station established 1868). Active; focal plane 45 m (148 ft); three white flashes every 15 s. 45 m (148 ft) round cylindrical masonry tower with lantern and double gallery. Lighthouse painted with horizontal red and white bands. Bhuvan Eswar's 2022 photo is at right, Thyaga Raju has a photo of both Vakalapudi lighthouses, there's a closeup of the top of the tower, and Google has a satellite view. This lighthouse marks the mainland side of the entrance to the bay of Kakinada, which is sheltered by a long, curving sand spit. Located at Vakalapudi about 12 km (7.5 mi) north of Kakinada. Site open, tower open in late afternoons. . ARLHS IND-064; Admiralty F0964; NGA 27020.</SimpleData>
		<SimpleData name="arlhs">IND-064</SimpleData>
		<SimpleData name="wikidata">Q57500037</SimpleData>
		<SimpleData name="photo">https://www.dgll.nic.in/sites/default/files/2022-11/Vakalapudi%20Lighthouse.jpg</SimpleData>
		<SimpleData name="transcribed">1</SimpleData>
		<SimpleData name="ledger_issues">(3:Luminous range printed '26 M' (unit not NM),Header says Estd.1878 but year of first light given as 2004 (taken over from Port Department of Andhra Pradesh), commissioning 08-11-2004,ALOL printed '0964' without letter prefix)</SimpleData>
		<SimpleData name="equip_years">{ &quot;racon&quot;: 2004, &quot;ais&quot;: 2011, &quot;navtex&quot;: 2015 }</SimpleData>
		<SimpleData name="equip_since">{ &quot;navtex&quot;: { &quot;year&quot;: 2015, &quot;src&quot;: &quot;ledger&quot; }, &quot;racon&quot;: { &quot;year&quot;: 2004, &quot;src&quot;: &quot;ledger&quot; }, &quot;ais&quot;: { &quot;year&quot;: 2011, &quot;src&quot;: &quot;ledger&quot; } }</SimpleData>
		<SimpleData name="tenders">(2:2120,868)</SimpleData>
		<SimpleData name="photo_credit">DGLL</SimpleData>
	</SchemaData></ExtendedData>
      <Point><coordinates>82.285,17.01333</coordinates></Point>
  </Placemark>
  <Placemark>
	<name>Ratnagiri Town and DGPS Station</name>
	<ExtendedData><SchemaData schemaUrl="#lighthouses">
		<SimpleData name="id">ratnagiri-town-and-dgps-station</SimpleData>
		<SimpleData name="kind">lighthouse</SimpleData>
		<SimpleData name="region">Mumbai</SimpleData>
		<SimpleData name="pos_src">DGLL ledger</SimpleData>
		<SimpleData name="address">Assistant Engineer(E), Ratnagiri Lighthouse &amp; DGPS Stn. Ratnagiri (Killa), Post. Ratnagiri, Dist. Ratnagiri, Maharastra- 415 612.</SimpleData>
		<SimpleData name="alol">F0580</SimpleData>
		<SimpleData name="char">Gr. fl W (2) White every 10 Sec. (Fl.0.41 + ec 1.59 + Fl 0.41 + ec 7.59 = 10 Sec.)</SimpleData>
		<SimpleData name="ckind">Fl</SimpleData>
		<SimpleData name="colour">W</SimpleData>
		<SimpleData name="group">2</SimpleData>
		<SimpleData name="period">10</SimpleData>
		<SimpleData name="phases">(4:0.41,1.59,0.41,7.59)</SimpleData>
		<SimpleData name="phases_src">ledger</SimpleData>
		<SimpleData name="flash_s">0.41</SimpleData>
		<SimpleData name="sectored">0</SimpleData>
		<SimpleData name="lum_nm">23</SimpleData>
		<SimpleData name="geo_nm">25</SimpleData>
		<SimpleData name="iala_nm">22.9</SimpleData>
		<SimpleData name="reach_nm">23</SimpleData>
		<SimpleData name="intensity_cd">352948</SimpleData>
		<SimpleData name="elev_m">103</SimpleData>
		<SimpleData name="optic">revolving</SimpleData>
		<SimpleData name="optic_order">3</SimpleData>
		<SimpleData name="optic_evidence">Rotation Device: Dual Stepper Motor 40 Kg/cm2 with auto changeover; R.P.M. 3; Pedestal: Mercury float</SimpleData>
		<SimpleData name="optic_make">M/s. Stone Chance, England</SimpleData>
		<SimpleData name="optic_type">3rd order small</SimpleData>
		<SimpleData name="optic_size">375mm Focal length</SimpleData>
		<SimpleData name="rpm">3</SimpleData>
		<SimpleData name="panels">4</SimpleData>
		<SimpleData name="led">0</SimpleData>
		<SimpleData name="solar">1</SimpleData>
		<SimpleData name="ais">1</SimpleData>
		<SimpleData name="dgps">1</SimpleData>
		<SimpleData name="racon">G</SimpleData>
		<SimpleData name="vts">0</SimpleData>
		<SimpleData name="tower_type">Circular Masonry Tower</SimpleData>
		<SimpleData name="tower_h_m">15.25</SimpleData>
		<SimpleData name="tower_colour">Black and White Bands 3 Nos. of 4.9 m each (2 Black + 1 White), Bottom band: Black</SimpleData>
		<SimpleData name="tower_year">1965</SimpleData>
		<SimpleData name="established">1867</SimpleData>
		<SimpleData name="visit">open</SimpleData>
		<SimpleData name="tourism">1</SimpleData>
		<SimpleData name="museum">0</SimpleData>
		<SimpleData name="record">1</SimpleData>
		<SimpleData name="ledger_url">https://www.dgll.nic.in/sites/default/files/2022-12/mm21.pdf</SimpleData>
		<SimpleData name="page_url">https://www.dgll.nic.in/DGLL-light-house-location/about-mumbai/ratnagiri-town-and-dgps-station</SimpleData>
		<SimpleData name="rowlett">1965 (station established 1867). Active; focal plane 102 m (335 ft); two white flashes every 10 s. 15 m (49 ft) round masonry tower with lantern and gallery, painted with black and white horizontal bands; lantern dome painted red. Shantaram Gadiyar has a 2024 photo, Kristina Hoeppner' has a 2007 photo, Akash Bhise has a 2018 photo, and Google has a satellite view. The original lighthouse, a 10 m (33 ft) masonry tower, was replaced by a skeletal tower in 1940. The lighthouse is within the walls of Ratnagiri Fort. Located on heights on the south side of the harbor at Ratnagiri. Accessible by road. Site open, tower open for tours daily 4 to 5 pm. ARLHS IND-110; Admiralty F0580; NGA 27856.</SimpleData>
		<SimpleData name="arlhs">IND-110</SimpleData>
		<SimpleData name="photo">https://www.dgll.nic.in/sites/default/files/2022-11/Ratnagiri%20Town%20and%20DGPS%20Station.jpg</SimpleData>
		<SimpleData name="transcribed">1</SimpleData>
		<SimpleData name="ledger_issues">(1:Geographical range (25 NM) exceeds luminous range (23 NM))</SimpleData>
		<SimpleData name="equip_years">{ &quot;racon&quot;: 2018, &quot;ais&quot;: 2017 }</SimpleData>
		<SimpleData name="equip_since">{ &quot;racon&quot;: { &quot;year&quot;: 2018, &quot;src&quot;: &quot;ledger&quot; }, &quot;ais&quot;: { &quot;year&quot;: 2017, &quot;src&quot;: &quot;ledger&quot; }, &quot;dgps&quot;: { &quot;year&quot;: 2003, &quot;src&quot;: &quot;network&quot; } }</SimpleData>
		<SimpleData name="tenders">(2:2005,1975)</SimpleData>
		<SimpleData name="photo_credit">DGLL</SimpleData>
	</SchemaData></ExtendedData>
      <Point><coordinates>73.27333,16.98667</coordinates></Point>
  </Placemark>
  <Placemark>
	<name>Rajapur Bay Lighthouse</name>
	<ExtendedData><SchemaData schemaUrl="#lighthouses">
		<SimpleData name="id">rajapur-bay-lighthouse</SimpleData>
		<SimpleData name="kind">lighthouse</SimpleData>
		<SimpleData name="region">Mumbai</SimpleData>
		<SimpleData name="pos_src">DGLL ledger</SimpleData>
		<SimpleData name="address">Headlighthkeeper Rajapur Bay Lighthouse At post :Madban,Tal:Rajapur,Dist:Ratnagiri -416702</SimpleData>
		<SimpleData name="alol">F0586</SimpleData>
		<SimpleData name="char">F1 W 15 Sec. (FL 0.4, sec. 14.6)</SimpleData>
		<SimpleData name="ckind">Fl</SimpleData>
		<SimpleData name="colour">W</SimpleData>
		<SimpleData name="group">1</SimpleData>
		<SimpleData name="period">15</SimpleData>
		<SimpleData name="phases">(2:0.4,14.6)</SimpleData>
		<SimpleData name="phases_src">ledger</SimpleData>
		<SimpleData name="flash_s">0.4</SimpleData>
		<SimpleData name="sectored">0</SimpleData>
		<SimpleData name="lum_nm">29</SimpleData>
		<SimpleData name="geo_nm">18.7</SimpleData>
		<SimpleData name="iala_nm">23.2</SimpleData>
		<SimpleData name="reach_nm">18.7</SimpleData>
		<SimpleData name="intensity_cd">403597</SimpleData>
		<SimpleData name="elev_m">46</SimpleData>
		<SimpleData name="optic">revolving</SimpleData>
		<SimpleData name="optic_order">4</SimpleData>
		<SimpleData name="optic_evidence">300 mm (4th order large) revolving; Rotation Device: Stepper motor; R.P.M. 2</SimpleData>
		<SimpleData name="optic_make">B.B.T.</SimpleData>
		<SimpleData name="optic_type">revolving</SimpleData>
		<SimpleData name="optic_size">300 mm (4th order large) revolving</SimpleData>
		<SimpleData name="rpm">2</SimpleData>
		<SimpleData name="panels">2</SimpleData>
		<SimpleData name="led">0</SimpleData>
		<SimpleData name="solar">1</SimpleData>
		<SimpleData name="ais">1</SimpleData>
		<SimpleData name="dgps">0</SimpleData>
		<SimpleData name="vts">0</SimpleData>
		<SimpleData name="tower_type">R.C.C. Square tower</SimpleData>
		<SimpleData name="tower_h_m">19.8</SimpleData>
		<SimpleData name="tower_colour">Black and White Bands (Band width 3.84m, Bottom band Black, No. of bands 5)</SimpleData>
		<SimpleData name="tower_year">1958</SimpleData>
		<SimpleData name="established">1873</SimpleData>
		<SimpleData name="visit">grounds</SimpleData>
		<SimpleData name="tourism">0</SimpleData>
		<SimpleData name="museum">0</SimpleData>
		<SimpleData name="record">1</SimpleData>
		<SimpleData name="ledger_url">https://www.dgll.nic.in/sites/default/files/2022-12/mm22.pdf</SimpleData>
		<SimpleData name="page_url">https://www.dgll.nic.in/DGLL-light-house-location/about-mumbai/rajapur-bay-lighthouse</SimpleData>
		<SimpleData name="rowlett">1958 (station established 1873). Active; focal plane 46 m (151 ft); white flash every 15 s. 23 m (75 ft) square cylindrical masonry tower with lantern and gallery, attached to a 1-story concrete keeper's cottage. Lighthouse painted with black and white horizontal bands; lantern dome painted red. Sai Kumar Kodi has the DGLL photo, Prathamesh Dhawde has a closeup photo, Wikimapia has several photos, and Google has a satellite view. The original lighthouse was a 6.5 m (21 ft) tower. Located on the point at the south side of the entrance to Rajapur Bay, about 45 km (28 mi) west of Rajapur. An unpaved cart track leads to the lighthouse. Site open, tower closed. ARLHS IND-122; Admiralty F0586; NGA</SimpleData>
		<SimpleData name="arlhs">IND-122</SimpleData>
		<SimpleData name="photo">https://www.dgll.nic.in/sites/default/files/2022-11/Rajapur%20Bay%20Lighthouse.jpg</SimpleData>
		<SimpleData name="transcribed">1</SimpleData>
		<SimpleData name="ledger_issues">(4:Characteristic printed 'F1 W' (read as Fl W),Optic duration of flash 0.41 sec vs characteristic FL 0.4,No. of lens '2 to 180° each',Date of commissioning given only as year 1958)</SimpleData>
		<SimpleData name="equip_years">{ }</SimpleData>
		<SimpleData name="equip_since">{ &quot;ais&quot;: { &quot;year&quot;: 2012, &quot;src&quot;: &quot;network&quot; } }</SimpleData>
		<SimpleData name="tenders">(3:2544,1739,1669)</SimpleData>
		<SimpleData name="photo_credit">DGLL</SimpleData>
	</SchemaData></ExtendedData>
      <Point><coordinates>73.32139,16.60591</coordinates></Point>
  </Placemark>
  <Placemark>
	<name>Sacramento Lighthouse</name>
	<ExtendedData><SchemaData schemaUrl="#lighthouses">
		<SimpleData name="id">sacramento-lighthouse</SimpleData>
		<SimpleData name="kind">lighthouse</SimpleData>
		<SimpleData name="region">Visakhapatnam</SimpleData>
		<SimpleData name="pos_src">DGLL ledger</SimpleData>
		<SimpleData name="alol">0958</SimpleData>
		<SimpleData name="char">FL White in every 5 Seconds (Fl .0.2, ec 4.8 )</SimpleData>
		<SimpleData name="ckind">Fl</SimpleData>
		<SimpleData name="colour">W</SimpleData>
		<SimpleData name="group">1</SimpleData>
		<SimpleData name="period">5</SimpleData>
		<SimpleData name="phases">(2:0.2,4.8)</SimpleData>
		<SimpleData name="phases_src">ledger</SimpleData>
		<SimpleData name="flash_s">0.2</SimpleData>
		<SimpleData name="sectored">1</SimpleData>
		<SimpleData name="sectors_text">Visibility Sector 225°--045° (180°)</SimpleData>
		<SimpleData name="lum_nm">24</SimpleData>
		<SimpleData name="geo_nm">18</SimpleData>
		<SimpleData name="iala_nm">25.4</SimpleData>
		<SimpleData name="reach_nm">18</SimpleData>
		<SimpleData name="intensity_cd">939600</SimpleData>
		<SimpleData name="elev_m">48</SimpleData>
		<SimpleData name="optic">revolving</SimpleData>
		<SimpleData name="optic_order">3</SimpleData>
		<SimpleData name="optic_evidence">500 mm 3rd Order large Revolving; Twin Stepper motor Direct Drive system; Rotation Speed 6 RPM</SimpleData>
		<SimpleData name="optic_make">M/s Chance Brothers, U.K.</SimpleData>
		<SimpleData name="optic_type">Revolving</SimpleData>
		<SimpleData name="optic_size">500 mm 3rd Order large Revolving; focal distance 500</SimpleData>
		<SimpleData name="rpm">6</SimpleData>
		<SimpleData name="panels">2</SimpleData>
		<SimpleData name="led">1</SimpleData>
		<SimpleData name="solar">1</SimpleData>
		<SimpleData name="ais">1</SimpleData>
		<SimpleData name="dgps">0</SimpleData>
		<SimpleData name="vts">0</SimpleData>
		<SimpleData name="tower_type">Circular Masonry Tower</SimpleData>
		<SimpleData name="tower_h_m">45</SimpleData>
		<SimpleData name="tower_colour">Red and White spiral bands</SimpleData>
		<SimpleData name="established">1895</SimpleData>
		<SimpleData name="visit">grounds</SimpleData>
		<SimpleData name="tourism">1</SimpleData>
		<SimpleData name="museum">0</SimpleData>
		<SimpleData name="record">1</SimpleData>
		<SimpleData name="ledger_url">https://www.dgll.nic.in/sites/default/files/2022-11/Sacramento%20Lighthouse.pdf</SimpleData>
		<SimpleData name="page_url">https://www.dgll.nic.in/DGLL-light-house-location/about-vishakhapatnam/sacramento-lighthouse</SimpleData>
		<SimpleData name="rowlett">Date unknown (station established 1895). Active; focal plane 43 m (141 ft); white flash every 5 s. 45 m (148 ft) round cylindrical concrete tower with lantern and gallery. Tower painted with red and white horizontal bands; lantern dome painted red. A 2021 photo of the two towers is at right, Ampilli Sathvik has a 2024 photo of the two towers, Sai Charan has a 2018 photo of the two towers, a 2017 photo of the station is available, and Google has a good satellite view. This is one of the tallest lighthouses of India; it marks a sandy cape south of the mouth of the Vrudha Godavari, the northernmost mouth of the river. The Sacramento lighthouses replaced the former Cape Godavery lighthouses, as </SimpleData>
		<SimpleData name="arlhs">IND-059</SimpleData>
		<SimpleData name="wikidata">Q57518421</SimpleData>
		<SimpleData name="photo">https://www.dgll.nic.in/sites/default/files/2022-11/Sacramento%20Lighthouse.jpg</SimpleData>
		<SimpleData name="transcribed">1</SimpleData>
		<SimpleData name="ledger_issues">(4:Luminous range printed as '24 andelas' (unit garbled); taken as 24 NM,Horizontal divergence printed '6° 45 5'' is ambiguous (6°45.5' or 6°45'5&quot;); left null,Header says 'Estd.1985/2015' but Date of Commissioning is 1895 (innovations 1902, 1997, 2004, 17-02-2015),Duration of flash given as 0.19 seconds vs characteristic Fl 0.2)</SimpleData>
		<SimpleData name="equip_years">{ &quot;ais&quot;: 2016 }</SimpleData>
		<SimpleData name="equip_since">{ &quot;ais&quot;: { &quot;year&quot;: 2016, &quot;src&quot;: &quot;ledger&quot; } }</SimpleData>
		<SimpleData name="tenders">(1:868)</SimpleData>
		<SimpleData name="photo_credit">DGLL</SimpleData>
	</SchemaData></ExtendedData>
      <Point><coordinates>82.28,16.58667</coordinates></Point>
  </Placemark>
  <Placemark>
	<name>Ravaport Lighthouse</name>
	<ExtendedData><SchemaData schemaUrl="#lighthouses">
		<SimpleData name="id">ravaport-lighthouse</SimpleData>
		<SimpleData name="kind">lighthouse</SimpleData>
		<SimpleData name="region">Visakhapatnam</SimpleData>
		<SimpleData name="pos_src">DGLL ledger</SimpleData>
		<SimpleData name="address">The Navigational Assistant Gr-II, Rava Port Lighthouse, S.Yanam P.O, Uppalaguptham (M), EAST Godavari District Andhra Pradesh, Pin: 533 213.</SimpleData>
		<SimpleData name="alol">0952.5</SimpleData>
		<SimpleData name="char">4 FL (W) every 20Seconds (Fl 1sec+2sec ec+ Fl 1sec+2sec ec+ Fl 1sec+2s ec + Fl 1sec+10sec ec)</SimpleData>
		<SimpleData name="ckind">Fl</SimpleData>
		<SimpleData name="colour">W</SimpleData>
		<SimpleData name="group">4</SimpleData>
		<SimpleData name="period">20</SimpleData>
		<SimpleData name="phases">(8:1,2,1,2,1,2,1,10)</SimpleData>
		<SimpleData name="phases_src">ledger</SimpleData>
		<SimpleData name="flash_s">1</SimpleData>
		<SimpleData name="sectored">0</SimpleData>
		<SimpleData name="lum_nm">15</SimpleData>
		<SimpleData name="geo_nm">12</SimpleData>
		<SimpleData name="iala_nm">14</SimpleData>
		<SimpleData name="reach_nm">12</SimpleData>
		<SimpleData name="intensity_cd">9000</SimpleData>
		<SimpleData name="elev_m">32.5</SimpleData>
		<SimpleData name="optic">flasher</SimpleData>
		<SimpleData name="optic_evidence">Light Beacon (flashing): LED Light Beacon SL-155 on 1.2m G.I pedestal; no rotation device listed</SimpleData>
		<SimpleData name="optic_make">M/s. Aero marine</SimpleData>
		<SimpleData name="optic_model">SL-155</SimpleData>
		<SimpleData name="optic_type">LED Light Beacon</SimpleData>
		<SimpleData name="led">1</SimpleData>
		<SimpleData name="solar">1</SimpleData>
		<SimpleData name="ais">0</SimpleData>
		<SimpleData name="dgps">0</SimpleData>
		<SimpleData name="vts">0</SimpleData>
		<SimpleData name="tower_type">Circular FRP Tower</SimpleData>
		<SimpleData name="tower_h_m">30</SimpleData>
		<SimpleData name="tower_colour">White</SimpleData>
		<SimpleData name="tower_year">2005</SimpleData>
		<SimpleData name="established">1982</SimpleData>
		<SimpleData name="visit">open</SimpleData>
		<SimpleData name="tourism">0</SimpleData>
		<SimpleData name="museum">0</SimpleData>
		<SimpleData name="record">1</SimpleData>
		<SimpleData name="ledger_url">https://www.dgll.nic.in/sites/default/files/2022-11/Ravaport%20Lighthouse.pdf</SimpleData>
		<SimpleData name="page_url">https://www.dgll.nic.in/DGLL-light-house-location/about-vishakhapatnam/ravaport-lighthouse</SimpleData>
		<SimpleData name="rowlett">2005 (station established 1982). Active; focal plane 34 m (112 ft); white flash every 10 s. 35 m (115 ft) hexagonal cylindrical concrete tower with lantern and gallery, painted with horizontal red and white bands. Ramesh Pagidipalli has a 2023 photo, Yespear Kay has a photo, Chaitanya Ramireddy has a 2020 closeup, Kiran Darling has a street view from the gallery, and Google has a satellite view. This lighthouse and the next several to the south stand on the northern Coromandel Coast, a low shore devastated by the great tsunami of 26 December 2004. There was a news report that the &quot;oldest lighthouse at Ramayapatnam&quot; collapsed in the waves; presumably this was the 1982 tower. Located at Ramaya</SimpleData>
		<SimpleData name="arlhs">IND-057</SimpleData>
		<SimpleData name="photo">https://www.dgll.nic.in/sites/default/files/2022-11/Ravaport%20Lighthouse.jpg</SimpleData>
		<SimpleData name="transcribed">1</SimpleData>
		<SimpleData name="ledger_issues">(4:Latitude printed 16° 29' 60&quot; N - seconds value 60 is not &lt; 60,Beacon make given as 'M/s. Aero marine' but illuminant says 'Sea lite make SL155',Estd.2013 in header but year of first light commissioned 27-12-2014,ALOL printed '0952.5' without letter prefix)</SimpleData>
		<SimpleData name="equip_years">{ }</SimpleData>
		<SimpleData name="equip_since">{ }</SimpleData>
		<SimpleData name="tenders">(0:)</SimpleData>
		<SimpleData name="photo_credit">DGLL</SimpleData>
	</SchemaData></ExtendedData>
      <Point><coordinates>82.26806,16.49333</coordinates></Point>
  </Placemark>
  <Placemark>
	<name>Devgad Lighthouse</name>
	<ExtendedData><SchemaData schemaUrl="#lighthouses">
		<SimpleData name="id">devgad-lighthouse</SimpleData>
		<SimpleData name="kind">lighthouse</SimpleData>
		<SimpleData name="region">Goa</SimpleData>
		<SimpleData name="pos_src">DGLL ledger</SimpleData>
		<SimpleData name="address">Head light keeper Devgad lighthouse Devgad fort Devgad Taluka Devgad District Sindhudurg Pin 416613</SimpleData>
		<SimpleData name="alol">F 0590</SimpleData>
		<SimpleData name="char">Group Flash(4) white for every 30Sec</SimpleData>
		<SimpleData name="ckind">Fl</SimpleData>
		<SimpleData name="colour">W</SimpleData>
		<SimpleData name="group">4</SimpleData>
		<SimpleData name="period">30</SimpleData>
		<SimpleData name="phases">(8:0.7,2,0.7,2,0.7,2,0.7,21.2)</SimpleData>
		<SimpleData name="phases_src">derived</SimpleData>
		<SimpleData name="flash_s">0.7</SimpleData>
		<SimpleData name="sectored">0</SimpleData>
		<SimpleData name="lum_nm">25</SimpleData>
		<SimpleData name="geo_nm">15.8</SimpleData>
		<SimpleData name="iala_nm">19.4</SimpleData>
		<SimpleData name="reach_nm">15.8</SimpleData>
		<SimpleData name="intensity_cd">90000</SimpleData>
		<SimpleData name="elev_m">29</SimpleData>
		<SimpleData name="optic">revolving</SimpleData>
		<SimpleData name="optic_order">3</SimpleData>
		<SimpleData name="optic_evidence">Optic 3rd Order Small Revolving Optic; Rotation Device dual stepper motor; R.P.M. 2</SimpleData>
		<SimpleData name="optic_make">B.B.T. ( Except source changer system )</SimpleData>
		<SimpleData name="optic_type">Revolving</SimpleData>
		<SimpleData name="optic_size">375mm</SimpleData>
		<SimpleData name="rpm">2</SimpleData>
		<SimpleData name="panels">4</SimpleData>
		<SimpleData name="led">0</SimpleData>
		<SimpleData name="solar">1</SimpleData>
		<SimpleData name="ais">1</SimpleData>
		<SimpleData name="dgps">0</SimpleData>
		<SimpleData name="vts">0</SimpleData>
		<SimpleData name="tower_type">Circular and Masonary</SimpleData>
		<SimpleData name="tower_h_m">10.67</SimpleData>
		<SimpleData name="tower_colour">White and Black bands</SimpleData>
		<SimpleData name="tower_year">1958</SimpleData>
		<SimpleData name="established">1915</SimpleData>
		<SimpleData name="visit">grounds</SimpleData>
		<SimpleData name="tourism">0</SimpleData>
		<SimpleData name="museum">0</SimpleData>
		<SimpleData name="record">1</SimpleData>
		<SimpleData name="ledger_url">https://www.dgll.nic.in/sites/default/files/2022-12/Master%20Ledger%20Goa%2001.pdf</SimpleData>
		<SimpleData name="page_url">https://www.dgll.nic.in/DGLL-light-house-location/about-goa/devgad-lighthouse</SimpleData>
		<SimpleData name="rowlett">1958 (station established 1915). Active; focal plane 42 m (138 ft); four white flashes every 23 s. 11 m (36 ft) round masonry tower with lantern and gallery, painted with black and white horizontal bands; lantern dome painted red. A radar antenna is mounted atop the lighthouse. Prashant Kesarkar's 2023 photo is at right, Pandurang Bhise has a 2019 closeup photo, Atharva Kubal has a 2025 closeup, Yash Talekar has a 2018 photo, Kothanda Srinivasan also has a photo, and Google has a satellite view. The lighthouse is built within the walls of a ruined early 18th century fortress. Located on a promontory at south side of the harbor entrance at Devgad, about 80 km (50 mi) north of Vengurla. Site o</SimpleData>
		<SimpleData name="arlhs">IND-084</SimpleData>
		<SimpleData name="photo">https://www.dgll.nic.in/sites/default/files/2022-11/DEVGAD%20LIGHTHOUSE.jpg</SimpleData>
		<SimpleData name="transcribed">1</SimpleData>
		<SimpleData name="ledger_issues">(2:No. of lens 4 (each of 60°) with 4 lenses totalling 240°,Solar Plant row says NA while 'Solar Plant for Main' lists 200W x2 and 190W x1 panels)</SimpleData>
		<SimpleData name="equip_years">{ }</SimpleData>
		<SimpleData name="equip_since">{ &quot;ais&quot;: { &quot;year&quot;: 2012, &quot;src&quot;: &quot;network&quot; } }</SimpleData>
		<SimpleData name="tenders">(0:)</SimpleData>
		<SimpleData name="photo_credit">DGLL</SimpleData>
	</SchemaData></ExtendedData>
      <Point><coordinates>73.37667,16.38833</coordinates></Point>
  </Placemark>
  <Placemark>
	<name>Antervedi Lighthouse</name>
	<ExtendedData><SchemaData schemaUrl="#lighthouses">
		<SimpleData name="id">antervedi-lighthouse</SimpleData>
		<SimpleData name="kind">lighthouse</SimpleData>
		<SimpleData name="region">Visakhapatnam</SimpleData>
		<SimpleData name="pos_src">DGLL ledger</SimpleData>
		<SimpleData name="alol">0957</SimpleData>
		<SimpleData name="char">Flash (2) White every 15 Sec (FL0.4+ec3.4+FL0.4+ec10.8)</SimpleData>
		<SimpleData name="ckind">Fl</SimpleData>
		<SimpleData name="colour">W</SimpleData>
		<SimpleData name="group">2</SimpleData>
		<SimpleData name="period">15</SimpleData>
		<SimpleData name="phases">(4:0.4,3.4,0.4,10.8)</SimpleData>
		<SimpleData name="phases_src">ledger</SimpleData>
		<SimpleData name="flash_s">0.41</SimpleData>
		<SimpleData name="sectored">0</SimpleData>
		<SimpleData name="lum_nm">27</SimpleData>
		<SimpleData name="geo_nm">15.5</SimpleData>
		<SimpleData name="iala_nm">25.4</SimpleData>
		<SimpleData name="reach_nm">15.5</SimpleData>
		<SimpleData name="intensity_cd">939600</SimpleData>
		<SimpleData name="elev_m">29</SimpleData>
		<SimpleData name="optic">revolving</SimpleData>
		<SimpleData name="optic_order">4</SimpleData>
		<SimpleData name="optic_evidence">Size: 300 mm (4th order) Revolving; Rotation Device: Twin stepper motor direct drive; Rotation Speed 02 RPM</SimpleData>
		<SimpleData name="optic_make">M/s. BBT</SimpleData>
		<SimpleData name="optic_type">Revolving</SimpleData>
		<SimpleData name="optic_size">300 mm (4th order)</SimpleData>
		<SimpleData name="rpm">2</SimpleData>
		<SimpleData name="panels">4</SimpleData>
		<SimpleData name="led">0</SimpleData>
		<SimpleData name="solar">1</SimpleData>
		<SimpleData name="ais">1</SimpleData>
		<SimpleData name="dgps">1</SimpleData>
		<SimpleData name="racon">B</SimpleData>
		<SimpleData name="vts">0</SimpleData>
		<SimpleData name="tower_type">Square Masonry Tower</SimpleData>
		<SimpleData name="tower_h_m">26</SimpleData>
		<SimpleData name="tower_colour">Red &amp; White bands</SimpleData>
		<SimpleData name="tower_year">1971</SimpleData>
		<SimpleData name="established">1971</SimpleData>
		<SimpleData name="visit">open</SimpleData>
		<SimpleData name="tourism">1</SimpleData>
		<SimpleData name="museum">0</SimpleData>
		<SimpleData name="record">1</SimpleData>
		<SimpleData name="ledger_url">https://www.dgll.nic.in/sites/default/files/2022-11/Antervedi%20Lighthouse.pdf</SimpleData>
		<SimpleData name="page_url">https://www.dgll.nic.in/DGLL-light-house-location/about-vishakhapatnam/antervedi-lighthouse</SimpleData>
		<SimpleData name="rowlett">1971. Active; focal plane 29 m (95 ft); two white flashes every 15 s.26 m (85 ft) square cylindrical masonry tower with lantern and gallery, painted with horizontal red and white bands. 4th order clamshell Fresnel lens in use. Manik Sehgal has a 2019 photo, Ganesh Maddula has a 2018 photo, a 2023 closeup is available, Arjun Am has a distant street view from the beach, Suresh Tirumani has a street view from the gallery, and Google has a satellite view. Located on Narsapur Point on the east side of the mouth of the Vasishta Godavari, the southern branch of the Godavari, about 20 km (13 mi) south of Narsapur (Narasapuram). Site open, tower open in the afternoons. . ARLHS IND-021; Admiralty F095</SimpleData>
		<SimpleData name="arlhs">IND-021</SimpleData>
		<SimpleData name="wikidata">Q57518490</SimpleData>
		<SimpleData name="photo">https://www.dgll.nic.in/sites/default/files/2022-11/Antervedi%20Lighthouse.jpg</SimpleData>
		<SimpleData name="transcribed">1</SimpleData>
		<SimpleData name="ledger_issues">(3:No. of panels given as '4 (2 group of 2)',Duration of flash stated 0.41 s while sequence gives FL0.4,Year of first light 1971 but Date of Commissioning 15/12/1984)</SimpleData>
		<SimpleData name="equip_years">{ &quot;ais&quot;: 2012, &quot;dgps&quot;: 2003, &quot;racon&quot;: 2018 }</SimpleData>
		<SimpleData name="equip_since">{ &quot;racon&quot;: { &quot;year&quot;: 2018, &quot;src&quot;: &quot;ledger&quot; }, &quot;ais&quot;: { &quot;year&quot;: 2012, &quot;src&quot;: &quot;ledger&quot; }, &quot;dgps&quot;: { &quot;year&quot;: 2003, &quot;src&quot;: &quot;ledger&quot; } }</SimpleData>
		<SimpleData name="tenders">(0:)</SimpleData>
		<SimpleData name="photo_credit">DGLL</SimpleData>
	</SchemaData></ExtendedData>
      <Point><coordinates>81.72579,16.31698</coordinates></Point>
  </Placemark>
  <Placemark>
	<name>Machilipatnam Lighthouse</name>
	<ExtendedData><SchemaData schemaUrl="#lighthouses">
		<SimpleData name="id">machilipatnam-lighthouse</SimpleData>
		<SimpleData name="kind">lighthouse</SimpleData>
		<SimpleData name="region">Visakhapatnam</SimpleData>
		<SimpleData name="pos_src">DGLL ledger</SimpleData>
		<SimpleData name="alol">0955</SimpleData>
		<SimpleData name="char">Gr. FL(3) W. 20 Seconds (F1 0.5, EC 2.0, F2 0.5, EC 2.0, F3 0.5, EC 14.5 sec.)</SimpleData>
		<SimpleData name="ckind">Fl</SimpleData>
		<SimpleData name="colour">W</SimpleData>
		<SimpleData name="group">3</SimpleData>
		<SimpleData name="period">20</SimpleData>
		<SimpleData name="phases">(6:0.5,2,0.5,2,0.5,14.5)</SimpleData>
		<SimpleData name="phases_src">ledger</SimpleData>
		<SimpleData name="flash_s">0.5</SimpleData>
		<SimpleData name="sectored">0</SimpleData>
		<SimpleData name="lum_nm">20</SimpleData>
		<SimpleData name="geo_nm">16.5</SimpleData>
		<SimpleData name="iala_nm">21</SimpleData>
		<SimpleData name="reach_nm">16.5</SimpleData>
		<SimpleData name="intensity_cd">166000</SimpleData>
		<SimpleData name="elev_m">50.56</SimpleData>
		<SimpleData name="optic">revolving</SimpleData>
		<SimpleData name="optic_evidence">Rotation Speed: 3 RPM</SimpleData>
		<SimpleData name="optic_make">MBR 300 MSM</SimpleData>
		<SimpleData name="optic_size">Focal length 105 mm, 150 W/220 V AC MH Lamp</SimpleData>
		<SimpleData name="rpm">3</SimpleData>
		<SimpleData name="panels">3</SimpleData>
		<SimpleData name="led">0</SimpleData>
		<SimpleData name="solar">1</SimpleData>
		<SimpleData name="ais">1</SimpleData>
		<SimpleData name="dgps">0</SimpleData>
		<SimpleData name="vts">0</SimpleData>
		<SimpleData name="tower_type">Circular R.C.C. Tower</SimpleData>
		<SimpleData name="tower_h_m">50</SimpleData>
		<SimpleData name="tower_colour">Black and White bands</SimpleData>
		<SimpleData name="tower_year">1984</SimpleData>
		<SimpleData name="established">1858</SimpleData>
		<SimpleData name="visit">grounds</SimpleData>
		<SimpleData name="tourism">1</SimpleData>
		<SimpleData name="museum">0</SimpleData>
		<SimpleData name="record">1</SimpleData>
		<SimpleData name="ledger_url">https://www.dgll.nic.in/sites/default/files/2022-11/Machilipatnam%20Lighthouse.pdf</SimpleData>
		<SimpleData name="page_url">https://www.dgll.nic.in/DGLL-light-house-location/about-vishakhapatnam/machilipatnam-lighthouse</SimpleData>
		<SimpleData name="rowlett">1984 (station established 1858). Active; focal plane 51 m (167 ft); three white flashes every 20 s. 45 m (148 ft) round cylindrical concrete tower with lantern and two galleries, painted with horizontal black and white bands; lantern dome painted red. Roopesh Kohad has a good photo, Samaresh Biswal has a 2018 photo, Vineeth Chimata has a 2020 photo, and Google has a street view and a satellite view. The great tsunami of 26 December 2004 swept away hundreds of people on the beach and reached the base of the lighthouse but the tower was not damaged. The original light was on a flagstaff; the current lighthouse replaced a much shorter tower built in 1930. Located behind Manginapudi Beach, about</SimpleData>
		<SimpleData name="arlhs">IND-043</SimpleData>
		<SimpleData name="wikidata">Q57516765</SimpleData>
		<SimpleData name="photo">https://www.dgll.nic.in/sites/default/files/2022-11/Machilipatnam%20Lighthouse.jpg</SimpleData>
		<SimpleData name="transcribed">1</SimpleData>
		<SimpleData name="ledger_issues">(0:)</SimpleData>
		<SimpleData name="equip_years">{ &quot;ais&quot;: 2012 }</SimpleData>
		<SimpleData name="equip_since">{ &quot;ais&quot;: { &quot;year&quot;: 2012, &quot;src&quot;: &quot;ledger&quot; } }</SimpleData>
		<SimpleData name="tenders">(1:868)</SimpleData>
		<SimpleData name="photo_credit">DGLL</SimpleData>
	</SchemaData></ExtendedData>
      <Point><coordinates>81.23333,16.24667</coordinates></Point>
  </Placemark>
  <Placemark>
	<name>Achara Point Lighthouse</name>
	<ExtendedData><SchemaData schemaUrl="#lighthouses">
		<SimpleData name="id">achara-point-lighthouse</SimpleData>
		<SimpleData name="kind">lighthouse</SimpleData>
		<SimpleData name="region">Goa</SimpleData>
		<SimpleData name="pos_src">DGLL ledger</SimpleData>
		<SimpleData name="alol">F0592</SimpleData>
		<SimpleData name="char">Flash(2) White every 06 sec</SimpleData>
		<SimpleData name="ckind">Fl</SimpleData>
		<SimpleData name="colour">W</SimpleData>
		<SimpleData name="group">2</SimpleData>
		<SimpleData name="period">6</SimpleData>
		<SimpleData name="phases">(4:0.5,1,0.5,4)</SimpleData>
		<SimpleData name="phases_src">derived</SimpleData>
		<SimpleData name="sectored">0</SimpleData>
		<SimpleData name="lum_nm">8</SimpleData>
		<SimpleData name="geo_nm">13.2</SimpleData>
		<SimpleData name="reach_nm">8</SimpleData>
		<SimpleData name="elev_m">17</SimpleData>
		<SimpleData name="optic">flasher</SimpleData>
		<SimpleData name="optic_evidence">Optic: High efficiency LED flashing beacon, Marine Signal Lantern; Rotation Device NA; R.P.M. NA</SimpleData>
		<SimpleData name="optic_make">Automatic power,USA</SimpleData>
		<SimpleData name="optic_type">Marine Signal Lantern</SimpleData>
		<SimpleData name="led">1</SimpleData>
		<SimpleData name="solar">1</SimpleData>
		<SimpleData name="ais">0</SimpleData>
		<SimpleData name="dgps">0</SimpleData>
		<SimpleData name="vts">0</SimpleData>
		<SimpleData name="tower_type">Circular RCC Tower</SimpleData>
		<SimpleData name="tower_h_m">17</SimpleData>
		<SimpleData name="tower_colour">White</SimpleData>
		<SimpleData name="tower_year">2014</SimpleData>
		<SimpleData name="established">2014</SimpleData>
		<SimpleData name="visit">closed</SimpleData>
		<SimpleData name="tourism">0</SimpleData>
		<SimpleData name="museum">0</SimpleData>
		<SimpleData name="record">1</SimpleData>
		<SimpleData name="ledger_url">https://www.dgll.nic.in/sites/default/files/2022-12/Master%20Ledger%20Goa%2002.pdf</SimpleData>
		<SimpleData name="page_url">https://www.dgll.nic.in/DGLL-light-house-location/about-goa/achara-point-lighthouse</SimpleData>
		<SimpleData name="rowlett">2014. Active; focal plane 49 m (161 ft); two white flashes every 6 s. 17 m (56 ft) round concrete tower with lantern and gallery. Lighthouse painted white, lantern roof red. Abhay Aparaj has a 2019 photo and a closeup of this new lighthouse, Nikhil Karangutkar has a 2022 photo, Jayanti Dhuri has a very distant view and Google has a satellite view. NGA lists a 9 m (30 ft) skeletal tower at this location, and an Indian Notice to Mariners identified that light as &quot;temporarily extinguished&quot; in 2012. Located on a steep headland across the estuary entrance at Achra, a village about 50 km (30 mi) north of Vengurla. Site status unknown. Admiralty F0592; NGA 27832.</SimpleData>
		<SimpleData name="photo">https://www.dgll.nic.in/sites/default/files/2022-11/ACHARA%20POINT%20LIGHTHOUSE.jpg</SimpleData>
		<SimpleData name="transcribed">1</SimpleData>
		<SimpleData name="ledger_issues">(3:Duration of flash given as '06 Sec', same as the period; not a plausible flash duration, not transcribed as flash_duration_s,RACON Sr. No 6295 listed but all RACON details NA,Solar plant shown under 'Solar Plant for Main RACON' although RACON is NA; 'Mains' row describes a solar battery bank)</SimpleData>
		<SimpleData name="equip_years">{ }</SimpleData>
		<SimpleData name="equip_since">{ }</SimpleData>
		<SimpleData name="tenders">(0:)</SimpleData>
		<SimpleData name="photo_credit">DGLL</SimpleData>
	</SchemaData></ExtendedData>
      <Point><coordinates>73.43167,16.2</coordinates></Point>
  </Placemark>
  <Placemark>
	<name>Vengurla Rocks Lighthouse</name>
	<ExtendedData><SchemaData schemaUrl="#lighthouses">
		<SimpleData name="id">vengurla-rocks-lighthouse</SimpleData>
		<SimpleData name="kind">lighthouse</SimpleData>
		<SimpleData name="region">Goa</SimpleData>
		<SimpleData name="pos_src">DGLL ledger</SimpleData>
		<SimpleData name="alol">F0598</SimpleData>
		<SimpleData name="char">Fl (2)W 20S</SimpleData>
		<SimpleData name="ckind">Fl</SimpleData>
		<SimpleData name="colour">W</SimpleData>
		<SimpleData name="group">2</SimpleData>
		<SimpleData name="period">20</SimpleData>
		<SimpleData name="phases">(4:0.18,2,0.18,17.64)</SimpleData>
		<SimpleData name="phases_src">derived</SimpleData>
		<SimpleData name="flash_s">0.18</SimpleData>
		<SimpleData name="sectored">0</SimpleData>
		<SimpleData name="lum_nm">26</SimpleData>
		<SimpleData name="geo_nm">19.2</SimpleData>
		<SimpleData name="iala_nm">20</SimpleData>
		<SimpleData name="reach_nm">19.2</SimpleData>
		<SimpleData name="intensity_cd">113665</SimpleData>
		<SimpleData name="elev_m">49</SimpleData>
		<SimpleData name="optic">revolving</SimpleData>
		<SimpleData name="optic_evidence">Optic: Revolving; Rotation Device: Dual stepper Motor; R.P.M. 1.5</SimpleData>
		<SimpleData name="optic_make">BBT Paris</SimpleData>
		<SimpleData name="optic_type">Revolving</SimpleData>
		<SimpleData name="optic_size">920mm</SimpleData>
		<SimpleData name="rpm">1.5</SimpleData>
		<SimpleData name="panels">2</SimpleData>
		<SimpleData name="led">0</SimpleData>
		<SimpleData name="solar">1</SimpleData>
		<SimpleData name="ais">0</SimpleData>
		<SimpleData name="dgps">0</SimpleData>
		<SimpleData name="racon">D</SimpleData>
		<SimpleData name="vts">0</SimpleData>
		<SimpleData name="tower_type">Circular Cast Iron</SimpleData>
		<SimpleData name="tower_h_m">20</SimpleData>
		<SimpleData name="tower_colour">Red &amp; White Bands</SimpleData>
		<SimpleData name="tower_year">1890</SimpleData>
		<SimpleData name="established">1870</SimpleData>
		<SimpleData name="visit">closed</SimpleData>
		<SimpleData name="tourism">0</SimpleData>
		<SimpleData name="museum">0</SimpleData>
		<SimpleData name="record">1</SimpleData>
		<SimpleData name="ledger_url">https://www.dgll.nic.in/sites/default/files/2022-12/Master%20Ledger%20Goa%2012.pdf</SimpleData>
		<SimpleData name="page_url">https://www.dgll.nic.in/DGLL-light-house-location/about-goa/vengurla-rocks-lighthouse</SimpleData>
		<SimpleData name="rowlett">1890 (British; station established 1870). Active; focal plane 49 m (161 ft); two white flashes every 20 s. 21 m (69 ft) round cast iron tower with lantern and gallery, painted with red and white horizontal bands. A 2021 photo is at right, Lighthouse Digest has a photo, Rajesh Prabhu has a 2022 photo, Kaina Shaikh has a 2022 aerial photo, Bhushan Parab has a view from the sea, an Instagram photo is available, and Google has a satellite view. Located in the Arabian Sea about 11 km (7 mi) off the coast and 20 km (13 mi) west northwest of Vengurla. Accessible only by boat and landing appears difficult or impossible. Site and tower closed. ARLHS IND-009; Admiralty F0598; NGA 27804.</SimpleData>
		<SimpleData name="arlhs">IND-009</SimpleData>
		<SimpleData name="photo">https://www.dgll.nic.in/sites/default/files/2022-11/Vengurla%20Rocks%20Lighthouse.jpg</SimpleData>
		<SimpleData name="transcribed">1</SimpleData>
		<SimpleData name="ledger_issues">(4:Position and divergence printed with '*' in place of degree signs,Date of commissioning not stated ('-'),RACON Sr. No 6295 is the same serial printed in other ledgers (Anjengo, Minicoy),NAIS section lists only VSAT/modem, no AIS base station details)</SimpleData>
		<SimpleData name="equip_years">{ }</SimpleData>
		<SimpleData name="equip_since">{ &quot;racon&quot;: { &quot;year&quot;: 2004, &quot;src&quot;: &quot;network&quot; } }</SimpleData>
		<SimpleData name="tenders">(0:)</SimpleData>
		<SimpleData name="photo_credit">DGLL</SimpleData>
	</SchemaData></ExtendedData>
      <Point><coordinates>73.46167,15.89</coordinates></Point>
  </Placemark>
  <Placemark>
	<name>Nizampatnam Lighthouse</name>
	<ExtendedData><SchemaData schemaUrl="#lighthouses">
		<SimpleData name="id">nizampatnam-lighthouse</SimpleData>
		<SimpleData name="kind">lighthouse</SimpleData>
		<SimpleData name="region">Visakhapatnam</SimpleData>
		<SimpleData name="pos_src">DGLL ledger</SimpleData>
		<SimpleData name="alol">0952.95</SimpleData>
		<SimpleData name="char">Flash White, every 5Seconds (Fl 0.5 + ec4.5 = 5 sec.)</SimpleData>
		<SimpleData name="ckind">Fl</SimpleData>
		<SimpleData name="colour">W</SimpleData>
		<SimpleData name="group">1</SimpleData>
		<SimpleData name="period">5</SimpleData>
		<SimpleData name="phases">(2:0.5,4.5)</SimpleData>
		<SimpleData name="phases_src">ledger</SimpleData>
		<SimpleData name="flash_s">0.5</SimpleData>
		<SimpleData name="sectored">0</SimpleData>
		<SimpleData name="lum_nm">23</SimpleData>
		<SimpleData name="geo_nm">17</SimpleData>
		<SimpleData name="iala_nm">23.2</SimpleData>
		<SimpleData name="reach_nm">17</SimpleData>
		<SimpleData name="intensity_cd">392857</SimpleData>
		<SimpleData name="elev_m">35.83</SimpleData>
		<SimpleData name="optic">revolving</SimpleData>
		<SimpleData name="optic_evidence">Rotation Device: Stepper motor 7 kg-cm (Gearless drive); Rotation Speed 1.5 RPM</SimpleData>
		<SimpleData name="optic_make">M/s ANA Navaids Ltd, New Delhi</SimpleData>
		<SimpleData name="optic_type">8 panel &quot;Fresnel&quot; Lens</SimpleData>
		<SimpleData name="optic_size">413 mm diameter (Height 272 mm &amp; width 160 mm); focal distance 413 mm</SimpleData>
		<SimpleData name="rpm">1.5</SimpleData>
		<SimpleData name="panels">8</SimpleData>
		<SimpleData name="led">1</SimpleData>
		<SimpleData name="solar">1</SimpleData>
		<SimpleData name="ais">0</SimpleData>
		<SimpleData name="dgps">0</SimpleData>
		<SimpleData name="vts">0</SimpleData>
		<SimpleData name="tower_type">Circular R.C.C. Tower by SLIP FORM</SimpleData>
		<SimpleData name="tower_h_m">30</SimpleData>
		<SimpleData name="tower_colour">Red &amp; White bands</SimpleData>
		<SimpleData name="established">2004</SimpleData>
		<SimpleData name="tourism">0</SimpleData>
		<SimpleData name="museum">0</SimpleData>
		<SimpleData name="record">1</SimpleData>
		<SimpleData name="ledger_url">https://www.dgll.nic.in/sites/default/files/2022-11/Nizampatnam%20Lighthouse_0.pdf</SimpleData>
		<SimpleData name="page_url">https://www.dgll.nic.in/DGLL-light-house-location/about-vishakhapatnam/nizampatnam-lighthouse</SimpleData>
		<SimpleData name="wikidata">Q57517673</SimpleData>
		<SimpleData name="photo">https://www.dgll.nic.in/sites/default/files/2022-11/Nizampatnam%20Lighthouse.jpg</SimpleData>
		<SimpleData name="transcribed">1</SimpleData>
		<SimpleData name="ledger_issues">(0:)</SimpleData>
		<SimpleData name="equip_years">{ }</SimpleData>
		<SimpleData name="equip_since">{ }</SimpleData>
		<SimpleData name="tenders">(1:2138)</SimpleData>
		<SimpleData name="photo_credit">DGLL</SimpleData>
	</SchemaData></ExtendedData>
      <Point><coordinates>80.63833,15.88367</coordinates></Point>
  </Placemark>
  <Placemark>
	<name>Vengurla Point Lighthouse</name>
	<ExtendedData><SchemaData schemaUrl="#lighthouses">
		<SimpleData name="id">vengurla-point-lighthouse</SimpleData>
		<SimpleData name="kind">lighthouse</SimpleData>
		<SimpleData name="region">Goa</SimpleData>
		<SimpleData name="pos_src">DGLL ledger</SimpleData>
		<SimpleData name="alol">F 0600</SimpleData>
		<SimpleData name="char">Flash red every 5sec.</SimpleData>
		<SimpleData name="ckind">Fl</SimpleData>
		<SimpleData name="colour">R</SimpleData>
		<SimpleData name="group">1</SimpleData>
		<SimpleData name="period">5</SimpleData>
		<SimpleData name="phases">(2:0.45,4.55)</SimpleData>
		<SimpleData name="phases_src">derived</SimpleData>
		<SimpleData name="sectored">0</SimpleData>
		<SimpleData name="lum_nm">24</SimpleData>
		<SimpleData name="geo_nm">23.3</SimpleData>
		<SimpleData name="iala_nm">23.9</SimpleData>
		<SimpleData name="reach_nm">23.3</SimpleData>
		<SimpleData name="intensity_cd">528000</SimpleData>
		<SimpleData name="elev_m">81</SimpleData>
		<SimpleData name="optic">revolving</SimpleData>
		<SimpleData name="optic_order">3</SimpleData>
		<SimpleData name="optic_evidence">Optic: Revolving 3rd order; Rotation Device: Stepper Motor+Controller; R.P.M. 3</SimpleData>
		<SimpleData name="optic_make">BBT Paris</SimpleData>
		<SimpleData name="optic_type">Revolving</SimpleData>
		<SimpleData name="optic_size">3rd Order 375mm</SimpleData>
		<SimpleData name="rpm">3</SimpleData>
		<SimpleData name="panels">3</SimpleData>
		<SimpleData name="led">0</SimpleData>
		<SimpleData name="solar">1</SimpleData>
		<SimpleData name="ais">1</SimpleData>
		<SimpleData name="dgps">0</SimpleData>
		<SimpleData name="navtex">{ &quot;id_518&quot;: &quot;J&quot;, &quot;id_490&quot;: &quot;R&quot; }</SimpleData>
		<SimpleData name="vts">0</SimpleData>
		<SimpleData name="tower_type">Hexagonal Masonry</SimpleData>
		<SimpleData name="tower_h_m">13</SimpleData>
		<SimpleData name="tower_colour">Black &amp; White Horizontal Band</SimpleData>
		<SimpleData name="tower_year">1968</SimpleData>
		<SimpleData name="established">1869</SimpleData>
		<SimpleData name="visit">open</SimpleData>
		<SimpleData name="tourism">1</SimpleData>
		<SimpleData name="museum">0</SimpleData>
		<SimpleData name="record">1</SimpleData>
		<SimpleData name="ledger_url">https://www.dgll.nic.in/sites/default/files/2022-12/Master%20Ledger%20Goa%2003_0.pdf</SimpleData>
		<SimpleData name="page_url">https://www.dgll.nic.in/DGLL-light-house-location/about-goa/vengurla-point-lighthouse</SimpleData>
		<SimpleData name="rowlett">1968 (station established 1869). Active; focal plane 82 m (269 ft); red flash every 5 s.13 m (43 ft) hexagonal cylindrical masonry tower with lantern and gallery, attached to a 1-story keeper's house. Lighthouse painted with black and white horizontal bands; lantern dome painted red. Kedar Sule contributed a 2007 photo , Lisbon Rebello has a closeup photo, Sushant Dabholkar has a 2023 closeup, Rinat Khairetdinov has a 2019 closeup, and Google has a satellite view. Located atop a seaside bluff at Vengurla. Accessible by road. Site open, tower open daily 4 to 5:30 pm. . ARLHS IND-120; Admiralty F0600; NGA 27800.</SimpleData>
		<SimpleData name="arlhs">IND-120</SimpleData>
		<SimpleData name="photo">https://www.dgll.nic.in/sites/default/files/2022-11/VENGURLA%20POINT%20LIGHTHOUSE.jpg</SimpleData>
		<SimpleData name="transcribed">1</SimpleData>
		<SimpleData name="ledger_issues">(4:Position and divergence use '*' in place of the degree sign,3 lenses at 3 RPM gives a flash every 6.67 s, not every 5 s,RACON section lists only Sr. No 6295 with all other fields blank (same serial appears in other ledgers),Also hosts a Danphone NAVTEX transmitter (518/490 kHz, ID 'J', 2015))</SimpleData>
		<SimpleData name="equip_years">{ &quot;ais&quot;: 2015 }</SimpleData>
		<SimpleData name="equip_since">{ &quot;navtex&quot;: { &quot;year&quot;: 2015, &quot;src&quot;: &quot;network&quot; }, &quot;ais&quot;: { &quot;year&quot;: 2015, &quot;src&quot;: &quot;ledger&quot; } }</SimpleData>
		<SimpleData name="tenders">(1:1897)</SimpleData>
		<SimpleData name="photo_credit">DGLL</SimpleData>
	</SchemaData></ExtendedData>
      <Point><coordinates>73.61667,15.85333</coordinates></Point>
  </Placemark>
  <Placemark>
	<name>Vodarevu Lighthouse</name>
	<ExtendedData><SchemaData schemaUrl="#lighthouses">
		<SimpleData name="id">vodarevu-lighthouse</SimpleData>
		<SimpleData name="kind">lighthouse</SimpleData>
		<SimpleData name="region">Visakhapatnam</SimpleData>
		<SimpleData name="pos_src">DGLL ledger</SimpleData>
		<SimpleData name="address">The Navigational Assistant Gr-I, Vodarevu Lighthouse, Vodarevu Post, Chirala, Andhra Pradesh, Pin: 523 157</SimpleData>
		<SimpleData name="alol">F 0952.9</SimpleData>
		<SimpleData name="char">Gp FL (2) White, every 15 Seconds (Fl 0.6 +ec1.9 + Fl 0.6 + ec 11.9)</SimpleData>
		<SimpleData name="ckind">Fl</SimpleData>
		<SimpleData name="colour">W</SimpleData>
		<SimpleData name="group">2</SimpleData>
		<SimpleData name="period">15</SimpleData>
		<SimpleData name="phases">(4:0.6,1.9,0.6,11.9)</SimpleData>
		<SimpleData name="phases_src">ledger</SimpleData>
		<SimpleData name="flash_s">0.6</SimpleData>
		<SimpleData name="sectored">0</SimpleData>
		<SimpleData name="lum_nm">24</SimpleData>
		<SimpleData name="geo_nm">17</SimpleData>
		<SimpleData name="iala_nm">23.9</SimpleData>
		<SimpleData name="reach_nm">17</SimpleData>
		<SimpleData name="intensity_cd">522000</SimpleData>
		<SimpleData name="elev_m">34</SimpleData>
		<SimpleData name="optic">revolving</SimpleData>
		<SimpleData name="optic_order">4</SimpleData>
		<SimpleData name="optic_evidence">4TH Order Revolving; twin stepper motor rotation device; Rotation Speed 1 RPM</SimpleData>
		<SimpleData name="optic_make">M/S Stone Chance Limited, London</SimpleData>
		<SimpleData name="optic_type">Revolving</SimpleData>
		<SimpleData name="optic_size">250 mm focal distance</SimpleData>
		<SimpleData name="rpm">1</SimpleData>
		<SimpleData name="panels">4</SimpleData>
		<SimpleData name="led">1</SimpleData>
		<SimpleData name="solar">1</SimpleData>
		<SimpleData name="ais">1</SimpleData>
		<SimpleData name="dgps">0</SimpleData>
		<SimpleData name="vts">0</SimpleData>
		<SimpleData name="tower_type">Circular R.C.C. Tower by SLIP FORM</SimpleData>
		<SimpleData name="tower_h_m">30</SimpleData>
		<SimpleData name="tower_colour">Black and White bands</SimpleData>
		<SimpleData name="tower_year">2002</SimpleData>
		<SimpleData name="established">2002</SimpleData>
		<SimpleData name="visit">grounds</SimpleData>
		<SimpleData name="tourism">1</SimpleData>
		<SimpleData name="museum">0</SimpleData>
		<SimpleData name="record">1</SimpleData>
		<SimpleData name="ledger_url">https://www.dgll.nic.in/sites/default/files/2022-11/Vodarevu%20Lighthouse.pdf</SimpleData>
		<SimpleData name="page_url">https://www.dgll.nic.in/DGLL-light-house-location/about-vishakhapatnam/vodarevu-lighthouse</SimpleData>
		<SimpleData name="rowlett">2002. Active; focal plane 34 m (112 ft); two white flashes every 15 s. 30 m (98 ft) round cylindrical concrete tower with lantern and double gallery. Lighthouse painted with black and white horizontal bands. Raju Boddapu has a 2022 photo, Sambasiva Rao has a 2010 photo of the lighthouse in action, a 2018 photo is available, and Google has a satellite view. This lighthouse was the first in India built using a new technique called slip-form construction, which shortens construction time dramatically. Lighthouse Digest has I.C.R. Prasad's November 2002 article on the lighthouse. Located at Vodarevu, a relatively new port being developed about 7 km (4 mi) southeast of Chirala. Site open, tower p</SimpleData>
		<SimpleData name="arlhs">IND-067</SimpleData>
		<SimpleData name="wikidata">Q57517810</SimpleData>
		<SimpleData name="photo">https://www.dgll.nic.in/sites/default/files/2022-11/Vodarevu%20Lighthouse.jpg</SimpleData>
		<SimpleData name="transcribed">1</SimpleData>
		<SimpleData name="ledger_issues">(2:Luminous range printed as '24 M at 074 ATF' (unit unclear),4 panels of 90° each at 1 RPM does not obviously produce Gp Fl(2) every 15 s)</SimpleData>
		<SimpleData name="equip_years">{ &quot;ais&quot;: 2011 }</SimpleData>
		<SimpleData name="equip_since">{ &quot;ais&quot;: { &quot;year&quot;: 2011, &quot;src&quot;: &quot;ledger&quot; } }</SimpleData>
		<SimpleData name="tenders">(1:866)</SimpleData>
		<SimpleData name="photo_credit">DGLL</SimpleData>
	</SchemaData></ExtendedData>
      <Point><coordinates>80.41,15.795</coordinates></Point>
  </Placemark>
  <Placemark>
	<name>Nagayalanka Lighthouse</name>
	<ExtendedData><SchemaData schemaUrl="#lighthouses">
		<SimpleData name="id">nagayalanka-lighthouse</SimpleData>
		<SimpleData name="kind">lighthouse</SimpleData>
		<SimpleData name="region">Visakhapatnam</SimpleData>
		<SimpleData name="pos_src">DGLL ledger</SimpleData>
		<SimpleData name="alol">0953</SimpleData>
		<SimpleData name="char">FL W EV. 15 Seconds (Fl 11.16+03.84= 15 sec.)</SimpleData>
		<SimpleData name="ckind">Fl</SimpleData>
		<SimpleData name="colour">W</SimpleData>
		<SimpleData name="group">1</SimpleData>
		<SimpleData name="period">15</SimpleData>
		<SimpleData name="phases">(2:11.16,3.84)</SimpleData>
		<SimpleData name="phases_src">ledger</SimpleData>
		<SimpleData name="flash_s">1.16</SimpleData>
		<SimpleData name="sectored">0</SimpleData>
		<SimpleData name="lum_nm">24</SimpleData>
		<SimpleData name="geo_nm">16.5</SimpleData>
		<SimpleData name="iala_nm">23.4</SimpleData>
		<SimpleData name="reach_nm">16.5</SimpleData>
		<SimpleData name="intensity_cd">438480</SimpleData>
		<SimpleData name="elev_m">35</SimpleData>
		<SimpleData name="optic">revolving</SimpleData>
		<SimpleData name="optic_order">2</SimpleData>
		<SimpleData name="optic_evidence">Size: 700 mm (2nd order) revolving; Rotation Device: Stepper Motors; Rotation Speed 1 RPM</SimpleData>
		<SimpleData name="optic_make">M/s BBT</SimpleData>
		<SimpleData name="optic_size">700 mm (2nd order) revolving</SimpleData>
		<SimpleData name="rpm">1</SimpleData>
		<SimpleData name="panels">4</SimpleData>
		<SimpleData name="led">1</SimpleData>
		<SimpleData name="solar">1</SimpleData>
		<SimpleData name="ais">1</SimpleData>
		<SimpleData name="dgps">0</SimpleData>
		<SimpleData name="vts">0</SimpleData>
		<SimpleData name="tower_type">Square Stone Masonry Tower</SimpleData>
		<SimpleData name="tower_h_m">37</SimpleData>
		<SimpleData name="tower_colour">Red and White Diagonal bands</SimpleData>
		<SimpleData name="tower_year">1972</SimpleData>
		<SimpleData name="established">1902</SimpleData>
		<SimpleData name="visit">grounds</SimpleData>
		<SimpleData name="tourism">0</SimpleData>
		<SimpleData name="museum">0</SimpleData>
		<SimpleData name="record">1</SimpleData>
		<SimpleData name="ledger_url">https://www.dgll.nic.in/sites/default/files/2022-11/Nagayalanka%20Lighthouse.pdf</SimpleData>
		<SimpleData name="page_url">https://www.dgll.nic.in/DGLL-light-house-location/about-vishakhapatnam/nagayalanka-lighthouse</SimpleData>
		<SimpleData name="rowlett">1972 (station established 1902 but inactive 1940-1955). Active; focal plane 35 m (115 ft); one long (1.2 s) white flash every 15 s. 37 m (121 ft) square cylindrical masonry tower with lantern and gallery, painted with red and white spiral bands. Balaji Andraju's 2024 photo is at right, Tandava Krishna Pidikiti has a 2015 photo, a 2018 photo is available, Shanmukha Anirudh has a 2020 photo, and Google has a satellite view. The lighthouse replaced an older light known as Kistna or False Devil Point; the old tower was demolished and its bricks used to build retaining walls protecting the approach to the new light. Lighthouse Digest has I.C.R. Prasad's account of a severe tropical cyclone that f</SimpleData>
		<SimpleData name="arlhs">IND-046</SimpleData>
		<SimpleData name="wikidata">Q57517069</SimpleData>
		<SimpleData name="photo">https://www.dgll.nic.in/sites/default/files/2022-11/Machilipatnam%20Lighthouse_0.jpg</SimpleData>
		<SimpleData name="transcribed">1</SimpleData>
		<SimpleData name="ledger_issues">(3:Characteristic sequence 'Fl 11.16+03.84' conflicts with stated duration of flash 1.16 seconds,No. of panels printed '4 log of 90° each',Year first light commissioned 1901; date of commissioning 17-09-1998)</SimpleData>
		<SimpleData name="equip_years">{ }</SimpleData>
		<SimpleData name="equip_since">{ &quot;ais&quot;: { &quot;year&quot;: 2012, &quot;src&quot;: &quot;network&quot; } }</SimpleData>
		<SimpleData name="tenders">(1:1891)</SimpleData>
		<SimpleData name="photo_credit">DGLL</SimpleData>
	</SchemaData></ExtendedData>
      <Point><coordinates>80.9875,15.78611</coordinates></Point>
  </Placemark>
  <Placemark>
	<name>Aguada Lighthouse And D.g.p.s Station</name>
	<ExtendedData><SchemaData schemaUrl="#lighthouses">
		<SimpleData name="id">aguada-lighthouse-and-dgps-station</SimpleData>
		<SimpleData name="kind">lighthouse</SimpleData>
		<SimpleData name="region">Goa</SimpleData>
		<SimpleData name="pos_src">DGLL ledger</SimpleData>
		<SimpleData name="address">Asst. Engr.(E), Aguada LH and DGPS Stn, Sinquerim, Condolim, Bardez-Goa-403 515</SimpleData>
		<SimpleData name="alol">F0606</SimpleData>
		<SimpleData name="char">Flash 3 white every 20 sec.</SimpleData>
		<SimpleData name="ckind">Fl</SimpleData>
		<SimpleData name="colour">W</SimpleData>
		<SimpleData name="group">3</SimpleData>
		<SimpleData name="period">20</SimpleData>
		<SimpleData name="phases">(6:0.41,2,0.41,2,0.41,14.77)</SimpleData>
		<SimpleData name="phases_src">derived</SimpleData>
		<SimpleData name="flash_s">0.41</SimpleData>
		<SimpleData name="sectored">0</SimpleData>
		<SimpleData name="lum_nm">26.8</SimpleData>
		<SimpleData name="geo_nm">19.8</SimpleData>
		<SimpleData name="reach_nm">19.8</SimpleData>
		<SimpleData name="elev_m">85</SimpleData>
		<SimpleData name="optic">revolving</SimpleData>
		<SimpleData name="optic_order">3</SimpleData>
		<SimpleData name="optic_evidence">Type: Revolving with cut &amp; polished prisms; Rotation Device: Dual stepper motor (40 kg-cm); R.P.M. 3</SimpleData>
		<SimpleData name="optic_make">J. stone calcutta</SimpleData>
		<SimpleData name="optic_type">Revolving with cut &amp; polished prisms.</SimpleData>
		<SimpleData name="optic_size">375mm (3rd order small)</SimpleData>
		<SimpleData name="rpm">3</SimpleData>
		<SimpleData name="panels">3</SimpleData>
		<SimpleData name="led">0</SimpleData>
		<SimpleData name="solar">1</SimpleData>
		<SimpleData name="ais">1</SimpleData>
		<SimpleData name="dgps">1</SimpleData>
		<SimpleData name="racon">O</SimpleData>
		<SimpleData name="vts">0</SimpleData>
		<SimpleData name="tower_type">Rectangular R.C.C White Tower</SimpleData>
		<SimpleData name="tower_h_m">18</SimpleData>
		<SimpleData name="tower_colour">White</SimpleData>
		<SimpleData name="tower_year">1902</SimpleData>
		<SimpleData name="established">1902</SimpleData>
		<SimpleData name="visit">open</SimpleData>
		<SimpleData name="tourism">1</SimpleData>
		<SimpleData name="museum">0</SimpleData>
		<SimpleData name="record">1</SimpleData>
		<SimpleData name="ledger_url">https://www.dgll.nic.in/sites/default/files/2022-12/Master%20Ledger%20Goa%2004.pdf</SimpleData>
		<SimpleData name="page_url">https://www.dgll.nic.in/DGLL-light-house-location/about-goa/aguada-lighthouse-and-dgps-station</SimpleData>
		<SimpleData name="rowlett">1902. Active; focal plane 85 m (279 ft); three white flashes every 20 s. 21 m (69 ft) square concrete tower with lantern and gallery, painted white; lantern roof painted red. Kamal Irukulla's 2022 photo is at right, Nasa Anil Kumar has a 2021 photo, a 2009 photo is available, Swechha Prakash has a street view, and Google has a satellite view. Apparently this light was built originally as the front light of a range, with the old lighthouse (previous entry) as the rear light. It is not known when the range was discontinued. Located a short distance west of Fort Aguada. Site open, tower open daily 10 am to 5:30 pm. ARLHS IND-069; Admiralty F0606; NGA 27772.</SimpleData>
		<SimpleData name="arlhs">IND-069</SimpleData>
		<SimpleData name="wikidata">Q10280110</SimpleData>
		<SimpleData name="photo">https://www.dgll.nic.in/sites/default/files/2022-11/AGUADA%20LIGHTHOUSE%20AND%20D.G.P.S%20STATION.jpg</SimpleData>
		<SimpleData name="transcribed">1</SimpleData>
		<SimpleData name="ledger_issues">(2:Date of commissioning given as June 1998, which matches the DGPS commissioning date (05.06.1998); optic installation date printed as 'se1976',Effective beam intensity left blank)</SimpleData>
		<SimpleData name="equip_years">{ &quot;racon&quot;: 2018, &quot;ais&quot;: 2017 }</SimpleData>
		<SimpleData name="equip_since">{ &quot;racon&quot;: { &quot;year&quot;: 2018, &quot;src&quot;: &quot;ledger&quot; }, &quot;ais&quot;: { &quot;year&quot;: 2017, &quot;src&quot;: &quot;ledger&quot; }, &quot;dgps&quot;: { &quot;year&quot;: 2003, &quot;src&quot;: &quot;network&quot; } }</SimpleData>
		<SimpleData name="tenders">(5:1907,1897,1816,1796,1740)</SimpleData>
		<SimpleData name="photo_credit">DGLL</SimpleData>
	</SchemaData></ExtendedData>
      <Point><coordinates>73.77,15.48867</coordinates></Point>
  </Placemark>
  <Placemark>
	<name>The St. George Island Lighthouse</name>
	<ExtendedData><SchemaData schemaUrl="#lighthouses">
		<SimpleData name="id">st-george-island-lighthouse</SimpleData>
		<SimpleData name="kind">lighthouse</SimpleData>
		<SimpleData name="region">Goa</SimpleData>
		<SimpleData name="pos_src">DGLL ledger</SimpleData>
		<SimpleData name="alol">F 0628</SimpleData>
		<SimpleData name="char">Fl. WR (4) ev 20Sec. (fl. 0.5, ec 1.5, fl. 0.5, ec 1.5 fl. 0.5, ec 1.5 fl. 0.5, L.ec 13.5)</SimpleData>
		<SimpleData name="ckind">Fl</SimpleData>
		<SimpleData name="colour">W</SimpleData>
		<SimpleData name="group">4</SimpleData>
		<SimpleData name="period">20</SimpleData>
		<SimpleData name="phases">(8:0.5,1.5,0.5,1.5,0.5,1.5,0.5,13.5)</SimpleData>
		<SimpleData name="phases_src">ledger</SimpleData>
		<SimpleData name="flash_s">0.5</SimpleData>
		<SimpleData name="sectored">1</SimpleData>
		<SimpleData name="sectors_text">R 185° to 225° = 40°, W 225° to 185° = 320°</SimpleData>
		<SimpleData name="lum_nm">5.6</SimpleData>
		<SimpleData name="geo_nm">24.7</SimpleData>
		<SimpleData name="iala_nm">5.7</SimpleData>
		<SimpleData name="reach_nm">5.6</SimpleData>
		<SimpleData name="intensity_cd">121</SimpleData>
		<SimpleData name="elev_m">93</SimpleData>
		<SimpleData name="optic">flasher</SimpleData>
		<SimpleData name="optic_evidence">Sealite SL-125/3 LED lantern (Ultra bright 108 LEDs); Rotation Device and R.P.M. blank; horizontal divergence 360°</SimpleData>
		<SimpleData name="optic_make">Sealite</SimpleData>
		<SimpleData name="optic_model">SL-125/3</SimpleData>
		<SimpleData name="optic_type">Ultra bright 108 LEDs</SimpleData>
		<SimpleData name="optic_size">200 mm</SimpleData>
		<SimpleData name="led">0</SimpleData>
		<SimpleData name="solar">1</SimpleData>
		<SimpleData name="ais">0</SimpleData>
		<SimpleData name="dgps">0</SimpleData>
		<SimpleData name="vts">0</SimpleData>
		<SimpleData name="tower_type">Circular RCC Tower with external spiral</SimpleData>
		<SimpleData name="tower_h_m">16</SimpleData>
		<SimpleData name="tower_colour">Black &amp; White bands (3)</SimpleData>
		<SimpleData name="tower_year">1977</SimpleData>
		<SimpleData name="established">1956</SimpleData>
		<SimpleData name="visit">closed</SimpleData>
		<SimpleData name="tourism">0</SimpleData>
		<SimpleData name="museum">0</SimpleData>
		<SimpleData name="record">1</SimpleData>
		<SimpleData name="ledger_url">https://www.dgll.nic.in/sites/default/files/2022-12/Master%20Ledger%20Goa%2013.pdf</SimpleData>
		<SimpleData name="page_url">https://www.dgll.nic.in/DGLL-light-house-location/about-goa/st-george-island-lighthouse</SimpleData>
		<SimpleData name="rowlett">1977 (station established 1956). Active; focal plane 93 m (305 ft); four flashes every 20 s, white or red depending on direction. 16 m (52 ft) slender round cylindrical concrete tower with gallery and an external stairway spiraling around the tower. Lighthouse painted with black and white horizontal bands. A DGLL photo is available, Madhura Ranade has a 2024 closeup of the top of the tower, Gregorio Cabral has a view from the sea and Google has an indistinct satellite view. The original light was on a skeletal tower. The Ilha de São Jorge (St. George Island) is now called Grand Island. Located on an island about 8 km (5 mi) south southwest of Marmagão. Accessible only by boat. Site and tower</SimpleData>
		<SimpleData name="arlhs">IND-112</SimpleData>
		<SimpleData name="photo">https://www.dgll.nic.in/sites/default/files/2022-11/The%20St.%20George%20Island%20Lighthouse.jpg</SimpleData>
		<SimpleData name="transcribed">1</SimpleData>
		<SimpleData name="ledger_issues">(3:Range given per colour (W 5.6 NM, R 6.3 NM), not luminous/geographical; red range exceeds white,Effective intensity given per colour: Red 176 cd, White 121 cd,RACON lists 'Sr. No 6295' (same serial as Belekeri ledger) but Make is '---'; presence unclear)</SimpleData>
		<SimpleData name="equip_years">{ }</SimpleData>
		<SimpleData name="equip_since">{ }</SimpleData>
		<SimpleData name="tenders">(0:)</SimpleData>
		<SimpleData name="photo_credit">DGLL</SimpleData>
	</SchemaData></ExtendedData>
      <Point><coordinates>73.76333,15.35167</coordinates></Point>
  </Placemark>
  <Placemark>
	<name>Betul Lighthouse</name>
	<ExtendedData><SchemaData schemaUrl="#lighthouses">
		<SimpleData name="id">betul-lighthouse</SimpleData>
		<SimpleData name="kind">lighthouse</SimpleData>
		<SimpleData name="region">Goa</SimpleData>
		<SimpleData name="pos_src">DGLL ledger</SimpleData>
		<SimpleData name="address">Betul Lighthouse post:-velim:-salcete south Goa</SimpleData>
		<SimpleData name="alol">F 0631</SimpleData>
		<SimpleData name="char">FL4 (W) 15S</SimpleData>
		<SimpleData name="ckind">Fl</SimpleData>
		<SimpleData name="colour">W</SimpleData>
		<SimpleData name="group">4</SimpleData>
		<SimpleData name="period">15</SimpleData>
		<SimpleData name="phases">(8:0.95,1.5,0.95,1.5,0.95,1.5,0.95,6.7)</SimpleData>
		<SimpleData name="phases_src">derived</SimpleData>
		<SimpleData name="sectored">0</SimpleData>
		<SimpleData name="lum_nm">22</SimpleData>
		<SimpleData name="geo_nm">24.2</SimpleData>
		<SimpleData name="reach_nm">22</SimpleData>
		<SimpleData name="elev_m">89</SimpleData>
		<SimpleData name="optic">revolving</SimpleData>
		<SimpleData name="optic_evidence">Type: Revolving; Rotation Device: Stepper motor; R.P.M. 4 RPM</SimpleData>
		<SimpleData name="optic_make">3STECHS</SimpleData>
		<SimpleData name="optic_type">Revolving</SimpleData>
		<SimpleData name="optic_size">Dia 550 mm Height 900mm</SimpleData>
		<SimpleData name="rpm">4</SimpleData>
		<SimpleData name="panels">3</SimpleData>
		<SimpleData name="led">0</SimpleData>
		<SimpleData name="solar">1</SimpleData>
		<SimpleData name="ais">0</SimpleData>
		<SimpleData name="dgps">0</SimpleData>
		<SimpleData name="vts">0</SimpleData>
		<SimpleData name="tower_type">octagonal shaped RCC</SimpleData>
		<SimpleData name="tower_h_m">15</SimpleData>
		<SimpleData name="tower_colour">spiral band red &amp; white</SimpleData>
		<SimpleData name="tower_year">2015</SimpleData>
		<SimpleData name="established">1890</SimpleData>
		<SimpleData name="visit">open</SimpleData>
		<SimpleData name="tourism">0</SimpleData>
		<SimpleData name="museum">0</SimpleData>
		<SimpleData name="record">1</SimpleData>
		<SimpleData name="ledger_url">https://www.dgll.nic.in/sites/default/files/2022-12/Master%20Ledger%20Goa%2005.pdf</SimpleData>
		<SimpleData name="page_url">https://www.dgll.nic.in/DGLL-light-house-location/about-goa/betul-lighthouse</SimpleData>
		<SimpleData name="rowlett">2015 (station established 1890). Active; focal plane 88 m (289 ft); white flash every 15 s. Approx. 21 m (69 ft) octagonal cylindrical concrete tower with lantern and gallery, painted with red and white spiral bands. A 2022 photo is at right, Bikash Pradhan has a 2016 photo, Conroy Rodrigues has a second 2016 photo, Viresh Vazirani has a gallery view from atop the tower, Ashwin Sekhar has a street view, and Google has a satellite view. Located atop a steep hill behind Betul Beach southwest of Margao. Site open, tower open in late afternoons daily. . Admiralty F0631; NGA 27758.</SimpleData>
		<SimpleData name="photo">https://www.dgll.nic.in/sites/default/files/2022-11/BETUL%20LIGHTHOUSE.jpg</SimpleData>
		<SimpleData name="transcribed">1</SimpleData>
		<SimpleData name="ledger_issues">(6:Characteristic says FL4 (W) 15S but Duration of Flash field says 'Flash (1) white 15 sec',Latitude printed in mixed format (15° 08’.41.7”); interpreted as 15° 08' 41.7&quot;,No. of lens given as '3 tyre 3 panel (each panel 3 led lights)',Divergence 2.5 degrees not labelled horizontal or vertical,Effective beam intensity blank,RACON lists only Sr. No 6295 with no make/model/code)</SimpleData>
		<SimpleData name="equip_years">{ }</SimpleData>
		<SimpleData name="equip_since">{ }</SimpleData>
		<SimpleData name="tenders">(0:)</SimpleData>
		<SimpleData name="photo_credit">DGLL</SimpleData>
	</SchemaData></ExtendedData>
      <Point><coordinates>73.95822,15.14492</coordinates></Point>
  </Placemark>
  <Placemark>
	<name>Ramayapatnam Lighthouse</name>
	<ExtendedData><SchemaData schemaUrl="#lighthouses">
		<SimpleData name="id">ramayapatnam-lighthouse</SimpleData>
		<SimpleData name="kind">lighthouse</SimpleData>
		<SimpleData name="region">Visakhapatnam</SimpleData>
		<SimpleData name="pos_src">DGLL ledger</SimpleData>
		<SimpleData name="alol">0952.5</SimpleData>
		<SimpleData name="char">Single Flash every 10 Sec.</SimpleData>
		<SimpleData name="ckind">Fl</SimpleData>
		<SimpleData name="colour">W</SimpleData>
		<SimpleData name="group">1</SimpleData>
		<SimpleData name="period">10</SimpleData>
		<SimpleData name="phases">(2:0.7,9.300000000000001)</SimpleData>
		<SimpleData name="phases_src">derived</SimpleData>
		<SimpleData name="sectored">0</SimpleData>
		<SimpleData name="lum_nm">21.7</SimpleData>
		<SimpleData name="geo_nm">16.5</SimpleData>
		<SimpleData name="iala_nm">21.7</SimpleData>
		<SimpleData name="reach_nm">16.5</SimpleData>
		<SimpleData name="intensity_cd">221000</SimpleData>
		<SimpleData name="elev_m">35.29</SimpleData>
		<SimpleData name="optic">revolving</SimpleData>
		<SimpleData name="optic_evidence">Type: MBR-300 Marine Rotating Beacon; Rotation Speed 1 RPM</SimpleData>
		<SimpleData name="optic_make">Mediterraneo Senalels Maritimas, Spain</SimpleData>
		<SimpleData name="optic_model">MBR- 300</SimpleData>
		<SimpleData name="optic_type">MBR- 300 Marine Rotating Beacon</SimpleData>
		<SimpleData name="optic_size">105 mm focal length</SimpleData>
		<SimpleData name="rpm">1</SimpleData>
		<SimpleData name="panels">6</SimpleData>
		<SimpleData name="led">1</SimpleData>
		<SimpleData name="solar">1</SimpleData>
		<SimpleData name="ais">1</SimpleData>
		<SimpleData name="dgps">0</SimpleData>
		<SimpleData name="racon">K</SimpleData>
		<SimpleData name="vts">0</SimpleData>
		<SimpleData name="tower_type">Hexagonal Concrete Tower</SimpleData>
		<SimpleData name="tower_h_m">30</SimpleData>
		<SimpleData name="tower_colour">Red and White bands</SimpleData>
		<SimpleData name="tower_year">2005</SimpleData>
		<SimpleData name="established">1982</SimpleData>
		<SimpleData name="visit">open</SimpleData>
		<SimpleData name="tourism">1</SimpleData>
		<SimpleData name="museum">0</SimpleData>
		<SimpleData name="record">1</SimpleData>
		<SimpleData name="ledger_url">https://www.dgll.nic.in/sites/default/files/2022-11/Ramayapatnam%20Lighthouse.pdf</SimpleData>
		<SimpleData name="page_url">https://www.dgll.nic.in/DGLL-light-house-location/about-vishakhapatnam/ramayapatnam-lighthouse</SimpleData>
		<SimpleData name="rowlett">2005 (station established 1982). Active; focal plane 34 m (112 ft); white flash every 10 s. 35 m (115 ft) hexagonal cylindrical concrete tower with lantern and gallery, painted with horizontal red and white bands. Ramesh Pagidipalli has a 2023 photo, Yespear Kay has a photo, Chaitanya Ramireddy has a 2020 closeup, Kiran Darling has a street view from the gallery, and Google has a satellite view. This lighthouse and the next several to the south stand on the northern Coromandel Coast, a low shore devastated by the great tsunami of 26 December 2004. There was a news report that the &quot;oldest lighthouse at Ramayapatnam&quot; collapsed in the waves; presumably this was the 1982 tower. Located at Ramaya</SimpleData>
		<SimpleData name="arlhs">IND-057</SimpleData>
		<SimpleData name="wikidata">Q57517972</SimpleData>
		<SimpleData name="photo">https://www.dgll.nic.in/sites/default/files/2022-11/Ramayapatnam%20Lighthouse.jpg</SimpleData>
		<SimpleData name="transcribed">1</SimpleData>
		<SimpleData name="ledger_issues">(2:Latitude printed with seconds sign after decimal minutes (15° 02.45&quot;); converted as decimal minutes,Characteristic does not state light colour)</SimpleData>
		<SimpleData name="equip_years">{ &quot;ais&quot;: 2012, &quot;racon&quot;: 2004 }</SimpleData>
		<SimpleData name="equip_since">{ &quot;racon&quot;: { &quot;year&quot;: 2004, &quot;src&quot;: &quot;ledger&quot; }, &quot;ais&quot;: { &quot;year&quot;: 2012, &quot;src&quot;: &quot;ledger&quot; } }</SimpleData>
		<SimpleData name="tenders">(1:865)</SimpleData>
		<SimpleData name="photo_credit">DGLL</SimpleData>
	</SchemaData></ExtendedData>
      <Point><coordinates>80.05,15.04083</coordinates></Point>
  </Placemark>
  <Placemark>
	<name>The Oyster Rocks lighthouse</name>
	<ExtendedData><SchemaData schemaUrl="#lighthouses">
		<SimpleData name="id">oyster-rocks-lighthouse</SimpleData>
		<SimpleData name="kind">lighthouse</SimpleData>
		<SimpleData name="region">Goa</SimpleData>
		<SimpleData name="pos_src">DGLL ledger</SimpleData>
		<SimpleData name="address">Head Lightkeeper, Oyster Rocks Lighthouse R/T Building, Kaju Baug, Post Karwar, Dist. Kanera, PIN – 581 301.</SimpleData>
		<SimpleData name="alol">F 0634</SimpleData>
		<SimpleData name="char">fl. W 10 Sec. (fl 0.25, ec 9.75)</SimpleData>
		<SimpleData name="ckind">Fl</SimpleData>
		<SimpleData name="colour">W</SimpleData>
		<SimpleData name="group">1</SimpleData>
		<SimpleData name="period">10</SimpleData>
		<SimpleData name="phases">(2:0.25,9.75)</SimpleData>
		<SimpleData name="phases_src">ledger</SimpleData>
		<SimpleData name="flash_s">0.25</SimpleData>
		<SimpleData name="sectored">0</SimpleData>
		<SimpleData name="lum_nm">24.8</SimpleData>
		<SimpleData name="geo_nm">20</SimpleData>
		<SimpleData name="iala_nm">24.7</SimpleData>
		<SimpleData name="reach_nm">20</SimpleData>
		<SimpleData name="intensity_cd">703836</SimpleData>
		<SimpleData name="elev_m">62</SimpleData>
		<SimpleData name="optic">revolving</SimpleData>
		<SimpleData name="optic_order">2</SimpleData>
		<SimpleData name="optic_evidence">Type: Revolving; Rotation Device: Dual Stepper Motor; R.P.M. 3</SimpleData>
		<SimpleData name="optic_make">B.B.T.</SimpleData>
		<SimpleData name="optic_type">Fresnel Lens, Revolving</SimpleData>
		<SimpleData name="optic_size">700 mm (2nd order)</SimpleData>
		<SimpleData name="rpm">3</SimpleData>
		<SimpleData name="panels">2</SimpleData>
		<SimpleData name="led">0</SimpleData>
		<SimpleData name="solar">1</SimpleData>
		<SimpleData name="ais">1</SimpleData>
		<SimpleData name="dgps">0</SimpleData>
		<SimpleData name="racon">D</SimpleData>
		<SimpleData name="vts">0</SimpleData>
		<SimpleData name="tower_type">Circular Masonry Tower</SimpleData>
		<SimpleData name="tower_h_m">20</SimpleData>
		<SimpleData name="tower_colour">Red &amp; White Bands</SimpleData>
		<SimpleData name="tower_year">1864</SimpleData>
		<SimpleData name="established">1864</SimpleData>
		<SimpleData name="visit">open</SimpleData>
		<SimpleData name="tourism">0</SimpleData>
		<SimpleData name="museum">0</SimpleData>
		<SimpleData name="record">1</SimpleData>
		<SimpleData name="ledger_url">https://www.dgll.nic.in/sites/default/files/2022-12/Master%20Ledger%20Goa%2014.pdf</SimpleData>
		<SimpleData name="page_url">https://www.dgll.nic.in/DGLL-light-house-location/about-goa/oyster-rocks-lighthouse</SimpleData>
		<SimpleData name="rowlett">1864 (British). Active; focal plane 63 m (207 ft); white flash every 10 s. 19 m (62 ft) round masonry tower with lantern and gallery, painted red with one white horizontal band; lantern painted white with a red dome. 2nd order Fresnel lens. Sachin Kuvalekar's 2018 photo is at right, Nitya Juvekar has a 2018 closeup photo, a 2022 closeup is available, Kaushik Saikia has a distant view at dusk, and Google has a satellite view. This is the oldest lighthouse of Karnataka, built by the British to support their new outpost at Karwar following the Indian Mutiny uprising of 1857. The Oyster Rocks are the westernmost of several reefs and islets protecting the harbor of Karwar. Located about 8 km (5 m</SimpleData>
		<SimpleData name="arlhs">IND-105</SimpleData>
		<SimpleData name="wikidata">Q7116356</SimpleData>
		<SimpleData name="photo">https://www.dgll.nic.in/sites/default/files/2022-11/The%20Oyster%20Rocks%20lighthouse.jpg</SimpleData>
		<SimpleData name="transcribed">1</SimpleData>
		<SimpleData name="ledger_issues">(3:No. of lens '2 (each 144°)',Area of dioptric portion 5124 sq. cm but 'corrected area 38880 sq.cm' is larger,Date of commissioning given only as year 1934)</SimpleData>
		<SimpleData name="equip_years">{ &quot;racon&quot;: 2005 }</SimpleData>
		<SimpleData name="equip_since">{ &quot;racon&quot;: { &quot;year&quot;: 2005, &quot;src&quot;: &quot;ledger&quot; }, &quot;ais&quot;: { &quot;year&quot;: 2012, &quot;src&quot;: &quot;network&quot; } }</SimpleData>
		<SimpleData name="tenders">(3:1817,1816,1593)</SimpleData>
		<SimpleData name="photo_credit">DGLL</SimpleData>
	</SchemaData></ExtendedData>
      <Point><coordinates>74.06167,14.82</coordinates></Point>
  </Placemark>
  <Placemark>
	<name>Isakapalli Lighthouse</name>
	<ExtendedData><SchemaData schemaUrl="#lighthouses">
		<SimpleData name="id">isakapalli-lighthouse</SimpleData>
		<SimpleData name="kind">lighthouse</SimpleData>
		<SimpleData name="region">Visakhapatnam</SimpleData>
		<SimpleData name="pos_src">DGLL ledger</SimpleData>
		<SimpleData name="address">The Navigational Assistant Grade-I, Iskapalli Lighthouse, Post: Iskapalli, Allur Mandal, SPSR Nellore Dist. Andhra Pradesh, Pin: 524315.</SimpleData>
		<SimpleData name="char">Group Flash(2) White, every 10 Seconds (0.3+3.2+0.3+6.2) Sec</SimpleData>
		<SimpleData name="ckind">Fl</SimpleData>
		<SimpleData name="colour">W</SimpleData>
		<SimpleData name="group">2</SimpleData>
		<SimpleData name="period">10</SimpleData>
		<SimpleData name="phases">(4:0.3,3.2,0.3,6.2)</SimpleData>
		<SimpleData name="phases_src">ledger</SimpleData>
		<SimpleData name="flash_s">0.3</SimpleData>
		<SimpleData name="sectored">0</SimpleData>
		<SimpleData name="lum_nm">18</SimpleData>
		<SimpleData name="geo_nm">17</SimpleData>
		<SimpleData name="reach_nm">17</SimpleData>
		<SimpleData name="elev_m">34.4</SimpleData>
		<SimpleData name="optic">revolving</SimpleData>
		<SimpleData name="optic_evidence">Size: 500mm (Rotating Beacon); Rotation Device: Stepper motor 20 kg-cm; Rotation Speed 3RPM</SimpleData>
		<SimpleData name="optic_make">M/s Wealth marine</SimpleData>
		<SimpleData name="optic_type">Rotating Beacon</SimpleData>
		<SimpleData name="optic_size">500mm (Rotating Beacon), Focal distance 250 mm</SimpleData>
		<SimpleData name="rpm">3</SimpleData>
		<SimpleData name="panels">4</SimpleData>
		<SimpleData name="led">0</SimpleData>
		<SimpleData name="solar">1</SimpleData>
		<SimpleData name="ais">0</SimpleData>
		<SimpleData name="dgps">0</SimpleData>
		<SimpleData name="vts">0</SimpleData>
		<SimpleData name="tower_type">Circular R.C.C. Tower</SimpleData>
		<SimpleData name="tower_h_m">30</SimpleData>
		<SimpleData name="tower_colour">Red &amp; White diagonal bands</SimpleData>
		<SimpleData name="established">2009</SimpleData>
		<SimpleData name="tourism">0</SimpleData>
		<SimpleData name="museum">0</SimpleData>
		<SimpleData name="record">1</SimpleData>
		<SimpleData name="ledger_url">https://www.dgll.nic.in/sites/default/files/2022-11/Isakapalli%20Lighthouse.pdf</SimpleData>
		<SimpleData name="page_url">https://www.dgll.nic.in/DGLL-light-house-location/about-vishakhapatnam/isakapalli-lighthouse</SimpleData>
		<SimpleData name="wikidata">Q57537322</SimpleData>
		<SimpleData name="photo">https://www.dgll.nic.in/sites/default/files/2022-11/Isakapalli%20Lighthouse.jpg</SimpleData>
		<SimpleData name="transcribed">1</SimpleData>
		<SimpleData name="ledger_issues">(4:A.L.O.L. number given as 'Awaited from NHO',No. of panels given as '4 &quot;Fresnel&quot; Lens &amp; 2 black (Set of 2+1 of 180°)',Effective beam intensity given as '15NM' instead of candela,Illuminant rows on page 2 are unlabelled ('150W/230V Metal Halide Lamp', 'Nil'))</SimpleData>
		<SimpleData name="equip_years">{ }</SimpleData>
		<SimpleData name="equip_since">{ }</SimpleData>
		<SimpleData name="tenders">(0:)</SimpleData>
		<SimpleData name="photo_credit">DGLL</SimpleData>
	</SchemaData></ExtendedData>
      <Point><coordinates>80.1,14.73333</coordinates></Point>
  </Placemark>
  <Placemark>
	<name>Belekeri Lighthouse</name>
	<ExtendedData><SchemaData schemaUrl="#lighthouses">
		<SimpleData name="id">belekeri-lighthouse</SimpleData>
		<SimpleData name="kind">lighthouse</SimpleData>
		<SimpleData name="region">Goa</SimpleData>
		<SimpleData name="pos_src">DGLL ledger</SimpleData>
		<SimpleData name="alol">F 0637</SimpleData>
		<SimpleData name="char">Fl. (3)White 10 sec.</SimpleData>
		<SimpleData name="ckind">Fl</SimpleData>
		<SimpleData name="colour">W</SimpleData>
		<SimpleData name="group">3</SimpleData>
		<SimpleData name="period">10</SimpleData>
		<SimpleData name="phases">(6:0.7,1,0.7,1,0.7,5.9)</SimpleData>
		<SimpleData name="phases_src">derived</SimpleData>
		<SimpleData name="sectored">0</SimpleData>
		<SimpleData name="lum_nm">9</SimpleData>
		<SimpleData name="geo_nm">21.5</SimpleData>
		<SimpleData name="reach_nm">9</SimpleData>
		<SimpleData name="elev_m">66</SimpleData>
		<SimpleData name="optic">flasher</SimpleData>
		<SimpleData name="optic_evidence">Optic: DRUM TYPE; Rotation Device -NA-; R.P.M. -NA-</SimpleData>
		<SimpleData name="optic_make">BBT</SimpleData>
		<SimpleData name="optic_type">DRUM TYPE</SimpleData>
		<SimpleData name="optic_size">500MM GAS Filament</SimpleData>
		<SimpleData name="led">0</SimpleData>
		<SimpleData name="solar">1</SimpleData>
		<SimpleData name="ais">0</SimpleData>
		<SimpleData name="dgps">0</SimpleData>
		<SimpleData name="vts">0</SimpleData>
		<SimpleData name="tower_type">Square Masonary Tower</SimpleData>
		<SimpleData name="tower_h_m">12</SimpleData>
		<SimpleData name="tower_colour">White tower with 02 Black Band</SimpleData>
		<SimpleData name="tower_year">1976</SimpleData>
		<SimpleData name="established">1976</SimpleData>
		<SimpleData name="visit">closed</SimpleData>
		<SimpleData name="tourism">0</SimpleData>
		<SimpleData name="museum">0</SimpleData>
		<SimpleData name="record">1</SimpleData>
		<SimpleData name="ledger_url">https://www.dgll.nic.in/sites/default/files/2022-12/Master%20Ledger%20Goa%2015.pdf</SimpleData>
		<SimpleData name="page_url">https://www.dgll.nic.in/DGLL-light-house-location/about-goa/belekeri-lighthouse</SimpleData>
		<SimpleData name="rowlett">1976. Active; focal plane 66 m (217 ft); three white flashes every 10 s. Approx. 10 m (33 ft) sqaure tower painted with black and white horizontal bands. DGLL has a photo and Google has an indistinct satellite view. Rushikesh Bongarde has a 2022 closeup photo of a concrete pillar that probably carried an earlier light. In 2016 DGLL called for bids on a project of &quot;improvements&quot; at this lighthouse. Located on an island in the entrance to the bay of Belekeri. Accessible only by boat. Site status unknown. Admiralty F0637; NGA 27748.</SimpleData>
		<SimpleData name="photo">https://www.dgll.nic.in/sites/default/files/2022-11/Belekeri%20Lighthouse.jpg</SimpleData>
		<SimpleData name="transcribed">1</SimpleData>
		<SimpleData name="ledger_issues">(3:Position printed as 'Lat. 140 42.5'N Long. 740 14.4'E' (degree sign rendered as 0); read as 14° 42.5' N, 74° 14.4' E,RACON section lists 'Sr. No 6295' but Make/Model/Code are -NA-; presence unclear,Date of commissioning not stated)</SimpleData>
		<SimpleData name="equip_years">{ }</SimpleData>
		<SimpleData name="equip_since">{ }</SimpleData>
		<SimpleData name="tenders">(0:)</SimpleData>
		<SimpleData name="photo_credit">DGLL</SimpleData>
	</SchemaData></ExtendedData>
      <Point><coordinates>74.24,14.70833</coordinates></Point>
  </Placemark>
  <Placemark>
	<name>Tadri Lighthouse</name>
	<ExtendedData><SchemaData schemaUrl="#lighthouses">
		<SimpleData name="id">tadri-lighthouse</SimpleData>
		<SimpleData name="kind">lighthouse</SimpleData>
		<SimpleData name="region">Goa</SimpleData>
		<SimpleData name="pos_src">DGLL ledger</SimpleData>
		<SimpleData name="address">Station-in-Charge Tadri Lighthouse, Vill- Beliken, post-Tadri,Gokarna, District Uttara Kannada, Karnataka 581326</SimpleData>
		<SimpleData name="alol">F 0638</SimpleData>
		<SimpleData name="char">fl (3)W 20 Sec.</SimpleData>
		<SimpleData name="ckind">Fl</SimpleData>
		<SimpleData name="colour">W</SimpleData>
		<SimpleData name="group">3</SimpleData>
		<SimpleData name="period">20</SimpleData>
		<SimpleData name="phases">(6:0.1,2,0.1,2,0.1,15.7)</SimpleData>
		<SimpleData name="phases_src">derived</SimpleData>
		<SimpleData name="flash_s">0.1</SimpleData>
		<SimpleData name="sectored">0</SimpleData>
		<SimpleData name="lum_nm">18</SimpleData>
		<SimpleData name="geo_nm">19</SimpleData>
		<SimpleData name="iala_nm">18.8</SimpleData>
		<SimpleData name="reach_nm">18</SimpleData>
		<SimpleData name="intensity_cd">70408</SimpleData>
		<SimpleData name="elev_m">38</SimpleData>
		<SimpleData name="optic">revolving</SimpleData>
		<SimpleData name="optic_evidence">Optic: Revolving beacon; Rotation Device: 2 Nos. Stepper Motors; R.P.M. 3</SimpleData>
		<SimpleData name="optic_make">Wealth Marine Pvt. Ltd., Singapore</SimpleData>
		<SimpleData name="optic_model">WM-RB 500</SimpleData>
		<SimpleData name="optic_type">WM - RB 500 Marine Rotating Beacon</SimpleData>
		<SimpleData name="optic_size">6 clear &quot;Bulls Eye&quot; Acrylic lense panels equally spaced at 60° (Hexagonal)</SimpleData>
		<SimpleData name="rpm">3</SimpleData>
		<SimpleData name="panels">6</SimpleData>
		<SimpleData name="led">0</SimpleData>
		<SimpleData name="solar">1</SimpleData>
		<SimpleData name="ais">0</SimpleData>
		<SimpleData name="dgps">0</SimpleData>
		<SimpleData name="vts">0</SimpleData>
		<SimpleData name="tower_type">Hexagonal Masonry Tower</SimpleData>
		<SimpleData name="tower_h_m">10</SimpleData>
		<SimpleData name="tower_colour">Black and White bands (2 Black + 1 White)</SimpleData>
		<SimpleData name="tower_year">2009</SimpleData>
		<SimpleData name="established">1891</SimpleData>
		<SimpleData name="visit">grounds</SimpleData>
		<SimpleData name="tourism">1</SimpleData>
		<SimpleData name="museum">0</SimpleData>
		<SimpleData name="record">1</SimpleData>
		<SimpleData name="ledger_url">https://www.dgll.nic.in/sites/default/files/2022-12/Master%20Ledger%20Goa%2006.pdf</SimpleData>
		<SimpleData name="page_url">https://www.dgll.nic.in/DGLL-light-house-location/about-goa/tadri-lighthouse</SimpleData>
		<SimpleData name="rowlett">2009 (station established 1891). Active; focal plane 38 m (125 ft); three white flashes every 10 s. Approx.10 m (33 ft) hexagonal cylindrical concrete tower with lantern and gallery, painted with black and white horizontal bands; lantern dome is red. A 2022 photo is at right, Dheeraj Paisa has a 2021 photo, a 2018 photo is available, and Google has a satellite view and a closeup street view. The original light was on a mast; it was replaced by an 8 m (26 ft) hexagonal stone tower. Accoridng to DGLL that light was built by the Karnataka Port Department but had been inactive for a long time. The Admiralty finally removed the former light from its list in 2008, but the location was then on a DG</SimpleData>
		<SimpleData name="photo">https://www.dgll.nic.in/sites/default/files/2022-11/TADRI%20LIGHTHOUSE.jpg</SimpleData>
		<SimpleData name="transcribed">1</SimpleData>
		<SimpleData name="ledger_issues">(3:No. of lens printed as '3/6' (6-panel beacon, possibly 3 lenses in use),RACON section lists Sr. No 6295 but Make -NA-,Lantern glazing/panes rows are garbled ('24 Nos. glazing panes and', No. of panes 6))</SimpleData>
		<SimpleData name="equip_years">{ }</SimpleData>
		<SimpleData name="equip_since">{ }</SimpleData>
		<SimpleData name="tenders">(0:)</SimpleData>
		<SimpleData name="photo_credit">DGLL</SimpleData>
	</SchemaData></ExtendedData>
      <Point><coordinates>74.34167,14.51333</coordinates></Point>
  </Placemark>
  <Placemark>
	<name>Krishnapatnam Lighthouse</name>
	<ExtendedData><SchemaData schemaUrl="#lighthouses">
		<SimpleData name="id">krishnapatnam-lighthouse</SimpleData>
		<SimpleData name="kind">lighthouse</SimpleData>
		<SimpleData name="region">Visakhapatnam</SimpleData>
		<SimpleData name="pos_src">DGLL ledger</SimpleData>
		<SimpleData name="address">Assistant Engineer (Electronics), Krishnapatnam Lighthouse, Muthukuru Via. Gopalapuram Post, Nellore Dist. Andhra Pradesh, Pin Code: 524 344.</SimpleData>
		<SimpleData name="alol">0952</SimpleData>
		<SimpleData name="char">Flash (3) White every 15 Sec. (FL0.48Sec. +ec2.02+Fl0.48 ec2.02 sec+ Fl0.48 +9.52sec)</SimpleData>
		<SimpleData name="ckind">Fl</SimpleData>
		<SimpleData name="colour">W</SimpleData>
		<SimpleData name="group">3</SimpleData>
		<SimpleData name="period">15</SimpleData>
		<SimpleData name="phases">(6:0.48,2.02,0.48,2.02,0.48,9.52)</SimpleData>
		<SimpleData name="phases_src">ledger</SimpleData>
		<SimpleData name="flash_s">0.48</SimpleData>
		<SimpleData name="sectored">0</SimpleData>
		<SimpleData name="lum_nm">18</SimpleData>
		<SimpleData name="geo_nm">16</SimpleData>
		<SimpleData name="iala_nm">25.4</SimpleData>
		<SimpleData name="reach_nm">16</SimpleData>
		<SimpleData name="intensity_cd">939500</SimpleData>
		<SimpleData name="elev_m">35</SimpleData>
		<SimpleData name="optic">revolving</SimpleData>
		<SimpleData name="optic_order">4</SimpleData>
		<SimpleData name="optic_evidence">300 mm (4th order large) Revolving; Twin stepper motor direct drive; Rotation Speed 2 RPM</SimpleData>
		<SimpleData name="optic_make">Stone Chance, India</SimpleData>
		<SimpleData name="optic_type">Revolving</SimpleData>
		<SimpleData name="optic_size">300 mm (4th order large) Revolving</SimpleData>
		<SimpleData name="rpm">2</SimpleData>
		<SimpleData name="panels">6</SimpleData>
		<SimpleData name="led">1</SimpleData>
		<SimpleData name="solar">1</SimpleData>
		<SimpleData name="ais">1</SimpleData>
		<SimpleData name="dgps">1</SimpleData>
		<SimpleData name="racon">C</SimpleData>
		<SimpleData name="vts">0</SimpleData>
		<SimpleData name="tower_type">Hexagonal RCC Tower</SimpleData>
		<SimpleData name="tower_h_m">30</SimpleData>
		<SimpleData name="tower_colour">Black &amp; White bands</SimpleData>
		<SimpleData name="tower_year">2003</SimpleData>
		<SimpleData name="established">1938</SimpleData>
		<SimpleData name="visit">grounds</SimpleData>
		<SimpleData name="tourism">0</SimpleData>
		<SimpleData name="museum">0</SimpleData>
		<SimpleData name="record">1</SimpleData>
		<SimpleData name="ledger_url">https://www.dgll.nic.in/sites/default/files/2022-11/Krishnapatnam%20Lighthouse.pdf</SimpleData>
		<SimpleData name="page_url">https://www.dgll.nic.in/DGLL-light-house-location/about-vishakhapatnam/krishnapatnam-lighthouse</SimpleData>
		<SimpleData name="rowlett">2003 (station established 1938). Active; focal plane 36 m (118 ft); three white flashes every 15 s. 30 m (98 ft) hexagonal masonry tower with lantern and gallery, painted with horizontal black and white bands. Vijay Kanth posted a 2020 photo and Google has a street view and a satellite view. Located about 5 km (3 mi) north of the harbor at Krishnapatnam, a former fishing village where private interests have developed port facilities, about 40 km (25 mi) southeast of Nellore. Accessible by road. Site open, tower closed. ARLHS IND-040; Admiralty F0952; NGA 27060.</SimpleData>
		<SimpleData name="arlhs">IND-040</SimpleData>
		<SimpleData name="wikidata">Q57537759</SimpleData>
		<SimpleData name="photo">https://www.dgll.nic.in/sites/default/files/2022-11/Krishnapatnam%20Lighthouse.jpg</SimpleData>
		<SimpleData name="transcribed">1</SimpleData>
		<SimpleData name="ledger_issues">(2:Position printed in degrees-minutes-seconds with mixed quote marks (80° 08'16.44' E),established_year 1940 is year of first light; present LH commissioned 19-11-2012)</SimpleData>
		<SimpleData name="equip_years">{ &quot;ais&quot;: 2013, &quot;racon&quot;: 2018 }</SimpleData>
		<SimpleData name="equip_since">{ &quot;racon&quot;: { &quot;year&quot;: 2018, &quot;src&quot;: &quot;ledger&quot; }, &quot;ais&quot;: { &quot;year&quot;: 2013, &quot;src&quot;: &quot;ledger&quot; }, &quot;dgps&quot;: { &quot;year&quot;: 2003, &quot;src&quot;: &quot;network&quot; } }</SimpleData>
		<SimpleData name="tenders">(1:2139)</SimpleData>
		<SimpleData name="photo_credit">DGLL</SimpleData>
	</SchemaData></ExtendedData>
      <Point><coordinates>80.1379,14.28568</coordinates></Point>
  </Placemark>
  <Placemark>
	<name>Honnavar Lighthouse</name>
	<ExtendedData><SchemaData schemaUrl="#lighthouses">
		<SimpleData name="id">honnavar-lighthouse</SimpleData>
		<SimpleData name="kind">lighthouse</SimpleData>
		<SimpleData name="region">Goa</SimpleData>
		<SimpleData name="pos_src">DGLL ledger</SimpleData>
		<SimpleData name="address">Station Incharge, Honavar Lighthouse,Civil Hospital Campus. P.O. Honavar, Dist- Uttara Kannada ,Karnataka - 581334</SimpleData>
		<SimpleData name="alol">F 0644</SimpleData>
		<SimpleData name="char">fl W 15 Sec.</SimpleData>
		<SimpleData name="ckind">Fl</SimpleData>
		<SimpleData name="colour">W</SimpleData>
		<SimpleData name="group">1</SimpleData>
		<SimpleData name="period">15</SimpleData>
		<SimpleData name="phases">(2:0.1,14.9)</SimpleData>
		<SimpleData name="phases_src">derived</SimpleData>
		<SimpleData name="flash_s">0.1</SimpleData>
		<SimpleData name="sectored">0</SimpleData>
		<SimpleData name="lum_nm">18</SimpleData>
		<SimpleData name="geo_nm">19</SimpleData>
		<SimpleData name="iala_nm">18.3</SimpleData>
		<SimpleData name="reach_nm">18</SimpleData>
		<SimpleData name="intensity_cd">56757</SimpleData>
		<SimpleData name="elev_m">38</SimpleData>
		<SimpleData name="optic">revolving</SimpleData>
		<SimpleData name="optic_evidence">Type: WM - RB 500 Marine Rotating Beacon; Rotation Device: 2 Nos. Stepper Motors; R.P.M. 0.67</SimpleData>
		<SimpleData name="optic_make">Wealth Marine Pvt. Ltd., Singapore</SimpleData>
		<SimpleData name="optic_model">WM - RB 500</SimpleData>
		<SimpleData name="optic_type">Marine Rotating Beacon</SimpleData>
		<SimpleData name="optic_size">200mm</SimpleData>
		<SimpleData name="rpm">0.67</SimpleData>
		<SimpleData name="panels">3</SimpleData>
		<SimpleData name="panels_total">6</SimpleData>
		<SimpleData name="panels_note">3 fresnel lense + 3 blank</SimpleData>
		<SimpleData name="led">0</SimpleData>
		<SimpleData name="solar">1</SimpleData>
		<SimpleData name="ais">1</SimpleData>
		<SimpleData name="dgps">0</SimpleData>
		<SimpleData name="vts">0</SimpleData>
		<SimpleData name="tower_type">Octagonal RCC column Tower</SimpleData>
		<SimpleData name="tower_h_m">21</SimpleData>
		<SimpleData name="tower_colour">Red &amp; White bands</SimpleData>
		<SimpleData name="tower_year">2009</SimpleData>
		<SimpleData name="established">2009</SimpleData>
		<SimpleData name="visit">open</SimpleData>
		<SimpleData name="tourism">0</SimpleData>
		<SimpleData name="museum">0</SimpleData>
		<SimpleData name="record">1</SimpleData>
		<SimpleData name="ledger_url">https://www.dgll.nic.in/sites/default/files/2022-12/Master%20Ledger%20Goa%2007.pdf</SimpleData>
		<SimpleData name="page_url">https://www.dgll.nic.in/DGLL-light-house-location/about-goa/honnavar-lighthouse</SimpleData>
		<SimpleData name="rowlett">2009 (station establishment date unknown). Active; focal plane 41 m (135 ft); white flash every 15 s. 24 m (79 ft) octagonal cylindrical tower with lantern and gallery, painted with red and white horizontal bands. The top of the tower is surrounded by an octagonal observation room. Ajit Naik Kharwa's 2020 photo is at the top of this page, Mayur Naik has a 2021 photo, Shashank Venugopal has a 2018 closeup photo, Raghunandan Pai has a distant street view from the Sharavathi River Bridge and Google has a satellite view. The lighthouse is built on the grounds of a large hospital. Located on a hill above the Sharavathi estuary, which forms the harbor of Honavar, near the north end of the bridge o</SimpleData>
		<SimpleData name="wikidata">Q119085590</SimpleData>
		<SimpleData name="photo">https://www.dgll.nic.in/sites/default/files/2022-11/HONNAVAR%20LIGHTHOUSE.jpg</SimpleData>
		<SimpleData name="transcribed">1</SimpleData>
		<SimpleData name="ledger_issues">(2:No. of lens given as '6 (3 fresnel lense + 3 blanks)',Page 1 has no station name header; name taken from postal address)</SimpleData>
		<SimpleData name="equip_years">{ }</SimpleData>
		<SimpleData name="equip_since">{ &quot;ais&quot;: { &quot;year&quot;: 2012, &quot;src&quot;: &quot;network&quot; } }</SimpleData>
		<SimpleData name="tenders">(0:)</SimpleData>
		<SimpleData name="photo_credit">DGLL</SimpleData>
	</SchemaData></ExtendedData>
      <Point><coordinates>74.44333,14.275</coordinates></Point>
  </Placemark>
  <Placemark>
	<name>Bhatkal Lighthouse</name>
	<ExtendedData><SchemaData schemaUrl="#lighthouses">
		<SimpleData name="id">bhatkal-lighthouse</SimpleData>
		<SimpleData name="kind">lighthouse</SimpleData>
		<SimpleData name="region">Goa</SimpleData>
		<SimpleData name="pos_src">DGLL ledger</SimpleData>
		<SimpleData name="address">STATION IN CHARGE Bhatkal Lighthouse, P.O. Marvinkurve Via Bhatkal Dist. Uttara Kannada PIN – 581320</SimpleData>
		<SimpleData name="alol">F 0648</SimpleData>
		<SimpleData name="char">fl (2) W 20 Sec. (fl 0.23, Oc 4.77, fl 0.23, ec. 14.77)</SimpleData>
		<SimpleData name="ckind">Fl</SimpleData>
		<SimpleData name="colour">W</SimpleData>
		<SimpleData name="group">2</SimpleData>
		<SimpleData name="period">20</SimpleData>
		<SimpleData name="phases">(4:0.23,4.77,0.23,14.77)</SimpleData>
		<SimpleData name="phases_src">ledger</SimpleData>
		<SimpleData name="flash_s">0.7</SimpleData>
		<SimpleData name="sectored">1</SimpleData>
		<SimpleData name="sectors_text">absurd by Hog Island 1298 to 132° x 3'</SimpleData>
		<SimpleData name="lum_nm">20</SimpleData>
		<SimpleData name="geo_nm">19</SimpleData>
		<SimpleData name="iala_nm">20.2</SimpleData>
		<SimpleData name="reach_nm">19</SimpleData>
		<SimpleData name="intensity_cd">123505</SimpleData>
		<SimpleData name="elev_m">56</SimpleData>
		<SimpleData name="optic">revolving</SimpleData>
		<SimpleData name="optic_order">4</SimpleData>
		<SimpleData name="optic_evidence">Type: Revolving; Rotation Device: Dual Stepper Motor 40 Kgcm; R.P.M. 3</SimpleData>
		<SimpleData name="optic_make">B.B.T.</SimpleData>
		<SimpleData name="optic_type">Fresnel Lens, Revolving</SimpleData>
		<SimpleData name="optic_size">250 mm</SimpleData>
		<SimpleData name="rpm">3</SimpleData>
		<SimpleData name="panels">2</SimpleData>
		<SimpleData name="led">0</SimpleData>
		<SimpleData name="solar">1</SimpleData>
		<SimpleData name="ais">1</SimpleData>
		<SimpleData name="dgps">0</SimpleData>
		<SimpleData name="vts">0</SimpleData>
		<SimpleData name="tower_type">Square Masonry Tower</SimpleData>
		<SimpleData name="tower_h_m">14</SimpleData>
		<SimpleData name="tower_colour">White</SimpleData>
		<SimpleData name="tower_year">1959</SimpleData>
		<SimpleData name="established">1891</SimpleData>
		<SimpleData name="visit">open</SimpleData>
		<SimpleData name="tourism">1</SimpleData>
		<SimpleData name="museum">0</SimpleData>
		<SimpleData name="record">1</SimpleData>
		<SimpleData name="ledger_url">https://www.dgll.nic.in/sites/default/files/2022-12/Master%20Ledger%20Goa%2008.pdf</SimpleData>
		<SimpleData name="page_url">https://www.dgll.nic.in/DGLL-light-house-location/about-goa/bhatkal-lighthouse</SimpleData>
		<SimpleData name="rowlett">1959 (station established 1891). Active; focal plane 56 m (184 ft); two white flashes every 20 s. 14 m (46 ft) square cylindrical masonry tower with lantern and gallery, painted white. An older DGLL photo (no longer online) showed the lighthouse painted with red and white horizontal bands, but Suruchi Dumpawar's October 2007 photo shows it all white. Abhishek Srivastava's 2023 photo is at right, Parheez Gimi has a 2017 photo, and Google has a satellite view. The original stone post light was replaced by a masonry tower in 1936. Located on a promontory on the west side of the entrance to the Bhatkal River at Bhatkal. Site open, tower open daily. . ARLHS IND-077; Admiralty F0648; NGA 27724.</SimpleData>
		<SimpleData name="arlhs">IND-077</SimpleData>
		<SimpleData name="photo">https://www.dgll.nic.in/sites/default/files/2022-11/BHATKAL%20LIGHTHOUSE.jpg</SimpleData>
		<SimpleData name="transcribed">1</SimpleData>
		<SimpleData name="ledger_issues">(5:Duration of Flash given as 0.70 Sec but sequence lists fl 0.23,Sector/obscured text 'absurd by Hog Island 1298 to 132° x 3'' is garbled (likely 'obscured ... 129° to 132°'),RACON heading says n/a but a Sr. No 6295 is listed,Mains supply row shows '-' although a voltage stabiliser is listed,No. of lens: 2 (each 135°))</SimpleData>
		<SimpleData name="equip_years">{ }</SimpleData>
		<SimpleData name="equip_since">{ &quot;ais&quot;: { &quot;year&quot;: 2012, &quot;src&quot;: &quot;network&quot; } }</SimpleData>
		<SimpleData name="tenders">(4:1897,1817,1816,366)</SimpleData>
		<SimpleData name="photo_credit">DGLL</SimpleData>
	</SchemaData></ExtendedData>
      <Point><coordinates>74.53333,13.965</coordinates></Point>
  </Placemark>
  <Placemark>
	<name>Armagon Lighthouse</name>
	<ExtendedData><SchemaData schemaUrl="#lighthouses">
		<SimpleData name="id">armagon-lighthouse</SimpleData>
		<SimpleData name="kind">lighthouse</SimpleData>
		<SimpleData name="region">Visakhapatnam</SimpleData>
		<SimpleData name="pos_src">DGLL ledger</SimpleData>
		<SimpleData name="address">The Navigational Assistant Gr-I, Armagon Lighthouse, Nidugurthy Post, Via Mallam, Nellore District. Andhra Pradesh, Pin: 524 403.</SimpleData>
		<SimpleData name="alol">F 0951</SimpleData>
		<SimpleData name="char">FL W 15Seconds (Fl 0.38. EC 14.62)</SimpleData>
		<SimpleData name="ckind">Fl</SimpleData>
		<SimpleData name="colour">W</SimpleData>
		<SimpleData name="group">1</SimpleData>
		<SimpleData name="period">15</SimpleData>
		<SimpleData name="phases">(2:0.38,14.62)</SimpleData>
		<SimpleData name="phases_src">ledger</SimpleData>
		<SimpleData name="flash_s">0.38</SimpleData>
		<SimpleData name="sectored">0</SimpleData>
		<SimpleData name="lum_nm">26</SimpleData>
		<SimpleData name="geo_nm">16.4</SimpleData>
		<SimpleData name="iala_nm">21</SimpleData>
		<SimpleData name="reach_nm">16.4</SimpleData>
		<SimpleData name="intensity_cd">166000</SimpleData>
		<SimpleData name="elev_m">34.64</SimpleData>
		<SimpleData name="optic">revolving</SimpleData>
		<SimpleData name="optic_evidence">Rotation Device: Brushless DC direct-drive motor (step by step); Rotation Speed 0.667 RPM</SimpleData>
		<SimpleData name="optic_make">MBR-300</SimpleData>
		<SimpleData name="optic_size">105mm Focal Distance</SimpleData>
		<SimpleData name="rpm">0.667</SimpleData>
		<SimpleData name="panels">6</SimpleData>
		<SimpleData name="led">1</SimpleData>
		<SimpleData name="solar">1</SimpleData>
		<SimpleData name="ais">1</SimpleData>
		<SimpleData name="dgps">0</SimpleData>
		<SimpleData name="vts">0</SimpleData>
		<SimpleData name="tower_type">Circular RCC Tower</SimpleData>
		<SimpleData name="tower_h_m">30</SimpleData>
		<SimpleData name="tower_colour">Red and White bands</SimpleData>
		<SimpleData name="tower_year">1983</SimpleData>
		<SimpleData name="established">1853</SimpleData>
		<SimpleData name="visit">closed</SimpleData>
		<SimpleData name="tourism">0</SimpleData>
		<SimpleData name="museum">0</SimpleData>
		<SimpleData name="record">1</SimpleData>
		<SimpleData name="ledger_url">https://www.dgll.nic.in/sites/default/files/2022-11/Armagon%20Lighthouse.pdf</SimpleData>
		<SimpleData name="page_url">https://www.dgll.nic.in/DGLL-light-house-location/about-vishakhapatnam/armagon-lighthouse</SimpleData>
		<SimpleData name="rowlett">1983 (station established 1853). Active; focal plane 34 m (112 ft); white flash every 15 s. 30 m (98 ft) round cylindrical concrete tower with lantern and gallery, painted with horizontal red and white bands. Ashish Agrawal has the 2022 photo at right, Prasanna Kumar Uppala has a 2017 photo, Xavier Benedict has another 2017 photo, Vinapamsi Reddy has a street view, and Google has a satellite view. Located about 300 m (0.2 mi) from the beach at Monapalem, about 11 km (7 mi) south of Durgarajupatnam and 25 km (15 mi) north of India's spacecraft launch facilities at Sriharikota. Site status unknown. ARLHS IND-022; Admiralty F0951; NGA 27064.</SimpleData>
		<SimpleData name="arlhs">IND-022</SimpleData>
		<SimpleData name="wikidata">Q141181217</SimpleData>
		<SimpleData name="photo">https://www.dgll.nic.in/sites/default/files/2022-11/Armagon%20Lighthouse.jpg</SimpleData>
		<SimpleData name="transcribed">1</SimpleData>
		<SimpleData name="ledger_issues">(0:)</SimpleData>
		<SimpleData name="equip_years">{ &quot;ais&quot;: 2012 }</SimpleData>
		<SimpleData name="equip_since">{ &quot;ais&quot;: { &quot;year&quot;: 2012, &quot;src&quot;: &quot;ledger&quot; } }</SimpleData>
		<SimpleData name="tenders">(1:1655)</SimpleData>
		<SimpleData name="photo_credit">DGLL</SimpleData>
	</SchemaData></ExtendedData>
      <Point><coordinates>80.203,13.88833</coordinates></Point>
  </Placemark>
  <Placemark>
	<name>Kundapur Lighthouse</name>
	<ExtendedData><SchemaData schemaUrl="#lighthouses">
		<SimpleData name="id">kundapur-lighthouse</SimpleData>
		<SimpleData name="kind">lighthouse</SimpleData>
		<SimpleData name="region">Goa</SimpleData>
		<SimpleData name="pos_src">DGLL ledger</SimpleData>
		<SimpleData name="alol">F 0651</SimpleData>
		<SimpleData name="char">fl (2)W 10 Sec.</SimpleData>
		<SimpleData name="ckind">Fl</SimpleData>
		<SimpleData name="colour">W</SimpleData>
		<SimpleData name="group">2</SimpleData>
		<SimpleData name="period">10</SimpleData>
		<SimpleData name="phases">(4:0.1,1,0.1,8.800000000000001)</SimpleData>
		<SimpleData name="phases_src">derived</SimpleData>
		<SimpleData name="flash_s">0.1</SimpleData>
		<SimpleData name="sectored">0</SimpleData>
		<SimpleData name="lum_nm">18</SimpleData>
		<SimpleData name="geo_nm">19</SimpleData>
		<SimpleData name="iala_nm">18.8</SimpleData>
		<SimpleData name="reach_nm">18</SimpleData>
		<SimpleData name="intensity_cd">70408</SimpleData>
		<SimpleData name="elev_m">34.5</SimpleData>
		<SimpleData name="optic">revolving</SimpleData>
		<SimpleData name="optic_evidence">WM – RB 500 Marine Rotating Beacon; Rotation Device: Dual Stepper Motor 40 Kg/cm; R.P.M. 3</SimpleData>
		<SimpleData name="optic_make">Wealth Marine Pvt. Ltd., Singapore</SimpleData>
		<SimpleData name="optic_model">WM – RB 500 Marine Rotating Beacon</SimpleData>
		<SimpleData name="optic_size">200mm</SimpleData>
		<SimpleData name="rpm">3</SimpleData>
		<SimpleData name="panels">4</SimpleData>
		<SimpleData name="panels_total">6</SimpleData>
		<SimpleData name="panels_note">4 Fresnellens + 2 blank</SimpleData>
		<SimpleData name="led">0</SimpleData>
		<SimpleData name="solar">1</SimpleData>
		<SimpleData name="ais">0</SimpleData>
		<SimpleData name="dgps">0</SimpleData>
		<SimpleData name="vts">0</SimpleData>
		<SimpleData name="tower_type">Round R.C.C. Tower</SimpleData>
		<SimpleData name="tower_h_m">31.5</SimpleData>
		<SimpleData name="tower_colour">Red &amp; White bands (3 Red &amp; 2 White bands)</SimpleData>
		<SimpleData name="established">2007</SimpleData>
		<SimpleData name="visit">grounds</SimpleData>
		<SimpleData name="tourism">1</SimpleData>
		<SimpleData name="museum">0</SimpleData>
		<SimpleData name="record">1</SimpleData>
		<SimpleData name="ledger_url">https://www.dgll.nic.in/sites/default/files/2022-12/Master%20Ledger%20Goa%2009.pdf</SimpleData>
		<SimpleData name="page_url">https://www.dgll.nic.in/DGLL-light-house-location/about-goa/kundapur-lighthouse</SimpleData>
		<SimpleData name="rowlett">Date unknown. Active; focal plane 30 m (98 ft); two white flashes every 10 s. 9 m (30 ft) hexagonal cylindrical concrete tower with lantern and gallery centered on a round 2-story base. Entire lighthouse painted with black and white horizontal bands. Srinivasan Arumugam has a 2018 closeup photo, Sharath Kharvi has a 2020 closeup photo, Wikimapia has photos, Devdas Kharvi has a 2020 street view, and Google has a 2023 street view and an indistinct satellite view. The lighthouse honors Tipu (or Tippu) Sultan, the ruler of Mysore from 1782 to 1799. Located on the beachfront about 4 km (2.5 mi) north of the estuary entrance at Kundapura. Site open, tower closed. Operator: Karnataka Maritime Board</SimpleData>
		<SimpleData name="photo">https://www.dgll.nic.in/sites/default/files/2022-11/KUNDAPUR%20LIGHTHOUSE.jpg</SimpleData>
		<SimpleData name="transcribed">1</SimpleData>
		<SimpleData name="ledger_issues">(3:Optic Make and Type values appear swapped (Make: 'WM – RB 500 Marine Rotating Beacon', Type: 'Wealth Marine Pvt. Ltd., Singapore'),No. of lens '6 (4 Fresnellens + 2 blanks)': 6 panel positions, only 4 lenses,RACON marked n/a but Sr. No 6295 listed)</SimpleData>
		<SimpleData name="equip_years">{ }</SimpleData>
		<SimpleData name="equip_since">{ }</SimpleData>
		<SimpleData name="tenders">(2:1897,1816)</SimpleData>
		<SimpleData name="photo_credit">DGLL</SimpleData>
	</SchemaData></ExtendedData>
      <Point><coordinates>74.65833,13.66</coordinates></Point>
  </Placemark>
  <Placemark>
	<name>Pulicat Lighthouse And DGPS Station</name>
	<ExtendedData><SchemaData schemaUrl="#lighthouses">
		<SimpleData name="id">pulicat-lighthouse-and-dgps-station</SimpleData>
		<SimpleData name="kind">lighthouse</SimpleData>
		<SimpleData name="region">Chennai</SimpleData>
		<SimpleData name="pos_src">DGLL ledger</SimpleData>
		<SimpleData name="alol">F 0950</SimpleData>
		<SimpleData name="char">Single FL (1) WHITE Every 5 Seconds (0.25 + 4.75)</SimpleData>
		<SimpleData name="ckind">Fl</SimpleData>
		<SimpleData name="colour">W</SimpleData>
		<SimpleData name="group">1</SimpleData>
		<SimpleData name="period">5</SimpleData>
		<SimpleData name="phases">(2:0.25,4.75)</SimpleData>
		<SimpleData name="phases_src">ledger</SimpleData>
		<SimpleData name="flash_s">0.25</SimpleData>
		<SimpleData name="sectored">0</SimpleData>
		<SimpleData name="lum_nm">26</SimpleData>
		<SimpleData name="geo_nm">19</SimpleData>
		<SimpleData name="iala_nm">21</SimpleData>
		<SimpleData name="reach_nm">19</SimpleData>
		<SimpleData name="intensity_cd">165900</SimpleData>
		<SimpleData name="elev_m">53.5</SimpleData>
		<SimpleData name="optic">revolving</SimpleData>
		<SimpleData name="optic_evidence">Optic: Rotating Beacon; Rotation Device: Brushless DC Direct-Drive motor; R.P.M. 2</SimpleData>
		<SimpleData name="optic_make">M/S Mediterrane Senales Maritimas (MSM)</SimpleData>
		<SimpleData name="optic_model">MBR300</SimpleData>
		<SimpleData name="optic_type">Rotating Beacon; moulded acrylic Fresnel lenses, 6 lens panels with dioptric and catadioptric prisms</SimpleData>
		<SimpleData name="optic_size">MBR300, 105 mm Focal Distance</SimpleData>
		<SimpleData name="rpm">2</SimpleData>
		<SimpleData name="panels">6</SimpleData>
		<SimpleData name="led">1</SimpleData>
		<SimpleData name="solar">1</SimpleData>
		<SimpleData name="ais">1</SimpleData>
		<SimpleData name="dgps">1</SimpleData>
		<SimpleData name="racon">B</SimpleData>
		<SimpleData name="vts">0</SimpleData>
		<SimpleData name="tower_type">Hexagonal RCC Tower</SimpleData>
		<SimpleData name="tower_h_m">49.86</SimpleData>
		<SimpleData name="tower_colour">Black and White Bands</SimpleData>
		<SimpleData name="tower_year">1986</SimpleData>
		<SimpleData name="established">1862</SimpleData>
		<SimpleData name="visit">open</SimpleData>
		<SimpleData name="tourism">1</SimpleData>
		<SimpleData name="museum">0</SimpleData>
		<SimpleData name="record">1</SimpleData>
		<SimpleData name="ledger_url">https://www.dgll.nic.in/sites/default/files/2022-12/CH1.pdf</SimpleData>
		<SimpleData name="page_url">https://www.dgll.nic.in/DGLL-light-house-location/about-chennai/pulicat-lighthouse-and-dgps-station</SimpleData>
		<SimpleData name="rowlett">1986 (station established 1862). Active; focal plane 53 m (174 ft); white flash every 5 s. 49 m (160 ft) hexagonal cylindrical concrete tower with lantern and gallery, painted with horizontal black and white bands. Anandha Rajan's 2025 photo is at right, Manas Karkal has a 2023 photo, Vasant Viswanathan has a good photo, Jeevan Kumar has a photo, John Peter has a street view, and Google has a satellite view. In January 2014 the lighthouse was opened to visitors for the first time. Pulicat Lake is a large lagoon on the border between Andhra Pradesh and Tamil Nadu. Pulicat (Pazhaverkadu), on the south side of the lagoon entrance, was settled by the Portuguese in 1502. Captured by the Dutch in </SimpleData>
		<SimpleData name="arlhs">IND-055</SimpleData>
		<SimpleData name="photo">https://www.dgll.nic.in/sites/default/files/2022-11/dg1.jpg</SimpleData>
		<SimpleData name="transcribed">1</SimpleData>
		<SimpleData name="ledger_issues">(2:Elevation printed as '53.5M (49.86 Mtrs. Above MSL)' and tower height as '49.86 Metres above MSL (53.5 Meters elevation)'; figures are contradictory,Divergence fields are blank)</SimpleData>
		<SimpleData name="equip_years">{ &quot;racon&quot;: 2004, &quot;ais&quot;: 2019 }</SimpleData>
		<SimpleData name="equip_since">{ &quot;racon&quot;: { &quot;year&quot;: 2004, &quot;src&quot;: &quot;ledger&quot; }, &quot;ais&quot;: { &quot;year&quot;: 2019, &quot;src&quot;: &quot;ledger&quot; }, &quot;dgps&quot;: { &quot;year&quot;: 2003, &quot;src&quot;: &quot;network&quot; } }</SimpleData>
		<SimpleData name="tenders">(7:2246,2126,1821,1738,1696,1698,1559)</SimpleData>
		<SimpleData name="photo_credit">DGLL</SimpleData>
	</SchemaData></ExtendedData>
      <Point><coordinates>80.33333,13.41667</coordinates></Point>
  </Placemark>
  <Placemark>
	<name>Malpe Lighthouse</name>
	<ExtendedData><SchemaData schemaUrl="#lighthouses">
		<SimpleData name="id">malpe-lighthouse</SimpleData>
		<SimpleData name="kind">lighthouse</SimpleData>
		<SimpleData name="region">Goa</SimpleData>
		<SimpleData name="pos_src">DGLL ledger</SimpleData>
		<SimpleData name="alol">F0655</SimpleData>
		<SimpleData name="char">Fl(White)3sec.</SimpleData>
		<SimpleData name="ckind">Fl</SimpleData>
		<SimpleData name="colour">W</SimpleData>
		<SimpleData name="group">1</SimpleData>
		<SimpleData name="period">3</SimpleData>
		<SimpleData name="phases">(2:2.5,0.5)</SimpleData>
		<SimpleData name="phases_src">derived</SimpleData>
		<SimpleData name="flash_s">2.5</SimpleData>
		<SimpleData name="sectored">0</SimpleData>
		<SimpleData name="lum_nm">12</SimpleData>
		<SimpleData name="geo_nm">15.6</SimpleData>
		<SimpleData name="reach_nm">12</SimpleData>
		<SimpleData name="elev_m">28</SimpleData>
		<SimpleData name="optic">flasher</SimpleData>
		<SimpleData name="optic_evidence">Optic: Drum optic; Rotation Device --; R.P.M. --</SimpleData>
		<SimpleData name="optic_type">SL 155</SimpleData>
		<SimpleData name="optic_size">180mm</SimpleData>
		<SimpleData name="panels">1</SimpleData>
		<SimpleData name="led">0</SimpleData>
		<SimpleData name="solar">1</SimpleData>
		<SimpleData name="ais">0</SimpleData>
		<SimpleData name="dgps">0</SimpleData>
		<SimpleData name="vts">0</SimpleData>
		<SimpleData name="tower_type">Rectangular Masonary Tower</SimpleData>
		<SimpleData name="tower_h_m">12</SimpleData>
		<SimpleData name="tower_colour">White</SimpleData>
		<SimpleData name="tower_year">1973</SimpleData>
		<SimpleData name="established">1901</SimpleData>
		<SimpleData name="visit">closed</SimpleData>
		<SimpleData name="tourism">0</SimpleData>
		<SimpleData name="museum">0</SimpleData>
		<SimpleData name="record">1</SimpleData>
		<SimpleData name="ledger_url">https://www.dgll.nic.in/sites/default/files/2022-12/Master%20Ledger%20Goa%2016.pdf</SimpleData>
		<SimpleData name="page_url">https://www.dgll.nic.in/DGLL-light-house-location/about-goa/malpe-lighthouse</SimpleData>
		<SimpleData name="rowlett">1973 (station established 1901). Active; focal plane 29 m (95 ft); white flash every 3 s. Approx. 12 m (39 ft) square cylindical masonry tower with lantern and gallery, painted white. Two 1-story keeper's houses. A photo showing both lighthouses (1/5 the way down the page) and a view from the sea are available and Google has a satellite view. Jayalal Udupi has a pier view of the island in which the tower can just be seen. Located atop an island southwest of the entrance to the harbor of Malpe. Accessible only by boat. Site status unknown. ARLHS IND-098; Admiralty F0655; NGA 27708.</SimpleData>
		<SimpleData name="arlhs">IND-098</SimpleData>
		<SimpleData name="photo">https://www.dgll.nic.in/sites/default/files/2022-11/Malpe%20Lighthouse.jpg</SimpleData>
		<SimpleData name="transcribed">1</SimpleData>
		<SimpleData name="ledger_issues">(3:Duration of flash 2.5 Sec in a 3 sec period (flash longer than eclipse),RACON Sr. No 6295 listed but all RACON details blank,Commissioning 1901 with subsequent innovations 1973, 2012)</SimpleData>
		<SimpleData name="equip_years">{ }</SimpleData>
		<SimpleData name="equip_since">{ }</SimpleData>
		<SimpleData name="tenders">(0:)</SimpleData>
		<SimpleData name="photo_credit">DGLL</SimpleData>
	</SchemaData></ExtendedData>
      <Point><coordinates>74.69,13.22667</coordinates></Point>
  </Placemark>
  <Placemark>
	<name>Kaup Lighthouse</name>
	<ExtendedData><SchemaData schemaUrl="#lighthouses">
		<SimpleData name="id">kaup-lighthouse</SimpleData>
		<SimpleData name="kind">lighthouse</SimpleData>
		<SimpleData name="region">Goa</SimpleData>
		<SimpleData name="pos_src">DGLL ledger</SimpleData>
		<SimpleData name="alol">F 0658</SimpleData>
		<SimpleData name="char">fl (3) W 20 Sec. (fl 0.25, ec 3.75, fl 0.25, ec 3.75, Fl 0.25, ec 11.75)</SimpleData>
		<SimpleData name="ckind">Fl</SimpleData>
		<SimpleData name="colour">W</SimpleData>
		<SimpleData name="group">3</SimpleData>
		<SimpleData name="period">20</SimpleData>
		<SimpleData name="phases">(6:0.25,3.75,0.25,3.75,0.25,11.75)</SimpleData>
		<SimpleData name="phases_src">ledger</SimpleData>
		<SimpleData name="flash_s">0.25</SimpleData>
		<SimpleData name="sectored">0</SimpleData>
		<SimpleData name="lum_nm">25</SimpleData>
		<SimpleData name="geo_nm">17.5</SimpleData>
		<SimpleData name="iala_nm">24.8</SimpleData>
		<SimpleData name="reach_nm">17.5</SimpleData>
		<SimpleData name="intensity_cd">725322</SimpleData>
		<SimpleData name="elev_m">43</SimpleData>
		<SimpleData name="optic">revolving</SimpleData>
		<SimpleData name="optic_order">2</SimpleData>
		<SimpleData name="optic_evidence">Type: Cut and Polished Revolving; Rotation Device: Dual Stepper Motor; R.P.M. 3</SimpleData>
		<SimpleData name="optic_make">Stone Chance</SimpleData>
		<SimpleData name="optic_type">Fresnel Lens, Cut and Polished Revolving</SimpleData>
		<SimpleData name="optic_size">700 mm (2nd order)</SimpleData>
		<SimpleData name="rpm">3</SimpleData>
		<SimpleData name="panels">3</SimpleData>
		<SimpleData name="led">0</SimpleData>
		<SimpleData name="solar">1</SimpleData>
		<SimpleData name="ais">1</SimpleData>
		<SimpleData name="dgps">0</SimpleData>
		<SimpleData name="vts">0</SimpleData>
		<SimpleData name="tower_type">Circular stone Masonry Tower</SimpleData>
		<SimpleData name="tower_h_m">34</SimpleData>
		<SimpleData name="tower_colour">Black and white bands (Band width 5.44m, Bottom band black, No. of bands 5)</SimpleData>
		<SimpleData name="tower_year">1901</SimpleData>
		<SimpleData name="established">1901</SimpleData>
		<SimpleData name="visit">open</SimpleData>
		<SimpleData name="tourism">1</SimpleData>
		<SimpleData name="museum">0</SimpleData>
		<SimpleData name="record">1</SimpleData>
		<SimpleData name="ledger_url">https://www.dgll.nic.in/sites/default/files/2022-12/Master%20Ledger%20Goa%2010.pdf</SimpleData>
		<SimpleData name="page_url">https://www.dgll.nic.in/DGLL-light-house-location/about-goa/kaup-lighthouse</SimpleData>
		<SimpleData name="rowlett">1901 (British). Active; focal plane 43 m (141 ft); three white flashes every 20 s. 27 m (89 ft) round masonry tower with lantern and gallery, painted with black and white horizontal bands; lantern dome painted red. Vignesh Poojary's photo is at right, Kishan Kusagur has a 2022 closeup, Nishant Nadar has a 2020 photo, Nagaraj V. Gowda has a closeup, Anita Bora has a 2005 photo, Huelse has a historic postcard view, Krishna Acharya has a beach view, and Google has a satellite view. This is easily the best known lighthouse of Karnataka. In December 2021 district officials announced plans for visitor improvements including a paved path and viewing platform. Located on a low but rocky promontory i</SimpleData>
		<SimpleData name="arlhs">IND-091</SimpleData>
		<SimpleData name="wikidata">Q29959903</SimpleData>
		<SimpleData name="photo">https://www.dgll.nic.in/sites/default/files/2022-11/Kaup%20Lighthouse.jpg</SimpleData>
		<SimpleData name="transcribed">1</SimpleData>
		<SimpleData name="ledger_issues">(1:RACON section lists Sr. No 6295 but make, model, code, band and installation date are all '--')</SimpleData>
		<SimpleData name="equip_years">{ }</SimpleData>
		<SimpleData name="equip_since">{ &quot;ais&quot;: { &quot;year&quot;: 2012, &quot;src&quot;: &quot;network&quot; } }</SimpleData>
		<SimpleData name="tenders">(2:1897,1816)</SimpleData>
		<SimpleData name="photo_credit">DGLL</SimpleData>
	</SchemaData></ExtendedData>
      <Point><coordinates>74.73667,13.22333</coordinates></Point>
  </Placemark>
  <Placemark>
	<name>CHENNAI LIGHTHOUSE</name>
	<ExtendedData><SchemaData schemaUrl="#lighthouses">
		<SimpleData name="id">chennai-lighthouse</SimpleData>
		<SimpleData name="kind">lighthouse</SimpleData>
		<SimpleData name="region">Chennai</SimpleData>
		<SimpleData name="pos_src">DGLL ledger</SimpleData>
		<SimpleData name="alol">F 0936</SimpleData>
		<SimpleData name="char">White Group Flash (2) Every 2 Sec (0.57+1.93+0.57+6.93)</SimpleData>
		<SimpleData name="ckind">Fl</SimpleData>
		<SimpleData name="colour">W</SimpleData>
		<SimpleData name="group">2</SimpleData>
		<SimpleData name="period">10</SimpleData>
		<SimpleData name="phases">(4:0.57,1.93,0.57,6.93)</SimpleData>
		<SimpleData name="phases_src">ledger</SimpleData>
		<SimpleData name="flash_s">0.57</SimpleData>
		<SimpleData name="sectored">0</SimpleData>
		<SimpleData name="lum_nm">22</SimpleData>
		<SimpleData name="geo_nm">19.3</SimpleData>
		<SimpleData name="iala_nm">21.8</SimpleData>
		<SimpleData name="reach_nm">19.3</SimpleData>
		<SimpleData name="intensity_cd">230983</SimpleData>
		<SimpleData name="elev_m">58</SimpleData>
		<SimpleData name="optic">revolving</SimpleData>
		<SimpleData name="optic_order">3</SimpleData>
		<SimpleData name="optic_evidence">Optic/Type: 3rd Order Revolving Optic; Rotation Device: Stepper Motor; R.P.M. 3</SimpleData>
		<SimpleData name="optic_make">B.B.T</SimpleData>
		<SimpleData name="optic_type">3rd Order Revolving Optic</SimpleData>
		<SimpleData name="optic_size">375 mm (3rd Order Small) Revolving</SimpleData>
		<SimpleData name="rpm">3</SimpleData>
		<SimpleData name="panels">4</SimpleData>
		<SimpleData name="led">1</SimpleData>
		<SimpleData name="solar">1</SimpleData>
		<SimpleData name="ais">1</SimpleData>
		<SimpleData name="dgps">0</SimpleData>
		<SimpleData name="racon">K</SimpleData>
		<SimpleData name="vts">0</SimpleData>
		<SimpleData name="tower_type">Triangular PRISM - RCC tower</SimpleData>
		<SimpleData name="tower_h_m">45.72</SimpleData>
		<SimpleData name="tower_colour">Red &amp; White - Horizontal band</SimpleData>
		<SimpleData name="tower_year">1977</SimpleData>
		<SimpleData name="established">1796</SimpleData>
		<SimpleData name="visit">open</SimpleData>
		<SimpleData name="tourism">1</SimpleData>
		<SimpleData name="museum">1</SimpleData>
		<SimpleData name="record">1</SimpleData>
		<SimpleData name="ledger_url">https://www.dgll.nic.in/sites/default/files/2022-12/ch2.pdf</SimpleData>
		<SimpleData name="page_url">https://www.dgll.nic.in/DGLL-light-house-location/about-chennai/chennai-lighthouse</SimpleData>
		<SimpleData name="rowlett">1977 (station established 1796). Active; focal plane 57 m (187 ft); two white flashes every 10 s. 46 m (151 ft) pentagonal cylindrical concrete tower with lantern and double gallery, attached to a 3-story circular harbor control building. The two seaward sides of the lighthouse are painted with horizontal red and white bands. A 2023 photo by Venkata Lokesh is at right, Trabas has Eckhard Meyer's 2008 photo, Kelly Cheng also has a photo, R. Srijith has a view from the beach, Wikimedia has several photos, and Google has a 2022 street view and a satellite view. Waves from the great tsunami of 26 December 2004 damaged the base of the lighthouse, but there were no casualties. The lighthouse reope</SimpleData>
		<SimpleData name="arlhs">IND-010</SimpleData>
		<SimpleData name="wikidata">Q6546309</SimpleData>
		<SimpleData name="photo">https://www.dgll.nic.in/sites/default/files/2022-11/dg23.jpg</SimpleData>
		<SimpleData name="transcribed">1</SimpleData>
		<SimpleData name="ledger_issues">(3:Headline says Group Flash (2) every 2 sec but sequence 0.57+1.93+0.57+6.93 sums to 10 s,Duration of Flash (Main) printed as '10 sec', inconsistent with 0.57 s flashes in the sequence,Luminous range given for two atmospheric transmission factors (A.T.F. 0.74 @ 22 NM, A.T.F. 0.84 @ 35 NM); 22 NM used)</SimpleData>
		<SimpleData name="equip_years">{ &quot;racon&quot;: 2010 }</SimpleData>
		<SimpleData name="equip_since">{ &quot;racon&quot;: { &quot;year&quot;: 2010, &quot;src&quot;: &quot;ledger&quot; }, &quot;ais&quot;: { &quot;year&quot;: 2012, &quot;src&quot;: &quot;network&quot; } }</SimpleData>
		<SimpleData name="tenders">(6:2241,1967,1921,1900,1719,1596)</SimpleData>
		<SimpleData name="photo_credit">DGLL</SimpleData>
	</SchemaData></ExtendedData>
      <Point><coordinates>80.28083,13.03944</coordinates></Point>
  </Placemark>
  <Placemark>
	<name>Surathkal Lighthouse and D.G.P.S Station</name>
	<ExtendedData><SchemaData schemaUrl="#lighthouses">
		<SimpleData name="id">surathkal-lighthouse-and-dgps-station</SimpleData>
		<SimpleData name="kind">lighthouse</SimpleData>
		<SimpleData name="region">Goa</SimpleData>
		<SimpleData name="pos_src">DGLL ledger</SimpleData>
		<SimpleData name="alol">F0660</SimpleData>
		<SimpleData name="char">Fl W 10 Sec. (Fl. 0.37, Ec. 9.63)</SimpleData>
		<SimpleData name="ckind">Fl</SimpleData>
		<SimpleData name="colour">W</SimpleData>
		<SimpleData name="group">1</SimpleData>
		<SimpleData name="period">10</SimpleData>
		<SimpleData name="phases">(2:0.37,9.630000000000001)</SimpleData>
		<SimpleData name="phases_src">ledger</SimpleData>
		<SimpleData name="flash_s">0.37</SimpleData>
		<SimpleData name="sectored">0</SimpleData>
		<SimpleData name="lum_nm">24</SimpleData>
		<SimpleData name="geo_nm">17.5</SimpleData>
		<SimpleData name="iala_nm">24.1</SimpleData>
		<SimpleData name="reach_nm">17.5</SimpleData>
		<SimpleData name="intensity_cd">567273</SimpleData>
		<SimpleData name="elev_m">43</SimpleData>
		<SimpleData name="optic">revolving</SimpleData>
		<SimpleData name="optic_order">3</SimpleData>
		<SimpleData name="optic_evidence">Type: Revolving; Rotation Device: Dual stepper motor 40 kg/cm; R.P.M. 2 RPM</SimpleData>
		<SimpleData name="optic_make">B.B.T.</SimpleData>
		<SimpleData name="optic_type">Revolving</SimpleData>
		<SimpleData name="optic_size">500 mm</SimpleData>
		<SimpleData name="rpm">2</SimpleData>
		<SimpleData name="panels">3</SimpleData>
		<SimpleData name="led">0</SimpleData>
		<SimpleData name="solar">1</SimpleData>
		<SimpleData name="ais">1</SimpleData>
		<SimpleData name="dgps">1</SimpleData>
		<SimpleData name="racon">C</SimpleData>
		<SimpleData name="vts">0</SimpleData>
		<SimpleData name="tower_type">Square Masonry Tower</SimpleData>
		<SimpleData name="tower_h_m">30</SimpleData>
		<SimpleData name="tower_colour">Red &amp; White Bands – 5 Nos. (3 Red + 2 White)</SimpleData>
		<SimpleData name="tower_year">1972</SimpleData>
		<SimpleData name="established">1972</SimpleData>
		<SimpleData name="visit">open</SimpleData>
		<SimpleData name="tourism">1</SimpleData>
		<SimpleData name="museum">0</SimpleData>
		<SimpleData name="record">1</SimpleData>
		<SimpleData name="ledger_url">https://www.dgll.nic.in/sites/default/files/2022-12/Master%20Ledger%20Goa%2011.pdf</SimpleData>
		<SimpleData name="page_url">https://www.dgll.nic.in/DGLL-light-house-location/about-goa/surathkal-lighthouse-and-dgps-station</SimpleData>
		<SimpleData name="rowlett">1972. Active; focal plane 44 m (144 ft); white flash every 10 s. 36 m (118 ft) square cylindrical concrete tower with lantern and gallery, painted with red and white horizontal bands. 2-story keeper's house adjacent or attached to the lighthouse. A 2021 photo is at right, another good photo is available, Raghavendra Joshi has a 2018 photo, Wikimedia has a photo, P. Bachodi has a distant photo, Sandeep Nayak has a beach view, and Google has a satellite view. Standing by a very popular beach, this lighthouse functions as the landfall light for Mangalore. In 2020 DGLL approved plans to renovate the lighthouse as a tourist attraction. Located off the beach about 8 km (5 mi) north of Suratkal and</SimpleData>
		<SimpleData name="arlhs">IND-114</SimpleData>
		<SimpleData name="photo">https://www.dgll.nic.in/sites/default/files/2022-11/Surathkal%20Lighthouse%20and%20D.G.P.S%20Station.jpg</SimpleData>
		<SimpleData name="transcribed">1</SimpleData>
		<SimpleData name="ledger_issues">(3:Longitude printed without hemisphere letter; taken as E,NAIS MMSI printed as 4192237 (7 digits, not the usual 9),DGPS: NAUTEL, 320, 500, RS IDs 412/413, Beacon ID 106, commissioned 06/05/1998, recapitalised 22/06/2017)</SimpleData>
		<SimpleData name="equip_years">{ &quot;racon&quot;: 2005, &quot;ais&quot;: 2017 }</SimpleData>
		<SimpleData name="equip_since">{ &quot;racon&quot;: { &quot;year&quot;: 2005, &quot;src&quot;: &quot;ledger&quot; }, &quot;ais&quot;: { &quot;year&quot;: 2017, &quot;src&quot;: &quot;ledger&quot; }, &quot;dgps&quot;: { &quot;year&quot;: 2003, &quot;src&quot;: &quot;network&quot; } }</SimpleData>
		<SimpleData name="tenders">(3:1817,1816,1796)</SimpleData>
		<SimpleData name="photo_credit">DGLL</SimpleData>
	</SchemaData></ExtendedData>
      <Point><coordinates>74.79053,13.00365</coordinates></Point>
  </Placemark>
  <Placemark>
	<name>MAHABALIPURAM LIGHTHOUSE</name>
	<ExtendedData><SchemaData schemaUrl="#lighthouses">
		<SimpleData name="id">mahabalipuram-lighthouse</SimpleData>
		<SimpleData name="kind">lighthouse</SimpleData>
		<SimpleData name="region">Chennai</SimpleData>
		<SimpleData name="pos_src">OpenStreetMap way/1552901513</SimpleData>
		<SimpleData name="alol">0932</SimpleData>
		<SimpleData name="char">FL (1) W 10 Sec (fl 0.4)</SimpleData>
		<SimpleData name="ckind">Fl</SimpleData>
		<SimpleData name="colour">W</SimpleData>
		<SimpleData name="group">1</SimpleData>
		<SimpleData name="period">10</SimpleData>
		<SimpleData name="phases">(2:0.4,9.6)</SimpleData>
		<SimpleData name="phases_src">derived</SimpleData>
		<SimpleData name="flash_s">0.4</SimpleData>
		<SimpleData name="sectored">0</SimpleData>
		<SimpleData name="lum_nm">18.9</SimpleData>
		<SimpleData name="geo_nm">19.1</SimpleData>
		<SimpleData name="iala_nm">24.8</SimpleData>
		<SimpleData name="reach_nm">18.9</SimpleData>
		<SimpleData name="intensity_cd">750644</SimpleData>
		<SimpleData name="elev_m">48.4</SimpleData>
		<SimpleData name="optic">revolving</SimpleData>
		<SimpleData name="optic_order">2</SimpleData>
		<SimpleData name="optic_evidence">Type: Revolving; Rotation Device dual stepper motor assembly; R.P.M. 2 r.p.m</SimpleData>
		<SimpleData name="optic_make">M/s Chance Bros, England.</SimpleData>
		<SimpleData name="optic_type">Revolving</SimpleData>
		<SimpleData name="optic_size">700 mm</SimpleData>
		<SimpleData name="rpm">2</SimpleData>
		<SimpleData name="panels">3</SimpleData>
		<SimpleData name="led">1</SimpleData>
		<SimpleData name="solar">1</SimpleData>
		<SimpleData name="ais">1</SimpleData>
		<SimpleData name="dgps">0</SimpleData>
		<SimpleData name="vts">0</SimpleData>
		<SimpleData name="tower_type">Circular Stone Masonary</SimpleData>
		<SimpleData name="tower_h_m">26</SimpleData>
		<SimpleData name="tower_colour">No Day mark painting</SimpleData>
		<SimpleData name="tower_year">1900</SimpleData>
		<SimpleData name="established">1887</SimpleData>
		<SimpleData name="visit">open</SimpleData>
		<SimpleData name="tourism">1</SimpleData>
		<SimpleData name="museum">1</SimpleData>
		<SimpleData name="record">1</SimpleData>
		<SimpleData name="ledger_url">https://www.dgll.nic.in/sites/default/files/2022-12/ch3.pdf</SimpleData>
		<SimpleData name="page_url">https://www.dgll.nic.in/DGLL-light-house-location/about-chennai/mahabalipuram-lighthouse</SimpleData>
		<SimpleData name="rowlett">1900 (British; station established 1887). Active; focal plane 42 m (138 ft); white flash every 10 s. 26 m (85 ft) round stone tower with lantern and gallery; unpainted; lantern dome painted red. 2nd order Fresnel lens in use. Ali Akbar's 2024 photo is at the top of this page, Srini Swaminathan has a closeup photo, Trabas has a 2014 photo by Alfonso Biescas Vignau, Wikimedia has numerous photos, Asharul Seikh has a 2021 photo, Forand has a historic postcard view, Huelse has a closeup postcard view, and Google has a street view and a satellite view. This is probably the best known and most often visited lighthouse on India's east coast. In 2013 it was one of the first lighthouses in India iden</SimpleData>
		<SimpleData name="arlhs">IND-016</SimpleData>
		<SimpleData name="wikidata">Q18127656</SimpleData>
		<SimpleData name="photo">http://commons.wikimedia.org/wiki/Special:FilePath/Mahabalipuram%20Lighthouse%2C%20India.jpg</SimpleData>
		<SimpleData name="transcribed">1</SimpleData>
		<SimpleData name="ledger_issues">(2:ALOL printed as '0932' without letter prefix,RACON and DGPS sections are blank tables)</SimpleData>
		<SimpleData name="equip_years">{ }</SimpleData>
		<SimpleData name="equip_since">{ &quot;ais&quot;: { &quot;year&quot;: 2012, &quot;src&quot;: &quot;network&quot; } }</SimpleData>
		<SimpleData name="tenders">(12:2057,1970,1719,1702,1659,1658,1614,1603,1597,1600,1599,1589)</SimpleData>
		<SimpleData name="photo_credit">DGLL</SimpleData>
	</SchemaData></ExtendedData>
      <Point><coordinates>80.19182,12.61536</coordinates></Point>
  </Placemark>
  <Placemark>
	<name>KASARGOD LIGHTHOUSE</name>
	<ExtendedData><SchemaData schemaUrl="#lighthouses">
		<SimpleData name="id">kasargod-lighthouse</SimpleData>
		<SimpleData name="kind">lighthouse</SimpleData>
		<SimpleData name="region">Kochi</SimpleData>
		<SimpleData name="pos_src">DGLL ledger</SimpleData>
		<SimpleData name="alol">F 0668.5</SimpleData>
		<SimpleData name="char">Fl (3) W 20 sec</SimpleData>
		<SimpleData name="ckind">Fl</SimpleData>
		<SimpleData name="colour">W</SimpleData>
		<SimpleData name="group">3</SimpleData>
		<SimpleData name="period">20</SimpleData>
		<SimpleData name="phases">(6:1,2,1,2,1,13)</SimpleData>
		<SimpleData name="phases_src">derived</SimpleData>
		<SimpleData name="sectored">0</SimpleData>
		<SimpleData name="lum_nm">20</SimpleData>
		<SimpleData name="geo_nm">17.5</SimpleData>
		<SimpleData name="iala_nm">19.3</SimpleData>
		<SimpleData name="reach_nm">17.5</SimpleData>
		<SimpleData name="intensity_cd">86455</SimpleData>
		<SimpleData name="elev_m">38.5</SimpleData>
		<SimpleData name="optic">revolving</SimpleData>
		<SimpleData name="optic_evidence">Optic: Revolving Beacon; Rotation Device: Brushless DC motor (gear less direct drive); R.P.M. 3</SimpleData>
		<SimpleData name="optic_make">M/s Tideland</SimpleData>
		<SimpleData name="optic_model">TRB 220</SimpleData>
		<SimpleData name="optic_type">Revolving Beacon</SimpleData>
		<SimpleData name="optic_size">110mm</SimpleData>
		<SimpleData name="rpm">3</SimpleData>
		<SimpleData name="panels">3</SimpleData>
		<SimpleData name="led">1</SimpleData>
		<SimpleData name="solar">1</SimpleData>
		<SimpleData name="ais">1</SimpleData>
		<SimpleData name="dgps">0</SimpleData>
		<SimpleData name="vts">0</SimpleData>
		<SimpleData name="tower_type">Octagonal Concrete Tower</SimpleData>
		<SimpleData name="tower_h_m">30</SimpleData>
		<SimpleData name="tower_colour">Black and White Band</SimpleData>
		<SimpleData name="tower_year">1984</SimpleData>
		<SimpleData name="established">1984</SimpleData>
		<SimpleData name="visit">open</SimpleData>
		<SimpleData name="tourism">0</SimpleData>
		<SimpleData name="museum">0</SimpleData>
		<SimpleData name="record">1</SimpleData>
		<SimpleData name="ledger_url">https://www.dgll.nic.in/sites/default/files/2022-12/Master%20Ledger%20Cochin%2001.pdf</SimpleData>
		<SimpleData name="page_url">https://www.dgll.nic.in/DGLL-light-house-location/about-kochi/kasargod-lighthouse</SimpleData>
		<SimpleData name="rowlett">1984. Active; focal plane 36 m (118 ft); three white flashes every 20 s. 30 m (98 ft) octagonal concrete tower with lantern and gallery, painted with black and white horizontal bands. A 2021 photo is at right, Wikimedia has a 2012 photo, Rajat Pai has a closeup, a 2022 photo and a fine 2017 photo are available, Adithya Kumar has a street view from atop the tower, and Google has a 2023 street view and a satellite view. Located just behind the beach at Kasaragod, the northernmost city of Kerala. Site open, tower open daily except Sunday in late afternoon. . ARLHS IND-090; Admiralty F0668.5; NGA 27680.</SimpleData>
		<SimpleData name="arlhs">IND-090</SimpleData>
		<SimpleData name="photo">https://www.dgll.nic.in/sites/default/files/2022-11/KASARGOD%20LIGHTHOUSE.jpg</SimpleData>
		<SimpleData name="transcribed">1</SimpleData>
		<SimpleData name="ledger_issues">(0:)</SimpleData>
		<SimpleData name="equip_years">{ }</SimpleData>
		<SimpleData name="equip_since">{ &quot;ais&quot;: { &quot;year&quot;: 2012, &quot;src&quot;: &quot;network&quot; } }</SimpleData>
		<SimpleData name="tenders">(2:2073,1814)</SimpleData>
		<SimpleData name="photo_credit">DGLL</SimpleData>
	</SchemaData></ExtendedData>
      <Point><coordinates>74.97317,12.50533</coordinates></Point>
  </Placemark>
  <Placemark>
	<name>KADAPAKKAM LIGHTHOUSE</name>
	<ExtendedData><SchemaData schemaUrl="#lighthouses">
		<SimpleData name="id">kadapakkam-lighthouse</SimpleData>
		<SimpleData name="kind">lighthouse</SimpleData>
		<SimpleData name="region">Chennai</SimpleData>
		<SimpleData name="pos_src">DGLL ledger</SimpleData>
		<SimpleData name="address">The Navigational Assistant Gr-I Kadapakakm Lighthouse, Cheyyur Taluk Kadapakkam, Tamilnadu-603304</SimpleData>
		<SimpleData name="alol">F 0929</SimpleData>
		<SimpleData name="char">White, Group 3 Flash Every 20 Second</SimpleData>
		<SimpleData name="ckind">Fl</SimpleData>
		<SimpleData name="colour">W</SimpleData>
		<SimpleData name="group">3</SimpleData>
		<SimpleData name="period">20</SimpleData>
		<SimpleData name="phases">(6:0.45,4.55,0.45,4.55,0.45,9.550000000000001)</SimpleData>
		<SimpleData name="phases_src">ledger</SimpleData>
		<SimpleData name="flash_s">0.45</SimpleData>
		<SimpleData name="sectored">0</SimpleData>
		<SimpleData name="lum_nm">20</SimpleData>
		<SimpleData name="iala_nm">15.8</SimpleData>
		<SimpleData name="reach_nm">20</SimpleData>
		<SimpleData name="intensity_cd">20000</SimpleData>
		<SimpleData name="optic">revolving</SimpleData>
		<SimpleData name="optic_evidence">Rotation Device: Inbuilt stepper motor with drive; R.P.M. 3 RPM</SimpleData>
		<SimpleData name="optic_make">M/s Pharos Marine Automatic Power, Houston, TX</SimpleData>
		<SimpleData name="optic_model">APRB-288</SimpleData>
		<SimpleData name="optic_size">Height- 470 mm, Diameter-536 mm</SimpleData>
		<SimpleData name="rpm">3</SimpleData>
		<SimpleData name="panels">8</SimpleData>
		<SimpleData name="led">1</SimpleData>
		<SimpleData name="solar">1</SimpleData>
		<SimpleData name="ais">0</SimpleData>
		<SimpleData name="dgps">0</SimpleData>
		<SimpleData name="vts">0</SimpleData>
		<SimpleData name="tower_type">RCC Round Tower</SimpleData>
		<SimpleData name="tower_h_m">30</SimpleData>
		<SimpleData name="tower_colour">Red and White Spiral Band</SimpleData>
		<SimpleData name="tower_year">2013</SimpleData>
		<SimpleData name="established">2013</SimpleData>
		<SimpleData name="visit">grounds</SimpleData>
		<SimpleData name="tourism">0</SimpleData>
		<SimpleData name="museum">0</SimpleData>
		<SimpleData name="record">1</SimpleData>
		<SimpleData name="ledger_url">https://www.dgll.nic.in/sites/default/files/2022-12/ch4.pdf</SimpleData>
		<SimpleData name="page_url">https://www.dgll.nic.in/DGLL-light-house-location/about-chennai/kadapakkam-lighthouse</SimpleData>
		<SimpleData name="rowlett">2013. Active; focal plane 36 m (118 ft); three white flashes every 20 s. 32 m (105 ft) round cylindrical concrete tower with lantern, gallery, and a round observation platform. Lighthouse painted with red and white spiral bands. Prem Kumar has a 2016 photo, V. Saravanan has a distant view, Sandeep Jinnu has a closeup 2019 photo, and Google has a 2023 street view and a satellite view. The lighthouse was placed in service in November 2013. Located in Kadapakkam, a town about 40 km (25 mi) north of Puducherry, close to the historic (1760) Alamparai Fort. Site open, tower status unknown. Admiralty F0929; NGA 27110.</SimpleData>
		<SimpleData name="wikidata">Q141194251</SimpleData>
		<SimpleData name="photo">https://www.dgll.nic.in/sites/default/files/2022-11/dg4.jpg</SimpleData>
		<SimpleData name="transcribed">1</SimpleData>
		<SimpleData name="ledger_issues">(2:Elevation given as '--',Optic lists 'No. of lens 3' and 'No. of Panels 8 (Octagonal Type)'; 8 panels at 3 RPM does not match Gp Fl(3) every 20 s)</SimpleData>
		<SimpleData name="equip_years">{ }</SimpleData>
		<SimpleData name="equip_since">{ }</SimpleData>
		<SimpleData name="tenders">(0:)</SimpleData>
		<SimpleData name="photo_credit">DGLL</SimpleData>
	</SchemaData></ExtendedData>
      <Point><coordinates>80.01097,12.27539</coordinates></Point>
  </Placemark>
  <Placemark>
	<name>MOUNT DILLI LIGHTHOUSE</name>
	<ExtendedData><SchemaData schemaUrl="#lighthouses">
		<SimpleData name="id">mount-dilli-lighthouse</SimpleData>
		<SimpleData name="kind">lighthouse</SimpleData>
		<SimpleData name="region">Kochi</SimpleData>
		<SimpleData name="pos_src">DGLL ledger</SimpleData>
		<SimpleData name="address">Head Light Keeper(SS)/Navigational Assistant Gr.I, Mount Dilly Lighthouse, Naval Academy (PO) Kannur-Dist, Pin 670310</SimpleData>
		<SimpleData name="alol">0669.5</SimpleData>
		<SimpleData name="char">Fl (2) W 20 sec (fl 0.53) (0.53+1.97+0.53+16.97=20Seconds)</SimpleData>
		<SimpleData name="ckind">Fl</SimpleData>
		<SimpleData name="colour">W</SimpleData>
		<SimpleData name="group">2</SimpleData>
		<SimpleData name="period">20</SimpleData>
		<SimpleData name="phases">(4:0.53,1.97,0.53,16.97)</SimpleData>
		<SimpleData name="phases_src">ledger</SimpleData>
		<SimpleData name="flash_s">0.53</SimpleData>
		<SimpleData name="sectored">0</SimpleData>
		<SimpleData name="lum_nm">19.6</SimpleData>
		<SimpleData name="geo_nm">20.5</SimpleData>
		<SimpleData name="iala_nm">19.5</SimpleData>
		<SimpleData name="reach_nm">19.6</SimpleData>
		<SimpleData name="intensity_cd">93000</SimpleData>
		<SimpleData name="elev_m">62</SimpleData>
		<SimpleData name="optic">revolving</SimpleData>
		<SimpleData name="optic_evidence">Type: Revolving Beacon; Rotation Device: Stepper motor; R.P.M. 3 RPM (one revolution in 45 Sec)</SimpleData>
		<SimpleData name="optic_make">J.Stone &amp; Co, Kolkata</SimpleData>
		<SimpleData name="optic_type">Revolving Beacon</SimpleData>
		<SimpleData name="optic_size">300 mm (IVth Order large) Revolving</SimpleData>
		<SimpleData name="rpm">3</SimpleData>
		<SimpleData name="panels">2</SimpleData>
		<SimpleData name="led">1</SimpleData>
		<SimpleData name="solar">1</SimpleData>
		<SimpleData name="ais">1</SimpleData>
		<SimpleData name="dgps">0</SimpleData>
		<SimpleData name="racon">K</SimpleData>
		<SimpleData name="vts">0</SimpleData>
		<SimpleData name="tower_type">Hexagonal Masonry Tower</SimpleData>
		<SimpleData name="tower_h_m">18</SimpleData>
		<SimpleData name="tower_colour">Red and White Band</SimpleData>
		<SimpleData name="tower_year">1979</SimpleData>
		<SimpleData name="established">1979</SimpleData>
		<SimpleData name="visit">closed</SimpleData>
		<SimpleData name="tourism">0</SimpleData>
		<SimpleData name="museum">0</SimpleData>
		<SimpleData name="record">1</SimpleData>
		<SimpleData name="ledger_url">https://www.dgll.nic.in/sites/default/files/2022-12/Master%20Ledger%20Cochin%2002.pdf</SimpleData>
		<SimpleData name="page_url">https://www.dgll.nic.in/DGLL-light-house-location/about-kochi/mount-dilli-lighthouse</SimpleData>
		<SimpleData name="rowlett">1979. Active; focal plane 70 m (230 ft); two white flashes every 20 s. 17 m (56 ft) triangular cylindrical masonry tower with lantern and double gallery, painted white red and white horizontal bands. A radar antenna is mounted atop the lantern. Sudarsh Suriya has a 2017 photo, Suriya Narayanan has a 2018 photo, Pradeep Kumar has a 2022 photo, and Google has a satellite view. The lighthouse is built on a very prominent headland called Kotte Kunnu or Mount Dilli. It's surprising there was no lighthouse built earlier at this location, where the British lighthouse engineer Alan Stevenson had recommended one in 1926. The lighthouse was formerly a tourist attraction, but the area was acquired by t</SimpleData>
		<SimpleData name="arlhs">IND-102</SimpleData>
		<SimpleData name="photo">https://www.dgll.nic.in/sites/default/files/2022-11/mount%20dilli_0.jpg</SimpleData>
		<SimpleData name="transcribed">1</SimpleData>
		<SimpleData name="ledger_issues">(4:R.P.M. '3 RPM (one revolution in 45 Sec)' is self-contradictory (45 s per revolution = 1.33 RPM),Duration of Flash 0.6 Sec differs from characteristic fl 0.53,ALOL printed '0669.5' without letter prefix,NAIS MMSI blank)</SimpleData>
		<SimpleData name="equip_years">{ &quot;racon&quot;: 2018 }</SimpleData>
		<SimpleData name="equip_since">{ &quot;racon&quot;: { &quot;year&quot;: 2018, &quot;src&quot;: &quot;ledger&quot; }, &quot;ais&quot;: { &quot;year&quot;: 2012, &quot;src&quot;: &quot;network&quot; } }</SimpleData>
		<SimpleData name="tenders">(3:2250,2031,1923)</SimpleData>
		<SimpleData name="photo_credit">DGLL</SimpleData>
	</SchemaData></ExtendedData>
      <Point><coordinates>75.20333,12.00667</coordinates></Point>
  </Placemark>
  <Placemark>
	<name>Puducherry Lighthouse And DGPS Station</name>
	<ExtendedData><SchemaData schemaUrl="#lighthouses">
		<SimpleData name="id">puducherry-lighthouse-and-dgps-station</SimpleData>
		<SimpleData name="kind">lighthouse</SimpleData>
		<SimpleData name="region">Chennai</SimpleData>
		<SimpleData name="pos_src">DGLL ledger</SimpleData>
		<SimpleData name="address">The Asst. Engineer (E), Puducherry Lighthouse Cum DGPS Station, Vambakeerapalayam, Puducherry – 605001</SimpleData>
		<SimpleData name="alol">F 0926</SimpleData>
		<SimpleData name="char">GROUP OF 2 WHITE FLASH IN 15 SEC ( FL-0.48, EC-3.27, FL-0.48, EC-10.77)</SimpleData>
		<SimpleData name="ckind">Fl</SimpleData>
		<SimpleData name="colour">W</SimpleData>
		<SimpleData name="group">2</SimpleData>
		<SimpleData name="period">15</SimpleData>
		<SimpleData name="phases">(4:0.48,3.27,0.48,10.77)</SimpleData>
		<SimpleData name="phases_src">ledger</SimpleData>
		<SimpleData name="flash_s">0.48</SimpleData>
		<SimpleData name="sectored">0</SimpleData>
		<SimpleData name="lum_nm">25.7</SimpleData>
		<SimpleData name="geo_nm">19</SimpleData>
		<SimpleData name="iala_nm">25.6</SimpleData>
		<SimpleData name="reach_nm">19</SimpleData>
		<SimpleData name="intensity_cd">1000000</SimpleData>
		<SimpleData name="elev_m">49.08</SimpleData>
		<SimpleData name="optic">revolving</SimpleData>
		<SimpleData name="optic_evidence">Type: Revolving; Rotation Device: DC Stepper motor; R.P.M. 2 RPM</SimpleData>
		<SimpleData name="optic_make">J-Stone &amp; Co.</SimpleData>
		<SimpleData name="optic_type">Revolving</SimpleData>
		<SimpleData name="optic_size">300 MM</SimpleData>
		<SimpleData name="rpm">2</SimpleData>
		<SimpleData name="panels">4</SimpleData>
		<SimpleData name="led">0</SimpleData>
		<SimpleData name="solar">1</SimpleData>
		<SimpleData name="ais">1</SimpleData>
		<SimpleData name="dgps">1</SimpleData>
		<SimpleData name="racon">D</SimpleData>
		<SimpleData name="vts">0</SimpleData>
		<SimpleData name="tower_type">Hexagonal RCC Tower</SimpleData>
		<SimpleData name="tower_h_m">45</SimpleData>
		<SimpleData name="tower_colour">Black and White Band</SimpleData>
		<SimpleData name="tower_year">1979</SimpleData>
		<SimpleData name="established">1836</SimpleData>
		<SimpleData name="visit">open</SimpleData>
		<SimpleData name="tourism">0</SimpleData>
		<SimpleData name="museum">0</SimpleData>
		<SimpleData name="record">1</SimpleData>
		<SimpleData name="ledger_url">https://www.dgll.nic.in/sites/default/files/2022-12/ch5.pdf</SimpleData>
		<SimpleData name="page_url">https://www.dgll.nic.in/DGLL-light-house-location/about-chennai/puducherry-lighthouse-and-dgps-station</SimpleData>
		<SimpleData name="rowlett">1979 (station established 1836). Active; focal plane 48 m (157 ft); two white flashes every 15 s. 46 m (151 ft) hexagonal cylindrical concrete tower with an expanded watch room, lantern and gallery, plus two additional galleries lower on the tower. Lighthouse painted with horizontal black and white bands. Sandhikshan Das has a 2022 photo, Krishna Kumar has a closeup 2016 photo, Sea-Seek.com has a photo, Karthik Easvur has a 2015 photo, Siva Kumar Sathyamangalam has a view from the sea, Kamal Bharathi has a street view from atop the lighthouse, Arun Vasanth has a street view, and Google has a satellite view. The lighthouse opened to tourists in 2014. Located in south Puducherry, about 2 km (1</SimpleData>
		<SimpleData name="arlhs">IND-012</SimpleData>
		<SimpleData name="wikidata">Q108678539</SimpleData>
		<SimpleData name="photo">https://www.dgll.nic.in/sites/default/files/2022-11/dg5.jpg</SimpleData>
		<SimpleData name="transcribed">1</SimpleData>
		<SimpleData name="ledger_issues">(2:No. of panels 'Four (Two of 135 and Two of 45)',Luminous range given at two atmospheric transmission factors (25.7 NM @ 0.74, 41.5 NM @ 0.85); 25.7 used)</SimpleData>
		<SimpleData name="equip_years">{ &quot;ais&quot;: 2018 }</SimpleData>
		<SimpleData name="equip_since">{ &quot;racon&quot;: { &quot;year&quot;: 2004, &quot;src&quot;: &quot;network&quot; }, &quot;ais&quot;: { &quot;year&quot;: 2018, &quot;src&quot;: &quot;ledger&quot; }, &quot;dgps&quot;: { &quot;year&quot;: 2003, &quot;src&quot;: &quot;network&quot; } }</SimpleData>
		<SimpleData name="tenders">(6:2061,1968,1949,1703,1662,1574)</SimpleData>
		<SimpleData name="photo_credit">DGLL</SimpleData>
	</SchemaData></ExtendedData>
      <Point><coordinates>79.83167,11.915</coordinates></Point>
  </Placemark>
  <Placemark>
	<name>Kannur Lighthouse</name>
	<ExtendedData><SchemaData schemaUrl="#lighthouses">
		<SimpleData name="id">kannur-lighthouse</SimpleData>
		<SimpleData name="kind">lighthouse</SimpleData>
		<SimpleData name="region">Kochi</SimpleData>
		<SimpleData name="pos_src">DGLL ledger, seconds column read as decimal minutes (matches OpenStreetMap node/2588063897)</SimpleData>
		<SimpleData name="address">Navigational Assistant Gr-I Kannur Lighthouse Burnacherry Post ,Near guest house Kannur-670013 Kerala</SimpleData>
		<SimpleData name="alol">F -0672</SimpleData>
		<SimpleData name="char">Flash (1) W 10 sec (2.04+7.94)</SimpleData>
		<SimpleData name="ckind">Fl</SimpleData>
		<SimpleData name="colour">W</SimpleData>
		<SimpleData name="group">1</SimpleData>
		<SimpleData name="period">10</SimpleData>
		<SimpleData name="phases">(2:2.04,7.94)</SimpleData>
		<SimpleData name="phases_src">ledger</SimpleData>
		<SimpleData name="flash_s">2.04</SimpleData>
		<SimpleData name="sectored">0</SimpleData>
		<SimpleData name="lum_nm">18.8</SimpleData>
		<SimpleData name="geo_nm">16.9</SimpleData>
		<SimpleData name="iala_nm">18.8</SimpleData>
		<SimpleData name="reach_nm">16.9</SimpleData>
		<SimpleData name="intensity_cd">69750</SimpleData>
		<SimpleData name="elev_m">35</SimpleData>
		<SimpleData name="optic">revolving</SimpleData>
		<SimpleData name="optic_order">5</SimpleData>
		<SimpleData name="optic_evidence">Rotation Device: Stepper motor; R.P.M. 1.5; Pedestal: Ball bearing</SimpleData>
		<SimpleData name="optic_make">BBT, France</SimpleData>
		<SimpleData name="optic_size">187.5mm/5th order</SimpleData>
		<SimpleData name="rpm">1.5</SimpleData>
		<SimpleData name="panels">4</SimpleData>
		<SimpleData name="led">1</SimpleData>
		<SimpleData name="solar">1</SimpleData>
		<SimpleData name="ais">0</SimpleData>
		<SimpleData name="dgps">0</SimpleData>
		<SimpleData name="vts">0</SimpleData>
		<SimpleData name="tower_type">Circular tower on RCC Base</SimpleData>
		<SimpleData name="tower_h_m">23</SimpleData>
		<SimpleData name="tower_colour">Red and White Band</SimpleData>
		<SimpleData name="tower_year">1976</SimpleData>
		<SimpleData name="established">1903</SimpleData>
		<SimpleData name="visit">open</SimpleData>
		<SimpleData name="tourism">1</SimpleData>
		<SimpleData name="museum">1</SimpleData>
		<SimpleData name="record">1</SimpleData>
		<SimpleData name="ledger_url">https://www.dgll.nic.in/sites/default/files/2022-12/Master%20Ledger%20Cochin%2004.pdf</SimpleData>
		<SimpleData name="page_url">https://www.dgll.nic.in/DGLL-light-house-location/about-kochi/mahe-lighthouse</SimpleData>
		<SimpleData name="rowlett">1976 (station established 1903). Active; focal plane 35 m (115 ft); white flash every 10 s. 23 m (75 ft) round concrete tower with gallery and a small lantern, painted red with one white horizontal band. A 2024 photo is at right, Mohamed Salim has a good closeup photo, Wikimedia has a photo, Lightphotos.net has a closeup, and Google has a satellite view and a 2017 street view. Kannur (formerly called Cannanore) is the largest city of North Kerala with a metropolitan population of more than 1.6 million. is The first Cannanore lighthouses were at Fort St. Angelo, an early 16th century Portuguese fort. Lanterns were shown from the fort walls as early as 1843. A permanent light was mounted on a </SimpleData>
		<SimpleData name="arlhs">IND-079</SimpleData>
		<SimpleData name="photo">https://www.dgll.nic.in/sites/default/files/2022-11/MAHE%20LIGHTHOUSE.jpg</SimpleData>
		<SimpleData name="transcribed">1</SimpleData>
		<SimpleData name="ledger_issues">(4:Ledger has no station title; postal address names 'Kannur Lighthouse, Burnacherry Post, Kannur' although file slug is mahe-lighthouse,Position printed as 11° 51’5’ / 75° 21’4’; read as degrees-minutes-seconds (could be 51.5'/21.4'),Sequence 2.04+7.94 sums to 9.98 s, not 10 s,This ledger is published on DGLL's Mahe Lighthouse page, but its address, position and light are Kannur Lighthouse's)</SimpleData>
		<SimpleData name="equip_years">{ }</SimpleData>
		<SimpleData name="equip_since">{ }</SimpleData>
		<SimpleData name="tenders">(4:2572,2096,2025,1880)</SimpleData>
		<SimpleData name="photo_credit">DGLL</SimpleData>
	</SchemaData></ExtendedData>
      <Point><coordinates>75.35667,11.85833</coordinates></Point>
  </Placemark>
  <Placemark>
	<name>Cuddalore Lighthouse</name>
	<ExtendedData><SchemaData schemaUrl="#lighthouses">
		<SimpleData name="id">cuddalore-lighthouse</SimpleData>
		<SimpleData name="kind">lighthouse</SimpleData>
		<SimpleData name="region">Chennai</SimpleData>
		<SimpleData name="pos_src">DGLL ledger</SimpleData>
		<SimpleData name="address">The Asst. Engineer (E), Cuddalore Lighthouse, Cuddalore Old Town, Cuddalore – 607003</SimpleData>
		<SimpleData name="alol">F 0910</SimpleData>
		<SimpleData name="char">WHITE FLASH EVERY 5 SECS (FL 2.0 + EC 3.0)</SimpleData>
		<SimpleData name="ckind">Fl</SimpleData>
		<SimpleData name="colour">W</SimpleData>
		<SimpleData name="group">1</SimpleData>
		<SimpleData name="period">5</SimpleData>
		<SimpleData name="phases">(2:2,3)</SimpleData>
		<SimpleData name="phases_src">ledger</SimpleData>
		<SimpleData name="flash_s">2</SimpleData>
		<SimpleData name="sectored">0</SimpleData>
		<SimpleData name="lum_nm">12</SimpleData>
		<SimpleData name="geo_nm">13.7</SimpleData>
		<SimpleData name="reach_nm">12</SimpleData>
		<SimpleData name="elev_m">19</SimpleData>
		<SimpleData name="optic">flasher</SimpleData>
		<SimpleData name="optic_evidence">Type: LED FLASHER; Rotation Device '-'; R.P.M. '-'</SimpleData>
		<SimpleData name="optic_make">LMV, SPAIN</SimpleData>
		<SimpleData name="optic_type">LED FLASHER</SimpleData>
		<SimpleData name="led">1</SimpleData>
		<SimpleData name="solar">1</SimpleData>
		<SimpleData name="ais">0</SimpleData>
		<SimpleData name="dgps">0</SimpleData>
		<SimpleData name="vts">0</SimpleData>
		<SimpleData name="tower_type">CIRCULAR RCC Tower</SimpleData>
		<SimpleData name="tower_h_m">19</SimpleData>
		<SimpleData name="tower_colour">White</SimpleData>
		<SimpleData name="tower_year">1890</SimpleData>
		<SimpleData name="established">1890</SimpleData>
		<SimpleData name="visit">grounds</SimpleData>
		<SimpleData name="tourism">0</SimpleData>
		<SimpleData name="museum">0</SimpleData>
		<SimpleData name="record">1</SimpleData>
		<SimpleData name="ledger_url">https://www.dgll.nic.in/sites/default/files/2022-12/ch6.pdf</SimpleData>
		<SimpleData name="page_url">https://www.dgll.nic.in/DGLL-light-house-location/about-chennai/cuddalore-lighthouse</SimpleData>
		<SimpleData name="rowlett">1890 (British). Active; focal plane 13 m (43 ft); three white flashes every 10 s. 16 m (52 ft) round cylindrical tower with lantern and gallery. Lighthouse painted white; lantern dome is red. Chandru Sekar has the 2021 photo seen at right, a 2018 photo is available, P.J. Sinna has a 2011 photo, and Google has a satellite view. This historic lighthouse and the Kodikkaraik lighthouse mark the northern entrance to Palk Bay. Located on Calimere Point, about 60 km (37.5 mi) south of Nagappattinam. Site open, tower status unknown. ARLHS IND-024; Admiralty F0910; NGA 27144.</SimpleData>
		<SimpleData name="arlhs">IND-024</SimpleData>
		<SimpleData name="photo">https://www.dgll.nic.in/sites/default/files/2022-11/dg6.jpg</SimpleData>
		<SimpleData name="transcribed">1</SimpleData>
		<SimpleData name="ledger_issues">(0:)</SimpleData>
		<SimpleData name="equip_years">{ }</SimpleData>
		<SimpleData name="equip_since">{ }</SimpleData>
		<SimpleData name="tenders">(2:2277,2003)</SimpleData>
		<SimpleData name="photo_credit">DGLL</SimpleData>
	</SchemaData></ExtendedData>
      <Point><coordinates>79.77267,11.7035</coordinates></Point>
  </Placemark>
  <Placemark>
	<name>Mahe Lighthouse</name>
	<ExtendedData><SchemaData schemaUrl="#lighthouses">
		<SimpleData name="id">mahe-lighthouse</SimpleData>
		<SimpleData name="kind">lighthouse</SimpleData>
		<SimpleData name="region">Kochi</SimpleData>
		<SimpleData name="pos_src">OpenStreetMap way/841683098</SimpleData>
		<SimpleData name="address">Navigational Assistant Gr-I Kannur Lighthouse Burnacherry Post ,Near guest house Kannur-670013 Kerala</SimpleData>
		<SimpleData name="alol">F 0678</SimpleData>
		<SimpleData name="char">two white flashes every 10 s</SimpleData>
		<SimpleData name="ckind">Fl</SimpleData>
		<SimpleData name="colour">W</SimpleData>
		<SimpleData name="group">2</SimpleData>
		<SimpleData name="period">10</SimpleData>
		<SimpleData name="phases">(4:0.7,1,0.7,7.6)</SimpleData>
		<SimpleData name="phases_src">derived</SimpleData>
		<SimpleData name="geo_nm">16</SimpleData>
		<SimpleData name="reach_nm">16</SimpleData>
		<SimpleData name="elev_m">30</SimpleData>
		<SimpleData name="vts">0</SimpleData>
		<SimpleData name="tower_type">13 m (43 ft) round cylindrical white stone or concrete tower with gallery; lantern removed</SimpleData>
		<SimpleData name="tower_h_m">13</SimpleData>
		<SimpleData name="tower_year">1893</SimpleData>
		<SimpleData name="established">1885</SimpleData>
		<SimpleData name="tourism">0</SimpleData>
		<SimpleData name="museum">0</SimpleData>
		<SimpleData name="record">1</SimpleData>
		<SimpleData name="rowlett">1893 (station established 1885). Active; focal plane 30 m (98 ft); two white flashes every 10 s. 13 m (43 ft) round cylindrical white stone or concrete tower with gallery; lantern removed. José Thomas has a 2022 closeup photo, a 2016 closeup photo and a view from the beach are available, and Google has a satellite view. The top of the lighthouse is seen in a street view from the riverside walkway. The light here was described for many years as a &quot;white mast on a stone base,&quot; and a photo of the pyramidal base is available. Located at the base of the breakwater on the south side of the entrance to the Mahé (Mayyazhi) River. A popular riverside walkway passes the lighthouse. Site open, tower cl</SimpleData>
		<SimpleData name="no_ledger">1</SimpleData>
		<SimpleData name="equip_years">{ }</SimpleData>
		<SimpleData name="equip_since">{ }</SimpleData>
		<SimpleData name="tenders">(1:2244)</SimpleData>
	</SchemaData></ExtendedData>
      <Point><coordinates>75.53002,11.70214</coordinates></Point>
  </Placemark>
  <Placemark>
	<name>CHETLAT LIGHTHOUSE</name>
	<ExtendedData><SchemaData schemaUrl="#lighthouses">
		<SimpleData name="id">chetlat-lighthouse</SimpleData>
		<SimpleData name="kind">lighthouse</SimpleData>
		<SimpleData name="region">Kochi</SimpleData>
		<SimpleData name="pos_src">DGLL ledger</SimpleData>
		<SimpleData name="alol">F-0749</SimpleData>
		<SimpleData name="char">Fl (3) White 30 Sec</SimpleData>
		<SimpleData name="ckind">Fl</SimpleData>
		<SimpleData name="colour">W</SimpleData>
		<SimpleData name="group">3</SimpleData>
		<SimpleData name="period">30</SimpleData>
		<SimpleData name="phases">(6:1,2,1,2,1,23)</SimpleData>
		<SimpleData name="phases_src">derived</SimpleData>
		<SimpleData name="sectored">0</SimpleData>
		<SimpleData name="lum_nm">17.16</SimpleData>
		<SimpleData name="geo_nm">17.1</SimpleData>
		<SimpleData name="reach_nm">17.1</SimpleData>
		<SimpleData name="elev_m">36</SimpleData>
		<SimpleData name="optic">flasher</SimpleData>
		<SimpleData name="optic_evidence">Optic MBL-160, Type: LED Flasher</SimpleData>
		<SimpleData name="optic_make">MsM, Spain</SimpleData>
		<SimpleData name="optic_model">MBL-160</SimpleData>
		<SimpleData name="optic_type">LED Flasher</SimpleData>
		<SimpleData name="led">1</SimpleData>
		<SimpleData name="solar">1</SimpleData>
		<SimpleData name="ais">0</SimpleData>
		<SimpleData name="dgps">0</SimpleData>
		<SimpleData name="vts">0</SimpleData>
		<SimpleData name="tower_type">G I trestle tower</SimpleData>
		<SimpleData name="tower_h_m">30</SimpleData>
		<SimpleData name="tower_colour">Black and White Band</SimpleData>
		<SimpleData name="tower_year">1984</SimpleData>
		<SimpleData name="established">1984</SimpleData>
		<SimpleData name="visit">grounds</SimpleData>
		<SimpleData name="tourism">0</SimpleData>
		<SimpleData name="museum">0</SimpleData>
		<SimpleData name="record">1</SimpleData>
		<SimpleData name="ledger_url">https://www.dgll.nic.in/sites/default/files/2022-12/Master%20Ledger%20Cochin%2018.pdf</SimpleData>
		<SimpleData name="page_url">https://www.dgll.nic.in/DGLL-light-house-location/about-kochi/chetlat-lighthouse</SimpleData>
		<SimpleData name="rowlett">1984. Active; focal plane 36 m (118 ft); three white flashes every 30 s. 30 m (98 ft) square galvanized iron skeletal tower, painted with black and white horizontal bands; there is a 1-story concrete equipment room inside the base. Google has a satellite view. Another sibling of the Amini Light. Chetlat is a small, isolated island on the northeast side of the Amindivis. Boat transportation is available about once a week from the other islands. Located by the pier on the west side of the island. Site open, tower closed. Admiralty F0749; NGA 27588.</SimpleData>
		<SimpleData name="photo">https://www.dgll.nic.in/sites/default/files/2022-11/CHETLAT%20LIGHTHOUSE.jpg</SimpleData>
		<SimpleData name="transcribed">1</SimpleData>
		<SimpleData name="ledger_issues">(3:Ledger never names the station; postal address and facilities refer to Kadamat Lighthouse / Kadamat Island, so this sheet may be Kadamat's data filed under Chetlat,Position minutes printed with a double-prime (&quot;) sign; treated as decimal minutes,Source of energy says 'Solar Plant: NIL' yet lists solar panels)</SimpleData>
		<SimpleData name="equip_years">{ }</SimpleData>
		<SimpleData name="equip_since">{ }</SimpleData>
		<SimpleData name="tenders">(2:2543,2075)</SimpleData>
		<SimpleData name="photo_credit">DGLL</SimpleData>
	</SchemaData></ExtendedData>
      <Point><coordinates>72.71833,11.69667</coordinates></Point>
  </Placemark>
  <Placemark>
	<name>BITRA LIGHTHOUSE</name>
	<ExtendedData><SchemaData schemaUrl="#lighthouses">
		<SimpleData name="id">bitra-lighthouse</SimpleData>
		<SimpleData name="kind">lighthouse</SimpleData>
		<SimpleData name="region">Kochi</SimpleData>
		<SimpleData name="pos_src">DGLL ledger</SimpleData>
		<SimpleData name="address">Lighthouse Attendant, Bitra Lighthouse, Bitra island, UT of Lakshadweep, 680 554</SimpleData>
		<SimpleData name="alol">F-0750</SimpleData>
		<SimpleData name="char">Fl (2) White 10 Sec</SimpleData>
		<SimpleData name="ckind">Fl</SimpleData>
		<SimpleData name="colour">W</SimpleData>
		<SimpleData name="group">2</SimpleData>
		<SimpleData name="period">10</SimpleData>
		<SimpleData name="phases">(4:0.7,1,0.7,7.6)</SimpleData>
		<SimpleData name="phases_src">derived</SimpleData>
		<SimpleData name="sectored">0</SimpleData>
		<SimpleData name="lum_nm">16.62</SimpleData>
		<SimpleData name="geo_nm">16.6</SimpleData>
		<SimpleData name="reach_nm">16.6</SimpleData>
		<SimpleData name="elev_m">33</SimpleData>
		<SimpleData name="optic">flasher</SimpleData>
		<SimpleData name="optic_evidence">Optic MBL-160, Type: LED Flasher</SimpleData>
		<SimpleData name="optic_make">MSM, Spain</SimpleData>
		<SimpleData name="optic_model">MBL-160</SimpleData>
		<SimpleData name="optic_type">LED Flasher</SimpleData>
		<SimpleData name="led">1</SimpleData>
		<SimpleData name="solar">1</SimpleData>
		<SimpleData name="ais">0</SimpleData>
		<SimpleData name="dgps">0</SimpleData>
		<SimpleData name="vts">0</SimpleData>
		<SimpleData name="tower_type">G I trestle tower</SimpleData>
		<SimpleData name="tower_h_m">30</SimpleData>
		<SimpleData name="tower_colour">Red and White Band</SimpleData>
		<SimpleData name="tower_year">1984</SimpleData>
		<SimpleData name="established">1977</SimpleData>
		<SimpleData name="visit">grounds</SimpleData>
		<SimpleData name="tourism">0</SimpleData>
		<SimpleData name="museum">0</SimpleData>
		<SimpleData name="record">1</SimpleData>
		<SimpleData name="ledger_url">https://www.dgll.nic.in/sites/default/files/2022-12/Master%20Ledger%20Cochin%2019.pdf</SimpleData>
		<SimpleData name="page_url">https://www.dgll.nic.in/DGLL-light-house-location/about-kochi/bitra-lighthouse</SimpleData>
		<SimpleData name="rowlett">1984 (station established 1977). Active; focal plane 33 m (108 ft); nine quick white flashes every 10 s. 30 m (98 ft) square galvanized iron skeletal tower, painted with red and white horizontal bands; there is a 1-story concrete equipment room inside the base. The tower is hard to see in Google's satellite view. One more Amini class lighthouse. The original light was on a shorter wood skeletal tower. Bitra is a small island in a large atoll on the west side of the Amindivis. Site open, tower closed. ARLHS LAK-003; Admiralty F0750; NGA 27580.</SimpleData>
		<SimpleData name="arlhs">LAK-003</SimpleData>
		<SimpleData name="photo">https://www.dgll.nic.in/sites/default/files/2022-11/BITRA%20LIGHTHOUSE.jpg</SimpleData>
		<SimpleData name="transcribed">1</SimpleData>
		<SimpleData name="ledger_issues">(3:Position minutes printed with a double-prime (&quot;) sign; treated as decimal minutes,Source of energy says 'Solar Plant: NIL' yet lists solar panels for main light and automation,Year taken from date of commissioning 07.05.1984)</SimpleData>
		<SimpleData name="equip_years">{ }</SimpleData>
		<SimpleData name="equip_since">{ }</SimpleData>
		<SimpleData name="tenders">(2:2578,2542)</SimpleData>
		<SimpleData name="photo_credit">DGLL</SimpleData>
	</SchemaData></ExtendedData>
      <Point><coordinates>72.19,11.59667</coordinates></Point>
  </Placemark>
  <Placemark>
	<name>Portonovo Lighthouse And Navtex Station</name>
	<ExtendedData><SchemaData schemaUrl="#lighthouses">
		<SimpleData name="id">portonovo-lighthouse-and-navtex-station</SimpleData>
		<SimpleData name="kind">lighthouse</SimpleData>
		<SimpleData name="region">Chennai</SimpleData>
		<SimpleData name="pos_src">DGLL ledger</SimpleData>
		<SimpleData name="alol">F 0919</SimpleData>
		<SimpleData name="char">Single FL.W. every 15 Sec</SimpleData>
		<SimpleData name="ckind">Fl</SimpleData>
		<SimpleData name="colour">W</SimpleData>
		<SimpleData name="group">1</SimpleData>
		<SimpleData name="period">15</SimpleData>
		<SimpleData name="phases">(2:0.95,14.05)</SimpleData>
		<SimpleData name="phases_src">derived</SimpleData>
		<SimpleData name="sectored">0</SimpleData>
		<SimpleData name="lum_nm">25.7</SimpleData>
		<SimpleData name="geo_nm">16.6</SimpleData>
		<SimpleData name="iala_nm">19.8</SimpleData>
		<SimpleData name="reach_nm">16.6</SimpleData>
		<SimpleData name="intensity_cd">103000</SimpleData>
		<SimpleData name="elev_m">32.99</SimpleData>
		<SimpleData name="optic">revolving</SimpleData>
		<SimpleData name="optic_evidence">Type: Rotating Beacon; Rotation Device: In built DC Motor; R.P.M. 4</SimpleData>
		<SimpleData name="optic_make">MBR-300 (Acrylic Fresnel Lancer)</SimpleData>
		<SimpleData name="optic_model">MBR-300</SimpleData>
		<SimpleData name="optic_type">Rotating Beacon</SimpleData>
		<SimpleData name="optic_size">L - 847 mm / B - 312.8 mm</SimpleData>
		<SimpleData name="rpm">4</SimpleData>
		<SimpleData name="panels">6</SimpleData>
		<SimpleData name="led">1</SimpleData>
		<SimpleData name="solar">1</SimpleData>
		<SimpleData name="ais">1</SimpleData>
		<SimpleData name="dgps">0</SimpleData>
		<SimpleData name="racon">B</SimpleData>
		<SimpleData name="navtex">{ &quot;id_518&quot;: &quot;O&quot;, &quot;id_490&quot;: &quot;E&quot; }</SimpleData>
		<SimpleData name="vts">0</SimpleData>
		<SimpleData name="tower_type">Circular tower</SimpleData>
		<SimpleData name="tower_h_m">30</SimpleData>
		<SimpleData name="tower_colour">Red and White Band</SimpleData>
		<SimpleData name="tower_year">1981</SimpleData>
		<SimpleData name="established">1981</SimpleData>
		<SimpleData name="visit">open</SimpleData>
		<SimpleData name="tourism">0</SimpleData>
		<SimpleData name="museum">0</SimpleData>
		<SimpleData name="record">1</SimpleData>
		<SimpleData name="ledger_url">https://www.dgll.nic.in/sites/default/files/2022-12/ch7.pdf</SimpleData>
		<SimpleData name="page_url">https://www.dgll.nic.in/DGLL-light-house-location/about-chennai/portonovo-lighthouse-and-navtex-station</SimpleData>
		<SimpleData name="rowlett">1981. Active; focal plane 36 m (118 ft); white flash every 15 s. 39 m (128 ft) round cylindrical concrete tower with lantern and double gallery, painted with horizontal red and white bands. Vinoth Kuma's 2022 photo is at right, P.C.R. Antony has a closeup photo, Hasan Shaik has a photo, and Google has a satellite view. This was another location hit badly by the tsunami of 26 December 2004. One of the keepers lost his father and his son to the tsunami. The three daughters of the head keeper were also washed away, but they were rescued by local villagers. Named by Portuguese sailors, Porto Novo (Parangipettai) is a historic European base (its Tamil name means &quot;home of the foreigners&quot;). However</SimpleData>
		<SimpleData name="arlhs">IND-053</SimpleData>
		<SimpleData name="wikidata">Q126085369</SimpleData>
		<SimpleData name="photo">https://www.dgll.nic.in/sites/default/files/2022-11/dg7.jpg</SimpleData>
		<SimpleData name="transcribed">1</SimpleData>
		<SimpleData name="ledger_issues">(5:Duration of Flash given as '15 Sec', same as the period; not transcribed as flash_duration_s,Intensity printed as '10,3000 Cdls' (irregular digit grouping), read as 103000,NAIS MMSI printed as '88' (implausible),6 lenses at 4 RPM does not match a single flash every 15 s unless panels are blanked; not stated,Emergency light: Halogen Lamp 100 watts / 12 V DC (Drum Optic))</SimpleData>
		<SimpleData name="equip_years">{ &quot;racon&quot;: 2013, &quot;ais&quot;: 2015 }</SimpleData>
		<SimpleData name="equip_since">{ &quot;navtex&quot;: { &quot;year&quot;: 2015, &quot;src&quot;: &quot;network&quot; }, &quot;racon&quot;: { &quot;year&quot;: 2013, &quot;src&quot;: &quot;ledger&quot; }, &quot;ais&quot;: { &quot;year&quot;: 2015, &quot;src&quot;: &quot;ledger&quot; } }</SimpleData>
		<SimpleData name="tenders">(5:2587,2060,2002,1821,1698)</SimpleData>
		<SimpleData name="photo_credit">DGLL</SimpleData>
	</SchemaData></ExtendedData>
      <Point><coordinates>79.77,11.50417</coordinates></Point>
  </Placemark>
  <Placemark>
	<name>KILTAN LIGHTHOUSE (NORTH)</name>
	<ExtendedData><SchemaData schemaUrl="#lighthouses">
		<SimpleData name="id">kiltan-lighthouse-north</SimpleData>
		<SimpleData name="kind">lighthouse</SimpleData>
		<SimpleData name="region">Kochi</SimpleData>
		<SimpleData name="pos_src">DGLL ledger</SimpleData>
		<SimpleData name="alol">F 0752</SimpleData>
		<SimpleData name="char">Fl (2) W 15 sec</SimpleData>
		<SimpleData name="ckind">Fl</SimpleData>
		<SimpleData name="colour">W</SimpleData>
		<SimpleData name="group">2</SimpleData>
		<SimpleData name="period">15</SimpleData>
		<SimpleData name="phases">(4:0.53,1.5,0.53,12.44)</SimpleData>
		<SimpleData name="phases_src">derived</SimpleData>
		<SimpleData name="flash_s">0.53</SimpleData>
		<SimpleData name="sectored">0</SimpleData>
		<SimpleData name="lum_nm">11.3</SimpleData>
		<SimpleData name="geo_nm">12.1</SimpleData>
		<SimpleData name="reach_nm">11.3</SimpleData>
		<SimpleData name="elev_m">13</SimpleData>
		<SimpleData name="optic">flasher</SimpleData>
		<SimpleData name="optic_evidence">Type: Electronic Flashing Unit; LED marine flashing lantern, 9 LED arranged in circular array</SimpleData>
		<SimpleData name="optic_make">Mediterraneo Senales Maritimas</SimpleData>
		<SimpleData name="optic_model">MBL -160</SimpleData>
		<SimpleData name="optic_type">Electronic Flashing Unit</SimpleData>
		<SimpleData name="optic_size">Lamp Unit Dia 48.00CM</SimpleData>
		<SimpleData name="led">1</SimpleData>
		<SimpleData name="solar">1</SimpleData>
		<SimpleData name="ais">0</SimpleData>
		<SimpleData name="dgps">0</SimpleData>
		<SimpleData name="vts">0</SimpleData>
		<SimpleData name="tower_type">Square RCC Block tower</SimpleData>
		<SimpleData name="tower_h_m">13</SimpleData>
		<SimpleData name="tower_colour">White</SimpleData>
		<SimpleData name="tower_year">2011</SimpleData>
		<SimpleData name="established">1937</SimpleData>
		<SimpleData name="visit">grounds</SimpleData>
		<SimpleData name="tourism">0</SimpleData>
		<SimpleData name="museum">0</SimpleData>
		<SimpleData name="record">1</SimpleData>
		<SimpleData name="ledger_url">https://www.dgll.nic.in/sites/default/files/2022-12/Master%20Ledger%20Cochin%2020.pdf</SimpleData>
		<SimpleData name="page_url">https://www.dgll.nic.in/DGLL-light-house-location/about-kochi/kiltan-lighthouse-north</SimpleData>
		<SimpleData name="rowlett">2011 (station established 1937). Active; focal plane 16 m (52 ft); two white flashes every 15 s. 15 m (49 ft) square cylindrical brick tower with gallery, painted white. Aflal Hussain has the closeup 2022 photo at right and Google has a satellite view. The original light, shown from a 6 m (20 ft) mast atop a 9 m (30 ft) masonry base, was the only navigational light in the islands, except for the Minicoy lighthouse, until the Androth East End lighthouse was built in 1967. It was replaced in 1976 by a cylindrical white concrete tower with two galleries. Located on the beach at the extreme northern tip of the island. Site open, tower closed. ARLHS LAK-007; Admiralty F0752; NGA 27572.</SimpleData>
		<SimpleData name="arlhs">LAK-007</SimpleData>
		<SimpleData name="photo">https://www.dgll.nic.in/sites/default/files/2022-11/KILTAN%20LIGHTHOUSE%20%28NORTH%29.jpg</SimpleData>
		<SimpleData name="transcribed">1</SimpleData>
		<SimpleData name="ledger_issues">(0:)</SimpleData>
		<SimpleData name="equip_years">{ }</SimpleData>
		<SimpleData name="equip_since">{ }</SimpleData>
		<SimpleData name="tenders">(1:1706)</SimpleData>
		<SimpleData name="photo_credit">DGLL</SimpleData>
	</SchemaData></ExtendedData>
      <Point><coordinates>72.99917,11.4965</coordinates></Point>
  </Placemark>
  <Placemark>
	<name>KILTAN LIGHTHOUSE (SOUTH)</name>
	<ExtendedData><SchemaData schemaUrl="#lighthouses">
		<SimpleData name="id">kiltan-lighthouse-south</SimpleData>
		<SimpleData name="kind">lighthouse</SimpleData>
		<SimpleData name="region">Kochi</SimpleData>
		<SimpleData name="pos_src">DGLL ledger</SimpleData>
		<SimpleData name="address">Head Light Keeper Kiltan Lighthouse Kiltan PO UT of Lakshadweep PIN:682558</SimpleData>
		<SimpleData name="alol">F 0754</SimpleData>
		<SimpleData name="char">Fl (1) W 10 sec</SimpleData>
		<SimpleData name="ckind">Fl</SimpleData>
		<SimpleData name="colour">W</SimpleData>
		<SimpleData name="group">1</SimpleData>
		<SimpleData name="period">10</SimpleData>
		<SimpleData name="phases">(2:0.53,9.470000000000001)</SimpleData>
		<SimpleData name="phases_src">derived</SimpleData>
		<SimpleData name="flash_s">0.53</SimpleData>
		<SimpleData name="sectored">0</SimpleData>
		<SimpleData name="lum_nm">18</SimpleData>
		<SimpleData name="geo_nm">18</SimpleData>
		<SimpleData name="iala_nm">22.1</SimpleData>
		<SimpleData name="reach_nm">18</SimpleData>
		<SimpleData name="intensity_cd">256989</SimpleData>
		<SimpleData name="elev_m">41.43</SimpleData>
		<SimpleData name="optic">revolving</SimpleData>
		<SimpleData name="optic_order">4</SimpleData>
		<SimpleData name="optic_evidence">Type: Revolving type; Drive: Dual stepper motor; R.P.M. 3</SimpleData>
		<SimpleData name="optic_make">J Stone &amp; Co, Calcutta, India</SimpleData>
		<SimpleData name="optic_type">Revolving type</SimpleData>
		<SimpleData name="optic_size">300mm</SimpleData>
		<SimpleData name="rpm">3</SimpleData>
		<SimpleData name="panels">2</SimpleData>
		<SimpleData name="led">1</SimpleData>
		<SimpleData name="solar">1</SimpleData>
		<SimpleData name="ais">1</SimpleData>
		<SimpleData name="dgps">0</SimpleData>
		<SimpleData name="racon">O</SimpleData>
		<SimpleData name="vts">0</SimpleData>
		<SimpleData name="tower_type">Circular CC Block Masonary tower</SimpleData>
		<SimpleData name="tower_h_m">37</SimpleData>
		<SimpleData name="tower_colour">Red and White Band</SimpleData>
		<SimpleData name="tower_year">1976</SimpleData>
		<SimpleData name="established">1974</SimpleData>
		<SimpleData name="visit">grounds</SimpleData>
		<SimpleData name="tourism">0</SimpleData>
		<SimpleData name="museum">0</SimpleData>
		<SimpleData name="record">1</SimpleData>
		<SimpleData name="ledger_url">https://www.dgll.nic.in/sites/default/files/2022-12/Master%20Ledger%20Cochin%2021.pdf</SimpleData>
		<SimpleData name="page_url">https://www.dgll.nic.in/DGLL-light-house-location/about-kochi/kiltan-lighthouse-south</SimpleData>
		<SimpleData name="rowlett">1976 (station established 1974). Active; focal plane 41 m (134 ft); white flash every 10 s. 41 m (134 ft) round cylindrical concrete block tower with lantern and gallery. Lighthouse painted with horizontal red and white bands. A 2024 photo is at right, a 2020 closeup and a 2008 photo are available, Aqueeb Javid has a 2023 view, and Google has a satellite view. Kiltan is the easternmost of the Amindivi Islands, located about 40 km (25 mi) northeast of Kadmat. The island is accessible by passenger ferry from Amini and, less often, from Cochin. A temporary light on a wood skeletal tower was replaced by this substantial lighthouse. Located at the southern tip of the island. Site open, tower clos</SimpleData>
		<SimpleData name="arlhs">LAK-008</SimpleData>
		<SimpleData name="photo">https://www.dgll.nic.in/sites/default/files/2022-11/KILTAN%20LIGHTHOUSE%20%28SOUTH%29.jpg</SimpleData>
		<SimpleData name="transcribed">1</SimpleData>
		<SimpleData name="ledger_issues">(0:)</SimpleData>
		<SimpleData name="equip_years">{ &quot;racon&quot;: 2008 }</SimpleData>
		<SimpleData name="equip_since">{ &quot;racon&quot;: { &quot;year&quot;: 2008, &quot;src&quot;: &quot;ledger&quot; }, &quot;ais&quot;: { &quot;year&quot;: 2012, &quot;src&quot;: &quot;network&quot; } }</SimpleData>
		<SimpleData name="tenders">(1:2076)</SimpleData>
		<SimpleData name="photo_credit">DGLL</SimpleData>
	</SchemaData></ExtendedData>
      <Point><coordinates>73.00767,11.46883</coordinates></Point>
  </Placemark>
  <Placemark>
	<name>KADALUR POINT LIGHTHOUSE</name>
	<ExtendedData><SchemaData schemaUrl="#lighthouses">
		<SimpleData name="id">kadalur-point-lighthouse</SimpleData>
		<SimpleData name="kind">lighthouse</SimpleData>
		<SimpleData name="region">Kochi</SimpleData>
		<SimpleData name="pos_src">DGLL ledger</SimpleData>
		<SimpleData name="alol">F 0682</SimpleData>
		<SimpleData name="char">Fl (1) W 5 sec (fl 0.27)</SimpleData>
		<SimpleData name="ckind">Fl</SimpleData>
		<SimpleData name="colour">W</SimpleData>
		<SimpleData name="group">1</SimpleData>
		<SimpleData name="period">5</SimpleData>
		<SimpleData name="phases">(2:0.27,4.73)</SimpleData>
		<SimpleData name="phases_src">derived</SimpleData>
		<SimpleData name="flash_s">0.27</SimpleData>
		<SimpleData name="sectored">0</SimpleData>
		<SimpleData name="lum_nm">20</SimpleData>
		<SimpleData name="geo_nm">20.3</SimpleData>
		<SimpleData name="iala_nm">22.8</SimpleData>
		<SimpleData name="reach_nm">20</SimpleData>
		<SimpleData name="intensity_cd">340000</SimpleData>
		<SimpleData name="elev_m">57</SimpleData>
		<SimpleData name="optic">revolving</SimpleData>
		<SimpleData name="optic_evidence">Type: Revolving Type; Rotation Device: Stepper motor; R.P.M. 3</SimpleData>
		<SimpleData name="optic_make">M/s Chance Bros, UK</SimpleData>
		<SimpleData name="optic_type">Revolving Type</SimpleData>
		<SimpleData name="optic_size">700mm</SimpleData>
		<SimpleData name="rpm">3</SimpleData>
		<SimpleData name="panels">4</SimpleData>
		<SimpleData name="led">1</SimpleData>
		<SimpleData name="solar">1</SimpleData>
		<SimpleData name="ais">1</SimpleData>
		<SimpleData name="dgps">0</SimpleData>
		<SimpleData name="vts">0</SimpleData>
		<SimpleData name="tower_type">Circular stone masonry tower on RCC Base</SimpleData>
		<SimpleData name="tower_h_m">34</SimpleData>
		<SimpleData name="tower_colour">Black and White Band</SimpleData>
		<SimpleData name="tower_year">1909</SimpleData>
		<SimpleData name="established">1909</SimpleData>
		<SimpleData name="visit">open</SimpleData>
		<SimpleData name="tourism">1</SimpleData>
		<SimpleData name="museum">0</SimpleData>
		<SimpleData name="record">1</SimpleData>
		<SimpleData name="ledger_url">https://www.dgll.nic.in/sites/default/files/2022-12/Master%20Ledger%20Cochin%2005.pdf</SimpleData>
		<SimpleData name="page_url">https://www.dgll.nic.in/DGLL-light-house-location/about-kochi/kadalur-point-lighthouse</SimpleData>
		<SimpleData name="rowlett">1909. Active; focal plane 57 m (187 ft); white flash every 5 s. 35 m (115 ft) round concrete tower with lantern and gallery, painted with black and white horizontal bands; lantern dome painted red. Nidhin Raj has a closeup 2024 photo, a 2011 photo is available, Mahfooz Ceecy has a 2017 closeup, and Google has a satellite view. The lighthouse marks dangerous offshore shoals and a rocky reef called Velliyamkallu or Sacrifice Rock. The 100th anniversary of the lighthouse was celebrated in 2009. In September 2012 officials announced plans to develop the station as a tourist attraction. Currently it is not so easy to find; local guidance may be needed. Located on a low promontory 6 km (3.8 mi) no</SimpleData>
		<SimpleData name="arlhs">IND-013</SimpleData>
		<SimpleData name="wikidata">Q20575355</SimpleData>
		<SimpleData name="photo">https://www.dgll.nic.in/sites/default/files/2022-11/KADALUR%20POINT%20LIGHTHOUSE.jpg</SimpleData>
		<SimpleData name="transcribed">1</SimpleData>
		<SimpleData name="ledger_issues">(1:NAIS MMSI not given ('---'))</SimpleData>
		<SimpleData name="equip_years">{ }</SimpleData>
		<SimpleData name="equip_since">{ &quot;ais&quot;: { &quot;year&quot;: 2012, &quot;src&quot;: &quot;network&quot; } }</SimpleData>
		<SimpleData name="tenders">(3:2571,2244,1410)</SimpleData>
		<SimpleData name="photo_credit">DGLL</SimpleData>
	</SchemaData></ExtendedData>
      <Point><coordinates>75.63833,11.46667</coordinates></Point>
  </Placemark>
  <Placemark>
	<name>KADAMAT LIGHTHOUSE</name>
	<ExtendedData><SchemaData schemaUrl="#lighthouses">
		<SimpleData name="id">kadamat-lighthouse</SimpleData>
		<SimpleData name="kind">lighthouse</SimpleData>
		<SimpleData name="region">Kochi</SimpleData>
		<SimpleData name="pos_src">DGLL ledger</SimpleData>
		<SimpleData name="address">Lighthouse Attendant, Kadamat Lighthouse, Kadamat island, UT of Lakshadweep, 680 556</SimpleData>
		<SimpleData name="alol">F-0755.5</SimpleData>
		<SimpleData name="char">Fl (4) White 20 Sec</SimpleData>
		<SimpleData name="ckind">Fl</SimpleData>
		<SimpleData name="colour">W</SimpleData>
		<SimpleData name="group">4</SimpleData>
		<SimpleData name="period">20</SimpleData>
		<SimpleData name="phases">(8:1,2,1,2,1,2,1,10)</SimpleData>
		<SimpleData name="phases_src">derived</SimpleData>
		<SimpleData name="sectored">0</SimpleData>
		<SimpleData name="lum_nm">16.8</SimpleData>
		<SimpleData name="geo_nm">16.7</SimpleData>
		<SimpleData name="reach_nm">16.7</SimpleData>
		<SimpleData name="elev_m">34</SimpleData>
		<SimpleData name="optic">flasher</SimpleData>
		<SimpleData name="optic_evidence">Optic MBL-160, Type: LED Flasher</SimpleData>
		<SimpleData name="optic_make">MsM, Spain</SimpleData>
		<SimpleData name="optic_model">MBL-160</SimpleData>
		<SimpleData name="optic_type">LED Flasher</SimpleData>
		<SimpleData name="led">1</SimpleData>
		<SimpleData name="solar">1</SimpleData>
		<SimpleData name="ais">0</SimpleData>
		<SimpleData name="dgps">0</SimpleData>
		<SimpleData name="racon">G</SimpleData>
		<SimpleData name="vts">0</SimpleData>
		<SimpleData name="tower_type">G I trestle tower</SimpleData>
		<SimpleData name="tower_h_m">30</SimpleData>
		<SimpleData name="tower_colour">White Band</SimpleData>
		<SimpleData name="tower_year">1988</SimpleData>
		<SimpleData name="established">1976</SimpleData>
		<SimpleData name="visit">grounds</SimpleData>
		<SimpleData name="tourism">0</SimpleData>
		<SimpleData name="museum">0</SimpleData>
		<SimpleData name="record">1</SimpleData>
		<SimpleData name="ledger_url">https://www.dgll.nic.in/sites/default/files/2022-12/Master%20Ledger%20Cochin%2022.pdf</SimpleData>
		<SimpleData name="page_url">https://www.dgll.nic.in/DGLL-light-house-location/about-kochi/kadamat-lighthouse</SimpleData>
		<SimpleData name="rowlett">1988 (station established 1976). Active; focal plane 40 m (131 ft); white flash every 5 s. 38 m (125 ft) round cylindrical concrete tower with lantern and double gallery. Lighthouse painted white; lantern roof is red. A 2021 photo by Dawn Dennies is at right, Mike Prince has a closeup photo, Manish Singh has a view from the sea, M. Vijayan has a 2017 photo, Arun C. Mehta has a 2018 closeup, and Google has an indistinct satellite view. The original light was on a wood skeletal tower. Kavaratti, in the central part of the Laccadives, has been the capital of Lakshadweep since 1964. The town has a population of about 12,000. The island is accessible by passenger ferry from Cochin or by helicopte</SimpleData>
		<SimpleData name="arlhs">LAK-006</SimpleData>
		<SimpleData name="photo">https://www.dgll.nic.in/sites/default/files/2022-11/KADAMAT%20LIGHTHOUSE.jpg</SimpleData>
		<SimpleData name="transcribed">1</SimpleData>
		<SimpleData name="ledger_issues">(2:Position printed with seconds sign after decimal minutes (11°15.43″, 72°47.44″); converted as decimal minutes,Solar section headed 'Solar Plant: NIL' yet lists solar panels for main light, RACON and automation)</SimpleData>
		<SimpleData name="equip_years">{ &quot;racon&quot;: 2008 }</SimpleData>
		<SimpleData name="equip_since">{ &quot;racon&quot;: { &quot;year&quot;: 2008, &quot;src&quot;: &quot;ledger&quot; } }</SimpleData>
		<SimpleData name="tenders">(1:2540)</SimpleData>
		<SimpleData name="photo_credit">DGLL</SimpleData>
	</SchemaData></ExtendedData>
      <Point><coordinates>72.79067,11.25717</coordinates></Point>
  </Placemark>
  <Placemark>
	<name>BEYPORE LIGHTHOUSE</name>
	<ExtendedData><SchemaData schemaUrl="#lighthouses">
		<SimpleData name="id">beypore-lighthouse</SimpleData>
		<SimpleData name="kind">lighthouse</SimpleData>
		<SimpleData name="region">Kochi</SimpleData>
		<SimpleData name="pos_src">DGLL ledger</SimpleData>
		<SimpleData name="address">Head Light Keeper, Beypore Lighthouse, Chaliyam P.O Kozhikode Dist. Kerala-673301</SimpleData>
		<SimpleData name="alol">F-0689</SimpleData>
		<SimpleData name="char">Flash (2) White-15 Seconds</SimpleData>
		<SimpleData name="ckind">Fl</SimpleData>
		<SimpleData name="colour">W</SimpleData>
		<SimpleData name="group">2</SimpleData>
		<SimpleData name="period">15</SimpleData>
		<SimpleData name="phases">(4:0.48,3.27,0.48,10.77)</SimpleData>
		<SimpleData name="phases_src">ledger</SimpleData>
		<SimpleData name="flash_s">0.48</SimpleData>
		<SimpleData name="sectored">0</SimpleData>
		<SimpleData name="lum_nm">24</SimpleData>
		<SimpleData name="geo_nm">16.4</SimpleData>
		<SimpleData name="iala_nm">26</SimpleData>
		<SimpleData name="reach_nm">16.4</SimpleData>
		<SimpleData name="intensity_cd">1164442</SimpleData>
		<SimpleData name="elev_m">32</SimpleData>
		<SimpleData name="optic">revolving</SimpleData>
		<SimpleData name="optic_order">4</SimpleData>
		<SimpleData name="optic_evidence">Optic: Revolving Beacon; Rotation Device: Dual Stepper motor; R.P.M. 2</SimpleData>
		<SimpleData name="optic_make">J Stone, India</SimpleData>
		<SimpleData name="optic_type">Revolving Beacon</SimpleData>
		<SimpleData name="optic_size">300mm / 4th Order Large</SimpleData>
		<SimpleData name="rpm">2</SimpleData>
		<SimpleData name="panels">4</SimpleData>
		<SimpleData name="led">0</SimpleData>
		<SimpleData name="solar">1</SimpleData>
		<SimpleData name="ais">1</SimpleData>
		<SimpleData name="dgps">0</SimpleData>
		<SimpleData name="racon">G</SimpleData>
		<SimpleData name="vts">0</SimpleData>
		<SimpleData name="tower_type">Hexagonal RCC</SimpleData>
		<SimpleData name="tower_h_m">30</SimpleData>
		<SimpleData name="tower_colour">Red and White Band</SimpleData>
		<SimpleData name="tower_year">1977</SimpleData>
		<SimpleData name="established">1977</SimpleData>
		<SimpleData name="visit">open</SimpleData>
		<SimpleData name="tourism">0</SimpleData>
		<SimpleData name="museum">0</SimpleData>
		<SimpleData name="record">1</SimpleData>
		<SimpleData name="ledger_url">https://www.dgll.nic.in/sites/default/files/2022-12/Master%20Ledger%20Cochin%2006.pdf</SimpleData>
		<SimpleData name="page_url">https://www.dgll.nic.in/DGLL-light-house-location/about-kochi/beypore-lighthouse</SimpleData>
		<SimpleData name="rowlett">1977. Active; focal plane 32 m (105 ft); two white flashes every 15 s. 30 m (98 ft) hexagonal cylindrical concrete block tower with lantern and gallery, painted with red and white horizontal bands. A 2022 photo and a 2016 photo are available, John Alex has a good photo, Balu Prajeesh has a 2014 closeup, and Google has a satellite view. Located behind the beach and south of the Chaliyar River entrance at Chaliyam, 5 km (3 mi) south of Beypore and about 15 km (9 mi) south of Kozhikode (Calicut). Site open, tower open daily in late afternoons. . ARLHS IND-076; Admiralty F0689; NGA 27636.</SimpleData>
		<SimpleData name="arlhs">IND-076</SimpleData>
		<SimpleData name="wikidata">Q16137790</SimpleData>
		<SimpleData name="photo">https://www.dgll.nic.in/sites/default/files/2022-11/BEYPORE%20LIGHTHOUSE.jpg</SimpleData>
		<SimpleData name="transcribed">1</SimpleData>
		<SimpleData name="ledger_issues">(2:established_year taken from date of commissioning 21.11.1977,NAIS MMSI not given ('-'))</SimpleData>
		<SimpleData name="equip_years">{ &quot;racon&quot;: 2004 }</SimpleData>
		<SimpleData name="equip_since">{ &quot;racon&quot;: { &quot;year&quot;: 2004, &quot;src&quot;: &quot;ledger&quot; }, &quot;ais&quot;: { &quot;year&quot;: 2012, &quot;src&quot;: &quot;network&quot; } }</SimpleData>
		<SimpleData name="tenders">(6:2581,2097,2072,2026,1882,332)</SimpleData>
		<SimpleData name="photo_credit">DGLL</SimpleData>
	</SchemaData></ExtendedData>
      <Point><coordinates>75.80833,11.15833</coordinates></Point>
  </Placemark>
  <Placemark>
	<name>Poompuhar Lighthouse</name>
	<ExtendedData><SchemaData schemaUrl="#lighthouses">
		<SimpleData name="id">poompuhar-lighthouse</SimpleData>
		<SimpleData name="kind">lighthouse</SimpleData>
		<SimpleData name="region">Chennai</SimpleData>
		<SimpleData name="pos_src">DGLL ledger</SimpleData>
		<SimpleData name="alol">F 0918</SimpleData>
		<SimpleData name="char">Flash(4) every 15 seconds (0.35+2.2+0.35+2.2+0.35+2.2+0.35+7.0=15sec)</SimpleData>
		<SimpleData name="ckind">Fl</SimpleData>
		<SimpleData name="colour">W</SimpleData>
		<SimpleData name="group">4</SimpleData>
		<SimpleData name="period">15</SimpleData>
		<SimpleData name="phases">(8:0.35,2.2,0.35,2.2,0.35,2.2,0.35,7)</SimpleData>
		<SimpleData name="phases_src">ledger</SimpleData>
		<SimpleData name="flash_s">0.35</SimpleData>
		<SimpleData name="sectored">0</SimpleData>
		<SimpleData name="lum_nm">20</SimpleData>
		<SimpleData name="geo_nm">16.6</SimpleData>
		<SimpleData name="iala_nm">21</SimpleData>
		<SimpleData name="reach_nm">16.6</SimpleData>
		<SimpleData name="intensity_cd">170000</SimpleData>
		<SimpleData name="elev_m">33.1</SimpleData>
		<SimpleData name="optic">revolving</SimpleData>
		<SimpleData name="optic_evidence">Optic: Rotating beacon, MBR-300; Rotation Device: Inbuilt stepper motor with drive; R.P.M. 4</SimpleData>
		<SimpleData name="optic_make">M/s Mediterrano senales Maritimes (MSM), Spain</SimpleData>
		<SimpleData name="optic_model">MBR-300</SimpleData>
		<SimpleData name="optic_type">Rotating beacon</SimpleData>
		<SimpleData name="optic_size">210 mm</SimpleData>
		<SimpleData name="rpm">4</SimpleData>
		<SimpleData name="panels">6</SimpleData>
		<SimpleData name="led">1</SimpleData>
		<SimpleData name="solar">1</SimpleData>
		<SimpleData name="ais">0</SimpleData>
		<SimpleData name="dgps">0</SimpleData>
		<SimpleData name="vts">0</SimpleData>
		<SimpleData name="tower_type">RCC Octagonal Tower</SimpleData>
		<SimpleData name="tower_h_m">30</SimpleData>
		<SimpleData name="tower_colour">Red and White vertical Band</SimpleData>
		<SimpleData name="tower_year">2010</SimpleData>
		<SimpleData name="established">2010</SimpleData>
		<SimpleData name="visit">open</SimpleData>
		<SimpleData name="tourism">1</SimpleData>
		<SimpleData name="museum">0</SimpleData>
		<SimpleData name="record">1</SimpleData>
		<SimpleData name="ledger_url">https://www.dgll.nic.in/sites/default/files/2022-12/ch8.pdf</SimpleData>
		<SimpleData name="page_url">https://www.dgll.nic.in/DGLL-light-house-location/about-chennai/poompuhar-lighthouse</SimpleData>
		<SimpleData name="rowlett">2010. Active; focal plane unknown; four white flashes every 15 s. 30 m (98 ft) octagonal cylindrical concrete tower with lantern, gallery, and an octagonal observation level below the lantern. Lighthouse painted with red and white vertical stripes. A 2022 photo ia available, Wikimedia has a good 2015 photo, Peer Mohamed has a 2016 closeup photo, Pagu Pandian has a 2011 photo, a street view from the gallery is available, and Google has a satellite view. The light is listed as &quot;Pumpukar&quot; by NGA. Located near Kaveripatnam, about 30 km (19 mi) north of Karaikal. Site open, tower open 3 to 6 pm daily. Admiralty F0918: NGA 27134.</SimpleData>
		<SimpleData name="photo">https://www.dgll.nic.in/sites/default/files/2022-11/dg8.jpg</SimpleData>
		<SimpleData name="transcribed">1</SimpleData>
		<SimpleData name="ledger_issues">(1:Characteristic does not state the light colour)</SimpleData>
		<SimpleData name="equip_years">{ }</SimpleData>
		<SimpleData name="equip_since">{ }</SimpleData>
		<SimpleData name="tenders">(9:2284,1716,1715,1704,1675,1674,1661,1617,1594)</SimpleData>
		<SimpleData name="photo_credit">DGLL</SimpleData>
	</SchemaData></ExtendedData>
      <Point><coordinates>79.85667,11.14139</coordinates></Point>
  </Placemark>
  <Placemark>
	<name>AMINI LIGHTHOUSE</name>
	<ExtendedData><SchemaData schemaUrl="#lighthouses">
		<SimpleData name="id">amini-lighthouse</SimpleData>
		<SimpleData name="kind">lighthouse</SimpleData>
		<SimpleData name="region">Kochi</SimpleData>
		<SimpleData name="pos_src">DGLL ledger</SimpleData>
		<SimpleData name="address">Lighthouse Attendant, Amini Lighthouse, Amini island, UT of Lakshadweep, 680 552</SimpleData>
		<SimpleData name="alol">F-0754.4</SimpleData>
		<SimpleData name="char">Fl (1) White 15Sec</SimpleData>
		<SimpleData name="ckind">Fl</SimpleData>
		<SimpleData name="colour">W</SimpleData>
		<SimpleData name="group">1</SimpleData>
		<SimpleData name="period">15</SimpleData>
		<SimpleData name="phases">(2:0.95,14.05)</SimpleData>
		<SimpleData name="phases_src">derived</SimpleData>
		<SimpleData name="sectored">0</SimpleData>
		<SimpleData name="lum_nm">16.8</SimpleData>
		<SimpleData name="geo_nm">16.7</SimpleData>
		<SimpleData name="reach_nm">16.7</SimpleData>
		<SimpleData name="elev_m">34</SimpleData>
		<SimpleData name="optic">flasher</SimpleData>
		<SimpleData name="optic_evidence">Optic MBL-160, Type: LED Flasher</SimpleData>
		<SimpleData name="optic_make">MsM, Spain</SimpleData>
		<SimpleData name="optic_model">MBL-160</SimpleData>
		<SimpleData name="optic_type">LED Flasher</SimpleData>
		<SimpleData name="led">1</SimpleData>
		<SimpleData name="solar">1</SimpleData>
		<SimpleData name="ais">0</SimpleData>
		<SimpleData name="dgps">0</SimpleData>
		<SimpleData name="vts">0</SimpleData>
		<SimpleData name="tower_type">G I trestle tower</SimpleData>
		<SimpleData name="tower_h_m">30</SimpleData>
		<SimpleData name="tower_colour">Black and White Band</SimpleData>
		<SimpleData name="tower_year">2018</SimpleData>
		<SimpleData name="established">1984</SimpleData>
		<SimpleData name="visit">grounds</SimpleData>
		<SimpleData name="tourism">0</SimpleData>
		<SimpleData name="museum">0</SimpleData>
		<SimpleData name="record">1</SimpleData>
		<SimpleData name="ledger_url">https://www.dgll.nic.in/sites/default/files/2022-12/Master%20Ledger%20Cochin%2023.pdf</SimpleData>
		<SimpleData name="page_url">https://www.dgll.nic.in/DGLL-light-house-location/about-kochi/amini-lighthouse</SimpleData>
		<SimpleData name="rowlett">2018 (station established 1984). Active; focal plane 34 m (112 ft); white flash every 5 s. 30 m (98 ft) square galvanized iron skeletal tower, painted with black and white horizontal bands; there is a 1-story concrete equipment room inside the base. A 2022 photo is available, Muhammed Hussain's 2020 photo shows both towers side by side and Google has an indistinct satellite view. Located near the southern tip of the island. Site open, tower closed. Admiralty F0754.4; NGA 27596.</SimpleData>
		<SimpleData name="photo">https://www.dgll.nic.in/sites/default/files/2022-11/AMINI%20%20LIGHTHOUSE.jpg</SimpleData>
		<SimpleData name="transcribed">1</SimpleData>
		<SimpleData name="ledger_issues">(3:Position minutes printed with a double-prime (&quot;) sign; treated as decimal minutes,Source of energy says 'Solar Plant: NIL' yet lists solar panels for main light and automation panel,Year given is year of commissioning (2018), not necessarily establishment)</SimpleData>
		<SimpleData name="equip_years">{ }</SimpleData>
		<SimpleData name="equip_since">{ }</SimpleData>
		<SimpleData name="tenders">(3:1779,1748,1741)</SimpleData>
		<SimpleData name="photo_credit">DGLL</SimpleData>
	</SchemaData></ExtendedData>
      <Point><coordinates>72.72,11.11167</coordinates></Point>
  </Placemark>
  <Placemark>
	<name>THINNAKARA LIGHTHOUSE</name>
	<ExtendedData><SchemaData schemaUrl="#lighthouses">
		<SimpleData name="id">thinnakara-lighthouse</SimpleData>
		<SimpleData name="kind">lighthouse</SimpleData>
		<SimpleData name="region">Kochi</SimpleData>
		<SimpleData name="pos_src">DGLL ledger</SimpleData>
		<SimpleData name="address">C/O Station Incharge, Agatti Lighthouse, Agatti Island, U.T of Lakshadweep, Pin: 682553</SimpleData>
		<SimpleData name="alol">F 0754.6</SimpleData>
		<SimpleData name="char">Fl (W)5 sec</SimpleData>
		<SimpleData name="ckind">Fl</SimpleData>
		<SimpleData name="colour">W</SimpleData>
		<SimpleData name="group">1</SimpleData>
		<SimpleData name="period">5</SimpleData>
		<SimpleData name="phases">(2:0.45,4.55)</SimpleData>
		<SimpleData name="phases_src">derived</SimpleData>
		<SimpleData name="sectored">0</SimpleData>
		<SimpleData name="lum_nm">11.3</SimpleData>
		<SimpleData name="geo_nm">14.8</SimpleData>
		<SimpleData name="reach_nm">11.3</SimpleData>
		<SimpleData name="elev_m">24</SimpleData>
		<SimpleData name="optic">flasher</SimpleData>
		<SimpleData name="optic_evidence">MBL 160 LED lantern with MF-12 Electronic Flasher; no rotation device listed</SimpleData>
		<SimpleData name="optic_make">Mediterraneo Senales Maritimas (MsM)</SimpleData>
		<SimpleData name="optic_model">MBL 160</SimpleData>
		<SimpleData name="optic_type">OCL 12LED with 3 Fresnel Elements arranged in 2 levels arrayed in circular way</SimpleData>
		<SimpleData name="optic_size">140MM Lens Diameter (Methacrylate material)</SimpleData>
		<SimpleData name="led">1</SimpleData>
		<SimpleData name="solar">1</SimpleData>
		<SimpleData name="ais">0</SimpleData>
		<SimpleData name="dgps">0</SimpleData>
		<SimpleData name="vts">0</SimpleData>
		<SimpleData name="tower_type">Square Masonry</SimpleData>
		<SimpleData name="tower_h_m">22</SimpleData>
		<SimpleData name="tower_colour">White Band</SimpleData>
		<SimpleData name="tower_year">2015</SimpleData>
		<SimpleData name="established">1993</SimpleData>
		<SimpleData name="visit">grounds</SimpleData>
		<SimpleData name="tourism">0</SimpleData>
		<SimpleData name="museum">0</SimpleData>
		<SimpleData name="record">1</SimpleData>
		<SimpleData name="ledger_url">https://www.dgll.nic.in/sites/default/files/2022-12/Master%20Ledger%20Cochin%2024.pdf</SimpleData>
		<SimpleData name="page_url">https://www.dgll.nic.in/DGLL-light-house-location/about-kochi/thinnakara-lighthouse</SimpleData>
		<SimpleData name="rowlett">2015 (?) (station established 1993). Active; focal plane 24 m (79 ft); white flash every 5 s. Approx. 22 m (72 ft) square masonry tower. Fasweeh Ullisan's 2021 photo is at right, Sangeeth Mohan has a 2025 photo, Ankur Saraf has a 2023 photo, Saakshi Gulati has a view from the sea, and Google has an indistinct satellite view. The original light was on a 12 m (39 ft) square galvanized iron skeletal tower, painted white. Thinnakara is an atoll a few miles north of Agatti; boat transportation from Agatti can be arranged. Site open, tower closed. Admiralty F0754.6; NGA 27598.</SimpleData>
		<SimpleData name="photo">https://www.dgll.nic.in/sites/default/files/2022-11/THINNAKARA%20LIGHTHOUSE.jpg</SimpleData>
		<SimpleData name="transcribed">1</SimpleData>
		<SimpleData name="ledger_issues">(0:)</SimpleData>
		<SimpleData name="equip_years">{ }</SimpleData>
		<SimpleData name="equip_since">{ }</SimpleData>
		<SimpleData name="tenders">(0:)</SimpleData>
		<SimpleData name="photo_credit">DGLL</SimpleData>
	</SchemaData></ExtendedData>
      <Point><coordinates>72.31667,10.935</coordinates></Point>
  </Placemark>
  <Placemark>
	<name>KARAIKAL LIGHTHOUSE</name>
	<ExtendedData><SchemaData schemaUrl="#lighthouses">
		<SimpleData name="id">karaikal-lighthouse</SimpleData>
		<SimpleData name="kind">lighthouse</SimpleData>
		<SimpleData name="region">Chennai</SimpleData>
		<SimpleData name="pos_src">DGLL ledger</SimpleData>
		<SimpleData name="alol">F 0916</SimpleData>
		<SimpleData name="char">Fl (2) W every10 sec</SimpleData>
		<SimpleData name="ckind">Fl</SimpleData>
		<SimpleData name="colour">W</SimpleData>
		<SimpleData name="group">2</SimpleData>
		<SimpleData name="period">10</SimpleData>
		<SimpleData name="phases">(4:0.7,1,0.7,7.6)</SimpleData>
		<SimpleData name="phases_src">derived</SimpleData>
		<SimpleData name="sectored">0</SimpleData>
		<SimpleData name="lum_nm">12</SimpleData>
		<SimpleData name="geo_nm">13</SimpleData>
		<SimpleData name="reach_nm">12</SimpleData>
		<SimpleData name="elev_m">89</SimpleData>
		<SimpleData name="optic">revolving</SimpleData>
		<SimpleData name="optic_evidence">Optic: Rotating Beacon, TRB-220; Rotation Device 12v/DC Stepper motor; R.P.M. 3</SimpleData>
		<SimpleData name="optic_make">Tideland signal corporation</SimpleData>
		<SimpleData name="optic_model">TRB-220</SimpleData>
		<SimpleData name="optic_type">TRB-220 Maxlumina</SimpleData>
		<SimpleData name="optic_size">110mm</SimpleData>
		<SimpleData name="rpm">3</SimpleData>
		<SimpleData name="panels">4</SimpleData>
		<SimpleData name="led">1</SimpleData>
		<SimpleData name="solar">1</SimpleData>
		<SimpleData name="ais">0</SimpleData>
		<SimpleData name="dgps">0</SimpleData>
		<SimpleData name="vts">0</SimpleData>
		<SimpleData name="tower_type">Circular RCC structure</SimpleData>
		<SimpleData name="tower_h_m">15.09</SimpleData>
		<SimpleData name="tower_colour">Complete White colour Band</SimpleData>
		<SimpleData name="tower_year">1901</SimpleData>
		<SimpleData name="established">1853</SimpleData>
		<SimpleData name="visit">open</SimpleData>
		<SimpleData name="tourism">1</SimpleData>
		<SimpleData name="museum">0</SimpleData>
		<SimpleData name="record">1</SimpleData>
		<SimpleData name="ledger_url">https://www.dgll.nic.in/sites/default/files/2022-12/ch9.pdf</SimpleData>
		<SimpleData name="page_url">https://www.dgll.nic.in/DGLL-light-house-location/about-chennai/karaikal-lighthouse</SimpleData>
		<SimpleData name="rowlett">1901 (French) (station established 1853). Active; focal plane 18 m (59 ft); two white flashes every 10 s. 18 m (56 ft) round cylindrical white concrete tower with lantern and gallery. Sahib Nagore has a 2021 photo, Ameer Muhsin has a closeup 2019 photo, and Google has a satellite view. The current lantern was installed recently; Jaikumar Natarajan has a 2011 photo and Binoop Vasudevan has a 2014 photo showing that the original lantern was removed. The first lights were displayed here from a flagstaff; a masonry &quot;column&quot; was built in 1864. More than 500 fishermen from the area were killed by the tsunami of 26 December 2004. Located just off the beach at Karaikal. Site open, tower open daily. </SimpleData>
		<SimpleData name="arlhs">IND-037</SimpleData>
		<SimpleData name="wikidata">Q141223861</SimpleData>
		<SimpleData name="photo">https://www.dgll.nic.in/sites/default/files/2022-11/dg9.jpg</SimpleData>
		<SimpleData name="transcribed">1</SimpleData>
		<SimpleData name="ledger_issues">(3:Latitude seconds printed as 99&quot; (&gt;= 60): '10° 54'99&quot; N'; converted as printed,Duration of flash given as '10 Sec', equal to the period; not transcribed as flash_duration_s,Commissioned 12.09.1992; renovated lighthouse opened 15/04/2019)</SimpleData>
		<SimpleData name="equip_years">{ }</SimpleData>
		<SimpleData name="equip_since">{ }</SimpleData>
		<SimpleData name="tenders">(7:1813,1712,1705,1673,1672,1644,1602)</SimpleData>
		<SimpleData name="photo_credit">DGLL</SimpleData>
	</SchemaData></ExtendedData>
      <Point><coordinates>79.85389,10.9165</coordinates></Point>
  </Placemark>
  <Placemark>
	<name>AGATTI LIGHTHOUSE</name>
	<ExtendedData><SchemaData schemaUrl="#lighthouses">
		<SimpleData name="id">agatti-lighthouse</SimpleData>
		<SimpleData name="kind">lighthouse</SimpleData>
		<SimpleData name="region">Kochi</SimpleData>
		<SimpleData name="pos_src">DGLL ledger</SimpleData>
		<SimpleData name="alol">F 0754.7</SimpleData>
		<SimpleData name="char">Fl (30) W 30 sec</SimpleData>
		<SimpleData name="ckind">Fl</SimpleData>
		<SimpleData name="colour">W</SimpleData>
		<SimpleData name="group">1</SimpleData>
		<SimpleData name="period">30</SimpleData>
		<SimpleData name="phases">(2:1,29)</SimpleData>
		<SimpleData name="phases_src">derived</SimpleData>
		<SimpleData name="sectored">0</SimpleData>
		<SimpleData name="lum_nm">11.3</SimpleData>
		<SimpleData name="geo_nm">16.98</SimpleData>
		<SimpleData name="reach_nm">11.3</SimpleData>
		<SimpleData name="elev_m">35</SimpleData>
		<SimpleData name="optic">flasher</SimpleData>
		<SimpleData name="optic_evidence">LED lantern MBL 160 with MF-12 Electronic Flasher; no rotation device listed</SimpleData>
		<SimpleData name="optic_make">Mediterraneo Senales Maritimas (MsM)</SimpleData>
		<SimpleData name="optic_model">MBL 160</SimpleData>
		<SimpleData name="optic_type">OCL 12LED with 3 Fresnel Elements arranged in 2 levels arrayed in circular way</SimpleData>
		<SimpleData name="optic_size">140MM Lens Diameter (Methacrylate material)</SimpleData>
		<SimpleData name="led">1</SimpleData>
		<SimpleData name="solar">1</SimpleData>
		<SimpleData name="ais">0</SimpleData>
		<SimpleData name="dgps">0</SimpleData>
		<SimpleData name="racon">B</SimpleData>
		<SimpleData name="vts">0</SimpleData>
		<SimpleData name="tower_type">G I. Trestle tower on RCC Base</SimpleData>
		<SimpleData name="tower_h_m">30</SimpleData>
		<SimpleData name="tower_colour">White Band</SimpleData>
		<SimpleData name="established">1976</SimpleData>
		<SimpleData name="visit">closed</SimpleData>
		<SimpleData name="tourism">0</SimpleData>
		<SimpleData name="museum">0</SimpleData>
		<SimpleData name="record">1</SimpleData>
		<SimpleData name="ledger_url">https://www.dgll.nic.in/sites/default/files/2022-12/Master%20Ledger%20Cochin%2025.pdf</SimpleData>
		<SimpleData name="page_url">https://www.dgll.nic.in/DGLL-light-house-location/about-kochi/agatti-lighthouse</SimpleData>
		<SimpleData name="rowlett">Early 2010s (station established 1976). Active; focal plane 35 m (115 ft) (?); three white flashes every 30 s. Approx. 23 m (75 ft) square skeletal tower, painted white. Ankur Saraf has a 2023 photo, Roshan Chauhan has a distant 2024 view, and Google has a satellite view. The first lighthouse was a 15 m (49 ft) wood skeletal tower; it was replaced in 1986 by the tower seen on the DGLL page. Located at the northeastern corner of the island. Site status unknown. ARLHS LAK-001; Admiralty F0754.7; NGA 27600.</SimpleData>
		<SimpleData name="arlhs">LAK-001</SimpleData>
		<SimpleData name="photo">https://www.dgll.nic.in/sites/default/files/2022-11/AGATTI%20LIGHTHOUSE.jpg</SimpleData>
		<SimpleData name="transcribed">1</SimpleData>
		<SimpleData name="ledger_issues">(3:Characteristic printed as 'Fl (30) W 30 sec' - a group of 30 flashes is implausible, possibly a typo,Effective beam intensity fields are blank,characteristic reads Fl (30); treated as a typo, not simulated as 30 flashes)</SimpleData>
		<SimpleData name="equip_years">{ &quot;racon&quot;: 2008 }</SimpleData>
		<SimpleData name="equip_since">{ &quot;racon&quot;: { &quot;year&quot;: 2008, &quot;src&quot;: &quot;ledger&quot; } }</SimpleData>
		<SimpleData name="tenders">(2:2111,1992)</SimpleData>
		<SimpleData name="photo_credit">DGLL</SimpleData>
	</SchemaData></ExtendedData>
      <Point><coordinates>72.205,10.8675</coordinates></Point>
  </Placemark>
  <Placemark>
	<name>ANDROTH EAST LIGHTHOUSE</name>
	<ExtendedData><SchemaData schemaUrl="#lighthouses">
		<SimpleData name="id">androth-east-lighthouse</SimpleData>
		<SimpleData name="kind">lighthouse</SimpleData>
		<SimpleData name="region">Kochi</SimpleData>
		<SimpleData name="pos_src">DGLL ledger</SimpleData>
		<SimpleData name="alol">F-0755</SimpleData>
		<SimpleData name="char">Fl (2) W 10 sec</SimpleData>
		<SimpleData name="ckind">Fl</SimpleData>
		<SimpleData name="colour">W</SimpleData>
		<SimpleData name="group">2</SimpleData>
		<SimpleData name="period">10</SimpleData>
		<SimpleData name="phases">(4:0.7,1,0.7,7.6)</SimpleData>
		<SimpleData name="phases_src">derived</SimpleData>
		<SimpleData name="sectored">0</SimpleData>
		<SimpleData name="lum_nm">28</SimpleData>
		<SimpleData name="geo_nm">18.4</SimpleData>
		<SimpleData name="iala_nm">15.8</SimpleData>
		<SimpleData name="reach_nm">18.4</SimpleData>
		<SimpleData name="intensity_cd">20000</SimpleData>
		<SimpleData name="elev_m">43.7</SimpleData>
		<SimpleData name="optic">revolving</SimpleData>
		<SimpleData name="optic_evidence">Type: rotating light beacon; Rotation Device: 02 nos MGM 150 electronic gearless &amp; brushless motor (R.P.M. blank)</SimpleData>
		<SimpleData name="optic_make">LMV</SimpleData>
		<SimpleData name="optic_model">BGA 850 HI/8</SimpleData>
		<SimpleData name="optic_type">rotating light beacon</SimpleData>
		<SimpleData name="optic_size">500 mm</SimpleData>
		<SimpleData name="panels">4</SimpleData>
		<SimpleData name="led">1</SimpleData>
		<SimpleData name="solar">1</SimpleData>
		<SimpleData name="ais">1</SimpleData>
		<SimpleData name="dgps">0</SimpleData>
		<SimpleData name="racon">D</SimpleData>
		<SimpleData name="vts">0</SimpleData>
		<SimpleData name="tower_type">Square Masonry Tower</SimpleData>
		<SimpleData name="tower_h_m">43.7</SimpleData>
		<SimpleData name="tower_colour">Black and White Band</SimpleData>
		<SimpleData name="tower_year">1967</SimpleData>
		<SimpleData name="established">1967</SimpleData>
		<SimpleData name="visit">grounds</SimpleData>
		<SimpleData name="tourism">0</SimpleData>
		<SimpleData name="museum">0</SimpleData>
		<SimpleData name="record">1</SimpleData>
		<SimpleData name="ledger_url">https://www.dgll.nic.in/sites/default/files/2022-12/Master%20Ledger%20Cochin%2026.pdf</SimpleData>
		<SimpleData name="page_url">https://www.dgll.nic.in/DGLL-light-house-location/about-kochi/androth-east-lighthouse</SimpleData>
		<SimpleData name="rowlett">1967. Active; focal plane 35 m (115 ft); two white flashes every 10 s. 33 m (108 ft) square masonry tower with lantern and gallery, painted with horizontal black and white bands. Sachin Satheesh has a 2023 closeup photo, a distant view from the sea is available, and Google has an indistinct satellite view of the lighthouse. Androth (Andrott), the easternmost island of Lakshadweep, is accessible by a weekly passenger ferry from Cochin. Located on the waterfront near the east end of the island. Site open, tower closed. ARLHS LAK-002; Admiralty F0755; NGA 27616.</SimpleData>
		<SimpleData name="arlhs">LAK-002</SimpleData>
		<SimpleData name="photo">https://www.dgll.nic.in/sites/default/files/2022-11/ANDROTH%20EAST%20LIGHTHOUSE.jpg</SimpleData>
		<SimpleData name="transcribed">1</SimpleData>
		<SimpleData name="ledger_issues">(2:Divergence field contains lens description ('360 mm focal distance acrylic modlded lens, 720 mm hight') instead of divergence angles,R.P.M. field left blank)</SimpleData>
		<SimpleData name="equip_years">{ &quot;racon&quot;: 2016 }</SimpleData>
		<SimpleData name="equip_since">{ &quot;racon&quot;: { &quot;year&quot;: 2016, &quot;src&quot;: &quot;ledger&quot; }, &quot;ais&quot;: { &quot;year&quot;: 2012, &quot;src&quot;: &quot;network&quot; } }</SimpleData>
		<SimpleData name="tenders">(2:2132,1337)</SimpleData>
		<SimpleData name="photo_credit">DGLL</SimpleData>
	</SchemaData></ExtendedData>
      <Point><coordinates>73.70167,10.81333</coordinates></Point>
  </Placemark>
  <Placemark>
	<name>ANDROTH WEST LIGHTHOUSE</name>
	<ExtendedData><SchemaData schemaUrl="#lighthouses">
		<SimpleData name="id">androth-west-lighthouse</SimpleData>
		<SimpleData name="kind">lighthouse</SimpleData>
		<SimpleData name="region">Kochi</SimpleData>
		<SimpleData name="pos_src">DGLL ledger</SimpleData>
		<SimpleData name="address">Postmaster office Androth Island Lakshadweep - 682551</SimpleData>
		<SimpleData name="alol">0755.2</SimpleData>
		<SimpleData name="char">Fl (W) 15sec</SimpleData>
		<SimpleData name="ckind">Fl</SimpleData>
		<SimpleData name="colour">W</SimpleData>
		<SimpleData name="group">1</SimpleData>
		<SimpleData name="period">15</SimpleData>
		<SimpleData name="phases">(2:0.95,14.05)</SimpleData>
		<SimpleData name="phases_src">derived</SimpleData>
		<SimpleData name="sectored">0</SimpleData>
		<SimpleData name="lum_nm">11.3</SimpleData>
		<SimpleData name="geo_nm">12.7</SimpleData>
		<SimpleData name="reach_nm">11.3</SimpleData>
		<SimpleData name="elev_m">15</SimpleData>
		<SimpleData name="optic">flasher</SimpleData>
		<SimpleData name="optic_evidence">Type: Flasher unit (LED), Sealite 65 W; Rotation Device and R.P.M. blank</SimpleData>
		<SimpleData name="optic_make">Sealite</SimpleData>
		<SimpleData name="optic_model">155-2D5-W</SimpleData>
		<SimpleData name="optic_type">Flasher unit (LED)</SimpleData>
		<SimpleData name="led">1</SimpleData>
		<SimpleData name="solar">1</SimpleData>
		<SimpleData name="ais">0</SimpleData>
		<SimpleData name="dgps">0</SimpleData>
		<SimpleData name="vts">0</SimpleData>
		<SimpleData name="tower_type">Circular Tapering CC Tower</SimpleData>
		<SimpleData name="tower_h_m">10</SimpleData>
		<SimpleData name="tower_colour">White band</SimpleData>
		<SimpleData name="tower_year">1975</SimpleData>
		<SimpleData name="established">1975</SimpleData>
		<SimpleData name="visit">grounds</SimpleData>
		<SimpleData name="tourism">0</SimpleData>
		<SimpleData name="museum">0</SimpleData>
		<SimpleData name="record">1</SimpleData>
		<SimpleData name="ledger_url">https://www.dgll.nic.in/sites/default/files/2022-12/Master%20Ledger%20Cochin%2027.pdf</SimpleData>
		<SimpleData name="page_url">https://www.dgll.nic.in/DGLL-light-house-location/about-kochi/androth-west-lighthouse</SimpleData>
		<SimpleData name="rowlett">1975. Active; focal plane 15 m (49 ft); white flash every 15 s. 10 m (33 ft) slender round white concrete tower with two small galleries, rising from a round 1-story equipment room. Google has a distant satellite view. Located on the waterfront at the west end of the island. Site open, tower closed. Admiralty F0755.2; NGA 27620.</SimpleData>
		<SimpleData name="photo">https://www.dgll.nic.in/sites/default/files/2022-11/ANDROTH%20WEST%20LIGHTHOUSE.jpg</SimpleData>
		<SimpleData name="transcribed">1</SimpleData>
		<SimpleData name="ledger_issues">(2:RACON section gives only a serial number (II-X-201607-02); make, model, code, band and installation date are blank,Divergence field contains lamp description instead of a divergence value)</SimpleData>
		<SimpleData name="equip_years">{ }</SimpleData>
		<SimpleData name="equip_since">{ }</SimpleData>
		<SimpleData name="tenders">(0:)</SimpleData>
		<SimpleData name="photo_credit">DGLL</SimpleData>
	</SchemaData></ExtendedData>
      <Point><coordinates>73.66167,10.81333</coordinates></Point>
  </Placemark>
  <Placemark>
	<name>PONNANI LIGHTHOUSE</name>
	<ExtendedData><SchemaData schemaUrl="#lighthouses">
		<SimpleData name="id">ponnani-lighthouse</SimpleData>
		<SimpleData name="kind">lighthouse</SimpleData>
		<SimpleData name="region">Kochi</SimpleData>
		<SimpleData name="pos_src">DGLL ledger</SimpleData>
		<SimpleData name="alol">0692</SimpleData>
		<SimpleData name="char">Single Flash White - 15 sec (0.48+14.52=15 sec)</SimpleData>
		<SimpleData name="ckind">Fl</SimpleData>
		<SimpleData name="colour">W</SimpleData>
		<SimpleData name="group">1</SimpleData>
		<SimpleData name="period">15</SimpleData>
		<SimpleData name="phases">(2:0.48,14.52)</SimpleData>
		<SimpleData name="phases_src">ledger</SimpleData>
		<SimpleData name="flash_s">0.48</SimpleData>
		<SimpleData name="sectored">0</SimpleData>
		<SimpleData name="lum_nm">20.6</SimpleData>
		<SimpleData name="geo_nm">16.82</SimpleData>
		<SimpleData name="iala_nm">20.6</SimpleData>
		<SimpleData name="reach_nm">16.82</SimpleData>
		<SimpleData name="intensity_cd">141100</SimpleData>
		<SimpleData name="elev_m">34.13</SimpleData>
		<SimpleData name="optic">revolving</SimpleData>
		<SimpleData name="optic_evidence">Optic: Revolving; Rotation Device: Dual Stepper motor; R.P.M. 2</SimpleData>
		<SimpleData name="optic_make">J Stone &amp; Co, Kolkata, India</SimpleData>
		<SimpleData name="optic_type">Revolving Beacon</SimpleData>
		<SimpleData name="optic_size">300mm / Vth order Large revolving</SimpleData>
		<SimpleData name="rpm">2</SimpleData>
		<SimpleData name="panels">2</SimpleData>
		<SimpleData name="led">1</SimpleData>
		<SimpleData name="solar">0</SimpleData>
		<SimpleData name="ais">1</SimpleData>
		<SimpleData name="dgps">0</SimpleData>
		<SimpleData name="vts">0</SimpleData>
		<SimpleData name="tower_type">24 Cornered Circular RCC Tower</SimpleData>
		<SimpleData name="tower_h_m">30</SimpleData>
		<SimpleData name="tower_colour">Black and White Band</SimpleData>
		<SimpleData name="tower_year">1983</SimpleData>
		<SimpleData name="established">1937</SimpleData>
		<SimpleData name="visit">grounds</SimpleData>
		<SimpleData name="tourism">1</SimpleData>
		<SimpleData name="museum">0</SimpleData>
		<SimpleData name="record">1</SimpleData>
		<SimpleData name="ledger_url">https://www.dgll.nic.in/sites/default/files/2022-12/Master%20Ledger%20Cochin%2007.pdf</SimpleData>
		<SimpleData name="page_url">https://www.dgll.nic.in/DGLL-light-house-location/about-kochi/ponnani-lighthouse</SimpleData>
		<SimpleData name="rowlett">1983 (station established 1937). Active; focal plane 33 m (108 ft); white flash every 15 s. 30 m (98 ft) 12-sided concrete tower, painted with black and white horizontal bands. Akash Dinesh's 2024 photo is at right, John Alex has contributed a photo, S. Dhruvaraj has another good photo, a 2017 photo is available, Raheem Ponnad has a 2021 photo, Nousu Thottayi has a 2018 street view, and Google has a satellite view. The original light on a mast was replaced by a skeletal tower in 1948. Located on the outskirts of Ponnani, just south of the Bharathpuzha river entrance. Site open, tower closed. . ARLHS IND-108; Admiralty F0692; NGA 27632.</SimpleData>
		<SimpleData name="arlhs">IND-108</SimpleData>
		<SimpleData name="wikidata">Q13113490</SimpleData>
		<SimpleData name="photo">https://www.dgll.nic.in/sites/default/files/2022-11/Ponnani%20Lighthouse.jpg</SimpleData>
		<SimpleData name="transcribed">1</SimpleData>
		<SimpleData name="ledger_issues">(3:Page 1 is a cover page; no station name header, name taken from postal address,RACON section gives Sr. No 6295 but Make 'NA' (same serial appears in other ledgers),ALOL printed '0692' without letter prefix)</SimpleData>
		<SimpleData name="equip_years">{ }</SimpleData>
		<SimpleData name="equip_since">{ &quot;ais&quot;: { &quot;year&quot;: 2012, &quot;src&quot;: &quot;network&quot; } }</SimpleData>
		<SimpleData name="tenders">(5:2576,1825,1786,1751,863)</SimpleData>
		<SimpleData name="photo_credit">DGLL</SimpleData>
	</SchemaData></ExtendedData>
      <Point><coordinates>75.92167,10.775</coordinates></Point>
  </Placemark>
  <Placemark>
	<name>NAGAPATTINAM LIGHTHOUSE AND DGPS STATION</name>
	<ExtendedData><SchemaData schemaUrl="#lighthouses">
		<SimpleData name="id">nagapattinam-lighthouse-and-dgps-station</SimpleData>
		<SimpleData name="kind">lighthouse</SimpleData>
		<SimpleData name="region">Chennai</SimpleData>
		<SimpleData name="pos_src">DGLL ledger, seconds column read as decimal minutes (matches OpenStreetMap node/3846730085)</SimpleData>
		<SimpleData name="address">Assistant Engineer (Electronics) Nagapattinam Lighthouse and DGPS, Marawady street, NAGAPATTINAM. Tamil Nadu-611 001.</SimpleData>
		<SimpleData name="alol">F 0914</SimpleData>
		<SimpleData name="char">Flash (2) White in every 20 Seconds (0.5+2.0)+0.5+17.0)</SimpleData>
		<SimpleData name="ckind">Fl</SimpleData>
		<SimpleData name="colour">W</SimpleData>
		<SimpleData name="group">2</SimpleData>
		<SimpleData name="period">20</SimpleData>
		<SimpleData name="phases">(4:0.5,2,0.5,17)</SimpleData>
		<SimpleData name="phases_src">ledger</SimpleData>
		<SimpleData name="flash_s">0.5</SimpleData>
		<SimpleData name="sectored">0</SimpleData>
		<SimpleData name="lum_nm">18</SimpleData>
		<SimpleData name="geo_nm">19</SimpleData>
		<SimpleData name="iala_nm">21</SimpleData>
		<SimpleData name="reach_nm">18</SimpleData>
		<SimpleData name="intensity_cd">166000</SimpleData>
		<SimpleData name="elev_m">50</SimpleData>
		<SimpleData name="optic">revolving</SimpleData>
		<SimpleData name="optic_evidence">Optic/type: Rotating Beacon; Rotation device: stepper motor; RPM 1.5</SimpleData>
		<SimpleData name="optic_make">MSM</SimpleData>
		<SimpleData name="optic_model">MBR-300</SimpleData>
		<SimpleData name="optic_type">Rotating Beacon</SimpleData>
		<SimpleData name="optic_size">140 mm</SimpleData>
		<SimpleData name="rpm">1.5</SimpleData>
		<SimpleData name="panels">2</SimpleData>
		<SimpleData name="led">1</SimpleData>
		<SimpleData name="solar">1</SimpleData>
		<SimpleData name="ais">1</SimpleData>
		<SimpleData name="dgps">1</SimpleData>
		<SimpleData name="racon">G</SimpleData>
		<SimpleData name="vts">0</SimpleData>
		<SimpleData name="tower_type">Circular stone Masonry Tower</SimpleData>
		<SimpleData name="tower_h_m">48</SimpleData>
		<SimpleData name="tower_colour">Black &amp; White Band</SimpleData>
		<SimpleData name="tower_year">1923</SimpleData>
		<SimpleData name="established">1846</SimpleData>
		<SimpleData name="visit">open</SimpleData>
		<SimpleData name="tourism">1</SimpleData>
		<SimpleData name="museum">0</SimpleData>
		<SimpleData name="record">1</SimpleData>
		<SimpleData name="ledger_url">https://www.dgll.nic.in/sites/default/files/2022-12/ch10.pdf</SimpleData>
		<SimpleData name="page_url">https://www.dgll.nic.in/DGLL-light-house-location/about-chennai/nagapattinam-lighthouse-and-dgps-station</SimpleData>
		<SimpleData name="rowlett">1923 (station established 1846). Active; focal plane 48 m (157 ft); two white flashes every 20 s. 50 m (164 ft) round masonry tower with lantern and gallery, painted with horizontal black and white bands; lantern roof painted red. A 2024 photo is at right, Satheesh Rajendren has a 2018 photo, Denis Elton has a 2017 closeup, Krishna Kumar Goutam has a 2022 closeup, Rajarshi Banerjee has a nighttime photo of the lighthouse in action, and Google has a good satellite view. This is India's southernmost port on the Bay of Bengal. The British built a 20 m (66 ft) lighthouse here in 1846, and the present lighthouse replaced a 23 m (75 ft) tower built in 1870. Nagappatinam District had the heaviest l</SimpleData>
		<SimpleData name="arlhs">IND-045</SimpleData>
		<SimpleData name="wikidata">Q141239964</SimpleData>
		<SimpleData name="photo">https://www.dgll.nic.in/sites/default/files/2022-11/dg10_0.jpg</SimpleData>
		<SimpleData name="transcribed">1</SimpleData>
		<SimpleData name="ledger_issues">(1:Characteristic bracket unbalanced as printed: '(0.5+2.0)+0.5+17.0)')</SimpleData>
		<SimpleData name="equip_years">{ &quot;dgps&quot;: 2010 }</SimpleData>
		<SimpleData name="equip_since">{ &quot;racon&quot;: { &quot;year&quot;: 2004, &quot;src&quot;: &quot;network&quot; }, &quot;ais&quot;: { &quot;year&quot;: 2012, &quot;src&quot;: &quot;network&quot; }, &quot;dgps&quot;: { &quot;year&quot;: 2010, &quot;src&quot;: &quot;ledger&quot; } }</SimpleData>
		<SimpleData name="tenders">(13:2307,1973,1861,1821,1716,1698,1715,1704,1675,1674,1661,1617,1594)</SimpleData>
		<SimpleData name="photo_credit">DGLL</SimpleData>
	</SchemaData></ExtendedData>
      <Point><coordinates>79.85167,10.765</coordinates></Point>
  </Placemark>
  <Placemark>
	<name>KAVARATTI LIGHTHOUSE</name>
	<ExtendedData><SchemaData schemaUrl="#lighthouses">
		<SimpleData name="id">kavaratti-lighthouse</SimpleData>
		<SimpleData name="kind">lighthouse</SimpleData>
		<SimpleData name="region">Kochi</SimpleData>
		<SimpleData name="pos_src">DGLL ledger</SimpleData>
		<SimpleData name="address">Navigational Assistant Gr-I, Kavaratti Lighthouse, Kavaratti island , UT of Lakshadweep 680 555</SimpleData>
		<SimpleData name="alol">F-0755.5</SimpleData>
		<SimpleData name="char">Fl (1) White 5 Sec (0.33+4.67 =5.0sec)</SimpleData>
		<SimpleData name="ckind">Fl</SimpleData>
		<SimpleData name="colour">W</SimpleData>
		<SimpleData name="group">1</SimpleData>
		<SimpleData name="period">5</SimpleData>
		<SimpleData name="phases">(2:0.33,4.67)</SimpleData>
		<SimpleData name="phases_src">ledger</SimpleData>
		<SimpleData name="flash_s">0.33</SimpleData>
		<SimpleData name="sectored">0</SimpleData>
		<SimpleData name="lum_nm">21</SimpleData>
		<SimpleData name="geo_nm">17.4</SimpleData>
		<SimpleData name="iala_nm">19</SimpleData>
		<SimpleData name="reach_nm">17.4</SimpleData>
		<SimpleData name="intensity_cd">74560</SimpleData>
		<SimpleData name="elev_m">40</SimpleData>
		<SimpleData name="optic">revolving</SimpleData>
		<SimpleData name="optic_order">4</SimpleData>
		<SimpleData name="optic_evidence">Type: Revolving Beacon; Rotation Device stepper motor (20kg/cm); R.P.M. 6</SimpleData>
		<SimpleData name="optic_make">ANA, Newdelhi, India</SimpleData>
		<SimpleData name="optic_type">Revolving Beacon</SimpleData>
		<SimpleData name="optic_size">250mm</SimpleData>
		<SimpleData name="rpm">6</SimpleData>
		<SimpleData name="panels">2</SimpleData>
		<SimpleData name="led">1</SimpleData>
		<SimpleData name="solar">1</SimpleData>
		<SimpleData name="ais">1</SimpleData>
		<SimpleData name="dgps">0</SimpleData>
		<SimpleData name="racon">K</SimpleData>
		<SimpleData name="vts">0</SimpleData>
		<SimpleData name="tower_type">Circular tower on RCC Base</SimpleData>
		<SimpleData name="tower_h_m">38</SimpleData>
		<SimpleData name="tower_colour">White Band</SimpleData>
		<SimpleData name="tower_year">1988</SimpleData>
		<SimpleData name="established">1976</SimpleData>
		<SimpleData name="visit">grounds</SimpleData>
		<SimpleData name="tourism">0</SimpleData>
		<SimpleData name="museum">0</SimpleData>
		<SimpleData name="record">1</SimpleData>
		<SimpleData name="ledger_url">https://www.dgll.nic.in/sites/default/files/2022-12/Master%20Ledger%20Cochin%2028.pdf</SimpleData>
		<SimpleData name="page_url">https://www.dgll.nic.in/DGLL-light-house-location/about-kochi/kavaratti-lighthouse</SimpleData>
		<SimpleData name="rowlett">1988 (station established 1976). Active; focal plane 40 m (131 ft); white flash every 5 s. 38 m (125 ft) round cylindrical concrete tower with lantern and double gallery. Lighthouse painted white; lantern roof is red. A 2021 photo by Dawn Dennies is at right, Mike Prince has a closeup photo, Manish Singh has a view from the sea, M. Vijayan has a 2017 photo, Arun C. Mehta has a 2018 closeup, and Google has an indistinct satellite view. The original light was on a wood skeletal tower. Kavaratti, in the central part of the Laccadives, has been the capital of Lakshadweep since 1964. The town has a population of about 12,000. The island is accessible by passenger ferry from Cochin or by helicopte</SimpleData>
		<SimpleData name="arlhs">LAK-006</SimpleData>
		<SimpleData name="photo">https://www.dgll.nic.in/sites/default/files/2022-11/KAVARATTI%20LIGHTHOUSE.jpg</SimpleData>
		<SimpleData name="transcribed">1</SimpleData>
		<SimpleData name="ledger_issues">(3:Position minutes printed with a double-prime (&quot;) sign; treated as decimal minutes,RACON listed but noted as removed and sent to DLL Cochin for repair on 11.04.2021,Solar Plant stated NIL; only a 70 W solar panel for RACON is listed)</SimpleData>
		<SimpleData name="equip_years">{ &quot;racon&quot;: 2021 }</SimpleData>
		<SimpleData name="equip_since">{ &quot;racon&quot;: { &quot;year&quot;: 2021, &quot;src&quot;: &quot;ledger&quot; }, &quot;ais&quot;: { &quot;year&quot;: 2012, &quot;src&quot;: &quot;network&quot; } }</SimpleData>
		<SimpleData name="tenders">(2:2112,2032)</SimpleData>
		<SimpleData name="photo_credit">DGLL</SimpleData>
	</SchemaData></ExtendedData>
      <Point><coordinates>72.64833,10.56167</coordinates></Point>
  </Placemark>
  <Placemark>
	<name>Chetwai Lighthouse</name>
	<ExtendedData><SchemaData schemaUrl="#lighthouses">
		<SimpleData name="id">chetwai-lighthouse</SimpleData>
		<SimpleData name="kind">lighthouse</SimpleData>
		<SimpleData name="region">Kochi</SimpleData>
		<SimpleData name="pos_src">DGLL ledger</SimpleData>
		<SimpleData name="alol">0693</SimpleData>
		<SimpleData name="char">Fl (2) W 20 sec (fl0.46+2.2+0.46+16.88sec)</SimpleData>
		<SimpleData name="ckind">Fl</SimpleData>
		<SimpleData name="colour">W</SimpleData>
		<SimpleData name="group">2</SimpleData>
		<SimpleData name="period">20</SimpleData>
		<SimpleData name="phases">(4:0.46,2.2,0.46,16.88)</SimpleData>
		<SimpleData name="phases_src">ledger</SimpleData>
		<SimpleData name="flash_s">0.46</SimpleData>
		<SimpleData name="sectored">0</SimpleData>
		<SimpleData name="lum_nm">19</SimpleData>
		<SimpleData name="geo_nm">16.6</SimpleData>
		<SimpleData name="iala_nm">18.9</SimpleData>
		<SimpleData name="reach_nm">16.6</SimpleData>
		<SimpleData name="intensity_cd">74000</SimpleData>
		<SimpleData name="elev_m">33.28</SimpleData>
		<SimpleData name="optic">revolving</SimpleData>
		<SimpleData name="optic_evidence">Type: AGA Revolving Beacon; Rotation Device: Dual Stepper motor; R.P.M. 3/2</SimpleData>
		<SimpleData name="optic_make">M/s AGA</SimpleData>
		<SimpleData name="optic_type">AGA Revolving Beacon</SimpleData>
		<SimpleData name="optic_size">250mm</SimpleData>
		<SimpleData name="rpm">1.5</SimpleData>
		<SimpleData name="panels">2</SimpleData>
		<SimpleData name="led">1</SimpleData>
		<SimpleData name="solar">0</SimpleData>
		<SimpleData name="ais">0</SimpleData>
		<SimpleData name="dgps">0</SimpleData>
		<SimpleData name="vts">0</SimpleData>
		<SimpleData name="tower_type">Circular tower on RCC Base</SimpleData>
		<SimpleData name="tower_h_m">33.28</SimpleData>
		<SimpleData name="tower_colour">Red and White Band</SimpleData>
		<SimpleData name="tower_year">1986</SimpleData>
		<SimpleData name="established">1986</SimpleData>
		<SimpleData name="visit">open</SimpleData>
		<SimpleData name="tourism">1</SimpleData>
		<SimpleData name="museum">0</SimpleData>
		<SimpleData name="record">1</SimpleData>
		<SimpleData name="ledger_url">https://www.dgll.nic.in/sites/default/files/2022-12/Master%20Ledger%20Cochin%2008.pdf</SimpleData>
		<SimpleData name="page_url">https://www.dgll.nic.in/DGLL-light-house-location/about-kochi/chetwai-lighthouse</SimpleData>
		<SimpleData name="rowlett">1986. Active; focal plane 33 m (108 ft); two white flashes every 20 s. 30 m (98 ft) round cylindrical concrete tower with lantern and double gallery, painted with red and white horizontal bands. Nikhil Sankar has a 2017 photo, Noufal AbdulKareem has a 2018 photo, Akhil Jyothish has a 2021 photo, and Google has a 2023 street view and a satellite view. This lighthouse has a design common to many modern Indian light towers. Located just off the beach south of Chavakkad. Site open, tower open daily in late afternoons. . ARLHS IND-082; Admiralty F0693; NGA 27564.</SimpleData>
		<SimpleData name="arlhs">IND-082</SimpleData>
		<SimpleData name="wikidata">Q18387166</SimpleData>
		<SimpleData name="photo">https://www.dgll.nic.in/sites/default/files/2022-11/Chetwai%20Lighthouse.jpg</SimpleData>
		<SimpleData name="transcribed">1</SimpleData>
		<SimpleData name="ledger_issues">(2:Duration of Flash field says '20 Sec' while characteristic gives flash 0.46 s,Tower height given as 33.28M, identical to elevation above MSL)</SimpleData>
		<SimpleData name="equip_years">{ }</SimpleData>
		<SimpleData name="equip_since">{ }</SimpleData>
		<SimpleData name="tenders">(2:1794,1372)</SimpleData>
		<SimpleData name="photo_credit">DGLL</SimpleData>
	</SchemaData></ExtendedData>
      <Point><coordinates>76.01883,10.55167</coordinates></Point>
  </Placemark>
  <Placemark>
	<name>POINT CALIMERE LIGHTHOUSE</name>
	<ExtendedData><SchemaData schemaUrl="#lighthouses">
		<SimpleData name="id">point-calimere-lighthouse</SimpleData>
		<SimpleData name="kind">lighthouse</SimpleData>
		<SimpleData name="region">Chennai</SimpleData>
		<SimpleData name="pos_src">DGLL ledger</SimpleData>
		<SimpleData name="alol">F 0918</SimpleData>
		<SimpleData name="char">Fl (3) W 10 sec (0.3f +1.5+0.3f+1.5+0.3f+6.1)sec</SimpleData>
		<SimpleData name="ckind">Fl</SimpleData>
		<SimpleData name="colour">W</SimpleData>
		<SimpleData name="group">3</SimpleData>
		<SimpleData name="period">10</SimpleData>
		<SimpleData name="phases">(6:0.3,1.5,0.3,1.5,0.3,6.1)</SimpleData>
		<SimpleData name="phases_src">ledger</SimpleData>
		<SimpleData name="flash_s">0.3</SimpleData>
		<SimpleData name="sectored">0</SimpleData>
		<SimpleData name="lum_nm">12</SimpleData>
		<SimpleData name="geo_nm">12.9</SimpleData>
		<SimpleData name="reach_nm">12</SimpleData>
		<SimpleData name="elev_m">16</SimpleData>
		<SimpleData name="optic">flasher</SimpleData>
		<SimpleData name="optic_evidence">Type: LED Flasher; illuminant 90 watts LED Flasher, 2 Array LED Flasher; Rotation Device and R.P.M. blank</SimpleData>
		<SimpleData name="optic_make">LMV</SimpleData>
		<SimpleData name="optic_model">BDL 250</SimpleData>
		<SimpleData name="optic_type">LED Flasher</SimpleData>
		<SimpleData name="optic_size">22cm x 50cm</SimpleData>
		<SimpleData name="led">1</SimpleData>
		<SimpleData name="solar">1</SimpleData>
		<SimpleData name="ais">0</SimpleData>
		<SimpleData name="dgps">0</SimpleData>
		<SimpleData name="vts">0</SimpleData>
		<SimpleData name="tower_type">circular</SimpleData>
		<SimpleData name="tower_h_m">16</SimpleData>
		<SimpleData name="tower_colour">White circular</SimpleData>
		<SimpleData name="tower_year">2010</SimpleData>
		<SimpleData name="established">2010</SimpleData>
		<SimpleData name="visit">open</SimpleData>
		<SimpleData name="tourism">0</SimpleData>
		<SimpleData name="museum">0</SimpleData>
		<SimpleData name="record">1</SimpleData>
		<SimpleData name="ledger_url">https://www.dgll.nic.in/sites/default/files/2022-12/ch11.pdf</SimpleData>
		<SimpleData name="page_url">https://www.dgll.nic.in/DGLL-light-house-location/about-chennai/point-calimere-lighthouse</SimpleData>
		<SimpleData name="rowlett">2010. Active; focal plane unknown; four white flashes every 15 s. 30 m (98 ft) octagonal cylindrical concrete tower with lantern, gallery, and an octagonal observation level below the lantern. Lighthouse painted with red and white vertical stripes. A 2022 photo ia available, Wikimedia has a good 2015 photo, Peer Mohamed has a 2016 closeup photo, Pagu Pandian has a 2011 photo, a street view from the gallery is available, and Google has a satellite view. The light is listed as &quot;Pumpukar&quot; by NGA. Located near Kaveripatnam, about 30 km (19 mi) north of Karaikal. Site open, tower open 3 to 6 pm daily. Admiralty F0918: NGA 27134.</SimpleData>
		<SimpleData name="wikidata">Q141247833</SimpleData>
		<SimpleData name="photo">https://www.dgll.nic.in/sites/default/files/2022-11/DG11_0.jpg</SimpleData>
		<SimpleData name="transcribed">1</SimpleData>
		<SimpleData name="ledger_issues">(3:Latitude printed as 10° 17'.24&quot; (mixed notation); converted as 10° 17.24',Optic lists 'No. of Array 2 Nos' (LED arrays), not lens panels,Date of commissioning given as '1890 and remoulded on 1933')</SimpleData>
		<SimpleData name="equip_years">{ }</SimpleData>
		<SimpleData name="equip_since">{ }</SimpleData>
		<SimpleData name="tenders">(3:2309,2308,1734)</SimpleData>
		<SimpleData name="photo_credit">DGLL</SimpleData>
	</SchemaData></ExtendedData>
      <Point><coordinates>79.87167,10.28733</coordinates></Point>
  </Placemark>
  <Placemark>
	<name>KODIKKARAI LIGHTHOUSE</name>
	<ExtendedData><SchemaData schemaUrl="#lighthouses">
		<SimpleData name="id">kodikkarai-lighthouse</SimpleData>
		<SimpleData name="kind">lighthouse</SimpleData>
		<SimpleData name="region">Chennai</SimpleData>
		<SimpleData name="pos_src">DGLL ledger, seconds column read as decimal minutes (matches OpenStreetMap way/1033110197)</SimpleData>
		<SimpleData name="alol">F 0902</SimpleData>
		<SimpleData name="char">Fl (1) W 10 sec (fl 0.22(F)+9.8)</SimpleData>
		<SimpleData name="ckind">Fl</SimpleData>
		<SimpleData name="colour">W</SimpleData>
		<SimpleData name="group">1</SimpleData>
		<SimpleData name="period">10</SimpleData>
		<SimpleData name="phases">(2:0.22,9.800000000000001)</SimpleData>
		<SimpleData name="phases_src">ledger</SimpleData>
		<SimpleData name="flash_s">0.22</SimpleData>
		<SimpleData name="sectored">0</SimpleData>
		<SimpleData name="lum_nm">19</SimpleData>
		<SimpleData name="geo_nm">19</SimpleData>
		<SimpleData name="iala_nm">14.4</SimpleData>
		<SimpleData name="reach_nm">19</SimpleData>
		<SimpleData name="intensity_cd">11000</SimpleData>
		<SimpleData name="elev_m">48</SimpleData>
		<SimpleData name="optic">revolving</SimpleData>
		<SimpleData name="optic_evidence">Optic: Revolving Beacon; Pedestal: Revolving; Rotation Device: stepper motor; R.P.M. 1 r.p.m</SimpleData>
		<SimpleData name="optic_make">LMV</SimpleData>
		<SimpleData name="optic_model">BGC 500HI</SimpleData>
		<SimpleData name="optic_type">Revolving Beacon</SimpleData>
		<SimpleData name="optic_size">22cm x 50cm</SimpleData>
		<SimpleData name="rpm">1</SimpleData>
		<SimpleData name="panels">6</SimpleData>
		<SimpleData name="led">1</SimpleData>
		<SimpleData name="solar">1</SimpleData>
		<SimpleData name="ais">1</SimpleData>
		<SimpleData name="dgps">0</SimpleData>
		<SimpleData name="vts">0</SimpleData>
		<SimpleData name="tower_type">Round &amp; Concrete</SimpleData>
		<SimpleData name="tower_h_m">48</SimpleData>
		<SimpleData name="tower_colour">Red and White Band (circular)</SimpleData>
		<SimpleData name="tower_year">1997</SimpleData>
		<SimpleData name="established">1997</SimpleData>
		<SimpleData name="visit">closed</SimpleData>
		<SimpleData name="tourism">1</SimpleData>
		<SimpleData name="museum">0</SimpleData>
		<SimpleData name="record">1</SimpleData>
		<SimpleData name="ledger_url">https://www.dgll.nic.in/sites/default/files/2022-12/ch12.pdf</SimpleData>
		<SimpleData name="page_url">https://www.dgll.nic.in/DGLL-light-house-location/about-chennai/kodikkarai-lighthouse</SimpleData>
		<SimpleData name="rowlett">1997. Active; focal plane 45 m (148 ft); white flash every 10 s. 45 m (148 ft) round masonry tower with lantern and double gallery, painted with horizontal red and white bands. The lantern was used previously at Pulicat Light. A 2022 photo is at right, Marcus Sherman has a 2008 photo, Mohanram Kemparaju has another photo, Vignesh Waran has a photo and a street view from atop the lighthouse, and Google has a satellite view. Kodikkarai is the Tamil name of Calimere Point. Located about 9 km (5.5 mi) west southwest of Calimere Point Light. Site status unknown, probably open. ARLHS IND-039; Admiralty F0902; NGA 27145.</SimpleData>
		<SimpleData name="arlhs">IND-039</SimpleData>
		<SimpleData name="wikidata">Q29957232</SimpleData>
		<SimpleData name="photo">http://commons.wikimedia.org/wiki/Special:FilePath/PCWBS-lighthouse.JPG</SimpleData>
		<SimpleData name="transcribed">1</SimpleData>
		<SimpleData name="ledger_issues">(3:Latitude printed as 10° 16'.74&quot; (mixed notation; 74 cannot be seconds); converted as 10° 16.74',Sequence 0.22 + 9.8 sums to 10.02 s, not the stated 10 s period,Engine 1 heading marked '(NIL)' but a Kirloskar/TA2 SRII 12HP engine and 5KVA alternator are listed)</SimpleData>
		<SimpleData name="equip_years">{ }</SimpleData>
		<SimpleData name="equip_since">{ &quot;ais&quot;: { &quot;year&quot;: 2012, &quot;src&quot;: &quot;network&quot; } }</SimpleData>
		<SimpleData name="tenders">(12:2562,2119,2063,1716,1715,1704,1675,1674,1661,1617,1594,1588)</SimpleData>
		<SimpleData name="photo_credit">DGLL</SimpleData>
	</SchemaData></ExtendedData>
      <Point><coordinates>79.8265,10.279</coordinates></Point>
  </Placemark>
  <Placemark>
	<name>MALLIPATTINAM LIGHTHOUSE</name>
	<ExtendedData><SchemaData schemaUrl="#lighthouses">
		<SimpleData name="id">mallipattinam-lighthouse</SimpleData>
		<SimpleData name="kind">lighthouse</SimpleData>
		<SimpleData name="region">Chennai</SimpleData>
		<SimpleData name="pos_src">DGLL ledger, seconds column read as decimal minutes (matches OpenStreetMap way/1554544624)</SimpleData>
		<SimpleData name="address">The Navigational Assistant Gr-I Mallipattinam Lighthouse, Near Manora, Pattukottai Taluk Thanjavur, Tamilnadu-614725</SimpleData>
		<SimpleData name="alol">F 0901.9</SimpleData>
		<SimpleData name="char">Fl (1) W 5 sec (fl 0.5)</SimpleData>
		<SimpleData name="ckind">Fl</SimpleData>
		<SimpleData name="colour">W</SimpleData>
		<SimpleData name="group">1</SimpleData>
		<SimpleData name="period">5</SimpleData>
		<SimpleData name="phases">(2:0.5,4.5)</SimpleData>
		<SimpleData name="phases_src">derived</SimpleData>
		<SimpleData name="flash_s">0.5</SimpleData>
		<SimpleData name="sectored">0</SimpleData>
		<SimpleData name="lum_nm">22</SimpleData>
		<SimpleData name="geo_nm">19.1</SimpleData>
		<SimpleData name="iala_nm">21</SimpleData>
		<SimpleData name="reach_nm">19.1</SimpleData>
		<SimpleData name="intensity_cd">166000</SimpleData>
		<SimpleData name="elev_m">48.4</SimpleData>
		<SimpleData name="optic">revolving</SimpleData>
		<SimpleData name="optic_evidence">Optic: Rotating beacon, MBR-300; Rotation Device: Inbuilt stepper motor with drive; R.P.M. 2 r.p.m</SimpleData>
		<SimpleData name="optic_make">M/s Mediterrano senales Maritimes (MSM), Spain</SimpleData>
		<SimpleData name="optic_model">MBR-300</SimpleData>
		<SimpleData name="optic_type">Rotating beacon</SimpleData>
		<SimpleData name="optic_size">210 mm</SimpleData>
		<SimpleData name="rpm">2</SimpleData>
		<SimpleData name="panels">6</SimpleData>
		<SimpleData name="led">1</SimpleData>
		<SimpleData name="solar">1</SimpleData>
		<SimpleData name="ais">0</SimpleData>
		<SimpleData name="dgps">0</SimpleData>
		<SimpleData name="vts">0</SimpleData>
		<SimpleData name="tower_type">RCC Octagonal Tower</SimpleData>
		<SimpleData name="tower_h_m">45</SimpleData>
		<SimpleData name="tower_colour">Red and White vertical Band</SimpleData>
		<SimpleData name="tower_year">2010</SimpleData>
		<SimpleData name="established">2010</SimpleData>
		<SimpleData name="visit">grounds</SimpleData>
		<SimpleData name="tourism">1</SimpleData>
		<SimpleData name="museum">0</SimpleData>
		<SimpleData name="record">1</SimpleData>
		<SimpleData name="ledger_url">https://www.dgll.nic.in/sites/default/files/2022-12/ch13.pdf</SimpleData>
		<SimpleData name="page_url">https://www.dgll.nic.in/DGLL-light-house-location/about-chennai/mallipattinam-lighthouse</SimpleData>
		<SimpleData name="rowlett">2010. Active; focal plane unknown; four white flashes every 15 s. 45 m (148 ft) octagonal cylindrical concrete tower with lantern, gallery, and an octagonal observation level below the lantern. Lighthouse painted with red and white vertical stripes (the first Indian lighthouse to have this daymark). Marimuthu Rajaguru has a 2022 photo and Google has a 2024 street view and a satellite view. Located on Palk Strait at Manora, about 50 km (30 mi) west of Calimere Point. Site open, tower closed. Admiralty F0901.9; NGA 27148.</SimpleData>
		<SimpleData name="wikidata">Q141256321</SimpleData>
		<SimpleData name="photo">https://www.dgll.nic.in/sites/default/files/2022-11/dg12_1.png</SimpleData>
		<SimpleData name="transcribed">1</SimpleData>
		<SimpleData name="ledger_issues">(0:)</SimpleData>
		<SimpleData name="equip_years">{ }</SimpleData>
		<SimpleData name="equip_since">{ }</SimpleData>
		<SimpleData name="tenders">(13:1822,1813,1716,1715,1704,1675,1674,1661,1664,1663,1615,1617,1594)</SimpleData>
		<SimpleData name="photo_credit">DGLL</SimpleData>
	</SchemaData></ExtendedData>
      <Point><coordinates>79.308,10.26867</coordinates></Point>
  </Placemark>
  <Placemark>
	<name>AZHIKODE LIGHTHOUSE AND DGPS STATION</name>
	<ExtendedData><SchemaData schemaUrl="#lighthouses">
		<SimpleData name="id">azhikode-lighthouse-and-dgps-station</SimpleData>
		<SimpleData name="kind">lighthouse</SimpleData>
		<SimpleData name="region">Kochi</SimpleData>
		<SimpleData name="pos_src">DGLL ledger</SimpleData>
		<SimpleData name="address">Assistant Engineer (EL) Azhikode Lighthouse, Azhikode Post Kodungallure Via, Thrissure Dt, Kerala-680666. Pin: 680666.</SimpleData>
		<SimpleData name="alol">0694.5</SimpleData>
		<SimpleData name="char">Fl (3) W 20 sec</SimpleData>
		<SimpleData name="ckind">Fl</SimpleData>
		<SimpleData name="colour">W</SimpleData>
		<SimpleData name="group">3</SimpleData>
		<SimpleData name="period">20</SimpleData>
		<SimpleData name="phases">(6:0.32,2,0.32,2,0.32,15.04)</SimpleData>
		<SimpleData name="phases_src">derived</SimpleData>
		<SimpleData name="flash_s">0.32</SimpleData>
		<SimpleData name="sectored">0</SimpleData>
		<SimpleData name="lum_nm">19</SimpleData>
		<SimpleData name="geo_nm">16.7</SimpleData>
		<SimpleData name="iala_nm">18.9</SimpleData>
		<SimpleData name="reach_nm">16.7</SimpleData>
		<SimpleData name="intensity_cd">74000</SimpleData>
		<SimpleData name="elev_m">34</SimpleData>
		<SimpleData name="optic">revolving</SimpleData>
		<SimpleData name="optic_evidence">Type: Revolving Beacon; Rotation Device: Dual Stepper motor (20Kgcm); R.P.M. 3 RPM</SimpleData>
		<SimpleData name="optic_make">M/S J Stone &amp; Co. Culcutta, India</SimpleData>
		<SimpleData name="optic_type">Revolving Beacon</SimpleData>
		<SimpleData name="optic_size">300mm</SimpleData>
		<SimpleData name="rpm">3</SimpleData>
		<SimpleData name="panels">3</SimpleData>
		<SimpleData name="led">1</SimpleData>
		<SimpleData name="solar">1</SimpleData>
		<SimpleData name="ais">0</SimpleData>
		<SimpleData name="dgps">1</SimpleData>
		<SimpleData name="vts">0</SimpleData>
		<SimpleData name="tower_type">Square RCC Tower</SimpleData>
		<SimpleData name="tower_h_m">30</SimpleData>
		<SimpleData name="tower_colour">Black and White Band</SimpleData>
		<SimpleData name="tower_year">1982</SimpleData>
		<SimpleData name="established">1982</SimpleData>
		<SimpleData name="visit">open</SimpleData>
		<SimpleData name="tourism">1</SimpleData>
		<SimpleData name="museum">0</SimpleData>
		<SimpleData name="record">1</SimpleData>
		<SimpleData name="ledger_url">https://www.dgll.nic.in/sites/default/files/2022-12/Master%20Ledger%20Cochin%2009.pdf</SimpleData>
		<SimpleData name="page_url">https://www.dgll.nic.in/DGLL-light-house-location/about-kochi/azhikode-lighthouse-and-dgps-station</SimpleData>
		<SimpleData name="rowlett">1982. Active; focal plane 34 m (112 ft); three white flashes every 20 s. 30 m (98 ft) square cylindrical concrete tower, lower half skeletal and upper half enclosed, with lantern and gallery. Lighthouse painted with black and white horizontal bands; lantern roof painted red. Wikimedia has Dr. Ajay Balachandran's photo, John Alex has contributed a photo, Fahid Kooloth has a 2017 photo, Krishna Veni Tp has a 2023 photo, and Google has a satellite view. The lighthouse replaced a small light at the mouth of the Periyar River. Located in Azhikode 8 km (5 mi) west of Kodungallur and 2 km (1.2 mi) north of the river entrance. Site open, tower open late afternoons daily. . ARLHS IND-075; Admiralty F</SimpleData>
		<SimpleData name="arlhs">IND-075</SimpleData>
		<SimpleData name="wikidata">Q18169253</SimpleData>
		<SimpleData name="photo">https://www.dgll.nic.in/sites/default/files/2022-11/AZHIKODE%20LIGHTHOUSE%20AND%20DGPS%20STATION.jpg</SimpleData>
		<SimpleData name="transcribed">1</SimpleData>
		<SimpleData name="ledger_issues">(1:established_year taken from date of commissioning 30.04.1982)</SimpleData>
		<SimpleData name="equip_years">{ &quot;ais&quot;: 2018 }</SimpleData>
		<SimpleData name="equip_since">{ &quot;dgps&quot;: { &quot;year&quot;: 2003, &quot;src&quot;: &quot;network&quot; } }</SimpleData>
		<SimpleData name="tenders">(3:2302,1701,623)</SimpleData>
		<SimpleData name="photo_credit">DGLL</SimpleData>
	</SchemaData></ExtendedData>
      <Point><coordinates>76.15833,10.19833</coordinates></Point>
  </Placemark>
  <Placemark>
	<name>VALIYAKARA LIGHTHOUSE</name>
	<ExtendedData><SchemaData schemaUrl="#lighthouses">
		<SimpleData name="id">valiyakara-lighthouse</SimpleData>
		<SimpleData name="kind">lighthouse</SimpleData>
		<SimpleData name="region">Kochi</SimpleData>
		<SimpleData name="pos_src">DGLL ledger</SimpleData>
		<SimpleData name="alol">F-0755.6</SimpleData>
		<SimpleData name="char">Fl (1) White 15 Sec</SimpleData>
		<SimpleData name="ckind">Fl</SimpleData>
		<SimpleData name="colour">W</SimpleData>
		<SimpleData name="group">1</SimpleData>
		<SimpleData name="period">15</SimpleData>
		<SimpleData name="phases">(2:0.95,14.05)</SimpleData>
		<SimpleData name="phases_src">derived</SimpleData>
		<SimpleData name="sectored">0</SimpleData>
		<SimpleData name="lum_nm">12.96</SimpleData>
		<SimpleData name="geo_nm">11.3</SimpleData>
		<SimpleData name="reach_nm">11.3</SimpleData>
		<SimpleData name="elev_m">16</SimpleData>
		<SimpleData name="optic">flasher</SimpleData>
		<SimpleData name="optic_evidence">Optic MBL-160, Type: LED Flasher</SimpleData>
		<SimpleData name="optic_make">MsM, Spain</SimpleData>
		<SimpleData name="optic_model">MBL-160</SimpleData>
		<SimpleData name="optic_type">LED Flasher</SimpleData>
		<SimpleData name="led">1</SimpleData>
		<SimpleData name="solar">1</SimpleData>
		<SimpleData name="ais">0</SimpleData>
		<SimpleData name="dgps">0</SimpleData>
		<SimpleData name="vts">0</SimpleData>
		<SimpleData name="tower_type">Galvanized M S trestle tower</SimpleData>
		<SimpleData name="tower_h_m">15</SimpleData>
		<SimpleData name="tower_colour">White Band</SimpleData>
		<SimpleData name="tower_year">1998</SimpleData>
		<SimpleData name="established">1983</SimpleData>
		<SimpleData name="visit">closed</SimpleData>
		<SimpleData name="tourism">0</SimpleData>
		<SimpleData name="museum">0</SimpleData>
		<SimpleData name="record">1</SimpleData>
		<SimpleData name="ledger_url">https://www.dgll.nic.in/sites/default/files/2022-12/Master%20Ledger%20Cochin%2029.pdf</SimpleData>
		<SimpleData name="page_url">https://www.dgll.nic.in/DGLL-light-house-location/about-kochi/valiyakara-lighthouse</SimpleData>
		<SimpleData name="rowlett">1998 (station established 1983). Active; focal plane 16 m (52 ft); white flash every 15 s. 15 m (49 ft) square galvanized iron skeletal tower with gallery, painted white. Google has an indistinct satellite view. Valiyakera, at the northern end of the Suhelipar atoll, has no inhabitants. Site status unknown. Admiralty F0755.6; NGA 27608.</SimpleData>
		<SimpleData name="photo">https://www.dgll.nic.in/sites/default/files/2022-11/VALIYAKARA%20LIGHTHOUSE.jpg</SimpleData>
		<SimpleData name="transcribed">1</SimpleData>
		<SimpleData name="ledger_issues">(3:Position minutes printed with a double-prime (&quot;) sign; treated as decimal minutes,Effective beam intensity field reads only 'Candelas' with no value,Source of energy says 'Solar Plant: NIL' yet lists solar panels)</SimpleData>
		<SimpleData name="equip_years">{ }</SimpleData>
		<SimpleData name="equip_since">{ }</SimpleData>
		<SimpleData name="tenders">(5:2112,2111,1755,1741,1383)</SimpleData>
		<SimpleData name="photo_credit">DGLL</SimpleData>
	</SchemaData></ExtendedData>
      <Point><coordinates>72.32833,10.145</coordinates></Point>
  </Placemark>
  <Placemark>
	<name>Kalpeni Lighthouse</name>
	<ExtendedData><SchemaData schemaUrl="#lighthouses">
		<SimpleData name="id">kalpeni-lighthouse</SimpleData>
		<SimpleData name="kind">lighthouse</SimpleData>
		<SimpleData name="region">Kochi</SimpleData>
		<SimpleData name="pos_src">DGLL position with 58'-&gt;38' digit slip corrected</SimpleData>
		<SimpleData name="address">Head light keeper Kalpeni light house Kalpeni island Pin:682557</SimpleData>
		<SimpleData name="alol">F 1201</SimpleData>
		<SimpleData name="char">GP.FL.3(W)EVERY 20SECS</SimpleData>
		<SimpleData name="ckind">Fl</SimpleData>
		<SimpleData name="colour">W</SimpleData>
		<SimpleData name="group">3</SimpleData>
		<SimpleData name="period">20</SimpleData>
		<SimpleData name="phases">(6:0.53,2,0.53,2,0.53,14.41)</SimpleData>
		<SimpleData name="phases_src">derived</SimpleData>
		<SimpleData name="flash_s">0.53</SimpleData>
		<SimpleData name="sectored">0</SimpleData>
		<SimpleData name="lum_nm">18</SimpleData>
		<SimpleData name="geo_nm">18.4</SimpleData>
		<SimpleData name="iala_nm">22.1</SimpleData>
		<SimpleData name="reach_nm">18</SimpleData>
		<SimpleData name="intensity_cd">256989</SimpleData>
		<SimpleData name="elev_m">44.01</SimpleData>
		<SimpleData name="optic">revolving</SimpleData>
		<SimpleData name="optic_evidence">Size: 300mm 4th revolving optic; Rotation Device: Stepper motor; R.P.M. 3 RPM</SimpleData>
		<SimpleData name="optic_make">J.stone&amp;co</SimpleData>
		<SimpleData name="optic_size">300mm 4th revolving optic</SimpleData>
		<SimpleData name="rpm">3</SimpleData>
		<SimpleData name="panels">3</SimpleData>
		<SimpleData name="led">1</SimpleData>
		<SimpleData name="solar">0</SimpleData>
		<SimpleData name="ais">1</SimpleData>
		<SimpleData name="dgps">0</SimpleData>
		<SimpleData name="vts">0</SimpleData>
		<SimpleData name="tower_type">Circular RCC block masonry tower</SimpleData>
		<SimpleData name="tower_h_m">37</SimpleData>
		<SimpleData name="tower_colour">Black and White Band</SimpleData>
		<SimpleData name="tower_year">1969</SimpleData>
		<SimpleData name="established">1969</SimpleData>
		<SimpleData name="visit">closed</SimpleData>
		<SimpleData name="tourism">0</SimpleData>
		<SimpleData name="museum">0</SimpleData>
		<SimpleData name="record">1</SimpleData>
		<SimpleData name="ledger_url">https://www.dgll.nic.in/sites/default/files/2022-12/Master%20Ledger%20Cochin%2031.pdf</SimpleData>
		<SimpleData name="page_url">https://www.dgll.nic.in/DGLL-light-house-location/about-kochi/kalpeni-lighthouse</SimpleData>
		<SimpleData name="rowlett">1969. Active; focal plane 89 m (292 ft); white flash every 15 s. 37 m (121 ft) cast iron tower with lantern and gallery painted with red and white horizontal bands. This is a staffed station with several buildings. A 2018 drone view is at right, Soma Shekar has a 2017 photo and a view from the sea, Suhit Das has a 2024 closeup, and Google has a satellite view. This lighthouse marks the northern end of the Andaman Islands. It appears to be another cast iron tower similar to the Indira Point and North Point Lights, built three years later. Located at the highest point of the island. Site status unknown. ARLHS AND-001; Admiralty F1201; NGA 26552.</SimpleData>
		<SimpleData name="arlhs">AND-001</SimpleData>
		<SimpleData name="photo">https://www.dgll.nic.in/sites/default/files/2022-11/KALPENI%20LIGHTHOUSE.jpg</SimpleData>
		<SimpleData name="transcribed">1</SimpleData>
		<SimpleData name="ledger_issues">(3:Intensity printed '2.56.989 candelas' (read as 2,56,989),ALOL F 1201, RACON Sr. No 6295 and NAIS MMSI 4198001 are identical to East Island ledger values - possibly copied,RACON lists only a serial number with make/model/code blank)</SimpleData>
		<SimpleData name="equip_years">{ }</SimpleData>
		<SimpleData name="equip_since">{ &quot;ais&quot;: { &quot;year&quot;: 2012, &quot;src&quot;: &quot;network&quot; } }</SimpleData>
		<SimpleData name="tenders">(0:)</SimpleData>
		<SimpleData name="photo_credit">DGLL</SimpleData>
	</SchemaData></ExtendedData>
      <Point><coordinates>73.64233,10.075</coordinates></Point>
  </Placemark>
  <Placemark>
	<name>SUHELIPAR LIGHTHOUSE</name>
	<ExtendedData><SchemaData schemaUrl="#lighthouses">
		<SimpleData name="id">suhelipar-lighthouse</SimpleData>
		<SimpleData name="kind">lighthouse</SimpleData>
		<SimpleData name="region">Kochi</SimpleData>
		<SimpleData name="pos_src">DGLL ledger</SimpleData>
		<SimpleData name="address">C/o Navigational Assistant Gr-I, Kavaratti Lighthouse, Kavaratti island, UT of Lakshadweep 680 555</SimpleData>
		<SimpleData name="alol">F-0756</SimpleData>
		<SimpleData name="char">Fl (2) White 20Sec</SimpleData>
		<SimpleData name="ckind">Fl</SimpleData>
		<SimpleData name="colour">W</SimpleData>
		<SimpleData name="group">2</SimpleData>
		<SimpleData name="period">20</SimpleData>
		<SimpleData name="phases">(4:1,2,1,16)</SimpleData>
		<SimpleData name="phases_src">derived</SimpleData>
		<SimpleData name="sectored">0</SimpleData>
		<SimpleData name="lum_nm">19</SimpleData>
		<SimpleData name="geo_nm">17.5</SimpleData>
		<SimpleData name="reach_nm">17.5</SimpleData>
		<SimpleData name="elev_m">38</SimpleData>
		<SimpleData name="optic">flasher</SimpleData>
		<SimpleData name="optic_evidence">Type: LED flasher</SimpleData>
		<SimpleData name="optic_make">Sealite, Australia</SimpleData>
		<SimpleData name="optic_type">LED flasher</SimpleData>
		<SimpleData name="optic_size">300mm lens dia</SimpleData>
		<SimpleData name="led">1</SimpleData>
		<SimpleData name="solar">1</SimpleData>
		<SimpleData name="ais">1</SimpleData>
		<SimpleData name="dgps">0</SimpleData>
		<SimpleData name="racon">O</SimpleData>
		<SimpleData name="vts">0</SimpleData>
		<SimpleData name="tower_type">Cast iron circular tower</SimpleData>
		<SimpleData name="tower_h_m">30</SimpleData>
		<SimpleData name="tower_colour">Red and White Band</SimpleData>
		<SimpleData name="tower_year">1975</SimpleData>
		<SimpleData name="established">1975</SimpleData>
		<SimpleData name="visit">closed</SimpleData>
		<SimpleData name="tourism">0</SimpleData>
		<SimpleData name="museum">0</SimpleData>
		<SimpleData name="record">1</SimpleData>
		<SimpleData name="ledger_url">https://www.dgll.nic.in/sites/default/files/2022-12/Master%20Ledger%20Cochin%2030_0.pdf</SimpleData>
		<SimpleData name="page_url">https://www.dgll.nic.in/DGLL-light-house-location/about-kochi/suhelipar-lighthouse</SimpleData>
		<SimpleData name="rowlett">1975. Active; focal plane 36 m (118 ft); two white flashes every 20 s. 33 m (108 ft) round cast iron tower with lantern and gallery. Lighthouse painted with horizontal red and white bands. A view from atop the lighthouse is available and Google has a satellite view of the tower. Cheriyakara is an islet at the southern end of the Suhelipar atoll; there are no permanent inhabitants but a fishing camp is occupied seasonally. This is at the southwestern corner of the Laccadives; the lighthouse marks the western entrance to the Nine Degree Channel separating Minicoy from the Laccadives. Site status unknown. ARLHS LAK-010; Admiralty F0756; NGA 27604.</SimpleData>
		<SimpleData name="arlhs">LAK-010</SimpleData>
		<SimpleData name="photo">https://www.dgll.nic.in/sites/default/files/2022-11/SUHELIPAR%20LIGHTHOUSE.jpg</SimpleData>
		<SimpleData name="transcribed">1</SimpleData>
		<SimpleData name="ledger_issues">(4:Position printed with seconds marks after decimal values (10° 02.30&quot;, 72° 17.00&quot;); converted as decimal minutes,RACON listed (Wealth marine WM-RB-II, code O) but removed as defective on 24.01.2014,Effective beam intensity left blank,Only year of commissioning given (1975))</SimpleData>
		<SimpleData name="equip_years">{ &quot;racon&quot;: 2011 }</SimpleData>
		<SimpleData name="equip_since">{ &quot;racon&quot;: { &quot;year&quot;: 2011, &quot;src&quot;: &quot;ledger&quot; }, &quot;ais&quot;: { &quot;year&quot;: 2012, &quot;src&quot;: &quot;network&quot; } }</SimpleData>
		<SimpleData name="tenders">(2:2112,2111)</SimpleData>
		<SimpleData name="photo_credit">DGLL</SimpleData>
	</SchemaData></ExtendedData>
      <Point><coordinates>72.28333,10.03833</coordinates></Point>
  </Placemark>
  <Placemark>
	<name>AMMAPATTINAM LIGHTHOUSE</name>
	<ExtendedData><SchemaData schemaUrl="#lighthouses">
		<SimpleData name="id">ammapattinam-lighthouse</SimpleData>
		<SimpleData name="kind">lighthouse</SimpleData>
		<SimpleData name="region">Chennai</SimpleData>
		<SimpleData name="pos_src">DGLL ledger</SimpleData>
		<SimpleData name="alol">F 0901.2</SimpleData>
		<SimpleData name="char">Two White Flashes for every 15 Second</SimpleData>
		<SimpleData name="ckind">Fl</SimpleData>
		<SimpleData name="colour">W</SimpleData>
		<SimpleData name="group">2</SimpleData>
		<SimpleData name="period">15</SimpleData>
		<SimpleData name="phases">(4:0.5,1.5,0.5,12.5)</SimpleData>
		<SimpleData name="phases_src">derived</SimpleData>
		<SimpleData name="flash_s">0.5</SimpleData>
		<SimpleData name="sectored">0</SimpleData>
		<SimpleData name="lum_nm">20</SimpleData>
		<SimpleData name="geo_nm">19.2</SimpleData>
		<SimpleData name="iala_nm">20</SimpleData>
		<SimpleData name="reach_nm">19.2</SimpleData>
		<SimpleData name="intensity_cd">113000</SimpleData>
		<SimpleData name="elev_m">49</SimpleData>
		<SimpleData name="optic">revolving</SimpleData>
		<SimpleData name="optic_evidence">Optic: LED Marine Rotating beacon VRB-25-LED; Rotation Device: Inbuilt stepper motor; R.P.M. 2 RPM</SimpleData>
		<SimpleData name="optic_make">M/s VEGA, Finland</SimpleData>
		<SimpleData name="optic_model">VRB-25-LED</SimpleData>
		<SimpleData name="optic_type">LED</SimpleData>
		<SimpleData name="rpm">2</SimpleData>
		<SimpleData name="led">1</SimpleData>
		<SimpleData name="solar">1</SimpleData>
		<SimpleData name="ais">1</SimpleData>
		<SimpleData name="dgps">0</SimpleData>
		<SimpleData name="vts">0</SimpleData>
		<SimpleData name="tower_type">RCC Circular Tower</SimpleData>
		<SimpleData name="tower_h_m">45</SimpleData>
		<SimpleData name="tower_colour">Black and White Horizontal Band</SimpleData>
		<SimpleData name="established">2005</SimpleData>
		<SimpleData name="tourism">0</SimpleData>
		<SimpleData name="museum">0</SimpleData>
		<SimpleData name="record">1</SimpleData>
		<SimpleData name="ledger_url">https://www.dgll.nic.in/sites/default/files/2022-12/ch14.pdf</SimpleData>
		<SimpleData name="page_url">https://www.dgll.nic.in/DGLL-light-house-location/about-chennai/ammapattinam-lighthouse</SimpleData>
		<SimpleData name="wikidata">Q141259667</SimpleData>
		<SimpleData name="photo">https://www.dgll.nic.in/sites/default/files/2022-11/dg14.jpg</SimpleData>
		<SimpleData name="transcribed">1</SimpleData>
		<SimpleData name="ledger_issues">(2:Position printed in mixed format (10º.00’.65”); interpreted as degrees and decimal minutes,Divergence 1.5º not labelled horizontal or vertical)</SimpleData>
		<SimpleData name="equip_years">{ }</SimpleData>
		<SimpleData name="equip_since">{ &quot;ais&quot;: { &quot;year&quot;: 2012, &quot;src&quot;: &quot;network&quot; } }</SimpleData>
		<SimpleData name="tenders">(4:2059,1822,1813,1713)</SimpleData>
		<SimpleData name="photo_credit">DGLL</SimpleData>
	</SchemaData></ExtendedData>
      <Point><coordinates>79.229,10.01083</coordinates></Point>
  </Placemark>
  <Placemark>
	<name>VYPIN LIGHTHOUSE</name>
	<ExtendedData><SchemaData schemaUrl="#lighthouses">
		<SimpleData name="id">vypin-lighthouse</SimpleData>
		<SimpleData name="kind">lighthouse</SimpleData>
		<SimpleData name="region">Kochi</SimpleData>
		<SimpleData name="pos_src">DGLL ledger, seconds column read as decimal minutes (matches Wikidata Q13114877)</SimpleData>
		<SimpleData name="alol">F 0698</SimpleData>
		<SimpleData name="char">Fl (4) W 20 sec (fl 0.41)</SimpleData>
		<SimpleData name="ckind">Fl</SimpleData>
		<SimpleData name="colour">W</SimpleData>
		<SimpleData name="group">4</SimpleData>
		<SimpleData name="period">20</SimpleData>
		<SimpleData name="phases">(8:0.41,2.92,0.41,2.92,0.41,2.92,0.41,9.6)</SimpleData>
		<SimpleData name="phases_src">ledger</SimpleData>
		<SimpleData name="flash_s">0.41</SimpleData>
		<SimpleData name="sectored">0</SimpleData>
		<SimpleData name="lum_nm">27</SimpleData>
		<SimpleData name="geo_nm">19.2</SimpleData>
		<SimpleData name="iala_nm">27.4</SimpleData>
		<SimpleData name="reach_nm">19.2</SimpleData>
		<SimpleData name="intensity_cd">1938500</SimpleData>
		<SimpleData name="elev_m">49</SimpleData>
		<SimpleData name="optic">revolving</SimpleData>
		<SimpleData name="optic_order">3</SimpleData>
		<SimpleData name="optic_evidence">Rotation Device: Dual Stepper motor (20 Kg cm); R.P.M. 3</SimpleData>
		<SimpleData name="optic_make">M/s J. Stone &amp; Co., Calcutta</SimpleData>
		<SimpleData name="optic_type">3rd Order Small</SimpleData>
		<SimpleData name="optic_size">Focal Length 375mm</SimpleData>
		<SimpleData name="rpm">3</SimpleData>
		<SimpleData name="panels">4</SimpleData>
		<SimpleData name="led">0</SimpleData>
		<SimpleData name="solar">1</SimpleData>
		<SimpleData name="ais">1</SimpleData>
		<SimpleData name="dgps">0</SimpleData>
		<SimpleData name="racon">K</SimpleData>
		<SimpleData name="vts">0</SimpleData>
		<SimpleData name="tower_type">Circular Ribbed double shell RCC</SimpleData>
		<SimpleData name="tower_h_m">46</SimpleData>
		<SimpleData name="tower_colour">Red and White Band</SimpleData>
		<SimpleData name="tower_year">1979</SimpleData>
		<SimpleData name="established">1839</SimpleData>
		<SimpleData name="visit">open</SimpleData>
		<SimpleData name="tourism">1</SimpleData>
		<SimpleData name="museum">0</SimpleData>
		<SimpleData name="record">1</SimpleData>
		<SimpleData name="ledger_url">https://www.dgll.nic.in/sites/default/files/2022-12/Master%20Ledger%20Cochin%2010.pdf</SimpleData>
		<SimpleData name="page_url">https://www.dgll.nic.in/DGLL-light-house-location/about-kochi/vypin-lighthouse</SimpleData>
		<SimpleData name="rowlett">1979 (station established 1839). Active; focal plane 49 m (161 ft); four white flashes every 20 s. 46 m (151 ft) 8-ribbed, double-shell concrete tower with lantern and double gallery. Lighthouse painted with red and white horizontal bands. J. Saharudeen's 2022 photo is at right, Sasheer Raj has a 2008 photo, a 2021 photo is available, Dhanush Ramesh has a 2022 closeup showing visitors on the lower gallery, Prashobh Balakrishnan has a distant view, Dhashank Dhareshwar has a distant street view, and Google has a street view and a satellite view. The present lighthouse replaced the historic light station at Fort Kochi (previous entry). Apparently the light was moved because the historic locatio</SimpleData>
		<SimpleData name="arlhs">IND-083</SimpleData>
		<SimpleData name="wikidata">Q13114877</SimpleData>
		<SimpleData name="photo">https://www.dgll.nic.in/sites/default/files/2022-11/VYPIN%20LIGHTHOUSE.jpg</SimpleData>
		<SimpleData name="transcribed">1</SimpleData>
		<SimpleData name="ledger_issues">(1:Latitude seconds printed as 82&quot; (&gt;= 60): '09° 59' 82&quot; N'; converted as printed)</SimpleData>
		<SimpleData name="equip_years">{ &quot;racon&quot;: 2009 }</SimpleData>
		<SimpleData name="equip_since">{ &quot;racon&quot;: { &quot;year&quot;: 2009, &quot;src&quot;: &quot;ledger&quot; }, &quot;ais&quot;: { &quot;year&quot;: 2012, &quot;src&quot;: &quot;network&quot; } }</SimpleData>
		<SimpleData name="tenders">(2:2575,1411)</SimpleData>
		<SimpleData name="photo_credit">DGLL</SimpleData>
	</SchemaData></ExtendedData>
      <Point><coordinates>76.22233,9.997</coordinates></Point>
  </Placemark>
  <Placemark>
	<name>Passipattinam Lighthouse</name>
	<ExtendedData><SchemaData schemaUrl="#lighthouses">
		<SimpleData name="id">passipattinam-lighthouse</SimpleData>
		<SimpleData name="kind">lighthouse</SimpleData>
		<SimpleData name="region">Chennai</SimpleData>
		<SimpleData name="pos_src">DGLL ledger, seconds column read as decimal minutes (matches OpenStreetMap way/1554740437)</SimpleData>
		<SimpleData name="address">The Navigational Assistant Gr-I Passipattinam Lighthouse, Passipattinam Via, Thondi, Ramanathapuram, Tamilnadu-623409</SimpleData>
		<SimpleData name="alol">F 0901.5</SimpleData>
		<SimpleData name="char">Fl (3) W every10 sec (0.5+1.5+0.3+1.5+0.3+6.1=10)</SimpleData>
		<SimpleData name="ckind">Fl</SimpleData>
		<SimpleData name="colour">W</SimpleData>
		<SimpleData name="group">3</SimpleData>
		<SimpleData name="period">10</SimpleData>
		<SimpleData name="phases">(6:0.5,1.5,0.3,1.5,0.3,6.1)</SimpleData>
		<SimpleData name="phases_src">ledger</SimpleData>
		<SimpleData name="flash_s">0.5</SimpleData>
		<SimpleData name="sectored">0</SimpleData>
		<SimpleData name="lum_nm">19</SimpleData>
		<SimpleData name="geo_nm">19.2</SimpleData>
		<SimpleData name="iala_nm">15.5</SimpleData>
		<SimpleData name="reach_nm">19</SimpleData>
		<SimpleData name="intensity_cd">17430</SimpleData>
		<SimpleData name="elev_m">49</SimpleData>
		<SimpleData name="optic">revolving</SimpleData>
		<SimpleData name="optic_evidence">Type: Revolving, Model VRB-25-LED; R.P.M. 3 r.p.m (Rotation Device '-')</SimpleData>
		<SimpleData name="optic_make">M/s-VEGA</SimpleData>
		<SimpleData name="optic_model">VRB-25-LED, Sl.No.-810</SimpleData>
		<SimpleData name="optic_type">Revolving</SimpleData>
		<SimpleData name="rpm">3</SimpleData>
		<SimpleData name="panels">6</SimpleData>
		<SimpleData name="led">1</SimpleData>
		<SimpleData name="solar">1</SimpleData>
		<SimpleData name="ais">0</SimpleData>
		<SimpleData name="dgps">0</SimpleData>
		<SimpleData name="vts">0</SimpleData>
		<SimpleData name="tower_type">RCC Circular Tower</SimpleData>
		<SimpleData name="tower_h_m">49</SimpleData>
		<SimpleData name="tower_colour">Red and White Horizontal Bands</SimpleData>
		<SimpleData name="tower_year">2005</SimpleData>
		<SimpleData name="established">2005</SimpleData>
		<SimpleData name="visit">grounds</SimpleData>
		<SimpleData name="tourism">0</SimpleData>
		<SimpleData name="museum">0</SimpleData>
		<SimpleData name="record">1</SimpleData>
		<SimpleData name="ledger_url">https://www.dgll.nic.in/sites/default/files/2022-12/ch15.pdf</SimpleData>
		<SimpleData name="page_url">https://www.dgll.nic.in/DGLL-light-house-location/about-chennai/passipattinam-lighthouse</SimpleData>
		<SimpleData name="rowlett">2005. Active; focal plane 49 m (161 ft); three white flashes every 10 s. 45 m (148 ft) round cylindrical concrete tower with lantern and double gallery, painted with horizontal red and white bands. A 2024 photo is available, Thiru Vasagam has a 2021 photo, SS. Sakthivel has a 2020 photo, and Google has a satellite view. Located at Pasipattanam on the west side of Palk Strait, about 10 km (6 mi) north of Thondi. Site open, tower closed. ARLHS IND-050; Admiralty F0901.5; NGA 27151.</SimpleData>
		<SimpleData name="arlhs">IND-050</SimpleData>
		<SimpleData name="wikidata">Q141263207</SimpleData>
		<SimpleData name="photo">https://www.dgll.nic.in/sites/default/files/2022-11/dg15.jpg</SimpleData>
		<SimpleData name="transcribed">1</SimpleData>
		<SimpleData name="ledger_issues">(4:Longitude printed 79° 04' 71&quot; E - seconds value 71 is &gt;= 60,Sequence 0.5+1.5+0.3+1.5+0.3+6.1 sums to 10.2 s, not the stated 10 s,Flash durations inconsistent within sequence (0.5 then 0.3),NAIS base station fields empty though VSAT antenna/modem listed)</SimpleData>
		<SimpleData name="equip_years">{ }</SimpleData>
		<SimpleData name="equip_since">{ }</SimpleData>
		<SimpleData name="tenders">(7:1822,1813,1711,1700,1667,1666,1609)</SimpleData>
		<SimpleData name="photo_credit">DGLL</SimpleData>
	</SchemaData></ExtendedData>
      <Point><coordinates>79.0785,9.805</coordinates></Point>
  </Placemark>
  <Placemark>
	<name>Manakkodam Lighthouse</name>
	<ExtendedData><SchemaData schemaUrl="#lighthouses">
		<SimpleData name="id">manakkodam-lighthouse</SimpleData>
		<SimpleData name="kind">lighthouse</SimpleData>
		<SimpleData name="region">Kochi</SimpleData>
		<SimpleData name="pos_src">DGLL ledger</SimpleData>
		<SimpleData name="address">Navigational Asst.Grade-I Manakkodam Lighthouse, Andhakaranazhi P.O, Alappuzha Ditrict. Kerala -688 531.</SimpleData>
		<SimpleData name="alol">F 0705</SimpleData>
		<SimpleData name="char">Fl (2) W 10 sec</SimpleData>
		<SimpleData name="ckind">Fl</SimpleData>
		<SimpleData name="colour">W</SimpleData>
		<SimpleData name="group">2</SimpleData>
		<SimpleData name="period">10</SimpleData>
		<SimpleData name="phases">(4:0.64,1,0.64,7.72)</SimpleData>
		<SimpleData name="phases_src">derived</SimpleData>
		<SimpleData name="flash_s">0.64</SimpleData>
		<SimpleData name="sectored">0</SimpleData>
		<SimpleData name="lum_nm">16.6</SimpleData>
		<SimpleData name="geo_nm">16.7</SimpleData>
		<SimpleData name="iala_nm">21.8</SimpleData>
		<SimpleData name="reach_nm">16.6</SimpleData>
		<SimpleData name="intensity_cd">233050</SimpleData>
		<SimpleData name="elev_m">34</SimpleData>
		<SimpleData name="optic">revolving</SimpleData>
		<SimpleData name="optic_order">4</SimpleData>
		<SimpleData name="optic_evidence">Size: 300mm (4th order large) Revolving; Rotation Device: Stepper motor; R.P.M. 3</SimpleData>
		<SimpleData name="optic_make">J Stone &amp; Co. Kolkata</SimpleData>
		<SimpleData name="optic_type">Revolving</SimpleData>
		<SimpleData name="optic_size">300mm</SimpleData>
		<SimpleData name="rpm">3</SimpleData>
		<SimpleData name="panels">4</SimpleData>
		<SimpleData name="led">1</SimpleData>
		<SimpleData name="solar">1</SimpleData>
		<SimpleData name="ais">0</SimpleData>
		<SimpleData name="dgps">0</SimpleData>
		<SimpleData name="vts">0</SimpleData>
		<SimpleData name="tower_type">Square RCC Tower</SimpleData>
		<SimpleData name="tower_h_m">30</SimpleData>
		<SimpleData name="tower_colour">White</SimpleData>
		<SimpleData name="tower_year">1979</SimpleData>
		<SimpleData name="established">1979</SimpleData>
		<SimpleData name="visit">grounds</SimpleData>
		<SimpleData name="tourism">0</SimpleData>
		<SimpleData name="museum">0</SimpleData>
		<SimpleData name="record">1</SimpleData>
		<SimpleData name="ledger_url">https://www.dgll.nic.in/sites/default/files/2022-12/Master%20Ledger%20Cochin%2011.pdf</SimpleData>
		<SimpleData name="page_url">https://www.dgll.nic.in/DGLL-light-house-location/about-kochi/manakkodam-lighthouse</SimpleData>
		<SimpleData name="rowlett">1979. Active; focal plane 34 m (112 ft); two white flashes every 10 s. 34 m (112 ft) square cylindrical concrete tower, lower half skeletal and upper half enclosed, with lantern and gallery. Lighthouse painted white; lantern roof painted red. Joseph Baiju has a view from the beach, John Alex has a good photo, Antony Simal has a 2018 photo, a 2021 photo is available, Hrishi Olickel has a distant street view from the beach, and Google has a street view and a satellite view. The lighthouse originally had red bands, but fishermen complained it could be confused with the Cochin Light, so the color patterns of the Alleppey Light and this tower were exchanged in 2000. The lighthouse marks the entra</SimpleData>
		<SimpleData name="arlhs">IND-099</SimpleData>
		<SimpleData name="wikidata">Q18127759</SimpleData>
		<SimpleData name="photo">https://www.dgll.nic.in/sites/default/files/2022-11/MANAKKODAM%20LIGHTHOUSE...jpg</SimpleData>
		<SimpleData name="transcribed">1</SimpleData>
		<SimpleData name="ledger_issues">(1:RACON section lists Sr. No 6295 but Make NIL)</SimpleData>
		<SimpleData name="equip_years">{ }</SimpleData>
		<SimpleData name="equip_since">{ }</SimpleData>
		<SimpleData name="tenders">(6:2573,2541,2235,1640,1374,618)</SimpleData>
		<SimpleData name="photo_credit">DGLL</SimpleData>
	</SchemaData></ExtendedData>
      <Point><coordinates>76.285,9.75</coordinates></Point>
  </Placemark>
  <Placemark>
	<name>Alappuzha Lighthouse</name>
	<ExtendedData><SchemaData schemaUrl="#lighthouses">
		<SimpleData name="id">alappuzha-lighthouse</SimpleData>
		<SimpleData name="kind">lighthouse</SimpleData>
		<SimpleData name="region">Kochi</SimpleData>
		<SimpleData name="pos_src">DGLL ledger</SimpleData>
		<SimpleData name="alol">F 0706</SimpleData>
		<SimpleData name="char">Fl (1) W 15 sec (fl 0.8)</SimpleData>
		<SimpleData name="ckind">Fl</SimpleData>
		<SimpleData name="colour">W</SimpleData>
		<SimpleData name="group">1</SimpleData>
		<SimpleData name="period">15</SimpleData>
		<SimpleData name="phases">(2:0.8,14.2)</SimpleData>
		<SimpleData name="phases_src">derived</SimpleData>
		<SimpleData name="flash_s">0.8</SimpleData>
		<SimpleData name="sectored">0</SimpleData>
		<SimpleData name="lum_nm">24.5</SimpleData>
		<SimpleData name="geo_nm">16.6</SimpleData>
		<SimpleData name="iala_nm">22.7</SimpleData>
		<SimpleData name="reach_nm">16.6</SimpleData>
		<SimpleData name="intensity_cd">333731</SimpleData>
		<SimpleData name="elev_m">33</SimpleData>
		<SimpleData name="optic">revolving</SimpleData>
		<SimpleData name="optic_order">4</SimpleData>
		<SimpleData name="optic_evidence">Optic: Revolving Beacon; Rotation Device: Dual Stepper motor; R.P.M. 1</SimpleData>
		<SimpleData name="optic_make">BBT Paris</SimpleData>
		<SimpleData name="optic_type">Revolving Beacon</SimpleData>
		<SimpleData name="optic_size">250mm/4th Order</SimpleData>
		<SimpleData name="rpm">1</SimpleData>
		<SimpleData name="panels">4</SimpleData>
		<SimpleData name="led">0</SimpleData>
		<SimpleData name="solar">1</SimpleData>
		<SimpleData name="ais">1</SimpleData>
		<SimpleData name="dgps">0</SimpleData>
		<SimpleData name="vts">0</SimpleData>
		<SimpleData name="tower_type">Circular masonry tower</SimpleData>
		<SimpleData name="tower_h_m">28</SimpleData>
		<SimpleData name="tower_colour">Red and White Band</SimpleData>
		<SimpleData name="tower_year">1862</SimpleData>
		<SimpleData name="established">1862</SimpleData>
		<SimpleData name="visit">grounds</SimpleData>
		<SimpleData name="tourism">1</SimpleData>
		<SimpleData name="museum">1</SimpleData>
		<SimpleData name="record">1</SimpleData>
		<SimpleData name="ledger_url">https://www.dgll.nic.in/sites/default/files/2022-12/Master%20Ledger%20Cochin%2012.pdf</SimpleData>
		<SimpleData name="page_url">https://www.dgll.nic.in/DGLL-light-house-location/about-kochi/alappuzha-lighthouse</SimpleData>
		<SimpleData name="rowlett">1862. Active; focal plane 33 m (108 ft); white flash every 15 s. 28 m (92 ft) round masonry tower with lantern and gallery, painted with red and white horizontal bands. Sagara Ajaykumar's 2022 photo is at right, John Alex also has a good photo, a 2023 photo and a 2007 photo are available, Wikipedia has an article with a good photo by Dr. Ajay Balachandran, Lighthouse Digest has a December 1998 article, Dino Soloman has a street view, and Google has a satellite view. This historic lighthouse has a rare teak spiral stairway. It was painted all white for many years; the red bands were added in 2000. The 150th anniversary of the lighthouse was celebrated in 2012. Located just of the beach in Ala</SimpleData>
		<SimpleData name="arlhs">IND-071</SimpleData>
		<SimpleData name="wikidata">Q1426089</SimpleData>
		<SimpleData name="photo">https://www.dgll.nic.in/sites/default/files/2022-11/ALAPPUZHA%20LIGHTHOUSE.jpg</SimpleData>
		<SimpleData name="transcribed">1</SimpleData>
		<SimpleData name="ledger_issues">(0:)</SimpleData>
		<SimpleData name="equip_years">{ }</SimpleData>
		<SimpleData name="equip_since">{ &quot;ais&quot;: { &quot;year&quot;: 2012, &quot;src&quot;: &quot;network&quot; } }</SimpleData>
		<SimpleData name="tenders">(2:2012,1402)</SimpleData>
		<SimpleData name="photo_credit">DGLL</SimpleData>
	</SchemaData></ExtendedData>
      <Point><coordinates>76.32167,9.49167</coordinates></Point>
  </Placemark>
  <Placemark>
	<name>Olakuda Lighthouse</name>
	<ExtendedData><SchemaData schemaUrl="#lighthouses">
		<SimpleData name="id">olakuda-lighthouse</SimpleData>
		<SimpleData name="kind">lighthouse</SimpleData>
		<SimpleData name="region">Chennai</SimpleData>
		<SimpleData name="pos_src">DGLL ledger</SimpleData>
		<SimpleData name="alol">F 0906</SimpleData>
		<SimpleData name="char">Group Flash (2) White every 20 Seconds (0.75+2.0+0.75+16.5)</SimpleData>
		<SimpleData name="ckind">Fl</SimpleData>
		<SimpleData name="colour">W</SimpleData>
		<SimpleData name="group">2</SimpleData>
		<SimpleData name="period">20</SimpleData>
		<SimpleData name="phases">(4:0.75,2,0.75,16.5)</SimpleData>
		<SimpleData name="phases_src">ledger</SimpleData>
		<SimpleData name="flash_s">0.75</SimpleData>
		<SimpleData name="sectored">0</SimpleData>
		<SimpleData name="lum_nm">15</SimpleData>
		<SimpleData name="geo_nm">12.7</SimpleData>
		<SimpleData name="iala_nm">13</SimpleData>
		<SimpleData name="reach_nm">12.7</SimpleData>
		<SimpleData name="intensity_cd">5900</SimpleData>
		<SimpleData name="elev_m">18.5</SimpleData>
		<SimpleData name="optic">flasher</SimpleData>
		<SimpleData name="optic_evidence">Type: LED FLASHER; Rotation Device N/A; R.P.M. N/A</SimpleData>
		<SimpleData name="optic_make">LMV Spain</SimpleData>
		<SimpleData name="optic_model">BDL 250</SimpleData>
		<SimpleData name="optic_type">LED FLASHER</SimpleData>
		<SimpleData name="optic_size">2 Tier Arrangement</SimpleData>
		<SimpleData name="led">1</SimpleData>
		<SimpleData name="solar">1</SimpleData>
		<SimpleData name="ais">0</SimpleData>
		<SimpleData name="dgps">0</SimpleData>
		<SimpleData name="vts">0</SimpleData>
		<SimpleData name="tower_type">C.C Block Masonry Rectangular Tower</SimpleData>
		<SimpleData name="tower_h_m">15</SimpleData>
		<SimpleData name="tower_colour">Red and White Spiral Bands</SimpleData>
		<SimpleData name="tower_year">2005</SimpleData>
		<SimpleData name="established">2005</SimpleData>
		<SimpleData name="visit">closed</SimpleData>
		<SimpleData name="tourism">0</SimpleData>
		<SimpleData name="museum">0</SimpleData>
		<SimpleData name="record">1</SimpleData>
		<SimpleData name="ledger_url">https://www.dgll.nic.in/sites/default/files/2022-12/ch18.pdf</SimpleData>
		<SimpleData name="page_url">https://www.dgll.nic.in/DGLL-light-house-location/about-chennai/olakuda-lighthouse</SimpleData>
		<SimpleData name="rowlett">2005. Active; focal plane 16.5 m (54 ft); two white flashes every 20 s. 15 m (49 ft) square masonry tower with gallery, painted with red and white spiral bands. Venkatasubramaniam Arumugam has a 2017 photo, Ankita Shelke has a 2018 closeup, Joseph Augustine has a 2019 photo, and Google has a satellite view. Like the lights at Manamelkudi and Passipatnam, this lighthouse was built as part of the Palk Strait Lighthouse Project. In 2013, this was one of the 15 lighthouses identified for tourist development by DGLL. Rameswaram, the principal town of Pamban Island, is an important destination for Hindu pilgrims. A change in the Admiralty number for this lighthouse was announced in an Indian Notic</SimpleData>
		<SimpleData name="arlhs">IND-058</SimpleData>
		<SimpleData name="wikidata">Q141266595</SimpleData>
		<SimpleData name="photo">https://www.dgll.nic.in/sites/default/files/2022-11/dg18.jpg</SimpleData>
		<SimpleData name="transcribed">1</SimpleData>
		<SimpleData name="ledger_issues">(0:)</SimpleData>
		<SimpleData name="equip_years">{ }</SimpleData>
		<SimpleData name="equip_since">{ }</SimpleData>
		<SimpleData name="tenders">(4:2247,2242,2161,1707)</SimpleData>
		<SimpleData name="photo_credit">DGLL</SimpleData>
	</SchemaData></ExtendedData>
      <Point><coordinates>79.33067,9.3176</coordinates></Point>
  </Placemark>
  <Placemark>
	<name>Pamban Lighthouse</name>
	<ExtendedData><SchemaData schemaUrl="#lighthouses">
		<SimpleData name="id">pamban-lighthouse</SimpleData>
		<SimpleData name="kind">lighthouse</SimpleData>
		<SimpleData name="region">Chennai</SimpleData>
		<SimpleData name="pos_src">DGLL ledger</SimpleData>
		<SimpleData name="alol">F 0900</SimpleData>
		<SimpleData name="char">Single White Flash in every 5 Seconds (0.9+4.1)</SimpleData>
		<SimpleData name="ckind">Fl</SimpleData>
		<SimpleData name="colour">W</SimpleData>
		<SimpleData name="group">1</SimpleData>
		<SimpleData name="period">5</SimpleData>
		<SimpleData name="phases">(2:0.9,4.1)</SimpleData>
		<SimpleData name="phases_src">ledger</SimpleData>
		<SimpleData name="flash_s">0.9</SimpleData>
		<SimpleData name="sectored">0</SimpleData>
		<SimpleData name="lum_nm">15</SimpleData>
		<SimpleData name="geo_nm">15.8</SimpleData>
		<SimpleData name="iala_nm">12.3</SimpleData>
		<SimpleData name="reach_nm">15</SimpleData>
		<SimpleData name="intensity_cd">4300</SimpleData>
		<SimpleData name="elev_m">29</SimpleData>
		<SimpleData name="optic">flasher</SimpleData>
		<SimpleData name="optic_evidence">Type: LED FLASHER; Rotation Device N/A; R.P.M. N/A</SimpleData>
		<SimpleData name="optic_make">SABIK</SimpleData>
		<SimpleData name="optic_type">LED FLASHER</SimpleData>
		<SimpleData name="led">1</SimpleData>
		<SimpleData name="solar">1</SimpleData>
		<SimpleData name="ais">1</SimpleData>
		<SimpleData name="dgps">0</SimpleData>
		<SimpleData name="vts">0</SimpleData>
		<SimpleData name="tower_type">Circular Masonry tower</SimpleData>
		<SimpleData name="tower_h_m">15</SimpleData>
		<SimpleData name="tower_colour">Black and White Bands</SimpleData>
		<SimpleData name="tower_year">1902</SimpleData>
		<SimpleData name="established">1845</SimpleData>
		<SimpleData name="visit">closed</SimpleData>
		<SimpleData name="tourism">1</SimpleData>
		<SimpleData name="museum">0</SimpleData>
		<SimpleData name="record">1</SimpleData>
		<SimpleData name="ledger_url">https://www.dgll.nic.in/sites/default/files/2022-12/ch16.pdf</SimpleData>
		<SimpleData name="page_url">https://www.dgll.nic.in/DGLL-light-house-location/about-chennai/pamban-lighthouse</SimpleData>
		<SimpleData name="rowlett">1902 (station established 1845). Active; focal plane 29 m (95 ft); three white flashes every 9 s. 20 m (66 ft) round masonry tower, painted with horizontal black and white bands. Rishi Rajput's 2023 photo is at right, Selvamanee Rajendran has a closeup, a distant photo is available, Srinivasan KB has a 2021 photo, K.S. Chandra has a photo taken from the Pamban Channel Bridge, and Google has a satellite view of the station. The original lighthouse, listed as &quot;Palk Bay&quot; on Findlay's 1879 list, was a round 17 m (56 ft) stone tower. Pamban Island is on the Indian section of the limestone ridge known as Rama's Bridge or Adam's Bridge. The &quot;bridge&quot; was dry land as recently as 6000 years ago, but t</SimpleData>
		<SimpleData name="arlhs">IND-048</SimpleData>
		<SimpleData name="wikidata">Q18129155</SimpleData>
		<SimpleData name="photo">https://www.dgll.nic.in/sites/default/files/2022-11/dg16.jpg</SimpleData>
		<SimpleData name="transcribed">1</SimpleData>
		<SimpleData name="ledger_issues">(1:First commissioned 21.04.1846; renovated 1901, 1923, 1987 &amp; 2004)</SimpleData>
		<SimpleData name="equip_years">{ }</SimpleData>
		<SimpleData name="equip_since">{ &quot;ais&quot;: { &quot;year&quot;: 2012, &quot;src&quot;: &quot;network&quot; } }</SimpleData>
		<SimpleData name="tenders">(3:1813,1719,1399)</SimpleData>
		<SimpleData name="photo_credit">DGLL</SimpleData>
	</SchemaData></ExtendedData>
      <Point><coordinates>79.22167,9.28667</coordinates></Point>
  </Placemark>
  <Placemark>
	<name>Rameshwaram DGPS Station</name>
	<ExtendedData><SchemaData schemaUrl="#lighthouses">
		<SimpleData name="id">rameshwaram-dgps-station</SimpleData>
		<SimpleData name="kind">dgps</SimpleData>
		<SimpleData name="region">Chennai</SimpleData>
		<SimpleData name="pos_src">DGLL ledger</SimpleData>
		<SimpleData name="char">5</SimpleData>
		<SimpleData name="ckind">Fl</SimpleData>
		<SimpleData name="colour">W</SimpleData>
		<SimpleData name="group">1</SimpleData>
		<SimpleData name="phases_src">derived</SimpleData>
		<SimpleData name="sectored">0</SimpleData>
		<SimpleData name="optic_evidence">Optic: N/A</SimpleData>
		<SimpleData name="led">1</SimpleData>
		<SimpleData name="solar">1</SimpleData>
		<SimpleData name="ais">0</SimpleData>
		<SimpleData name="dgps">1</SimpleData>
		<SimpleData name="vts">0</SimpleData>
		<SimpleData name="tower_type">N/A</SimpleData>
		<SimpleData name="tower_colour">N/A</SimpleData>
		<SimpleData name="established">2010</SimpleData>
		<SimpleData name="tourism">0</SimpleData>
		<SimpleData name="museum">0</SimpleData>
		<SimpleData name="record">1</SimpleData>
		<SimpleData name="ledger_url">https://www.dgll.nic.in/sites/default/files/2022-12/ch17.pdf</SimpleData>
		<SimpleData name="page_url">https://www.dgll.nic.in/DGLL-light-house-location/about-chennai/rameshwaram-dgps-station</SimpleData>
		<SimpleData name="photo">https://www.dgll.nic.in/sites/default/files/2022-11/dg17.jpg</SimpleData>
		<SimpleData name="transcribed">1</SimpleData>
		<SimpleData name="ledger_issues">(0:)</SimpleData>
		<SimpleData name="equip_years">{ &quot;ais&quot;: 2010 }</SimpleData>
		<SimpleData name="equip_since">{ &quot;dgps&quot;: { &quot;year&quot;: 2003, &quot;src&quot;: &quot;network&quot; } }</SimpleData>
		<SimpleData name="tenders">(4:2239,1822,1601,619)</SimpleData>
		<SimpleData name="photo_credit">DGLL</SimpleData>
	</SchemaData></ExtendedData>
      <Point><coordinates>79.3088,9.28387</coordinates></Point>
  </Placemark>
  <Placemark>
	<name>Kilakkarai Lighthouse</name>
	<ExtendedData><SchemaData schemaUrl="#lighthouses">
		<SimpleData name="id">kilakkarai-lighthouse</SimpleData>
		<SimpleData name="kind">lighthouse</SimpleData>
		<SimpleData name="region">Chennai</SimpleData>
		<SimpleData name="pos_src">DGLL ledger</SimpleData>
		<SimpleData name="alol">F 0738</SimpleData>
		<SimpleData name="char">Single white flash every 15 sec (0.1+14.9)</SimpleData>
		<SimpleData name="ckind">Fl</SimpleData>
		<SimpleData name="colour">W</SimpleData>
		<SimpleData name="group">1</SimpleData>
		<SimpleData name="period">15</SimpleData>
		<SimpleData name="phases">(2:0.1,14.9)</SimpleData>
		<SimpleData name="phases_src">ledger</SimpleData>
		<SimpleData name="flash_s">0.1</SimpleData>
		<SimpleData name="sectored">0</SimpleData>
		<SimpleData name="lum_nm">20</SimpleData>
		<SimpleData name="geo_nm">17</SimpleData>
		<SimpleData name="iala_nm">18.8</SimpleData>
		<SimpleData name="reach_nm">17</SimpleData>
		<SimpleData name="intensity_cd">68881</SimpleData>
		<SimpleData name="elev_m">35.198</SimpleData>
		<SimpleData name="optic">revolving</SimpleData>
		<SimpleData name="optic_evidence">Rotation Device: Brushless DC motor gearless direct drive; R.P.M. 4.0</SimpleData>
		<SimpleData name="optic_make">Tideland Signal Corporation-Maxlumina</SimpleData>
		<SimpleData name="optic_model">TRB 220</SimpleData>
		<SimpleData name="optic_size">Height: 915 mm, Dia: 415 mm, Weight: 20Kg</SimpleData>
		<SimpleData name="rpm">4</SimpleData>
		<SimpleData name="panels">1</SimpleData>
		<SimpleData name="panels_total">6</SimpleData>
		<SimpleData name="panels_note">(5 Nos Blanking with</SimpleData>
		<SimpleData name="led">1</SimpleData>
		<SimpleData name="solar">1</SimpleData>
		<SimpleData name="ais">1</SimpleData>
		<SimpleData name="dgps">0</SimpleData>
		<SimpleData name="vts">0</SimpleData>
		<SimpleData name="tower_type">Hexagonal concrete tower</SimpleData>
		<SimpleData name="tower_h_m">30</SimpleData>
		<SimpleData name="tower_colour">Red and White Bands</SimpleData>
		<SimpleData name="tower_year">1979</SimpleData>
		<SimpleData name="established">1979</SimpleData>
		<SimpleData name="visit">grounds</SimpleData>
		<SimpleData name="tourism">1</SimpleData>
		<SimpleData name="museum">0</SimpleData>
		<SimpleData name="record">1</SimpleData>
		<SimpleData name="ledger_url">https://www.dgll.nic.in/sites/default/files/2022-12/ch20.pdf</SimpleData>
		<SimpleData name="page_url">https://www.dgll.nic.in/DGLL-light-house-location/about-chennai/kilakkarai-lighthouse</SimpleData>
		<SimpleData name="rowlett">1979. Active; focal plane 35 m (115 ft); white flash every 15 s. 30 m (98 ft) hexagonal concrete tower with lantern and double gallery, painted with horizontal red and white bands. Nithish Shajan has a 2022 photo, Waleed Maraika has a 2016 photo, Mohamed Anas has view from the bay, Hanees Karattu has a street view, and Google has a satellite view. Located at Kilakarai, on the northern shore of the Gulf of Mannar about 16 km (10 mi) south of Ramanathapuram. Site open, tower closed. ARLHS IND-038; Admiralty F0738; NGA 27172.</SimpleData>
		<SimpleData name="arlhs">IND-038</SimpleData>
		<SimpleData name="wikidata">Q18388198</SimpleData>
		<SimpleData name="photo">https://www.dgll.nic.in/sites/default/files/2022-11/dg20.jpg</SimpleData>
		<SimpleData name="transcribed">1</SimpleData>
		<SimpleData name="ledger_issues">(2:No. of lens '6 (5 Nos Blanking with aluminum sheet)': only one panel active,established_year from first commissioning 02.10.1979; renovated 2003)</SimpleData>
		<SimpleData name="equip_years">{ }</SimpleData>
		<SimpleData name="equip_since">{ &quot;ais&quot;: { &quot;year&quot;: 2012, &quot;src&quot;: &quot;network&quot; } }</SimpleData>
		<SimpleData name="tenders">(12:2285,2249,1979,1716,1719,1715,1704,1675,1674,1661,1617,1594)</SimpleData>
		<SimpleData name="photo_credit">DGLL</SimpleData>
	</SchemaData></ExtendedData>
      <Point><coordinates>78.78333,9.225</coordinates></Point>
  </Placemark>
  <Placemark>
	<name>Dhanushkodi Lighthouse</name>
	<ExtendedData><SchemaData schemaUrl="#lighthouses">
		<SimpleData name="id">dhanushkodi-lighthouse</SimpleData>
		<SimpleData name="kind">lighthouse</SimpleData>
		<SimpleData name="region">Chennai</SimpleData>
		<SimpleData name="pos_src">DGLL ledger</SimpleData>
		<SimpleData name="char">Fl (3) W 20 sec</SimpleData>
		<SimpleData name="ckind">Fl</SimpleData>
		<SimpleData name="colour">W</SimpleData>
		<SimpleData name="group">3</SimpleData>
		<SimpleData name="period">20</SimpleData>
		<SimpleData name="phases">(6:0.75,2,0.75,2,0.75,13.75)</SimpleData>
		<SimpleData name="phases_src">derived</SimpleData>
		<SimpleData name="flash_s">0.75</SimpleData>
		<SimpleData name="sectored">0</SimpleData>
		<SimpleData name="lum_nm">15</SimpleData>
		<SimpleData name="geo_nm">18</SimpleData>
		<SimpleData name="iala_nm">15.6</SimpleData>
		<SimpleData name="reach_nm">15</SimpleData>
		<SimpleData name="intensity_cd">18000</SimpleData>
		<SimpleData name="elev_m">53</SimpleData>
		<SimpleData name="optic">revolving</SimpleData>
		<SimpleData name="optic_evidence">Type: Revolving; Rotation Device: Stepper motor; R.P.M. 3 RPM</SimpleData>
		<SimpleData name="optic_make">BBT</SimpleData>
		<SimpleData name="optic_type">Revolving</SimpleData>
		<SimpleData name="optic_size">250 mm</SimpleData>
		<SimpleData name="rpm">3</SimpleData>
		<SimpleData name="panels">3</SimpleData>
		<SimpleData name="led">1</SimpleData>
		<SimpleData name="solar">1</SimpleData>
		<SimpleData name="ais">0</SimpleData>
		<SimpleData name="dgps">0</SimpleData>
		<SimpleData name="vts">0</SimpleData>
		<SimpleData name="tower_type">Octagonal tower</SimpleData>
		<SimpleData name="tower_h_m">49</SimpleData>
		<SimpleData name="tower_colour">Red and White Chequered Bands</SimpleData>
		<SimpleData name="tower_year">2022</SimpleData>
		<SimpleData name="established">2022</SimpleData>
		<SimpleData name="visit">closed</SimpleData>
		<SimpleData name="tourism">1</SimpleData>
		<SimpleData name="museum">0</SimpleData>
		<SimpleData name="record">1</SimpleData>
		<SimpleData name="ledger_url">https://www.dgll.nic.in/sites/default/files/2022-12/ch19.pdf</SimpleData>
		<SimpleData name="page_url">https://www.dgll.nic.in/DGLL-light-house-location/about-chennai/dhanushkodi-lighthouse</SimpleData>
		<SimpleData name="rowlett">2022. Active; focal plane about 52 m (171 ft); white light, pattern unknown. 49 m (161 ft) octagonal concrete tower centered on a 2-story building and carrying a large octagonal observation room. Tower and observation room painted in a red and white checkerboard pattern. Ritesh Kejriwal has a April 2022 photo, and Google has the 2023 street view seen at right and a satellite view. The lighthouse was inaugurated in May 2022. Its navigational purpose is unclear but it marks an extremity of Indian terrirory. Located near the end of the Indian portion of Adam's Bridge, a well known tourist attraction. Site status open, tower closed. Admiralty F0908.</SimpleData>
		<SimpleData name="photo">https://www.dgll.nic.in/sites/default/files/2022-11/dg19.jpg</SimpleData>
		<SimpleData name="transcribed">1</SimpleData>
		<SimpleData name="ledger_issues">(1:A.L.O.L. number blank)</SimpleData>
		<SimpleData name="equip_years">{ }</SimpleData>
		<SimpleData name="equip_since">{ }</SimpleData>
		<SimpleData name="tenders">(4:1719,1399,368,367)</SimpleData>
		<SimpleData name="photo_credit">DGLL</SimpleData>
	</SchemaData></ExtendedData>
      <Point><coordinates>79.41873,9.17757</coordinates></Point>
  </Placemark>
  <Placemark>
	<name>Valiazheekal Lighthouse</name>
	<ExtendedData><SchemaData schemaUrl="#lighthouses">
		<SimpleData name="id">valiazheekal-lighthouse</SimpleData>
		<SimpleData name="kind">lighthouse</SimpleData>
		<SimpleData name="region">Kochi</SimpleData>
		<SimpleData name="pos_src">DGLL ledger</SimpleData>
		<SimpleData name="alol">0709</SimpleData>
		<SimpleData name="char">Flash (3) White-20 seconds (1+2.5+1+2.5+1+12)</SimpleData>
		<SimpleData name="ckind">Fl</SimpleData>
		<SimpleData name="colour">W</SimpleData>
		<SimpleData name="group">3</SimpleData>
		<SimpleData name="period">20</SimpleData>
		<SimpleData name="phases">(6:1,2.5,1,2.5,1,12)</SimpleData>
		<SimpleData name="phases_src">ledger</SimpleData>
		<SimpleData name="flash_s">1</SimpleData>
		<SimpleData name="sectored">0</SimpleData>
		<SimpleData name="lum_nm">22</SimpleData>
		<SimpleData name="geo_nm">19.2</SimpleData>
		<SimpleData name="iala_nm">21.4</SimpleData>
		<SimpleData name="reach_nm">19.2</SimpleData>
		<SimpleData name="intensity_cd">200000</SimpleData>
		<SimpleData name="elev_m">49</SimpleData>
		<SimpleData name="optic">revolving</SimpleData>
		<SimpleData name="optic_evidence">Type: Revolving beacon; Rotation Device: 24 volt DC motor; R.P.M. 1</SimpleData>
		<SimpleData name="optic_make">Marine Navaids and Solar Auto Pvt Ltd</SimpleData>
		<SimpleData name="optic_type">Revolving beacon</SimpleData>
		<SimpleData name="rpm">1</SimpleData>
		<SimpleData name="panels">6</SimpleData>
		<SimpleData name="led">1</SimpleData>
		<SimpleData name="solar">1</SimpleData>
		<SimpleData name="ais">0</SimpleData>
		<SimpleData name="dgps">0</SimpleData>
		<SimpleData name="vts">0</SimpleData>
		<SimpleData name="tower_type">Pentagon RCC</SimpleData>
		<SimpleData name="tower_h_m">41.26</SimpleData>
		<SimpleData name="tower_colour">Blue and White Band</SimpleData>
		<SimpleData name="tower_year">2021</SimpleData>
		<SimpleData name="established">2021</SimpleData>
		<SimpleData name="visit">open</SimpleData>
		<SimpleData name="tourism">1</SimpleData>
		<SimpleData name="museum">0</SimpleData>
		<SimpleData name="record">1</SimpleData>
		<SimpleData name="ledger_url">https://www.dgll.nic.in/sites/default/files/2022-12/Master%20Ledger%20Cochin%2013.pdf</SimpleData>
		<SimpleData name="page_url">https://www.dgll.nic.in/DGLL-light-house-location/about-kochi/valiazheekal-lighthouse</SimpleData>
		<SimpleData name="rowlett">2021. Active; focal plane 44 m (145 ft); three white flashes every 20 s. 41 m (135) pentagonal concrete tower with lantern and gallery, painted with blue and white horizontal bands. Jyothir Rose has a photo and the view from the beach seen at right, a 2022 photo is available, Muhammed Noufal has a more distant street view, and Google has a satellite view. This is India's first pentagonal lighthouse and one of the few with an elevator. Inaugurated in October 2021, the light stands behind a popular beach and marks the entrance to a fishing harbor and intracoastal waterway. Site open, tower open daily except Mondays. . Admiralty F0709.</SimpleData>
		<SimpleData name="wikidata">Q135472811</SimpleData>
		<SimpleData name="photo">http://commons.wikimedia.org/wiki/Special:FilePath/Valiyazheekkal%20Lighthouse.jpg</SimpleData>
		<SimpleData name="transcribed">1</SimpleData>
		<SimpleData name="ledger_issues">(3:Divergence and Duration of Flash rows contain power-supply text ('Local Mains 440 V, 3 phase, 50 Hz AC supply', 'Back-up Solar Inverter supply...') instead of optic values,Effective beam intensity printed as '2,00000 cds' (irregular digit grouping); read as 200000,'No. of LED Panels 6' - panels are LED panels of a revolving beacon)</SimpleData>
		<SimpleData name="equip_years">{ }</SimpleData>
		<SimpleData name="equip_since">{ }</SimpleData>
		<SimpleData name="tenders">(0:)</SimpleData>
		<SimpleData name="photo_credit">DGLL</SimpleData>
	</SchemaData></ExtendedData>
      <Point><coordinates>76.46213,9.14014</coordinates></Point>
  </Placemark>
  <Placemark>
	<name>Vembar Lighthouse</name>
	<ExtendedData><SchemaData schemaUrl="#lighthouses">
		<SimpleData name="id">vembar-lighthouse</SimpleData>
		<SimpleData name="kind">lighthouse</SimpleData>
		<SimpleData name="region">Chennai</SimpleData>
		<SimpleData name="pos_src">DGLL ledger</SimpleData>
		<SimpleData name="alol">F 0737</SimpleData>
		<SimpleData name="char">Flash (3) White Every 10 Seconds</SimpleData>
		<SimpleData name="ckind">Fl</SimpleData>
		<SimpleData name="colour">W</SimpleData>
		<SimpleData name="group">3</SimpleData>
		<SimpleData name="period">10</SimpleData>
		<SimpleData name="phases">(6:1.25,1,1.25,1,1.25,4.25)</SimpleData>
		<SimpleData name="phases_src">derived</SimpleData>
		<SimpleData name="flash_s">1.25</SimpleData>
		<SimpleData name="sectored">0</SimpleData>
		<SimpleData name="lum_nm">20</SimpleData>
		<SimpleData name="geo_nm">14</SimpleData>
		<SimpleData name="iala_nm">25.4</SimpleData>
		<SimpleData name="reach_nm">14</SimpleData>
		<SimpleData name="intensity_cd">912000</SimpleData>
		<SimpleData name="optic">revolving</SimpleData>
		<SimpleData name="optic_evidence">Optic: APRB-288AC-2PL-006 Rotating Beacon; Rotation Device: Inbuilt stepper motor; R.P.M. 6</SimpleData>
		<SimpleData name="optic_make">Pharos Marine</SimpleData>
		<SimpleData name="optic_model">APRB-288AC-2PL-006</SimpleData>
		<SimpleData name="optic_type">Rotating Beacon</SimpleData>
		<SimpleData name="optic_size">500mm</SimpleData>
		<SimpleData name="rpm">6</SimpleData>
		<SimpleData name="panels">3</SimpleData>
		<SimpleData name="led">0</SimpleData>
		<SimpleData name="solar">1</SimpleData>
		<SimpleData name="ais">0</SimpleData>
		<SimpleData name="dgps">0</SimpleData>
		<SimpleData name="vts">0</SimpleData>
		<SimpleData name="tower_type">RCC Octagonal tower</SimpleData>
		<SimpleData name="tower_h_m">30</SimpleData>
		<SimpleData name="tower_colour">Black &amp; White horizontal bands</SimpleData>
		<SimpleData name="tower_year">2016</SimpleData>
		<SimpleData name="established">2016</SimpleData>
		<SimpleData name="visit">grounds</SimpleData>
		<SimpleData name="tourism">0</SimpleData>
		<SimpleData name="museum">0</SimpleData>
		<SimpleData name="record">1</SimpleData>
		<SimpleData name="ledger_url">https://www.dgll.nic.in/sites/default/files/2022-12/ch21.pdf</SimpleData>
		<SimpleData name="page_url">https://www.dgll.nic.in/DGLL-light-house-location/about-chennai/vembar-lighthouse</SimpleData>
		<SimpleData name="rowlett">2016. Active; focal plane 30 m (98 ft); three white flashes every 10 s. 30 m (98 ft) octagonal concrete tower with lantern and gallery, painted with black and white horizontal bands. Cyril Xavier has a photo, a 2017 photo is available, Siva Sankar has a 2020 photo, Dhananjay Singh has a distant street view, and Google has a satellite view. Located just off the beach at Vembar, a fishing village at the northern border of the Thoothukudi District. Site open, tower closed. Admiralty F0737.</SimpleData>
		<SimpleData name="photo">https://www.dgll.nic.in/sites/default/files/2022-11/dg21.jpg</SimpleData>
		<SimpleData name="transcribed">1</SimpleData>
		<SimpleData name="ledger_issues">(4:Elevation value missing (printed only 'm (above MSL)'),Flash timing '1.25 sec flash period; 3.75 sec dark period; 6.25 sec' does not form a sequence summing to the 10 s period,No. of lens 3 but 'Lamp changer-(pannels)' row says '8 panels in octagonal form',Vertical divergence given as '&gt;2°' (lower bound only))</SimpleData>
		<SimpleData name="equip_years">{ }</SimpleData>
		<SimpleData name="equip_since">{ }</SimpleData>
		<SimpleData name="tenders">(3:1822,1399,365)</SimpleData>
		<SimpleData name="photo_credit">DGLL</SimpleData>
	</SchemaData></ExtendedData>
      <Point><coordinates>78.365,9.07722</coordinates></Point>
  </Placemark>
  <Placemark>
	<name>Kovilthottam LIGHTHOUSE</name>
	<ExtendedData><SchemaData schemaUrl="#lighthouses">
		<SimpleData name="id">kovilthottam-lighthouse</SimpleData>
		<SimpleData name="kind">lighthouse</SimpleData>
		<SimpleData name="region">Kochi</SimpleData>
		<SimpleData name="pos_src">DGLL ledger</SimpleData>
		<SimpleData name="alol">F 0710</SimpleData>
		<SimpleData name="char">Fl (1) W 5 sec (FL.1 dfark 4sec)</SimpleData>
		<SimpleData name="ckind">Fl</SimpleData>
		<SimpleData name="colour">W</SimpleData>
		<SimpleData name="group">1</SimpleData>
		<SimpleData name="period">5</SimpleData>
		<SimpleData name="phases">(2:1,4)</SimpleData>
		<SimpleData name="phases_src">ledger</SimpleData>
		<SimpleData name="flash_s">1</SimpleData>
		<SimpleData name="sectored">0</SimpleData>
		<SimpleData name="lum_nm">13.8</SimpleData>
		<SimpleData name="geo_nm">13.9</SimpleData>
		<SimpleData name="iala_nm">15.1</SimpleData>
		<SimpleData name="reach_nm">13.8</SimpleData>
		<SimpleData name="intensity_cd">14500</SimpleData>
		<SimpleData name="elev_m">20</SimpleData>
		<SimpleData name="optic">flasher</SimpleData>
		<SimpleData name="optic_order">4</SimpleData>
		<SimpleData name="optic_evidence">Size: 250mm 4th order Fixed; Pedestal: Fixed; Rotation Device and R.P.M. blank</SimpleData>
		<SimpleData name="optic_make">BBT</SimpleData>
		<SimpleData name="optic_size">250mm 4th order Fixed</SimpleData>
		<SimpleData name="panels">1</SimpleData>
		<SimpleData name="led">1</SimpleData>
		<SimpleData name="solar">1</SimpleData>
		<SimpleData name="ais">0</SimpleData>
		<SimpleData name="dgps">0</SimpleData>
		<SimpleData name="vts">0</SimpleData>
		<SimpleData name="tower_type">Square Masonry Tower</SimpleData>
		<SimpleData name="tower_h_m">15.24</SimpleData>
		<SimpleData name="tower_colour">Black and White Band</SimpleData>
		<SimpleData name="tower_year">1962</SimpleData>
		<SimpleData name="established">1953</SimpleData>
		<SimpleData name="visit">open</SimpleData>
		<SimpleData name="tourism">0</SimpleData>
		<SimpleData name="museum">0</SimpleData>
		<SimpleData name="record">1</SimpleData>
		<SimpleData name="ledger_url">https://www.dgll.nic.in/sites/default/files/2022-12/Master%20Ledger%20Cochin%2014.pdf</SimpleData>
		<SimpleData name="page_url">https://www.dgll.nic.in/DGLL-light-house-location/about-kochi/kovilthottam-lighthouse</SimpleData>
		<SimpleData name="rowlett">1962 (station established 1953). Active; focal plane 20 m (66 ft); white flash every 5 s. 15 m (49 ft) square masonry tower, painted with black and white horizontal bands; lantern dome painted red. Wikimedia has a 2016 photo, Arun P. Kumar has a 2020 photo, a 2021 view from the shore is available, D.M. Brennan has a distant view, and Google has a satellite view. Kovilthottam is a small port near Chavara, about 15 km (9 mi) north of Kollam. Accessible by road. Site open, tower open in late afternoon daily. . ARLHS IND-096; Admiralty F0710; NGA 27512.</SimpleData>
		<SimpleData name="arlhs">IND-096</SimpleData>
		<SimpleData name="wikidata">Q18126946</SimpleData>
		<SimpleData name="photo">https://www.dgll.nic.in/sites/default/files/2022-11/KOVILTHOTTAM%20LIGHTHOUSE.jpg</SimpleData>
		<SimpleData name="transcribed">1</SimpleData>
		<SimpleData name="ledger_issues">(1:Horizontal divergence blank; vertical printed as '.2° 58’', read as 2° 58')</SimpleData>
		<SimpleData name="equip_years">{ }</SimpleData>
		<SimpleData name="equip_since">{ }</SimpleData>
		<SimpleData name="tenders">(3:1788,1736,697)</SimpleData>
		<SimpleData name="photo_credit">DGLL</SimpleData>
	</SchemaData></ExtendedData>
      <Point><coordinates>76.53667,8.99667</coordinates></Point>
  </Placemark>
  <Placemark>
	<name>Thangasseripoint Lighthouse</name>
	<ExtendedData><SchemaData schemaUrl="#lighthouses">
		<SimpleData name="id">thangasseripoint-lighthouse</SimpleData>
		<SimpleData name="kind">lighthouse</SimpleData>
		<SimpleData name="region">Kochi</SimpleData>
		<SimpleData name="pos_src">DGLL ledger</SimpleData>
		<SimpleData name="alol">F-0712</SimpleData>
		<SimpleData name="char">Group flash of three in every 15 Seconds (0.2+2.8+0.2+2.8+0.2+8.8=15Sec)</SimpleData>
		<SimpleData name="ckind">Fl</SimpleData>
		<SimpleData name="colour">W</SimpleData>
		<SimpleData name="group">3</SimpleData>
		<SimpleData name="period">15</SimpleData>
		<SimpleData name="phases">(6:0.2,2.8,0.2,2.8,0.2,8.800000000000001)</SimpleData>
		<SimpleData name="phases_src">ledger</SimpleData>
		<SimpleData name="flash_s">0.2</SimpleData>
		<SimpleData name="sectored">0</SimpleData>
		<SimpleData name="lum_nm">26</SimpleData>
		<SimpleData name="geo_nm">17.4</SimpleData>
		<SimpleData name="iala_nm">20.3</SimpleData>
		<SimpleData name="reach_nm">17.4</SimpleData>
		<SimpleData name="intensity_cd">127950</SimpleData>
		<SimpleData name="elev_m">38</SimpleData>
		<SimpleData name="optic">revolving</SimpleData>
		<SimpleData name="optic_order">2</SimpleData>
		<SimpleData name="optic_evidence">Optic: Revolving Optic; Rotation Device: 2 Stepper motors 40Kg-cm; R.P.M. 4RPM</SimpleData>
		<SimpleData name="optic_make">M/S CHANCE Bros. &amp; Co.</SimpleData>
		<SimpleData name="optic_type">Revolving Optic, 2rd Order</SimpleData>
		<SimpleData name="optic_size">700mm</SimpleData>
		<SimpleData name="rpm">4</SimpleData>
		<SimpleData name="panels">3</SimpleData>
		<SimpleData name="led">0</SimpleData>
		<SimpleData name="solar">1</SimpleData>
		<SimpleData name="ais">1</SimpleData>
		<SimpleData name="dgps">0</SimpleData>
		<SimpleData name="vts">0</SimpleData>
		<SimpleData name="tower_type">Circular Brick masonry Tower (Outside plastered in December 2002)</SimpleData>
		<SimpleData name="tower_h_m">35</SimpleData>
		<SimpleData name="tower_colour">Red and White Spiral strips</SimpleData>
		<SimpleData name="tower_year">1902</SimpleData>
		<SimpleData name="established">1902</SimpleData>
		<SimpleData name="visit">open</SimpleData>
		<SimpleData name="tourism">1</SimpleData>
		<SimpleData name="museum">0</SimpleData>
		<SimpleData name="record">1</SimpleData>
		<SimpleData name="ledger_url">https://www.dgll.nic.in/sites/default/files/2022-12/Master%20Ledger%20Cochin%2015.pdf</SimpleData>
		<SimpleData name="page_url">https://www.dgll.nic.in/DGLL-light-house-location/about-kochi/thangasseripoint-lighthouse</SimpleData>
		<SimpleData name="rowlett">1902. Active; focal plane 42 m (138 ft); three white flashes every 15 s. 44 m (144 ft) round masonry tower with lantern and double gallery, painted with red and white spiral bands; 2nd order Fresnel lens. A 2022 photo is at the top of this page, another closeup photo is available, Sonal Sebastian has a 2022 photo, Wikimedia has a good 2017 photo, Sasheer Raj has a 2008 photo, Saleel Ahsan has a 2016 street view, and Google has a satellite view. The lighthouse was repainted inside and out in 2016 and an elevator was installed (spoiling the historical accuracy of the interior). Thankasseri (or Thangasseri), on the north side of the city of Kollam (formerly spelled Quilon) was an early outpost </SimpleData>
		<SimpleData name="arlhs">IND-019</SimpleData>
		<SimpleData name="wikidata">Q18387881</SimpleData>
		<SimpleData name="photo">https://www.dgll.nic.in/sites/default/files/2022-11/THANGASSERIPOINTLIGHTHOUSE.jpg</SimpleData>
		<SimpleData name="transcribed">1</SimpleData>
		<SimpleData name="ledger_issues">(3:Elevation given as '43 mt. (Base to Vane)' and '38 mt. (Base to light beam)', not above MSL; 38 m used,Characteristic does not state the light colour,Optic type printed as '2rd Order')</SimpleData>
		<SimpleData name="equip_years">{ }</SimpleData>
		<SimpleData name="equip_since">{ &quot;ais&quot;: { &quot;year&quot;: 2012, &quot;src&quot;: &quot;network&quot; } }</SimpleData>
		<SimpleData name="tenders">(4:2561,2509,1576,1420)</SimpleData>
		<SimpleData name="photo_credit">DGLL</SimpleData>
	</SchemaData></ExtendedData>
      <Point><coordinates>76.56667,8.88333</coordinates></Point>
  </Placemark>
  <Placemark>
	<name>Pandiyan Tivu Lighthouse And Dgps Station</name>
	<ExtendedData><SchemaData schemaUrl="#lighthouses">
		<SimpleData name="id">pandiyan-tivu-lighthouse-and-dgps-station</SimpleData>
		<SimpleData name="kind">lighthouse</SimpleData>
		<SimpleData name="region">Chennai</SimpleData>
		<SimpleData name="pos_src">DGLL ledger</SimpleData>
		<SimpleData name="alol">F 0734</SimpleData>
		<SimpleData name="char">Flashing white every 10sec</SimpleData>
		<SimpleData name="ckind">Fl</SimpleData>
		<SimpleData name="colour">W</SimpleData>
		<SimpleData name="group">1</SimpleData>
		<SimpleData name="period">10</SimpleData>
		<SimpleData name="phases">(2:0.5,9.5)</SimpleData>
		<SimpleData name="phases_src">derived</SimpleData>
		<SimpleData name="flash_s">0.5</SimpleData>
		<SimpleData name="sectored">0</SimpleData>
		<SimpleData name="lum_nm">21</SimpleData>
		<SimpleData name="geo_nm">19.2</SimpleData>
		<SimpleData name="iala_nm">21.1</SimpleData>
		<SimpleData name="reach_nm">19.2</SimpleData>
		<SimpleData name="intensity_cd">177127</SimpleData>
		<SimpleData name="elev_m">49.5</SimpleData>
		<SimpleData name="optic">revolving</SimpleData>
		<SimpleData name="optic_order">3</SimpleData>
		<SimpleData name="optic_evidence">Rotation Device: 20 kg/cm Stepper motor; R.P.M. 3; pedestal on journal and thrust bearings</SimpleData>
		<SimpleData name="optic_make">J.Stone &amp; Co.</SimpleData>
		<SimpleData name="optic_type">3rd order small</SimpleData>
		<SimpleData name="optic_size">375mm</SimpleData>
		<SimpleData name="rpm">3</SimpleData>
		<SimpleData name="panels">2</SimpleData>
		<SimpleData name="led">1</SimpleData>
		<SimpleData name="solar">1</SimpleData>
		<SimpleData name="ais">1</SimpleData>
		<SimpleData name="dgps">1</SimpleData>
		<SimpleData name="racon">O</SimpleData>
		<SimpleData name="vts">0</SimpleData>
		<SimpleData name="tower_type">Circular tower</SimpleData>
		<SimpleData name="tower_h_m">45.7</SimpleData>
		<SimpleData name="tower_colour">Black and White spiral Band</SimpleData>
		<SimpleData name="tower_year">1979</SimpleData>
		<SimpleData name="established">1845</SimpleData>
		<SimpleData name="visit">grounds</SimpleData>
		<SimpleData name="tourism">0</SimpleData>
		<SimpleData name="museum">0</SimpleData>
		<SimpleData name="record">1</SimpleData>
		<SimpleData name="ledger_url">https://www.dgll.nic.in/sites/default/files/2022-12/ch22.pdf</SimpleData>
		<SimpleData name="page_url">https://www.dgll.nic.in/DGLL-light-house-location/about-chennai/pandiyan-tivu-lighthouse-and-dgps-station</SimpleData>
		<SimpleData name="rowlett">1979 (station established 1845). Active; focal plane 48 m (157 ft); white flash every 10 s. Approx. 40 m (131 ft) round cylindrical tower with lantern and double gallery, painted with black and white spiral bands. Anitto Sylvester's 2022 photo is at right, a 2025 photo is available, Satheeshkannan Satheeshkannan has a 2017 photo, a distant view is available, and Google has a good satellite view. The first light at this station was shown from a flag post; this was replaced by an 11 m (36 ft) masonry obelisk and then by the 1935 lighthouse. Located on an island (tivu) protecting the harbor of Thoothukudi (Tuticorin). The island is connected to the mainland by a causeway and the lighthouse is a</SimpleData>
		<SimpleData name="arlhs">IND-062</SimpleData>
		<SimpleData name="wikidata">Q141320843</SimpleData>
		<SimpleData name="photo">https://www.dgll.nic.in/sites/default/files/2022-11/dg22.jpg</SimpleData>
		<SimpleData name="transcribed">1</SimpleData>
		<SimpleData name="ledger_issues">(1:No. of lens printed as '2 each of 180' without unit)</SimpleData>
		<SimpleData name="equip_years">{ &quot;racon&quot;: 2004 }</SimpleData>
		<SimpleData name="equip_since">{ &quot;racon&quot;: { &quot;year&quot;: 2004, &quot;src&quot;: &quot;ledger&quot; }, &quot;ais&quot;: { &quot;year&quot;: 2012, &quot;src&quot;: &quot;network&quot; }, &quot;dgps&quot;: { &quot;year&quot;: 2003, &quot;src&quot;: &quot;network&quot; } }</SimpleData>
		<SimpleData name="tenders">(0:)</SimpleData>
		<SimpleData name="photo_credit">DGLL</SimpleData>
	</SchemaData></ExtendedData>
      <Point><coordinates>78.19833,8.785</coordinates></Point>
  </Placemark>
  <Placemark>
	<name>Anjengo Lighthouse</name>
	<ExtendedData><SchemaData schemaUrl="#lighthouses">
		<SimpleData name="id">anjengo-lighthouse</SimpleData>
		<SimpleData name="kind">lighthouse</SimpleData>
		<SimpleData name="region">Kochi</SimpleData>
		<SimpleData name="pos_src">DGLL ledger</SimpleData>
		<SimpleData name="alol">F-0715</SimpleData>
		<SimpleData name="char">Fl (2) W 20 sec (fl 0.44+3.33+0.44+15.79 Sec)</SimpleData>
		<SimpleData name="ckind">Fl</SimpleData>
		<SimpleData name="colour">W</SimpleData>
		<SimpleData name="group">2</SimpleData>
		<SimpleData name="period">20</SimpleData>
		<SimpleData name="phases">(4:0.44,3.33,0.44,15.79)</SimpleData>
		<SimpleData name="phases_src">ledger</SimpleData>
		<SimpleData name="flash_s">0.44</SimpleData>
		<SimpleData name="sectored">0</SimpleData>
		<SimpleData name="lum_nm">20</SimpleData>
		<SimpleData name="geo_nm">17.7</SimpleData>
		<SimpleData name="iala_nm">19.3</SimpleData>
		<SimpleData name="reach_nm">17.7</SimpleData>
		<SimpleData name="intensity_cd">86445</SimpleData>
		<SimpleData name="elev_m">39.6</SimpleData>
		<SimpleData name="optic">revolving</SimpleData>
		<SimpleData name="optic_evidence">Type: Revolving Beacon; Rotation Device: Stepper motor (40 Kg cm); R.P.M. 3</SimpleData>
		<SimpleData name="optic_make">M/s Tideland Signal Corporation, Texas</SimpleData>
		<SimpleData name="optic_model">TRB-220 Max Lumina with modified 40 Kg Cm stepper motor</SimpleData>
		<SimpleData name="optic_type">Revolving Beacon</SimpleData>
		<SimpleData name="optic_size">220mm</SimpleData>
		<SimpleData name="rpm">3</SimpleData>
		<SimpleData name="panels">2</SimpleData>
		<SimpleData name="panels_total">6</SimpleData>
		<SimpleData name="panels_note">2Nos fixed and others blocked</SimpleData>
		<SimpleData name="led">0</SimpleData>
		<SimpleData name="solar">1</SimpleData>
		<SimpleData name="ais">0</SimpleData>
		<SimpleData name="dgps">0</SimpleData>
		<SimpleData name="vts">0</SimpleData>
		<SimpleData name="tower_type">Circular RCC tower</SimpleData>
		<SimpleData name="tower_h_m">38</SimpleData>
		<SimpleData name="tower_colour">Black and White Band</SimpleData>
		<SimpleData name="tower_year">1987</SimpleData>
		<SimpleData name="established">1987</SimpleData>
		<SimpleData name="visit">closed</SimpleData>
		<SimpleData name="tourism">1</SimpleData>
		<SimpleData name="museum">0</SimpleData>
		<SimpleData name="record">1</SimpleData>
		<SimpleData name="ledger_url">https://www.dgll.nic.in/sites/default/files/2022-12/Master%20Ledger%20Cochin%2016.pdf</SimpleData>
		<SimpleData name="page_url">https://www.dgll.nic.in/DGLL-light-house-location/about-kochi/anjengo-lighthouse</SimpleData>
		<SimpleData name="rowlett">1987. Active; focal plane 38 m (125 ft); two white flashes every 20 s. 36 m (118 ft) round concrete tower, painted with black and white horizontal bands. Nithin Murali's 2021 photo is at right, Akshay Raj P. has a 2023 photo, Wikimedia has a photo, a 2009 distant view is available, and Google has a street view and a satellite view. Anjengo was the site of a British East India Company fort dating to 1695. Located just outside the walls of the fort in Anchuthengu (formerly Anjengo) and about 40 km (25 mi) northwest of Thiruvananthapuram. Site open, tower open in late afternoon daily. . ARLHS IND-073; Admiralty F0715; NGA 27502.</SimpleData>
		<SimpleData name="arlhs">IND-073</SimpleData>
		<SimpleData name="photo">https://www.dgll.nic.in/sites/default/files/2022-11/ANJENGO%20LIGHTHOUSE.jpg</SimpleData>
		<SimpleData name="transcribed">1</SimpleData>
		<SimpleData name="ledger_issues">(3:No. of lens given as '06Nos (2Nos fixed and others blocked)',Divergence printed as '2.40º'; unclear whether 2.40 decimal degrees or 2°40',RACON Sr. No 6295 listed but all RACON details NA)</SimpleData>
		<SimpleData name="equip_years">{ }</SimpleData>
		<SimpleData name="equip_since">{ }</SimpleData>
		<SimpleData name="tenders">(1:1416)</SimpleData>
		<SimpleData name="photo_credit">DGLL</SimpleData>
	</SchemaData></ExtendedData>
      <Point><coordinates>76.80833,8.67333</coordinates></Point>
  </Placemark>
  <Placemark>
	<name>VIZHINJAM LIGHTHOUSE</name>
	<ExtendedData><SchemaData schemaUrl="#lighthouses">
		<SimpleData name="id">vizhinjam-lighthouse</SimpleData>
		<SimpleData name="kind">lighthouse</SimpleData>
		<SimpleData name="region">Kochi</SimpleData>
		<SimpleData name="pos_src">OpenStreetMap node/309907456</SimpleData>
		<SimpleData name="alol">F-0718</SimpleData>
		<SimpleData name="char">Fl(White)- 15 seconds (FL- 0.55 + ec-14.5 sec)</SimpleData>
		<SimpleData name="ckind">Fl</SimpleData>
		<SimpleData name="colour">W</SimpleData>
		<SimpleData name="group">1</SimpleData>
		<SimpleData name="period">15</SimpleData>
		<SimpleData name="phases">(2:0.55,14.5)</SimpleData>
		<SimpleData name="phases_src">ledger</SimpleData>
		<SimpleData name="flash_s">0.55</SimpleData>
		<SimpleData name="sectored">0</SimpleData>
		<SimpleData name="lum_nm">31</SimpleData>
		<SimpleData name="geo_nm">20.3</SimpleData>
		<SimpleData name="iala_nm">30.8</SimpleData>
		<SimpleData name="reach_nm">20.3</SimpleData>
		<SimpleData name="intensity_cd">6838000</SimpleData>
		<SimpleData name="elev_m">57</SimpleData>
		<SimpleData name="optic">revolving</SimpleData>
		<SimpleData name="optic_order">3</SimpleData>
		<SimpleData name="optic_evidence">Optic: Revolving Beacon; Rotation Device: Dual Stepper motor; R.P.M. 4/3 RPM</SimpleData>
		<SimpleData name="optic_make">BBT</SimpleData>
		<SimpleData name="optic_type">Revolving Beacon</SimpleData>
		<SimpleData name="optic_size">500mm / 3rd Order Large</SimpleData>
		<SimpleData name="rpm">1.333</SimpleData>
		<SimpleData name="panels">3</SimpleData>
		<SimpleData name="led">1</SimpleData>
		<SimpleData name="solar">1</SimpleData>
		<SimpleData name="ais">1</SimpleData>
		<SimpleData name="dgps">0</SimpleData>
		<SimpleData name="racon">O</SimpleData>
		<SimpleData name="vts">0</SimpleData>
		<SimpleData name="tower_type">Circular Masonry Tower</SimpleData>
		<SimpleData name="tower_h_m">36</SimpleData>
		<SimpleData name="tower_colour">Red and White Band</SimpleData>
		<SimpleData name="tower_year">1972</SimpleData>
		<SimpleData name="established">1972</SimpleData>
		<SimpleData name="visit">open</SimpleData>
		<SimpleData name="tourism">1</SimpleData>
		<SimpleData name="museum">0</SimpleData>
		<SimpleData name="record">1</SimpleData>
		<SimpleData name="ledger_url">https://www.dgll.nic.in/sites/default/files/2022-12/Master%20Ledger%20Cochin%2017.pdf</SimpleData>
		<SimpleData name="page_url">https://www.dgll.nic.in/DGLL-light-house-location/about-kochi/vizhinjam-lighthouse</SimpleData>
		<SimpleData name="rowlett">1972. Active; focal plane 57 m (187 ft); white flash every 15 s. 36 m (118 ft) round stone tower with lantern and gallery, painted with red and white horizontal bands; lantern dome painted red. Justin Prasad's 2022 photo is above right, Trabas has a 2018 photo, Seema Krishnakumar has a photo, Deep Goswami has a closeup, a 2009 photo and a street view from a nearby beach are available, and Google has a satellite view and a closeup street view. Foundations of a 9th century fort were discovered near the lighthouse in late 2005. Lighthouse Beach, stretching to the north toward Kovalam, is a popular tourist attraction, and as a result this lighthouse is one of the most visited lighthouses of sout</SimpleData>
		<SimpleData name="arlhs">IND-121</SimpleData>
		<SimpleData name="wikidata">Q18395643</SimpleData>
		<SimpleData name="photo">http://commons.wikimedia.org/wiki/Special:FilePath/Vizhinjam%20Light%20House.jpg</SimpleData>
		<SimpleData name="transcribed">1</SimpleData>
		<SimpleData name="ledger_issues">(4:Printed longitude 93° 58.9' E is inconsistent with Vizhinjam, Kerala (about 77° E); transcribed as printed,Sequence FL 0.55 + ec 14.5 sums to 15.05 s, not the stated 15 s,RACON make given as Tideland Sea Beacon-2 but model as WM-RB-II,Effective beam intensity 68,38,000 cd is unusually high)</SimpleData>
		<SimpleData name="equip_years">{ &quot;racon&quot;: 2007 }</SimpleData>
		<SimpleData name="equip_since">{ &quot;racon&quot;: { &quot;year&quot;: 2007, &quot;src&quot;: &quot;ledger&quot; }, &quot;ais&quot;: { &quot;year&quot;: 2012, &quot;src&quot;: &quot;network&quot; } }</SimpleData>
		<SimpleData name="tenders">(2:1557,1434)</SimpleData>
		<SimpleData name="photo_credit">DGLL</SimpleData>
	</SchemaData></ExtendedData>
      <Point><coordinates>76.97965,8.38289</coordinates></Point>
  </Placemark>
  <Placemark>
	<name>Manapad Point Lighthouse</name>
	<ExtendedData><SchemaData schemaUrl="#lighthouses">
		<SimpleData name="id">manapad-point-lighthouse</SimpleData>
		<SimpleData name="kind">lighthouse</SimpleData>
		<SimpleData name="region">Chennai</SimpleData>
		<SimpleData name="pos_src">DGLL ledger, seconds column read as decimal minutes (matches OpenStreetMap way/1556633698)</SimpleData>
		<SimpleData name="alol">F 0730</SimpleData>
		<SimpleData name="char">Group Flash 2(White) every 10Sec's (F1: 0.187+sec.2.376+F1:0.187+sec.7.250)</SimpleData>
		<SimpleData name="ckind">Fl</SimpleData>
		<SimpleData name="colour">W</SimpleData>
		<SimpleData name="group">2</SimpleData>
		<SimpleData name="period">10</SimpleData>
		<SimpleData name="phases">(4:0.187,2.376,0.187,7.25)</SimpleData>
		<SimpleData name="phases_src">ledger</SimpleData>
		<SimpleData name="flash_s">0.187</SimpleData>
		<SimpleData name="sectored">0</SimpleData>
		<SimpleData name="lum_nm">26</SimpleData>
		<SimpleData name="geo_nm">18.6</SimpleData>
		<SimpleData name="iala_nm">22.8</SimpleData>
		<SimpleData name="reach_nm">18.6</SimpleData>
		<SimpleData name="intensity_cd">336294</SimpleData>
		<SimpleData name="elev_m">45</SimpleData>
		<SimpleData name="optic">revolving</SimpleData>
		<SimpleData name="optic_order">3</SimpleData>
		<SimpleData name="optic_evidence">Type: Revolving Optic; Rotation Device: Stepper Motor with Drive controller; R.P.M. 6 RPM</SimpleData>
		<SimpleData name="optic_make">Chance Bros</SimpleData>
		<SimpleData name="optic_type">Revolving Optic</SimpleData>
		<SimpleData name="optic_size">500mm</SimpleData>
		<SimpleData name="rpm">6</SimpleData>
		<SimpleData name="panels">2</SimpleData>
		<SimpleData name="led">1</SimpleData>
		<SimpleData name="solar">1</SimpleData>
		<SimpleData name="ais">1</SimpleData>
		<SimpleData name="dgps">0</SimpleData>
		<SimpleData name="racon">G</SimpleData>
		<SimpleData name="vts">0</SimpleData>
		<SimpleData name="tower_type">Masonary Tower</SimpleData>
		<SimpleData name="tower_h_m">18</SimpleData>
		<SimpleData name="tower_colour">Red &amp; White Spiral Bands (diagonal strips)</SimpleData>
		<SimpleData name="tower_year">1888</SimpleData>
		<SimpleData name="established">1888</SimpleData>
		<SimpleData name="visit">grounds</SimpleData>
		<SimpleData name="tourism">1</SimpleData>
		<SimpleData name="museum">0</SimpleData>
		<SimpleData name="record">1</SimpleData>
		<SimpleData name="ledger_url">https://www.dgll.nic.in/sites/default/files/2022-12/ch23.pdf</SimpleData>
		<SimpleData name="page_url">https://www.dgll.nic.in/DGLL-light-house-location/about-chennai/manapad-point-lighthouse</SimpleData>
		<SimpleData name="rowlett">1888. Active; focal plane 45 m (148 ft); two white flashes every 10 s. Approx. 18 m (59 ft) round masonry tower painted with red and white spiral bands; lantern dome painted red. Keeper's house and several other light station buildings. Joseph Cascarino's 2022 photo is at right, Leo Fernando has a nice 2008 photo, and Google has a satellite view of the station. This well-known lighthouse adjacent to a Catholic church founded in 1581 by Portuguese missionaries. Located on Manapad Point, a prominent cape about 20 km (12.5 mi) south of Tiruchchendur. Site open, tower status unknown. . ARLHS IND-044; Admiralty F0730; NGA 27200.</SimpleData>
		<SimpleData name="arlhs">IND-044</SimpleData>
		<SimpleData name="wikidata">Q141341669</SimpleData>
		<SimpleData name="photo">https://www.dgll.nic.in/sites/default/files/2022-11/dg23.png</SimpleData>
		<SimpleData name="transcribed">1</SimpleData>
		<SimpleData name="ledger_issues">(2:Range lists 'Luminous : 26 NM' and 'Luminous : 18 NM'; the second label is probably meant to be geographical but is printed as luminous,Latitude printed as 8°22'.3&quot; (mixed notation); converted as 8°22.3')</SimpleData>
		<SimpleData name="equip_years">{ &quot;racon&quot;: 2016 }</SimpleData>
		<SimpleData name="equip_since">{ &quot;racon&quot;: { &quot;year&quot;: 2016, &quot;src&quot;: &quot;ledger&quot; }, &quot;ais&quot;: { &quot;year&quot;: 2012, &quot;src&quot;: &quot;network&quot; } }</SimpleData>
		<SimpleData name="tenders">(5:2306,1883,1815,1810,1789)</SimpleData>
		<SimpleData name="photo_credit">DGLL</SimpleData>
	</SchemaData></ExtendedData>
      <Point><coordinates>78.065,8.37167</coordinates></Point>
  </Placemark>
  <Placemark>
	<name>Minicoy North Lighthouse</name>
	<ExtendedData><SchemaData schemaUrl="#lighthouses">
		<SimpleData name="id">minicoy-north-lighthouse</SimpleData>
		<SimpleData name="kind">lighthouse</SimpleData>
		<SimpleData name="region">Kochi</SimpleData>
		<SimpleData name="pos_src">DGLL ledger</SimpleData>
		<SimpleData name="address">The Assistant Engineer(El), Minicoy south Lighthouse Minicoy, UT of Lakshadweep-682559</SimpleData>
		<SimpleData name="alol">F 0758.1</SimpleData>
		<SimpleData name="char">Flash (2) white every 10 seconds.</SimpleData>
		<SimpleData name="ckind">Fl</SimpleData>
		<SimpleData name="colour">W</SimpleData>
		<SimpleData name="group">2</SimpleData>
		<SimpleData name="period">10</SimpleData>
		<SimpleData name="phases">(4:0.7,1,0.7,7.6)</SimpleData>
		<SimpleData name="phases_src">derived</SimpleData>
		<SimpleData name="sectored">0</SimpleData>
		<SimpleData name="lum_nm">10</SimpleData>
		<SimpleData name="geo_nm">14</SimpleData>
		<SimpleData name="reach_nm">10</SimpleData>
		<SimpleData name="elev_m">23</SimpleData>
		<SimpleData name="optic">flasher</SimpleData>
		<SimpleData name="optic_evidence">Make: MBL-160 Marine Flasher; Type: LED</SimpleData>
		<SimpleData name="optic_make">MBL-160 Marine Flasher</SimpleData>
		<SimpleData name="optic_model">MBL-160</SimpleData>
		<SimpleData name="optic_type">LED</SimpleData>
		<SimpleData name="led">1</SimpleData>
		<SimpleData name="solar">1</SimpleData>
		<SimpleData name="ais">0</SimpleData>
		<SimpleData name="dgps">0</SimpleData>
		<SimpleData name="racon">G</SimpleData>
		<SimpleData name="vts">0</SimpleData>
		<SimpleData name="tower_type">17m BMT Square + 5m trestle tower</SimpleData>
		<SimpleData name="tower_h_m">22</SimpleData>
		<SimpleData name="tower_colour">Black and white Band</SimpleData>
		<SimpleData name="tower_year">2008</SimpleData>
		<SimpleData name="established">2008</SimpleData>
		<SimpleData name="visit">grounds</SimpleData>
		<SimpleData name="tourism">0</SimpleData>
		<SimpleData name="museum">0</SimpleData>
		<SimpleData name="record">1</SimpleData>
		<SimpleData name="ledger_url">https://www.dgll.nic.in/sites/default/files/2022-12/Master%20Ledger%20Cochin%2033.pdf</SimpleData>
		<SimpleData name="page_url">https://www.dgll.nic.in/DGLL-light-house-location/about-kochi/minicoy-north-lighthouse</SimpleData>
		<SimpleData name="rowlett">2008. Active; focal plane 22 m (72 ft); two white flashes every 10 s. 22 m (72 ft) square masonry or concrete tower, painted with black and white horizontal bands. Google has a satellite view. This lighthouse was built in connection with construction of a new jetty and improved landing facilities on the northeast side of the island. Located close to the new jetty. Site open, tower closed. Admiralty F0758.1; NGA 27470.</SimpleData>
		<SimpleData name="photo">https://www.dgll.nic.in/sites/default/files/2022-11/MINICOY%20NORTH%20LIGHTHOUSE_0.jpg</SimpleData>
		<SimpleData name="transcribed">1</SimpleData>
		<SimpleData name="ledger_issues">(3:Elevation printed as '1m above sea level + 22m' (taken as 23 m),Vertical divergence given only as '&lt;30°',Postal address names 'Minicoy south Lighthouse')</SimpleData>
		<SimpleData name="equip_years">{ }</SimpleData>
		<SimpleData name="equip_since">{ &quot;racon&quot;: { &quot;year&quot;: 2004, &quot;src&quot;: &quot;network&quot; } }</SimpleData>
		<SimpleData name="tenders">(2:2574,870)</SimpleData>
		<SimpleData name="photo_credit">DGLL</SimpleData>
	</SchemaData></ExtendedData>
      <Point><coordinates>73.06583,8.29567</coordinates></Point>
  </Placemark>
  <Placemark>
	<name>Minicoy South Lighthouse &amp; Dgps Station</name>
	<ExtendedData><SchemaData schemaUrl="#lighthouses">
		<SimpleData name="id">minicoy-south-lighthouse-dgps-station</SimpleData>
		<SimpleData name="kind">lighthouse</SimpleData>
		<SimpleData name="region">Kochi</SimpleData>
		<SimpleData name="pos_src">DGLL ledger</SimpleData>
		<SimpleData name="alol">F 0758</SimpleData>
		<SimpleData name="char">Fl (1) W 15 sec (0.66 + 14.34)</SimpleData>
		<SimpleData name="ckind">Fl</SimpleData>
		<SimpleData name="colour">W</SimpleData>
		<SimpleData name="group">1</SimpleData>
		<SimpleData name="period">15</SimpleData>
		<SimpleData name="phases">(2:0.66,14.34)</SimpleData>
		<SimpleData name="phases_src">ledger</SimpleData>
		<SimpleData name="flash_s">0.66</SimpleData>
		<SimpleData name="sectored">0</SimpleData>
		<SimpleData name="lum_nm">27.3</SimpleData>
		<SimpleData name="geo_nm">18.95</SimpleData>
		<SimpleData name="iala_nm">35.1</SimpleData>
		<SimpleData name="reach_nm">18.95</SimpleData>
		<SimpleData name="intensity_cd">33215773</SimpleData>
		<SimpleData name="elev_m">89</SimpleData>
		<SimpleData name="optic">revolving</SimpleData>
		<SimpleData name="optic_order">1</SimpleData>
		<SimpleData name="optic_evidence">Size: 920mm (1ST Order) Revolving; Rotation Device: Stepper motor; R.P.M. 4/3 RPM</SimpleData>
		<SimpleData name="optic_make">B.B.T, Paris</SimpleData>
		<SimpleData name="optic_type">Revolving</SimpleData>
		<SimpleData name="optic_size">920mm (1ST Order) Revolving</SimpleData>
		<SimpleData name="rpm">1.333</SimpleData>
		<SimpleData name="panels">3</SimpleData>
		<SimpleData name="led">0</SimpleData>
		<SimpleData name="solar">1</SimpleData>
		<SimpleData name="ais">1</SimpleData>
		<SimpleData name="dgps">1</SimpleData>
		<SimpleData name="racon">G</SimpleData>
		<SimpleData name="vts">0</SimpleData>
		<SimpleData name="tower_type">Tapering circular brick masonry Tower</SimpleData>
		<SimpleData name="tower_h_m">48</SimpleData>
		<SimpleData name="tower_colour">Red and White Band</SimpleData>
		<SimpleData name="tower_year">1885</SimpleData>
		<SimpleData name="established">1885</SimpleData>
		<SimpleData name="visit">open</SimpleData>
		<SimpleData name="tourism">0</SimpleData>
		<SimpleData name="museum">0</SimpleData>
		<SimpleData name="record">1</SimpleData>
		<SimpleData name="ledger_url">https://www.dgll.nic.in/sites/default/files/2022-12/Master%20Ledger%20Cochin%2032.pdf</SimpleData>
		<SimpleData name="page_url">https://www.dgll.nic.in/DGLL-light-house-location/about-kochi/minicoy-south-lighthouse-dgps-station</SimpleData>
		<SimpleData name="rowlett">1885. Active; focal plane 47 m (154 ft); white flash every 15 s. 48 m (157 ft) round brick tower with lantern and gallery. Lighthouse painted white; lantern roof is red. The lighthouse is staffed. A 2020 photo appears above, Shijo Jose has a 2017 photo, Vijay Kumar has a photo, another photo shows visitors on the gallery, Lighthouse Digest has a February 2001 feature on the lighthouse by I.C.R. Prasad, Forand has a historic postcard view, and Google has a satellite view. The island has great strategic importance because the sea route from Suez to Singapore passes through the Eight Degree Channel just south of Minicoy. To protect this lifeline of the Empire the British shipped bricks from Eng</SimpleData>
		<SimpleData name="arlhs">LAK-009</SimpleData>
		<SimpleData name="wikidata">Q22696416</SimpleData>
		<SimpleData name="photo">https://www.dgll.nic.in/sites/default/files/2022-11/MINICOY%20SOUTH%20LIGHTHOUSE%20%26%20DGPS%20STATION.jpg</SimpleData>
		<SimpleData name="transcribed">1</SimpleData>
		<SimpleData name="ledger_issues">(3:Effective beam intensity printed as '3,32,15,773 cds' (33.2 million cd),Tower height '48m (up to lantern top)' highlighted in red/underlined on the page,RACON Sr. No 6295 is the same serial printed in other ledgers (e.g. Anjengo))</SimpleData>
		<SimpleData name="equip_years">{ &quot;racon&quot;: 2010, &quot;ais&quot;: 2018 }</SimpleData>
		<SimpleData name="equip_since">{ &quot;racon&quot;: { &quot;year&quot;: 2010, &quot;src&quot;: &quot;ledger&quot; }, &quot;ais&quot;: { &quot;year&quot;: 2018, &quot;src&quot;: &quot;ledger&quot; }, &quot;dgps&quot;: { &quot;year&quot;: 2003, &quot;src&quot;: &quot;network&quot; } }</SimpleData>
		<SimpleData name="tenders">(5:2577,1831,1761,1358,700)</SimpleData>
		<SimpleData name="photo_credit">DGLL</SimpleData>
	</SchemaData></ExtendedData>
      <Point><coordinates>73.02667,8.26667</coordinates></Point>
  </Placemark>
  <Placemark>
	<name>Kuthenkuli Lighthouse</name>
	<ExtendedData><SchemaData schemaUrl="#lighthouses">
		<SimpleData name="id">kuthenkuli-lighthouse</SimpleData>
		<SimpleData name="kind">lighthouse</SimpleData>
		<SimpleData name="region">Chennai</SimpleData>
		<SimpleData name="pos_src">DGLL ledger</SimpleData>
		<SimpleData name="alol">F 0728</SimpleData>
		<SimpleData name="char">Fl (3) W 20 sec (fl 1.5) (1.5+2+1.5+2+1.5+11.5=20Sec)</SimpleData>
		<SimpleData name="ckind">Fl</SimpleData>
		<SimpleData name="colour">W</SimpleData>
		<SimpleData name="group">3</SimpleData>
		<SimpleData name="period">20</SimpleData>
		<SimpleData name="phases">(6:1.5,2,1.5,2,1.5,11.5)</SimpleData>
		<SimpleData name="phases_src">ledger</SimpleData>
		<SimpleData name="flash_s">1.5</SimpleData>
		<SimpleData name="sectored">0</SimpleData>
		<SimpleData name="lum_nm">20</SimpleData>
		<SimpleData name="geo_nm">19.5</SimpleData>
		<SimpleData name="iala_nm">20.2</SimpleData>
		<SimpleData name="reach_nm">19.5</SimpleData>
		<SimpleData name="intensity_cd">124937</SimpleData>
		<SimpleData name="elev_m">51</SimpleData>
		<SimpleData name="optic">revolving</SimpleData>
		<SimpleData name="optic_order">6</SimpleData>
		<SimpleData name="optic_evidence">Rotation Device: 20KG Stepper motor with Drive Controller; R.P.M. 1.5</SimpleData>
		<SimpleData name="optic_make">Aga</SimpleData>
		<SimpleData name="optic_size">150mm</SimpleData>
		<SimpleData name="rpm">1.5</SimpleData>
		<SimpleData name="panels">6</SimpleData>
		<SimpleData name="led">1</SimpleData>
		<SimpleData name="solar">1</SimpleData>
		<SimpleData name="ais">0</SimpleData>
		<SimpleData name="dgps">0</SimpleData>
		<SimpleData name="vts">0</SimpleData>
		<SimpleData name="tower_type">RCC Circular Structure</SimpleData>
		<SimpleData name="tower_h_m">45</SimpleData>
		<SimpleData name="tower_colour">Red and Yellow Chequered Band</SimpleData>
		<SimpleData name="established">2020</SimpleData>
		<SimpleData name="tourism">1</SimpleData>
		<SimpleData name="museum">0</SimpleData>
		<SimpleData name="record">1</SimpleData>
		<SimpleData name="ledger_url">https://www.dgll.nic.in/sites/default/files/2022-12/ch24.pdf</SimpleData>
		<SimpleData name="page_url">https://www.dgll.nic.in/DGLL-light-house-location/about-chennai/kuthenkuli-lighthouse</SimpleData>
		<SimpleData name="photo">https://www.dgll.nic.in/sites/default/files/2022-11/dg24.jpg</SimpleData>
		<SimpleData name="transcribed">1</SimpleData>
		<SimpleData name="ledger_issues">(0:)</SimpleData>
		<SimpleData name="equip_years">{ }</SimpleData>
		<SimpleData name="equip_since">{ }</SimpleData>
		<SimpleData name="tenders">(6:1889,1749,1737,1735,1714,1399)</SimpleData>
		<SimpleData name="photo_credit">DGLL</SimpleData>
	</SchemaData></ExtendedData>
      <Point><coordinates>77.783,8.22317</coordinates></Point>
  </Placemark>
  <Placemark>
	<name>Muttom Point Lighthouse And Navtex Station</name>
	<ExtendedData><SchemaData schemaUrl="#lighthouses">
		<SimpleData name="id">muttom-point-lighthouse-and-navtex-station</SimpleData>
		<SimpleData name="kind">lighthouse</SimpleData>
		<SimpleData name="region">Chennai</SimpleData>
		<SimpleData name="pos_src">DGLL ledger</SimpleData>
		<SimpleData name="alol">F 0724</SimpleData>
		<SimpleData name="char">Single Fl (W) every 5 seconds</SimpleData>
		<SimpleData name="ckind">Fl</SimpleData>
		<SimpleData name="colour">W</SimpleData>
		<SimpleData name="group">1</SimpleData>
		<SimpleData name="period">5</SimpleData>
		<SimpleData name="phases">(2:0.45,4.55)</SimpleData>
		<SimpleData name="phases_src">derived</SimpleData>
		<SimpleData name="sectored">0</SimpleData>
		<SimpleData name="lum_nm">28</SimpleData>
		<SimpleData name="geo_nm">18.2</SimpleData>
		<SimpleData name="iala_nm">22.9</SimpleData>
		<SimpleData name="reach_nm">18.2</SimpleData>
		<SimpleData name="intensity_cd">350944</SimpleData>
		<SimpleData name="elev_m">42.97</SimpleData>
		<SimpleData name="optic">revolving</SimpleData>
		<SimpleData name="optic_order">2</SimpleData>
		<SimpleData name="optic_evidence">Rotation Device: Inbuilt stepper motor with drive; R.P.M. 3 RPM; Pedestal: Mercury Float</SimpleData>
		<SimpleData name="optic_make">M/s Chance Brothers</SimpleData>
		<SimpleData name="optic_size">700 mm</SimpleData>
		<SimpleData name="rpm">3</SimpleData>
		<SimpleData name="panels">4</SimpleData>
		<SimpleData name="led">1</SimpleData>
		<SimpleData name="solar">1</SimpleData>
		<SimpleData name="ais">0</SimpleData>
		<SimpleData name="dgps">0</SimpleData>
		<SimpleData name="racon">M</SimpleData>
		<SimpleData name="navtex">{ &quot;id_518&quot;: &quot;L&quot;, &quot;id_490&quot;: &quot;T&quot; }</SimpleData>
		<SimpleData name="vts">0</SimpleData>
		<SimpleData name="tower_type">Hexagonal Masonry</SimpleData>
		<SimpleData name="tower_h_m">21.5</SimpleData>
		<SimpleData name="tower_colour">Black &amp; White bands</SimpleData>
		<SimpleData name="tower_year">1883</SimpleData>
		<SimpleData name="established">1875</SimpleData>
		<SimpleData name="visit">open</SimpleData>
		<SimpleData name="tourism">1</SimpleData>
		<SimpleData name="museum">1</SimpleData>
		<SimpleData name="record">1</SimpleData>
		<SimpleData name="ledger_url">https://www.dgll.nic.in/sites/default/files/2022-12/ch26.pdf</SimpleData>
		<SimpleData name="page_url">https://www.dgll.nic.in/DGLL-light-house-location/about-chennai/muttom-point-lighthouse-and-navtex-station</SimpleData>
		<SimpleData name="rowlett">1883 (British; station established 1875). Active; focal plane 43 m (141 ft); white flash every 5 s. 22 m (72 ft) round masonry tower with lantern and gallery, painted with black and white horizontal bands; lantern dome painted red. A rotating 2nd order Fresnel lens is in use. Mohanraj Kolathapilly has a good closeup, Wikimedia has a 2007 photo, Raja Gopal Sunkara has a 2018 photo, Chris Jehin has an aerial view, and Google has a satellite view. A surviving British lighthouse, Muttom Light can be seen from a popular beach. Early mast and post lights here were followed by a 22 m (72 ft) granite tower in 1875. In 2013 this was also one of the 15 lighthouses identified for tourist development by</SimpleData>
		<SimpleData name="arlhs">IND-103</SimpleData>
		<SimpleData name="wikidata">Q141431205</SimpleData>
		<SimpleData name="photo">https://www.dgll.nic.in/sites/default/files/2022-11/dg26.jpg</SimpleData>
		<SimpleData name="transcribed">1</SimpleData>
		<SimpleData name="ledger_issues">(3:Duration of Flash given as '5 second' (equal to the period),Engine 1 and Engine 2 headed '(NIL)' but Eicher 20KVA engine details listed,NAVTEX: Danphone 1KW Futronic transmitter, 518/490 kHz, Transmitter ID 'L', installed March 2015)</SimpleData>
		<SimpleData name="equip_years">{ &quot;ais&quot;: 2015 }</SimpleData>
		<SimpleData name="equip_since">{ &quot;navtex&quot;: { &quot;year&quot;: 2015, &quot;src&quot;: &quot;network&quot; }, &quot;racon&quot;: { &quot;year&quot;: 2004, &quot;src&quot;: &quot;network&quot; } }</SimpleData>
		<SimpleData name="tenders">(7:2309,1719,1671,1670,1660,1616,1595)</SimpleData>
		<SimpleData name="photo_credit">DGLL</SimpleData>
	</SchemaData></ExtendedData>
      <Point><coordinates>77.31833,8.12333</coordinates></Point>
  </Placemark>
  <Placemark>
	<name>Kanyakumari Lighthouse</name>
	<ExtendedData><SchemaData schemaUrl="#lighthouses">
		<SimpleData name="id">kanyakumari-lighthouse</SimpleData>
		<SimpleData name="kind">lighthouse</SimpleData>
		<SimpleData name="region">Chennai</SimpleData>
		<SimpleData name="pos_src">DGLL ledger, seconds column read as decimal minutes (matches OpenStreetMap way/1558262992)</SimpleData>
		<SimpleData name="address">The Navigational Assistant Gr-I Kanyakumari Lighthouse, Kayakumari post, Kanyakumari Dist Pin 629702</SimpleData>
		<SimpleData name="alol">F 0726</SimpleData>
		<SimpleData name="char">GROUP OF (2) W 20 sec (.66+3.38+.66+15.3=20 Se)</SimpleData>
		<SimpleData name="ckind">Fl</SimpleData>
		<SimpleData name="colour">W</SimpleData>
		<SimpleData name="group">2</SimpleData>
		<SimpleData name="period">20</SimpleData>
		<SimpleData name="phases">(4:0.66,3.38,0.66,15.3)</SimpleData>
		<SimpleData name="phases_src">ledger</SimpleData>
		<SimpleData name="flash_s">0.66</SimpleData>
		<SimpleData name="sectored">0</SimpleData>
		<SimpleData name="lum_nm">18</SimpleData>
		<SimpleData name="geo_nm">21</SimpleData>
		<SimpleData name="iala_nm">19.9</SimpleData>
		<SimpleData name="reach_nm">18</SimpleData>
		<SimpleData name="intensity_cd">110908</SimpleData>
		<SimpleData name="elev_m">34</SimpleData>
		<SimpleData name="optic">revolving</SimpleData>
		<SimpleData name="optic_order">3</SimpleData>
		<SimpleData name="optic_evidence">Rotation Device: stepper motor with drive; R.P.M. 1.5 r.p.m</SimpleData>
		<SimpleData name="optic_make">M/s BBT Ltd Paris</SimpleData>
		<SimpleData name="optic_size">375 mm</SimpleData>
		<SimpleData name="rpm">1.5</SimpleData>
		<SimpleData name="panels">4</SimpleData>
		<SimpleData name="led">0</SimpleData>
		<SimpleData name="solar">1</SimpleData>
		<SimpleData name="ais">1</SimpleData>
		<SimpleData name="dgps">0</SimpleData>
		<SimpleData name="racon">C</SimpleData>
		<SimpleData name="vts">0</SimpleData>
		<SimpleData name="tower_type">Square stone massonary Tower</SimpleData>
		<SimpleData name="tower_h_m">30.5</SimpleData>
		<SimpleData name="tower_colour">Red and White</SimpleData>
		<SimpleData name="tower_year">1971</SimpleData>
		<SimpleData name="established">1971</SimpleData>
		<SimpleData name="visit">open</SimpleData>
		<SimpleData name="tourism">1</SimpleData>
		<SimpleData name="museum">0</SimpleData>
		<SimpleData name="record">1</SimpleData>
		<SimpleData name="ledger_url">https://www.dgll.nic.in/sites/default/files/2022-12/ch25.pdf</SimpleData>
		<SimpleData name="page_url">https://www.dgll.nic.in/DGLL-light-house-location/about-chennai/kanyakumari-lighthouse</SimpleData>
		<SimpleData name="rowlett">1971. Active; focal plane 63 m (207 ft); two white flashes every 20 s. 30 m (98 ft) square masonry tower with gallery and a small lantern, painted with red and white horizontal bands. A 2022 photo is at right, Vincent Kiran has a 2021 closeup, Krishna Kumar also has a closeup, V.C. Charuvalath has a good 2016 photo, Chandrachoodan Gopalakrishnan has a view from the sea, and Google has a satellite view and a closeup street view. In 2013 this was one of the 15 lighthouses identified for tourist development by DGLL. Kanyakumari (also spelled Kanniyakumari) is the southernmost tip of India at 8°05' N latitude. The British renamed it Cape Comorin, a name found on most foreign maps but rarely used</SimpleData>
		<SimpleData name="arlhs">IND-080</SimpleData>
		<SimpleData name="wikidata">Q24641208</SimpleData>
		<SimpleData name="photo">https://www.dgll.nic.in/sites/default/files/2022-11/dg25.jpg</SimpleData>
		<SimpleData name="transcribed">1</SimpleData>
		<SimpleData name="ledger_issues">(4:Position printed with seconds marks (8° 04'8&quot;, 77° 32'8&quot;); converted as degrees-minutes-seconds, may be intended as 04.8' / 32.8',Engines 1 and 2 are marked '(NIL)' yet make/rating details are listed,Solar plant heading says '2KW off grid' but capacity row says 3 KW (24 V/250 W),NAIS MMSI not given)</SimpleData>
		<SimpleData name="equip_years">{ &quot;racon&quot;: 2008 }</SimpleData>
		<SimpleData name="equip_since">{ &quot;racon&quot;: { &quot;year&quot;: 2008, &quot;src&quot;: &quot;ledger&quot; }, &quot;ais&quot;: { &quot;year&quot;: 2012, &quot;src&quot;: &quot;network&quot; } }</SimpleData>
		<SimpleData name="tenders">(2:2243,1719)</SimpleData>
		<SimpleData name="photo_credit">DGLL</SimpleData>
	</SchemaData></ExtendedData>
      <Point><coordinates>77.54667,8.08</coordinates></Point>
  </Placemark>
  <Placemark>
	<name>Sagar Island Lighthouse</name>
	<ExtendedData><SchemaData schemaUrl="#lighthouses">
		<SimpleData name="id">sagar-island-lighthouse</SimpleData>
		<SimpleData name="kind">lighthouse</SimpleData>
		<SimpleData name="region">Kolkata</SimpleData>
		<SimpleData name="pos_src">DGLL ledger</SimpleData>
		<SimpleData name="address">Sagar Island Lighthouse&amp; DGPS Station, P O— Beguakhali, Via Rudranagar, Sagar, Dist. South 24 Parganas,West Bengal— 743 373.</SimpleData>
		<SimpleData name="alol">F 1028</SimpleData>
		<SimpleData name="char">FL (W) in every 3 Sec</SimpleData>
		<SimpleData name="ckind">Fl</SimpleData>
		<SimpleData name="colour">W</SimpleData>
		<SimpleData name="group">1</SimpleData>
		<SimpleData name="period">3</SimpleData>
		<SimpleData name="phases">(2:0.3,2.7)</SimpleData>
		<SimpleData name="phases_src">derived</SimpleData>
		<SimpleData name="flash_s">0.3</SimpleData>
		<SimpleData name="sectored">0</SimpleData>
		<SimpleData name="lum_nm">25</SimpleData>
		<SimpleData name="geo_nm">17</SimpleData>
		<SimpleData name="iala_nm">20.4</SimpleData>
		<SimpleData name="reach_nm">17</SimpleData>
		<SimpleData name="intensity_cd">132500</SimpleData>
		<SimpleData name="elev_m">26</SimpleData>
		<SimpleData name="optic">revolving</SimpleData>
		<SimpleData name="optic_evidence">RPM 7; mercury float pedestal</SimpleData>
		<SimpleData name="optic_make">Chance Brothers, Birmingham, England</SimpleData>
		<SimpleData name="optic_size">4th order (focal length 250mm)</SimpleData>
		<SimpleData name="rpm">7</SimpleData>
		<SimpleData name="panels">8</SimpleData>
		<SimpleData name="led">0</SimpleData>
		<SimpleData name="solar">1</SimpleData>
		<SimpleData name="ais">1</SimpleData>
		<SimpleData name="dgps">1</SimpleData>
		<SimpleData name="vts">0</SimpleData>
		<SimpleData name="tower_type">Circular Cast Iron Tower</SimpleData>
		<SimpleData name="tower_h_m">24</SimpleData>
		<SimpleData name="tower_colour">Red and White Band</SimpleData>
		<SimpleData name="tower_year">1909</SimpleData>
		<SimpleData name="established">1821</SimpleData>
		<SimpleData name="visit">grounds</SimpleData>
		<SimpleData name="tourism">1</SimpleData>
		<SimpleData name="museum">0</SimpleData>
		<SimpleData name="record">1</SimpleData>
		<SimpleData name="ledger_url">https://www.dgll.nic.in/sites/default/files/2022-11/kolkata%201.pdf</SimpleData>
		<SimpleData name="page_url">https://www.dgll.nic.in/DGLL-light-house-location/about-kolkata/sagar-island-lighthouse</SimpleData>
		<SimpleData name="rowlett">1909 (British; station established 1821). Active; focal plane 26 m (85 ft); white flash every 3 s. 23 m (79 ft) round cast iron tower, painted with horizontal red and white bands. The base of the lighthouse is surrounded by a square pyramidal observation platform of recent construction. A 2019 photo by Sandip Kumar Jana is at right, Nishant Kumar has a 2021 photo, Dipak Das has a 2017 photo, Santanu Sen has a 2023 photo, Partho Sarothi Mitra has a 2021 drone view, Huelse has a historic postcard view, and Google has a satellite view. The second lighthouse (1852) was also a cast iron tower. Ownership was transferred to DGLL from the Kolkata Port Trust in 2011. The present lighthouse has a very</SimpleData>
		<SimpleData name="arlhs">IND-060</SimpleData>
		<SimpleData name="transcribed">1</SimpleData>
		<SimpleData name="ledger_issues">(4:8 panels at 7 RPM gives a flash about every 1.07 s, not every 3 s as stated,Divergence printed as '4.35 (Horiz.) &amp; 2.10 (Vert.)' without degree sign or unit,Elevation: ground 2 m, 'Elevation of tower' 26 m (used as light elevation),No commissioning date given (taken over from Kolkata Port Trust in 2011))</SimpleData>
		<SimpleData name="equip_years">{ &quot;ais&quot;: 2012, &quot;dgps&quot;: 2017 }</SimpleData>
		<SimpleData name="equip_since">{ &quot;ais&quot;: { &quot;year&quot;: 2012, &quot;src&quot;: &quot;ledger&quot; }, &quot;dgps&quot;: { &quot;year&quot;: 2017, &quot;src&quot;: &quot;ledger&quot; } }</SimpleData>
		<SimpleData name="tenders">(2:2537,2536)</SimpleData>
	</SchemaData></ExtendedData>
      <Point><coordinates>88.04833,21.65667</coordinates></Point>
  </Placemark>
  <Placemark>
	<name>EAST ISLAND LIGHTHOUSE AND DGPS STATION</name>
	<ExtendedData><SchemaData schemaUrl="#lighthouses">
		<SimpleData name="id">east-island-lighthouse-and-dgps-station</SimpleData>
		<SimpleData name="kind">lighthouse</SimpleData>
		<SimpleData name="region">Port Blair</SimpleData>
		<SimpleData name="pos_src">DGLL ledger</SimpleData>
		<SimpleData name="alol">F 1201</SimpleData>
		<SimpleData name="char">Fl (1) W 15 sec (fl 0.8)</SimpleData>
		<SimpleData name="ckind">Fl</SimpleData>
		<SimpleData name="colour">W</SimpleData>
		<SimpleData name="group">1</SimpleData>
		<SimpleData name="period">15</SimpleData>
		<SimpleData name="phases">(2:0.8,14.2)</SimpleData>
		<SimpleData name="phases_src">derived</SimpleData>
		<SimpleData name="flash_s">0.8</SimpleData>
		<SimpleData name="sectored">0</SimpleData>
		<SimpleData name="lum_nm">24</SimpleData>
		<SimpleData name="geo_nm">24.2</SimpleData>
		<SimpleData name="iala_nm">26.7</SimpleData>
		<SimpleData name="reach_nm">24</SimpleData>
		<SimpleData name="intensity_cd">1500000</SimpleData>
		<SimpleData name="elev_m">89</SimpleData>
		<SimpleData name="optic">revolving</SimpleData>
		<SimpleData name="optic_evidence">Pedestal: Mercury float; Rotation Device: Stepper motor; R.P.M. 1.333</SimpleData>
		<SimpleData name="optic_make">BBT</SimpleData>
		<SimpleData name="optic_size">920mm</SimpleData>
		<SimpleData name="rpm">1.333</SimpleData>
		<SimpleData name="panels">3</SimpleData>
		<SimpleData name="led">1</SimpleData>
		<SimpleData name="solar">1</SimpleData>
		<SimpleData name="ais">1</SimpleData>
		<SimpleData name="dgps">1</SimpleData>
		<SimpleData name="racon">D</SimpleData>
		<SimpleData name="vts">0</SimpleData>
		<SimpleData name="tower_type">C.I. Circular tower on RCC Base</SimpleData>
		<SimpleData name="tower_h_m">37</SimpleData>
		<SimpleData name="tower_colour">Red and White Band</SimpleData>
		<SimpleData name="tower_year">1969</SimpleData>
		<SimpleData name="established">1969</SimpleData>
		<SimpleData name="visit">closed</SimpleData>
		<SimpleData name="tourism">0</SimpleData>
		<SimpleData name="museum">0</SimpleData>
		<SimpleData name="record">1</SimpleData>
		<SimpleData name="ledger_url">https://www.dgll.nic.in/sites/default/files/2022-12/M%20B1.pdf</SimpleData>
		<SimpleData name="page_url">https://www.dgll.nic.in/DGLL-light-house-location/about-portblair/east-island-lighthouse-and-dgps-station</SimpleData>
		<SimpleData name="rowlett">1969. Active; focal plane 89 m (292 ft); white flash every 15 s. 37 m (121 ft) cast iron tower with lantern and gallery painted with red and white horizontal bands. This is a staffed station with several buildings. A 2018 drone view is at right, Soma Shekar has a 2017 photo and a view from the sea, Suhit Das has a 2024 closeup, and Google has a satellite view. This lighthouse marks the northern end of the Andaman Islands. It appears to be another cast iron tower similar to the Indira Point and North Point Lights, built three years later. Located at the highest point of the island. Site status unknown. ARLHS AND-001; Admiralty F1201; NGA 26552.</SimpleData>
		<SimpleData name="arlhs">AND-001</SimpleData>
		<SimpleData name="photo">https://www.dgll.nic.in/sites/default/files/2022-11/1.jpg</SimpleData>
		<SimpleData name="transcribed">1</SimpleData>
		<SimpleData name="ledger_issues">(1:Characteristic says fl 0.8 but Duration of Flash field says 0.16 Sec)</SimpleData>
		<SimpleData name="equip_years">{ &quot;racon&quot;: 2011 }</SimpleData>
		<SimpleData name="equip_since">{ &quot;racon&quot;: { &quot;year&quot;: 2011, &quot;src&quot;: &quot;ledger&quot; }, &quot;ais&quot;: { &quot;year&quot;: 2012, &quot;src&quot;: &quot;network&quot; }, &quot;dgps&quot;: { &quot;year&quot;: 2003, &quot;src&quot;: &quot;network&quot; } }</SimpleData>
		<SimpleData name="tenders">(1:1801)</SimpleData>
		<SimpleData name="photo_credit">DGLL</SimpleData>
	</SchemaData></ExtendedData>
      <Point><coordinates>93.049,13.62983</coordinates></Point>
  </Placemark>
  <Placemark>
	<name>NARCONDUM LIGHTHOUSE</name>
	<ExtendedData><SchemaData schemaUrl="#lighthouses">
		<SimpleData name="id">narcondum-lighthouse</SimpleData>
		<SimpleData name="kind">lighthouse</SimpleData>
		<SimpleData name="region">Port Blair</SimpleData>
		<SimpleData name="pos_src">DGLL ledger</SimpleData>
		<SimpleData name="address">N/A</SimpleData>
		<SimpleData name="alol">F 1201.1</SimpleData>
		<SimpleData name="char">F (3)W 20 Sec (fl 0.8, ec 1.2) x 2, fl 0.8, ec15.2</SimpleData>
		<SimpleData name="ckind">Fl</SimpleData>
		<SimpleData name="colour">W</SimpleData>
		<SimpleData name="group">3</SimpleData>
		<SimpleData name="period">20</SimpleData>
		<SimpleData name="phases">(6:0.8,1.2,0.8,1.2,0.8,15.2)</SimpleData>
		<SimpleData name="phases_src">ledger</SimpleData>
		<SimpleData name="flash_s">0.8</SimpleData>
		<SimpleData name="sectored">0</SimpleData>
		<SimpleData name="lum_nm">8</SimpleData>
		<SimpleData name="geo_nm">20.8</SimpleData>
		<SimpleData name="iala_nm">10.1</SimpleData>
		<SimpleData name="reach_nm">8</SimpleData>
		<SimpleData name="intensity_cd">1500</SimpleData>
		<SimpleData name="elev_m">61</SimpleData>
		<SimpleData name="optic">flasher</SimpleData>
		<SimpleData name="optic_evidence">Type: LED Flasher; Rotation Device: WhiteFlashing Light; R.P.M. NA</SimpleData>
		<SimpleData name="optic_make">Sealite</SimpleData>
		<SimpleData name="optic_model">SL155-5D</SimpleData>
		<SimpleData name="optic_type">LED Flasher</SimpleData>
		<SimpleData name="optic_size">171mm</SimpleData>
		<SimpleData name="led">1</SimpleData>
		<SimpleData name="solar">1</SimpleData>
		<SimpleData name="ais">0</SimpleData>
		<SimpleData name="dgps">0</SimpleData>
		<SimpleData name="vts">0</SimpleData>
		<SimpleData name="tower_type">GI Trestle Tower</SimpleData>
		<SimpleData name="tower_h_m">14</SimpleData>
		<SimpleData name="tower_colour">Painted White</SimpleData>
		<SimpleData name="tower_year">1983</SimpleData>
		<SimpleData name="established">1983</SimpleData>
		<SimpleData name="visit">closed</SimpleData>
		<SimpleData name="tourism">0</SimpleData>
		<SimpleData name="museum">0</SimpleData>
		<SimpleData name="record">1</SimpleData>
		<SimpleData name="ledger_url">https://www.dgll.nic.in/sites/default/files/2022-12/mb2.pdf</SimpleData>
		<SimpleData name="page_url">https://www.dgll.nic.in/DGLL-light-house-location/about-portblair/narcondum-lighthouse</SimpleData>
		<SimpleData name="rowlett">1983. Active; focal plane 61 m (200 ft); three white flashes every 20 s. 14 m (46 ft) square steel skeletal tower with gallery and an enclosed equipment shelter in the base. Lighthouse painted white. Trees hide the tower in Google's satellite view. Narcondam Island is an isolated volcanic peak rising abruptly from the Andaman Sea; it is uninhabited except for an Indian police contingent posted there to maintain sovereignty. Myanmar (Burma) gave up its claim to the island in a 1986 treaty. The island is a wildlife sanctuary recognized as a UNESCO World Heritage Site. Located about 120 km (75 mi) east of East Island, Narcondam is the easternmost point of Indian territory. The lighthouse is loc</SimpleData>
		<SimpleData name="photo">https://www.dgll.nic.in/sites/default/files/2022-11/2.png</SimpleData>
		<SimpleData name="transcribed">1</SimpleData>
		<SimpleData name="ledger_issues">(1:Characteristic printed as 'F (3)W' although the sequence describes three flashes (group flashing))</SimpleData>
		<SimpleData name="equip_years">{ }</SimpleData>
		<SimpleData name="equip_since">{ }</SimpleData>
		<SimpleData name="tenders">(1:1988)</SimpleData>
		<SimpleData name="photo_credit">DGLL</SimpleData>
	</SchemaData></ExtendedData>
      <Point><coordinates>94.255,13.45667</coordinates></Point>
  </Placemark>
  <Placemark>
	<name>Port Cornwallis</name>
	<ExtendedData><SchemaData schemaUrl="#lighthouses">
		<SimpleData name="id">port-cornwallis</SimpleData>
		<SimpleData name="kind">lighthouse</SimpleData>
		<SimpleData name="region">Port Blair</SimpleData>
		<SimpleData name="pos_src">DGLL ledger</SimpleData>
		<SimpleData name="address">N/A</SimpleData>
		<SimpleData name="alol">F 1202</SimpleData>
		<SimpleData name="char">Fl (2) W 20 Sec (fl 1.0, ec 3.0, fl 1, ec 15)</SimpleData>
		<SimpleData name="ckind">Fl</SimpleData>
		<SimpleData name="colour">W</SimpleData>
		<SimpleData name="group">2</SimpleData>
		<SimpleData name="period">20</SimpleData>
		<SimpleData name="phases">(4:1,3,1,15)</SimpleData>
		<SimpleData name="phases_src">ledger</SimpleData>
		<SimpleData name="flash_s">1</SimpleData>
		<SimpleData name="sectored">0</SimpleData>
		<SimpleData name="lum_nm">10</SimpleData>
		<SimpleData name="geo_nm">17.8</SimpleData>
		<SimpleData name="iala_nm">10.1</SimpleData>
		<SimpleData name="reach_nm">10</SimpleData>
		<SimpleData name="intensity_cd">1500</SimpleData>
		<SimpleData name="elev_m">40</SimpleData>
		<SimpleData name="optic">flasher</SimpleData>
		<SimpleData name="optic_evidence">Type: LED Flasher; Rotation Device: White Flashing Light; R.P.M. NA</SimpleData>
		<SimpleData name="optic_make">Sealite</SimpleData>
		<SimpleData name="optic_model">SL155-5D</SimpleData>
		<SimpleData name="optic_type">LED Flasher</SimpleData>
		<SimpleData name="optic_size">171mm</SimpleData>
		<SimpleData name="led">1</SimpleData>
		<SimpleData name="solar">1</SimpleData>
		<SimpleData name="ais">0</SimpleData>
		<SimpleData name="dgps">0</SimpleData>
		<SimpleData name="vts">0</SimpleData>
		<SimpleData name="tower_type">Square Masonery</SimpleData>
		<SimpleData name="tower_h_m">10</SimpleData>
		<SimpleData name="tower_colour">Painted White</SimpleData>
		<SimpleData name="tower_year">1973</SimpleData>
		<SimpleData name="established">1973</SimpleData>
		<SimpleData name="visit">grounds</SimpleData>
		<SimpleData name="tourism">0</SimpleData>
		<SimpleData name="museum">0</SimpleData>
		<SimpleData name="record">1</SimpleData>
		<SimpleData name="ledger_url">https://www.dgll.nic.in/sites/default/files/2022-12/mb3.pdf</SimpleData>
		<SimpleData name="page_url">https://www.dgll.nic.in/DGLL-light-house-location/about-portblair/port-cornwallis</SimpleData>
		<SimpleData name="rowlett">1973. Active; focal plane 41 m (135 ft); two white flashes every 20 s. 10 m (33 ft) square cylindrical masonry tower with gallery attached to a 1-story masonry keeper's house. Entire lighthouse painted white. Google has a satellite view. Port Cornwallis is named for an early and unsuccessful British settlement (1789). Located at the southern tip of Bopung or Ross Island, off the northeast coast of Great Andaman Island. Accessible only by boat. Site open, tower closed. ARLHS AND-017; Admiralty F1202; NGA 26556.</SimpleData>
		<SimpleData name="arlhs">AND-017</SimpleData>
		<SimpleData name="photo">https://www.dgll.nic.in/sites/default/files/2022-11/3.png</SimpleData>
		<SimpleData name="transcribed">1</SimpleData>
		<SimpleData name="ledger_issues">(0:)</SimpleData>
		<SimpleData name="equip_years">{ }</SimpleData>
		<SimpleData name="equip_since">{ }</SimpleData>
		<SimpleData name="tenders">(0:)</SimpleData>
		<SimpleData name="photo_credit">DGLL</SimpleData>
	</SchemaData></ExtendedData>
      <Point><coordinates>93.07667,13.29833</coordinates></Point>
  </Placemark>
  <Placemark>
	<name>AVES LIGHTHOUSE</name>
	<ExtendedData><SchemaData schemaUrl="#lighthouses">
		<SimpleData name="id">aves-lighthouse</SimpleData>
		<SimpleData name="kind">lighthouse</SimpleData>
		<SimpleData name="region">Port Blair</SimpleData>
		<SimpleData name="pos_src">Lighthouse Directory map link (ledger 93°E -&gt; 92°E slip)</SimpleData>
		<SimpleData name="address">N/A</SimpleData>
		<SimpleData name="alol">F 1202.45</SimpleData>
		<SimpleData name="char">Fl (2) W 7 Sec (fl 1.0, ec 1.0, fl 1.0, ec 4.0)</SimpleData>
		<SimpleData name="ckind">Fl</SimpleData>
		<SimpleData name="colour">W</SimpleData>
		<SimpleData name="group">2</SimpleData>
		<SimpleData name="period">7</SimpleData>
		<SimpleData name="phases">(4:1,1,1,4)</SimpleData>
		<SimpleData name="phases_src">ledger</SimpleData>
		<SimpleData name="flash_s">1</SimpleData>
		<SimpleData name="sectored">0</SimpleData>
		<SimpleData name="lum_nm">11</SimpleData>
		<SimpleData name="geo_nm">16.9</SimpleData>
		<SimpleData name="iala_nm">10.1</SimpleData>
		<SimpleData name="reach_nm">11</SimpleData>
		<SimpleData name="intensity_cd">1500</SimpleData>
		<SimpleData name="elev_m">35</SimpleData>
		<SimpleData name="optic">flasher</SimpleData>
		<SimpleData name="optic_evidence">Type: LED Flasher; Rotation Device: White Flashing Light; R.P.M. NA</SimpleData>
		<SimpleData name="optic_make">Sealite</SimpleData>
		<SimpleData name="optic_model">SL155-5D</SimpleData>
		<SimpleData name="optic_type">LED Flasher</SimpleData>
		<SimpleData name="optic_size">171mm</SimpleData>
		<SimpleData name="led">1</SimpleData>
		<SimpleData name="solar">1</SimpleData>
		<SimpleData name="ais">0</SimpleData>
		<SimpleData name="dgps">0</SimpleData>
		<SimpleData name="vts">0</SimpleData>
		<SimpleData name="tower_type">Composite Masonry Tower</SimpleData>
		<SimpleData name="tower_h_m">15</SimpleData>
		<SimpleData name="tower_colour">Red and White bands</SimpleData>
		<SimpleData name="tower_year">2008</SimpleData>
		<SimpleData name="established">2008</SimpleData>
		<SimpleData name="visit">closed</SimpleData>
		<SimpleData name="tourism">0</SimpleData>
		<SimpleData name="museum">0</SimpleData>
		<SimpleData name="record">1</SimpleData>
		<SimpleData name="ledger_url">https://www.dgll.nic.in/sites/default/files/2022-12/mb5.pdf</SimpleData>
		<SimpleData name="page_url">https://www.dgll.nic.in/DGLL-light-house-location/about-portblair/aves-lighthouse</SimpleData>
		<SimpleData name="rowlett">2008. Active; focal plane 35 m (115 ft); two white flashes every 7 s. Approx. 15 m (49 ft) square cylindrical masonry tower, painted with red and white horizontal bands. DGLL's photo is at right, Google has a satellite view. Located at the highest point of a small island on the south side of the entrance to Mayabunder. Accessible only by boat. Site status unknown. Admiralty F1202.45; NGA 26544.</SimpleData>
		<SimpleData name="photo">https://www.dgll.nic.in/sites/default/files/2022-11/5.png</SimpleData>
		<SimpleData name="transcribed">1</SimpleData>
		<SimpleData name="ledger_issues">(0:)</SimpleData>
		<SimpleData name="equip_years">{ }</SimpleData>
		<SimpleData name="equip_since">{ }</SimpleData>
		<SimpleData name="tenders">(0:)</SimpleData>
		<SimpleData name="photo_credit">DGLL</SimpleData>
	</SchemaData></ExtendedData>
      <Point><coordinates>92.93511,12.91427</coordinates></Point>
  </Placemark>
  <Placemark>
	<name>INTERVIEW LIGHTHOUSE</name>
	<ExtendedData><SchemaData schemaUrl="#lighthouses">
		<SimpleData name="id">interview-lighthouse</SimpleData>
		<SimpleData name="kind">lighthouse</SimpleData>
		<SimpleData name="region">Port Blair</SimpleData>
		<SimpleData name="pos_src">DGLL ledger</SimpleData>
		<SimpleData name="address">N/A</SimpleData>
		<SimpleData name="alol">F 1202.3</SimpleData>
		<SimpleData name="char">Fl (2) W 20 Sec (fl 1.0,ec 3.0, fl 1, ec 15)</SimpleData>
		<SimpleData name="ckind">Fl</SimpleData>
		<SimpleData name="colour">W</SimpleData>
		<SimpleData name="group">2</SimpleData>
		<SimpleData name="period">20</SimpleData>
		<SimpleData name="phases">(4:1,3,1,15)</SimpleData>
		<SimpleData name="phases_src">ledger</SimpleData>
		<SimpleData name="flash_s">1</SimpleData>
		<SimpleData name="sectored">0</SimpleData>
		<SimpleData name="lum_nm">10</SimpleData>
		<SimpleData name="geo_nm">19.6</SimpleData>
		<SimpleData name="iala_nm">10.1</SimpleData>
		<SimpleData name="reach_nm">10</SimpleData>
		<SimpleData name="intensity_cd">1500</SimpleData>
		<SimpleData name="elev_m">52</SimpleData>
		<SimpleData name="optic">flasher</SimpleData>
		<SimpleData name="optic_evidence">Type: LED Flasher; Rotation Device 'White Flashing Light'; R.P.M. NA</SimpleData>
		<SimpleData name="optic_make">Sealite</SimpleData>
		<SimpleData name="optic_model">SL155-5D</SimpleData>
		<SimpleData name="optic_type">LED Flasher</SimpleData>
		<SimpleData name="optic_size">171mm</SimpleData>
		<SimpleData name="led">1</SimpleData>
		<SimpleData name="solar">1</SimpleData>
		<SimpleData name="ais">0</SimpleData>
		<SimpleData name="dgps">0</SimpleData>
		<SimpleData name="vts">0</SimpleData>
		<SimpleData name="tower_type">GI Trestle Tower</SimpleData>
		<SimpleData name="tower_h_m">12</SimpleData>
		<SimpleData name="tower_colour">Painted Black and White bands</SimpleData>
		<SimpleData name="tower_year">2005</SimpleData>
		<SimpleData name="established">1994</SimpleData>
		<SimpleData name="visit">closed</SimpleData>
		<SimpleData name="tourism">0</SimpleData>
		<SimpleData name="museum">0</SimpleData>
		<SimpleData name="record">1</SimpleData>
		<SimpleData name="ledger_url">https://www.dgll.nic.in/sites/default/files/2022-12/mb4.pdf</SimpleData>
		<SimpleData name="page_url">https://www.dgll.nic.in/DGLL-light-house-location/about-portblair/interview-lighthouse</SimpleData>
		<SimpleData name="rowlett">2005 (station established 1994). Active (?); focal plane 52 m (171 ft); two white flashes every 20 s. 12 m (39 ft) square skeletal tower painted with black and white horizontal bands. The original lighthouse was a 12 m (39 ft) square masonry tower also painted with black and white horizontal bands. Interview Island lies off the northwestern tip of Middle Andaman Island. The original lighthouse was on the southern tip of the island; it was reported &quot;completely destroyed&quot; by the tsunami. The Admiralty lists a new location on the west coast of the island. Although no tower is seen at that location in Google's satellite view, another satellite view may show the lighthouse about 400 m (1/4 mi) to</SimpleData>
		<SimpleData name="arlhs">AND-008</SimpleData>
		<SimpleData name="transcribed">1</SimpleData>
		<SimpleData name="ledger_issues">(2:Date of commissioning given as '28.04.2005 Re-commissioned after Tsunami'; original establishment year not stated,NAIS section has no model/MMSI but lists a Prodelin 2.4 m VSAT antenna)</SimpleData>
		<SimpleData name="equip_years">{ }</SimpleData>
		<SimpleData name="equip_since">{ }</SimpleData>
		<SimpleData name="tenders">(1:1988)</SimpleData>
	</SchemaData></ExtendedData>
      <Point><coordinates>92.67,12.885</coordinates></Point>
  </Placemark>
  <Placemark>
	<name>NORTH BUTTON LIGHTHOUSE</name>
	<ExtendedData><SchemaData schemaUrl="#lighthouses">
		<SimpleData name="id">north-button-lighthouse</SimpleData>
		<SimpleData name="kind">lighthouse</SimpleData>
		<SimpleData name="region">Port Blair</SimpleData>
		<SimpleData name="pos_src">DGLL ledger</SimpleData>
		<SimpleData name="address">N/A</SimpleData>
		<SimpleData name="alol">F 1202.6</SimpleData>
		<SimpleData name="char">Fl (1) W 10 Sec fl 0.8</SimpleData>
		<SimpleData name="ckind">Fl</SimpleData>
		<SimpleData name="colour">W</SimpleData>
		<SimpleData name="group">1</SimpleData>
		<SimpleData name="period">10</SimpleData>
		<SimpleData name="phases">(2:0.8,9.199999999999999)</SimpleData>
		<SimpleData name="phases_src">derived</SimpleData>
		<SimpleData name="flash_s">0.8</SimpleData>
		<SimpleData name="sectored">0</SimpleData>
		<SimpleData name="lum_nm">8</SimpleData>
		<SimpleData name="geo_nm">20.3</SimpleData>
		<SimpleData name="iala_nm">10.1</SimpleData>
		<SimpleData name="reach_nm">8</SimpleData>
		<SimpleData name="intensity_cd">1500</SimpleData>
		<SimpleData name="elev_m">57</SimpleData>
		<SimpleData name="optic">flasher</SimpleData>
		<SimpleData name="optic_evidence">Type: LED Flasher; Rotation Device: White Flashing Light; R.P.M. NA</SimpleData>
		<SimpleData name="optic_make">Sealite</SimpleData>
		<SimpleData name="optic_model">SL155-5D</SimpleData>
		<SimpleData name="optic_type">LED Flasher</SimpleData>
		<SimpleData name="optic_size">171mm</SimpleData>
		<SimpleData name="led">1</SimpleData>
		<SimpleData name="solar">1</SimpleData>
		<SimpleData name="ais">0</SimpleData>
		<SimpleData name="dgps">0</SimpleData>
		<SimpleData name="vts">0</SimpleData>
		<SimpleData name="tower_type">GI Trestle Tower</SimpleData>
		<SimpleData name="tower_h_m">14</SimpleData>
		<SimpleData name="tower_colour">Black and White bands</SimpleData>
		<SimpleData name="tower_year">1983</SimpleData>
		<SimpleData name="established">1983</SimpleData>
		<SimpleData name="visit">closed</SimpleData>
		<SimpleData name="tourism">0</SimpleData>
		<SimpleData name="museum">0</SimpleData>
		<SimpleData name="record">1</SimpleData>
		<SimpleData name="ledger_url">https://www.dgll.nic.in/sites/default/files/2022-12/mb6.pdf</SimpleData>
		<SimpleData name="page_url">https://www.dgll.nic.in/DGLL-light-house-location/about-portblair/north-button-lighthouse</SimpleData>
		<SimpleData name="rowlett">1983. Active; focal plane 57 m (187 ft); white flash every 10 s. 14 m (46 ft) square skeletal tower with gallery and an enclosed equipment shelter in the base, painted with red and white horizontal bands. Google has an indistinct satellite view. The three Button Islands lie in the northern entrance to the Diligent Strait. Located on the highest point of the island. Accessible only by boat. Site status unknown. Admiralty F1202.6. NGA 26532.</SimpleData>
		<SimpleData name="photo">https://www.dgll.nic.in/sites/default/files/2022-11/6.png</SimpleData>
		<SimpleData name="transcribed">1</SimpleData>
		<SimpleData name="ledger_issues">(0:)</SimpleData>
		<SimpleData name="equip_years">{ }</SimpleData>
		<SimpleData name="equip_since">{ }</SimpleData>
		<SimpleData name="tenders">(1:1988)</SimpleData>
		<SimpleData name="photo_credit">DGLL</SimpleData>
	</SchemaData></ExtendedData>
      <Point><coordinates>93.06967,12.317</coordinates></Point>
  </Placemark>
  <Placemark>
	<name>Middle Button Lighthouse</name>
	<ExtendedData><SchemaData schemaUrl="#lighthouses">
		<SimpleData name="id">middle-button-lighthouse</SimpleData>
		<SimpleData name="kind">lighthouse</SimpleData>
		<SimpleData name="region">Port Blair</SimpleData>
		<SimpleData name="pos_src">DGLL ledger</SimpleData>
		<SimpleData name="address">N/A</SimpleData>
		<SimpleData name="alol">F 1202.62</SimpleData>
		<SimpleData name="char">Fl (2) W 20 Sec (fl 1.0,ec 3.0, fl 1, ec 15)</SimpleData>
		<SimpleData name="ckind">Fl</SimpleData>
		<SimpleData name="colour">W</SimpleData>
		<SimpleData name="group">2</SimpleData>
		<SimpleData name="period">20</SimpleData>
		<SimpleData name="phases">(4:1,3,1,15)</SimpleData>
		<SimpleData name="phases_src">ledger</SimpleData>
		<SimpleData name="flash_s">1</SimpleData>
		<SimpleData name="sectored">0</SimpleData>
		<SimpleData name="lum_nm">8</SimpleData>
		<SimpleData name="geo_nm">17.3</SimpleData>
		<SimpleData name="iala_nm">10.1</SimpleData>
		<SimpleData name="reach_nm">8</SimpleData>
		<SimpleData name="intensity_cd">1500</SimpleData>
		<SimpleData name="elev_m">37</SimpleData>
		<SimpleData name="optic">flasher</SimpleData>
		<SimpleData name="optic_evidence">Type: LED Flasher; Rotation Device: White Flashing Light; R.P.M. NA</SimpleData>
		<SimpleData name="optic_make">Sealite</SimpleData>
		<SimpleData name="optic_model">SL155-5D</SimpleData>
		<SimpleData name="optic_type">LED Flasher</SimpleData>
		<SimpleData name="optic_size">171mm</SimpleData>
		<SimpleData name="led">1</SimpleData>
		<SimpleData name="solar">1</SimpleData>
		<SimpleData name="ais">0</SimpleData>
		<SimpleData name="dgps">0</SimpleData>
		<SimpleData name="vts">0</SimpleData>
		<SimpleData name="tower_type">GI Trestle Tower</SimpleData>
		<SimpleData name="tower_h_m">14</SimpleData>
		<SimpleData name="tower_colour">Black and White bands</SimpleData>
		<SimpleData name="tower_year">1983</SimpleData>
		<SimpleData name="established">1983</SimpleData>
		<SimpleData name="visit">closed</SimpleData>
		<SimpleData name="tourism">0</SimpleData>
		<SimpleData name="museum">0</SimpleData>
		<SimpleData name="record">1</SimpleData>
		<SimpleData name="ledger_url">https://www.dgll.nic.in/sites/default/files/2022-12/mb7.pdf</SimpleData>
		<SimpleData name="page_url">https://www.dgll.nic.in/DGLL-light-house-location/about-portblair/middle-button-lighthouse</SimpleData>
		<SimpleData name="rowlett">1983. Active; focal plane 37 m (121 ft); two white flashes every 20 s. 12 m (39 ft) square skeletal tower with gallery and an enclosed equipment shelter in the base, painted with red and white horizontal bands. The DGLL photo is at right and Google has an indistinct satellite view. The island is protected as a national park. Located on the highest point of the island. Accessible only by boat. Site status unknown. Admiralty F1202.62. NGA 26528.</SimpleData>
		<SimpleData name="photo">https://www.dgll.nic.in/sites/default/files/2022-11/7.png</SimpleData>
		<SimpleData name="transcribed">1</SimpleData>
		<SimpleData name="ledger_issues">(0:)</SimpleData>
		<SimpleData name="equip_years">{ }</SimpleData>
		<SimpleData name="equip_since">{ }</SimpleData>
		<SimpleData name="tenders">(1:1988)</SimpleData>
		<SimpleData name="photo_credit">DGLL</SimpleData>
	</SchemaData></ExtendedData>
      <Point><coordinates>93.03017,12.27667</coordinates></Point>
  </Placemark>
  <Placemark>
	<name>South Button Lighthouse</name>
	<ExtendedData><SchemaData schemaUrl="#lighthouses">
		<SimpleData name="id">south-button-lighthouse</SimpleData>
		<SimpleData name="kind">lighthouse</SimpleData>
		<SimpleData name="region">Port Blair</SimpleData>
		<SimpleData name="pos_src">DGLL ledger</SimpleData>
		<SimpleData name="address">N/A</SimpleData>
		<SimpleData name="alol">F 1202.64</SimpleData>
		<SimpleData name="char">Fl (1) W 15 Sec fl 1.0</SimpleData>
		<SimpleData name="ckind">Fl</SimpleData>
		<SimpleData name="colour">W</SimpleData>
		<SimpleData name="group">1</SimpleData>
		<SimpleData name="period">15</SimpleData>
		<SimpleData name="phases">(2:1,14)</SimpleData>
		<SimpleData name="phases_src">derived</SimpleData>
		<SimpleData name="flash_s">1</SimpleData>
		<SimpleData name="sectored">0</SimpleData>
		<SimpleData name="lum_nm">8</SimpleData>
		<SimpleData name="geo_nm">15</SimpleData>
		<SimpleData name="iala_nm">10.1</SimpleData>
		<SimpleData name="reach_nm">8</SimpleData>
		<SimpleData name="intensity_cd">1500</SimpleData>
		<SimpleData name="elev_m">25</SimpleData>
		<SimpleData name="optic">flasher</SimpleData>
		<SimpleData name="optic_evidence">Type: LED Flasher; Rotation Device: 'White Flashing Light'; R.P.M.: NA</SimpleData>
		<SimpleData name="optic_make">Sealite</SimpleData>
		<SimpleData name="optic_model">SL155-5D</SimpleData>
		<SimpleData name="optic_type">LED Flasher</SimpleData>
		<SimpleData name="optic_size">171mm</SimpleData>
		<SimpleData name="led">1</SimpleData>
		<SimpleData name="solar">1</SimpleData>
		<SimpleData name="ais">0</SimpleData>
		<SimpleData name="dgps">0</SimpleData>
		<SimpleData name="vts">0</SimpleData>
		<SimpleData name="tower_type">GI Trestle Tower</SimpleData>
		<SimpleData name="tower_h_m">14</SimpleData>
		<SimpleData name="tower_colour">Red and White bands</SimpleData>
		<SimpleData name="tower_year">1983</SimpleData>
		<SimpleData name="established">1983</SimpleData>
		<SimpleData name="visit">closed</SimpleData>
		<SimpleData name="tourism">0</SimpleData>
		<SimpleData name="museum">0</SimpleData>
		<SimpleData name="record">1</SimpleData>
		<SimpleData name="ledger_url">https://www.dgll.nic.in/sites/default/files/2022-12/mb8.pdf</SimpleData>
		<SimpleData name="page_url">https://www.dgll.nic.in/DGLL-light-house-location/about-portblair/south-button-lighthouse</SimpleData>
		<SimpleData name="rowlett">1983. Active; focal plane 25 m (82 ft); white flash every 15 s. 14 m (46 ft) square skeletal tower with gallery and a partially enclosed equipment shelter in the base, painted with red and white horizontal bands. A view from the sea is available, Mervyn Dcosta's 2022 video also provides a view from the sea, and Google has an indistinct satellite view. Located on the southernmost of the three Button Islands. Accessible only by boat. Site status unknown. Admiralty F1202.64 NGA 26524.</SimpleData>
		<SimpleData name="photo">https://www.dgll.nic.in/sites/default/files/2022-11/8.png</SimpleData>
		<SimpleData name="transcribed">1</SimpleData>
		<SimpleData name="ledger_issues">(2:Rotation Device field filled with 'White Flashing Light',NAIS base station fields empty though VSAT Antenna 'Prodelin 2.4 meter' is listed)</SimpleData>
		<SimpleData name="equip_years">{ }</SimpleData>
		<SimpleData name="equip_since">{ }</SimpleData>
		<SimpleData name="tenders">(2:1989,1784)</SimpleData>
		<SimpleData name="photo_credit">DGLL</SimpleData>
	</SchemaData></ExtendedData>
      <Point><coordinates>93.02167,12.223</coordinates></Point>
  </Placemark>
  <Placemark>
	<name>Strait Island Lighthouse</name>
	<ExtendedData><SchemaData schemaUrl="#lighthouses">
		<SimpleData name="id">strait-island-lighthouse</SimpleData>
		<SimpleData name="kind">lighthouse</SimpleData>
		<SimpleData name="region">Port Blair</SimpleData>
		<SimpleData name="pos_src">DGLL ledger</SimpleData>
		<SimpleData name="address">N/A</SimpleData>
		<SimpleData name="alol">F 1202.66</SimpleData>
		<SimpleData name="char">Fl (3) W 20 Sec (fl 0.8, ec 1.2) x 2, fl 0.8, ec 15.2</SimpleData>
		<SimpleData name="ckind">Fl</SimpleData>
		<SimpleData name="colour">W</SimpleData>
		<SimpleData name="group">3</SimpleData>
		<SimpleData name="period">20</SimpleData>
		<SimpleData name="phases">(6:0.8,1.2,0.8,1.2,0.8,15.2)</SimpleData>
		<SimpleData name="phases_src">ledger</SimpleData>
		<SimpleData name="flash_s">0.8</SimpleData>
		<SimpleData name="sectored">0</SimpleData>
		<SimpleData name="lum_nm">8</SimpleData>
		<SimpleData name="geo_nm">15.4</SimpleData>
		<SimpleData name="iala_nm">11.5</SimpleData>
		<SimpleData name="reach_nm">8</SimpleData>
		<SimpleData name="intensity_cd">2950</SimpleData>
		<SimpleData name="elev_m">27</SimpleData>
		<SimpleData name="optic">flasher</SimpleData>
		<SimpleData name="optic_evidence">Type: LED Flasher; Rotation Device: White Flashing Light; R.P.M. NA</SimpleData>
		<SimpleData name="optic_make">LMV</SimpleData>
		<SimpleData name="optic_model">BDL250</SimpleData>
		<SimpleData name="optic_type">LED Flasher</SimpleData>
		<SimpleData name="optic_size">250mm</SimpleData>
		<SimpleData name="led">1</SimpleData>
		<SimpleData name="solar">1</SimpleData>
		<SimpleData name="ais">0</SimpleData>
		<SimpleData name="dgps">0</SimpleData>
		<SimpleData name="vts">0</SimpleData>
		<SimpleData name="tower_type">GI Trestle Tower</SimpleData>
		<SimpleData name="tower_h_m">14</SimpleData>
		<SimpleData name="tower_colour">Painted White</SimpleData>
		<SimpleData name="tower_year">1983</SimpleData>
		<SimpleData name="established">1983</SimpleData>
		<SimpleData name="visit">closed</SimpleData>
		<SimpleData name="tourism">0</SimpleData>
		<SimpleData name="museum">0</SimpleData>
		<SimpleData name="record">1</SimpleData>
		<SimpleData name="ledger_url">https://www.dgll.nic.in/sites/default/files/2022-12/mb9.pdf</SimpleData>
		<SimpleData name="page_url">https://www.dgll.nic.in/DGLL-light-house-location/about-portblair/strait-island-lighthouse</SimpleData>
		<SimpleData name="rowlett">1983. Active; focal plane 27 m (89 ft); three white flashes every 20 s. 14 m (46 ft) square skeletal tower with gallery and an enclosed equipment shelter in the base, painted white. Google has an indistinct satellite view. Located on a small island on the north side of the Diligent Strait, which separates the Ritchies Archipelago from Middle Andaman Island. Accessible only by boat. Site status unknown. Admiralty F1202.66 NGA 26520.</SimpleData>
		<SimpleData name="photo">https://www.dgll.nic.in/sites/default/files/2022-11/9.png</SimpleData>
		<SimpleData name="transcribed">1</SimpleData>
		<SimpleData name="ledger_issues">(0:)</SimpleData>
		<SimpleData name="equip_years">{ }</SimpleData>
		<SimpleData name="equip_since">{ }</SimpleData>
		<SimpleData name="tenders">(1:1988)</SimpleData>
		<SimpleData name="photo_credit">DGLL</SimpleData>
	</SchemaData></ExtendedData>
      <Point><coordinates>92.935,12.19667</coordinates></Point>
  </Placemark>
  <Placemark>
	<name>Wilson Island Lighthouse</name>
	<ExtendedData><SchemaData schemaUrl="#lighthouses">
		<SimpleData name="id">wilson-island-lighthouse</SimpleData>
		<SimpleData name="kind">lighthouse</SimpleData>
		<SimpleData name="region">Port Blair</SimpleData>
		<SimpleData name="pos_src">DGLL ledger</SimpleData>
		<SimpleData name="address">N/A</SimpleData>
		<SimpleData name="alol">F 1202.68</SimpleData>
		<SimpleData name="char">Fl (2) W 20 Sec (fl 1.0, ec 3.0, fl 1, ec 15)</SimpleData>
		<SimpleData name="ckind">Fl</SimpleData>
		<SimpleData name="colour">W</SimpleData>
		<SimpleData name="group">2</SimpleData>
		<SimpleData name="period">20</SimpleData>
		<SimpleData name="phases">(4:1,3,1,15)</SimpleData>
		<SimpleData name="phases_src">ledger</SimpleData>
		<SimpleData name="flash_s">1</SimpleData>
		<SimpleData name="sectored">0</SimpleData>
		<SimpleData name="lum_nm">10</SimpleData>
		<SimpleData name="geo_nm">12.7</SimpleData>
		<SimpleData name="iala_nm">11.5</SimpleData>
		<SimpleData name="reach_nm">10</SimpleData>
		<SimpleData name="intensity_cd">2950</SimpleData>
		<SimpleData name="elev_m">15</SimpleData>
		<SimpleData name="optic">flasher</SimpleData>
		<SimpleData name="optic_evidence">Type: LED Flasher; Rotation Device: White Flashing Light; R.P.M. NA</SimpleData>
		<SimpleData name="optic_make">LMV</SimpleData>
		<SimpleData name="optic_model">BDL250</SimpleData>
		<SimpleData name="optic_type">LED Flasher</SimpleData>
		<SimpleData name="optic_size">250mm</SimpleData>
		<SimpleData name="led">1</SimpleData>
		<SimpleData name="solar">1</SimpleData>
		<SimpleData name="ais">0</SimpleData>
		<SimpleData name="dgps">0</SimpleData>
		<SimpleData name="vts">0</SimpleData>
		<SimpleData name="tower_type">GI Trestle Tower</SimpleData>
		<SimpleData name="tower_h_m">12</SimpleData>
		<SimpleData name="tower_colour">Red and White band</SimpleData>
		<SimpleData name="tower_year">1994</SimpleData>
		<SimpleData name="established">1994</SimpleData>
		<SimpleData name="visit">closed</SimpleData>
		<SimpleData name="tourism">0</SimpleData>
		<SimpleData name="museum">0</SimpleData>
		<SimpleData name="record">1</SimpleData>
		<SimpleData name="ledger_url">https://www.dgll.nic.in/sites/default/files/2022-12/mb10.pdf</SimpleData>
		<SimpleData name="page_url">https://www.dgll.nic.in/DGLL-light-house-location/about-portblair/wilson-island-lighthouse</SimpleData>
		<SimpleData name="rowlett">1994. Active; focal plane 14 m (46 ft); two white flashes every 20 s. 12 m (39 ft) square skeletal tower with gallery and an enclosed equipment shelter in the base, painted with red and white horizontal bands. Bing has a distant satellite view. Wilson Island is an island in the central part of Ritchie's Archipelago. The light guides vessels in the narrowest section of the Diligent Strait. Located at the northwestern point of the island. Accessible only by boat. Site status unknown. Admiralty F1202.68; NGA 26518.</SimpleData>
		<SimpleData name="photo">https://www.dgll.nic.in/sites/default/files/2022-11/10.png</SimpleData>
		<SimpleData name="transcribed">1</SimpleData>
		<SimpleData name="ledger_issues">(0:)</SimpleData>
		<SimpleData name="equip_years">{ }</SimpleData>
		<SimpleData name="equip_since">{ }</SimpleData>
		<SimpleData name="tenders">(1:1988)</SimpleData>
		<SimpleData name="photo_credit">DGLL</SimpleData>
	</SchemaData></ExtendedData>
      <Point><coordinates>92.95883,12.145</coordinates></Point>
  </Placemark>
  <Placemark>
	<name>Andaman Strait Eastern Entrance Lighthouse</name>
	<ExtendedData><SchemaData schemaUrl="#lighthouses">
		<SimpleData name="id">andaman-strait-eastern-entrance-lighthouse</SimpleData>
		<SimpleData name="kind">lighthouse</SimpleData>
		<SimpleData name="region">Port Blair</SimpleData>
		<SimpleData name="pos_src">DGLL ledger</SimpleData>
		<SimpleData name="address">N/A</SimpleData>
		<SimpleData name="alol">F 1202.8</SimpleData>
		<SimpleData name="char">Fl (1) W 5 Sec fl 0.9</SimpleData>
		<SimpleData name="ckind">Fl</SimpleData>
		<SimpleData name="colour">W</SimpleData>
		<SimpleData name="group">1</SimpleData>
		<SimpleData name="period">5</SimpleData>
		<SimpleData name="phases">(2:0.9,4.1)</SimpleData>
		<SimpleData name="phases_src">derived</SimpleData>
		<SimpleData name="flash_s">0.9</SimpleData>
		<SimpleData name="sectored">0</SimpleData>
		<SimpleData name="lum_nm">8</SimpleData>
		<SimpleData name="geo_nm">19.9</SimpleData>
		<SimpleData name="iala_nm">10.1</SimpleData>
		<SimpleData name="reach_nm">8</SimpleData>
		<SimpleData name="intensity_cd">1500</SimpleData>
		<SimpleData name="elev_m">54</SimpleData>
		<SimpleData name="optic">flasher</SimpleData>
		<SimpleData name="optic_evidence">Type: LED Flasher; R.P.M.: NA</SimpleData>
		<SimpleData name="optic_make">Sealite</SimpleData>
		<SimpleData name="optic_model">SL155-5D</SimpleData>
		<SimpleData name="optic_type">LED Flasher</SimpleData>
		<SimpleData name="optic_size">171mm</SimpleData>
		<SimpleData name="led">1</SimpleData>
		<SimpleData name="solar">1</SimpleData>
		<SimpleData name="ais">0</SimpleData>
		<SimpleData name="dgps">0</SimpleData>
		<SimpleData name="vts">0</SimpleData>
		<SimpleData name="tower_type">GI Trestle Tower</SimpleData>
		<SimpleData name="tower_h_m">12</SimpleData>
		<SimpleData name="tower_colour">Black and White bands</SimpleData>
		<SimpleData name="tower_year">1985</SimpleData>
		<SimpleData name="established">1985</SimpleData>
		<SimpleData name="visit">closed</SimpleData>
		<SimpleData name="tourism">0</SimpleData>
		<SimpleData name="museum">0</SimpleData>
		<SimpleData name="record">1</SimpleData>
		<SimpleData name="ledger_url">https://www.dgll.nic.in/sites/default/files/2022-12/mb11.pdf</SimpleData>
		<SimpleData name="page_url">https://www.dgll.nic.in/DGLL-light-house-location/about-portblair/andaman-strait-eastern-entrance-lighthouse</SimpleData>
		<SimpleData name="rowlett">1985. Active; focal plane 54 m (177 ft); white flash every 5 s. 12 m (39 ft) square skeletal tower with gallery and an enclosed equipment shelter in the base, painted with black and white horizontal bands. Google has an indistinct satellite view. Located on a about 4 km (2.5 mi) northeast of the entrance to the narrow Andaman Strait, which separates South Andaman and Middle Andaman Islands. Accessible only by boat. Site status unknown. Admiralty F1202.8; NGA 26516.</SimpleData>
		<SimpleData name="photo">https://www.dgll.nic.in/sites/default/files/2022-11/11.png</SimpleData>
		<SimpleData name="transcribed">1</SimpleData>
		<SimpleData name="ledger_issues">(2:Rotation Device field reads 'White Flashing Light',established_year taken from date of commissioning 30.03.1985)</SimpleData>
		<SimpleData name="equip_years">{ }</SimpleData>
		<SimpleData name="equip_since">{ }</SimpleData>
		<SimpleData name="tenders">(1:1988)</SimpleData>
		<SimpleData name="photo_credit">DGLL</SimpleData>
	</SchemaData></ExtendedData>
      <Point><coordinates>92.79333,12.08167</coordinates></Point>
  </Placemark>
  <Placemark>
	<name>Petrie Lighthouse</name>
	<ExtendedData><SchemaData schemaUrl="#lighthouses">
		<SimpleData name="id">petrie-lighthouse</SimpleData>
		<SimpleData name="kind">lighthouse</SimpleData>
		<SimpleData name="region">Port Blair</SimpleData>
		<SimpleData name="pos_src">DGLL ledger</SimpleData>
		<SimpleData name="address">N/A</SimpleData>
		<SimpleData name="alol">F 1212.7</SimpleData>
		<SimpleData name="char">Fl (1) W 7 Sec fl 1.0, ec 6</SimpleData>
		<SimpleData name="ckind">Fl</SimpleData>
		<SimpleData name="colour">W</SimpleData>
		<SimpleData name="group">1</SimpleData>
		<SimpleData name="period">7</SimpleData>
		<SimpleData name="phases">(2:1,6)</SimpleData>
		<SimpleData name="phases_src">ledger</SimpleData>
		<SimpleData name="flash_s">1</SimpleData>
		<SimpleData name="sectored">0</SimpleData>
		<SimpleData name="lum_nm">10</SimpleData>
		<SimpleData name="geo_nm">17.8</SimpleData>
		<SimpleData name="iala_nm">10.1</SimpleData>
		<SimpleData name="reach_nm">10</SimpleData>
		<SimpleData name="intensity_cd">1500</SimpleData>
		<SimpleData name="elev_m">40</SimpleData>
		<SimpleData name="optic">flasher</SimpleData>
		<SimpleData name="optic_evidence">Type: LED Flasher; R.P.M.: NA</SimpleData>
		<SimpleData name="optic_make">Sealite</SimpleData>
		<SimpleData name="optic_model">SL155-5D</SimpleData>
		<SimpleData name="optic_type">LED Flasher</SimpleData>
		<SimpleData name="optic_size">171mm</SimpleData>
		<SimpleData name="led">1</SimpleData>
		<SimpleData name="solar">1</SimpleData>
		<SimpleData name="ais">0</SimpleData>
		<SimpleData name="dgps">0</SimpleData>
		<SimpleData name="vts">0</SimpleData>
		<SimpleData name="tower_type">GI Trestle Tower</SimpleData>
		<SimpleData name="tower_h_m">12</SimpleData>
		<SimpleData name="tower_colour">Painted White</SimpleData>
		<SimpleData name="tower_year">2020</SimpleData>
		<SimpleData name="established">2020</SimpleData>
		<SimpleData name="visit">closed</SimpleData>
		<SimpleData name="tourism">0</SimpleData>
		<SimpleData name="museum">0</SimpleData>
		<SimpleData name="record">1</SimpleData>
		<SimpleData name="ledger_url">https://www.dgll.nic.in/sites/default/files/2022-12/mb12.pdf</SimpleData>
		<SimpleData name="page_url">https://www.dgll.nic.in/DGLL-light-house-location/about-portblair/petrie-lighthouse</SimpleData>
		<SimpleData name="rowlett">2020. Active; focal plane 40 m (131 ft); white flash every 7 s. 12 m (39 ft) square white skeletal tower mounted on a 1-story equipment building. Equipment building painted yellow. Google has an indistinct satellite view. Located on an island off the west coast of South Andaman, 33.5 km (54 mi) north northwest of Port Blair. Accessible only by boat. Site status unknown. Admiralty F1212.7.</SimpleData>
		<SimpleData name="photo">https://www.dgll.nic.in/sites/default/files/2022-11/12.png</SimpleData>
		<SimpleData name="transcribed">1</SimpleData>
		<SimpleData name="ledger_issues">(2:Rotation Device field reads 'White Flashing Light',established_year taken from date of commissioning 16.06.2020)</SimpleData>
		<SimpleData name="equip_years">{ }</SimpleData>
		<SimpleData name="equip_since">{ }</SimpleData>
		<SimpleData name="tenders">(1:1988)</SimpleData>
		<SimpleData name="photo_credit">DGLL</SimpleData>
	</SchemaData></ExtendedData>
      <Point><coordinates>92.58237,11.97789</coordinates></Point>
  </Placemark>
  <Placemark>
	<name>Sir Hugh Rose Lighthouse</name>
	<ExtendedData><SchemaData schemaUrl="#lighthouses">
		<SimpleData name="id">sir-hugh-rose-lighthouse</SimpleData>
		<SimpleData name="kind">lighthouse</SimpleData>
		<SimpleData name="region">Port Blair</SimpleData>
		<SimpleData name="pos_src">OpenStreetMap node/5182434765</SimpleData>
		<SimpleData name="address">N/A</SimpleData>
		<SimpleData name="alol">F 1203</SimpleData>
		<SimpleData name="char">Fl (1) W 7 Sec (fl 0.35, ec 6.65)</SimpleData>
		<SimpleData name="ckind">Fl</SimpleData>
		<SimpleData name="colour">W</SimpleData>
		<SimpleData name="group">1</SimpleData>
		<SimpleData name="period">7</SimpleData>
		<SimpleData name="phases">(2:0.35,6.65)</SimpleData>
		<SimpleData name="phases_src">ledger</SimpleData>
		<SimpleData name="flash_s">0.35</SimpleData>
		<SimpleData name="sectored">0</SimpleData>
		<SimpleData name="lum_nm">20</SimpleData>
		<SimpleData name="geo_nm">20.3</SimpleData>
		<SimpleData name="iala_nm">10.1</SimpleData>
		<SimpleData name="reach_nm">20</SimpleData>
		<SimpleData name="intensity_cd">1500</SimpleData>
		<SimpleData name="elev_m">57</SimpleData>
		<SimpleData name="optic">flasher</SimpleData>
		<SimpleData name="optic_evidence">Type: LED Flasher; 300 mm Acrylic drum optic; R.P.M. NA</SimpleData>
		<SimpleData name="optic_make">Tideland</SimpleData>
		<SimpleData name="optic_model">ML-300 Maxlumina Marine Lantern</SimpleData>
		<SimpleData name="optic_type">LED Flasher</SimpleData>
		<SimpleData name="optic_size">300 mm Acrylic drum optic</SimpleData>
		<SimpleData name="led">1</SimpleData>
		<SimpleData name="solar">1</SimpleData>
		<SimpleData name="ais">0</SimpleData>
		<SimpleData name="dgps">0</SimpleData>
		<SimpleData name="vts">0</SimpleData>
		<SimpleData name="tower_type">Circular Cast Iron Tower</SimpleData>
		<SimpleData name="tower_h_m">22</SimpleData>
		<SimpleData name="tower_colour">Red and White band</SimpleData>
		<SimpleData name="tower_year">1969</SimpleData>
		<SimpleData name="established">1969</SimpleData>
		<SimpleData name="visit">closed</SimpleData>
		<SimpleData name="tourism">0</SimpleData>
		<SimpleData name="museum">0</SimpleData>
		<SimpleData name="record">1</SimpleData>
		<SimpleData name="ledger_url">https://www.dgll.nic.in/sites/default/files/2022-12/mb13.pdf</SimpleData>
		<SimpleData name="page_url">https://www.dgll.nic.in/DGLL-light-house-location/about-portblair/sir-hugh-rose-lighthouse</SimpleData>
		<SimpleData name="rowlett">1969. Active; focal plane 57 m (187 ft); white flash every 7 s. 23 m (75 ft) round cast iron tower with lantern and gallery, painted with red and white horizontal bands. The Indian Quarterly has a great closeup photo (third photo in the article) by Ramesh Menon and Google has a satellite view. The light was converted to solar power in 1993. Located on a small island, the southernmost island of the Ritchie Archipelago, about 40 km (25 mi) east northeast of Port Blair. Accessible only by boat. Site status unknown. ARLHS AND-015; Admiralty F1203; NGA 26512.</SimpleData>
		<SimpleData name="arlhs">AND-015</SimpleData>
		<SimpleData name="photo">https://www.dgll.nic.in/sites/default/files/2022-11/13.png</SimpleData>
		<SimpleData name="transcribed">1</SimpleData>
		<SimpleData name="ledger_issues">(2:NAIS section has blank base station details but lists a Prodelin 2.4 m VSAT antenna,Range 20 NM is inconsistent with a 1500 cd LED lantern)</SimpleData>
		<SimpleData name="equip_years">{ }</SimpleData>
		<SimpleData name="equip_since">{ }</SimpleData>
		<SimpleData name="tenders">(1:1436)</SimpleData>
		<SimpleData name="photo_credit">DGLL</SimpleData>
	</SchemaData></ExtendedData>
      <Point><coordinates>93.08054,11.78661</coordinates></Point>
  </Placemark>
  <Placemark>
	<name>North Point Lighthouse</name>
	<ExtendedData><SchemaData schemaUrl="#lighthouses">
		<SimpleData name="id">north-point-lighthouse</SimpleData>
		<SimpleData name="kind">lighthouse</SimpleData>
		<SimpleData name="region">Port Blair</SimpleData>
		<SimpleData name="pos_src">DGLL ledger</SimpleData>
		<SimpleData name="address">C/o The Director Dte. Of Lighthouses and Lightships Deep Bhavan 44 B.S Road, Port Blair Pin: 744202.</SimpleData>
		<SimpleData name="alol">F 1205</SimpleData>
		<SimpleData name="char">fl (2) W 12 sec (fl 0.5, ec 1.0, fl 0.5, ec 10)</SimpleData>
		<SimpleData name="ckind">Fl</SimpleData>
		<SimpleData name="colour">W</SimpleData>
		<SimpleData name="group">2</SimpleData>
		<SimpleData name="period">12</SimpleData>
		<SimpleData name="phases">(4:0.5,1,0.5,10)</SimpleData>
		<SimpleData name="phases_src">ledger</SimpleData>
		<SimpleData name="flash_s">0.5</SimpleData>
		<SimpleData name="sectored">0</SimpleData>
		<SimpleData name="lum_nm">20</SimpleData>
		<SimpleData name="geo_nm">22.2</SimpleData>
		<SimpleData name="iala_nm">24.3</SimpleData>
		<SimpleData name="reach_nm">20</SimpleData>
		<SimpleData name="intensity_cd">600000</SimpleData>
		<SimpleData name="elev_m">72</SimpleData>
		<SimpleData name="optic">revolving</SimpleData>
		<SimpleData name="optic_evidence">Rotation Device: Stepper motor; R.P.M. 2.5; Pedestal: Mercury float</SimpleData>
		<SimpleData name="optic_make">BBT</SimpleData>
		<SimpleData name="optic_size">300 mm</SimpleData>
		<SimpleData name="rpm">2.5</SimpleData>
		<SimpleData name="panels">4</SimpleData>
		<SimpleData name="led">1</SimpleData>
		<SimpleData name="solar">1</SimpleData>
		<SimpleData name="ais">1</SimpleData>
		<SimpleData name="dgps">0</SimpleData>
		<SimpleData name="racon">K</SimpleData>
		<SimpleData name="vts">0</SimpleData>
		<SimpleData name="tower_type">C.I. Circular tower on RCC Base</SimpleData>
		<SimpleData name="tower_h_m">35</SimpleData>
		<SimpleData name="tower_colour">Red and White Spiral Band</SimpleData>
		<SimpleData name="tower_year">1972</SimpleData>
		<SimpleData name="established">1887</SimpleData>
		<SimpleData name="visit">open</SimpleData>
		<SimpleData name="tourism">1</SimpleData>
		<SimpleData name="museum">0</SimpleData>
		<SimpleData name="record">1</SimpleData>
		<SimpleData name="ledger_url">https://www.dgll.nic.in/sites/default/files/2022-12/mb14.pdf</SimpleData>
		<SimpleData name="page_url">https://www.dgll.nic.in/DGLL-light-house-location/about-portblair/north-point-lighthouse</SimpleData>
		<SimpleData name="rowlett">1972 (station established 1887). Active; focal plane 72 m (236 ft); two white flashes every 12 s. 35 m (115 ft) cast iron tower with lantern and gallery, painted with red and white spiral stripes. 4th order Fresnel lens in use. Raj Kumar's 2024 closeup photo is at right, a 2010 photo is available, Jatin Patel has a 2019 closeup, Kalle Anka has a view from the sea, Hindol Bhattacharya has an August 2006 closeup, and Google has a satellite view of the station. The best known lighthouse of the Andamans, this cast iron tower appears to be a twin of the Indira Point Light in the Nicobar Islands. Both towers were built in 1972. Located on a promontory on the north side of the entrance to the harbo</SimpleData>
		<SimpleData name="arlhs">AND-012</SimpleData>
		<SimpleData name="photo">https://www.dgll.nic.in/sites/default/files/2022-11/14.jpg</SimpleData>
		<SimpleData name="transcribed">1</SimpleData>
		<SimpleData name="ledger_issues">(1:Characteristic sequence gives fl 0.5 s but optic Duration of Flash is 0.25 Sec)</SimpleData>
		<SimpleData name="equip_years">{ &quot;racon&quot;: 2016 }</SimpleData>
		<SimpleData name="equip_since">{ &quot;racon&quot;: { &quot;year&quot;: 2016, &quot;src&quot;: &quot;ledger&quot; }, &quot;ais&quot;: { &quot;year&quot;: 2012, &quot;src&quot;: &quot;network&quot; } }</SimpleData>
		<SimpleData name="tenders">(4:1926,1924,1799,699)</SimpleData>
		<SimpleData name="photo_credit">DGLL</SimpleData>
	</SchemaData></ExtendedData>
      <Point><coordinates>92.75483,11.70467</coordinates></Point>
  </Placemark>
  <Placemark>
	<name>Chidiyatapu Lighthouse</name>
	<ExtendedData><SchemaData schemaUrl="#lighthouses">
		<SimpleData name="id">chidiyatapu-lighthouse</SimpleData>
		<SimpleData name="kind">lighthouse</SimpleData>
		<SimpleData name="region">Port Blair</SimpleData>
		<SimpleData name="pos_src">DGLL ledger</SimpleData>
		<SimpleData name="address">N/A</SimpleData>
		<SimpleData name="alol">F 1210.5</SimpleData>
		<SimpleData name="char">Fl (2) W 10 Sec. fl 0.8,ec 1.2, fl 0.8, ec 7.2</SimpleData>
		<SimpleData name="ckind">Fl</SimpleData>
		<SimpleData name="colour">W</SimpleData>
		<SimpleData name="group">2</SimpleData>
		<SimpleData name="period">10</SimpleData>
		<SimpleData name="phases">(4:0.8,1.2,0.8,7.2)</SimpleData>
		<SimpleData name="phases_src">ledger</SimpleData>
		<SimpleData name="flash_s">0.8</SimpleData>
		<SimpleData name="sectored">0</SimpleData>
		<SimpleData name="lum_nm">10</SimpleData>
		<SimpleData name="geo_nm">19.3</SimpleData>
		<SimpleData name="iala_nm">10.1</SimpleData>
		<SimpleData name="reach_nm">10</SimpleData>
		<SimpleData name="intensity_cd">1500</SimpleData>
		<SimpleData name="elev_m">50</SimpleData>
		<SimpleData name="optic">flasher</SimpleData>
		<SimpleData name="optic_evidence">Type: LED Flasher; Rotation Device: White Flashing Light; R.P.M. NA</SimpleData>
		<SimpleData name="optic_make">MSM</SimpleData>
		<SimpleData name="optic_model">MBL 160 LED lantern</SimpleData>
		<SimpleData name="optic_type">LED Flasher</SimpleData>
		<SimpleData name="led">1</SimpleData>
		<SimpleData name="solar">1</SimpleData>
		<SimpleData name="ais">0</SimpleData>
		<SimpleData name="dgps">0</SimpleData>
		<SimpleData name="vts">0</SimpleData>
		<SimpleData name="tower_type">Composite Masonry tower</SimpleData>
		<SimpleData name="tower_h_m">15</SimpleData>
		<SimpleData name="tower_colour">Black and White bands</SimpleData>
		<SimpleData name="tower_year">2009</SimpleData>
		<SimpleData name="established">2009</SimpleData>
		<SimpleData name="visit">closed</SimpleData>
		<SimpleData name="tourism">0</SimpleData>
		<SimpleData name="museum">0</SimpleData>
		<SimpleData name="record">1</SimpleData>
		<SimpleData name="ledger_url">https://www.dgll.nic.in/sites/default/files/2022-12/mb15.pdf</SimpleData>
		<SimpleData name="page_url">https://www.dgll.nic.in/DGLL-light-house-location/about-portblair/chidiyatapu-lighthouse</SimpleData>
		<SimpleData name="rowlett">2009. Active; focal plane 52 m (171 ft); two white flashes every 10 s. 15 m (49 ft) square masonry tower, painted with black and white horizontal bands. A 2023 photo is at right, Pandurang Thatkar has a 2019 photo, Arjun Vijay has a photo, Delson Davis has a closeup of the base of the tower, and Google has a satellite view. Chidiya Tapu is a small resort town at the south end of Great Andaman Island. The light marks the entrance to the town and to the MacPherson Strait separating Great Andaman and Rutland Islands. Located on a small island off the southeastern tip of Great Andaman Island. Accessible only by boat. Site status unknown. Admiralty F1210.5; NGA 26513.</SimpleData>
		<SimpleData name="photo">https://www.dgll.nic.in/sites/default/files/2022-11/15.png</SimpleData>
		<SimpleData name="transcribed">1</SimpleData>
		<SimpleData name="ledger_issues">(0:)</SimpleData>
		<SimpleData name="equip_years">{ }</SimpleData>
		<SimpleData name="equip_since">{ }</SimpleData>
		<SimpleData name="tenders">(0:)</SimpleData>
		<SimpleData name="photo_credit">DGLL</SimpleData>
	</SchemaData></ExtendedData>
      <Point><coordinates>92.711,11.48</coordinates></Point>
  </Placemark>
  <Placemark>
	<name>Rutland Lighthouse</name>
	<ExtendedData><SchemaData schemaUrl="#lighthouses">
		<SimpleData name="id">rutland-lighthouse</SimpleData>
		<SimpleData name="kind">lighthouse</SimpleData>
		<SimpleData name="region">Port Blair</SimpleData>
		<SimpleData name="pos_src">DGLL ledger</SimpleData>
		<SimpleData name="address">N/A</SimpleData>
		<SimpleData name="alol">F 1211</SimpleData>
		<SimpleData name="char">Fl (3) W 15 Sec (fl 0.5, ec 1.5) x 2, fl 0.5, ec 10.5</SimpleData>
		<SimpleData name="ckind">Fl</SimpleData>
		<SimpleData name="colour">W</SimpleData>
		<SimpleData name="group">3</SimpleData>
		<SimpleData name="period">15</SimpleData>
		<SimpleData name="phases">(6:0.5,1.5,0.5,1.5,0.5,10.5)</SimpleData>
		<SimpleData name="phases_src">ledger</SimpleData>
		<SimpleData name="flash_s">0.5</SimpleData>
		<SimpleData name="sectored">0</SimpleData>
		<SimpleData name="lum_nm">10</SimpleData>
		<SimpleData name="geo_nm">11.2</SimpleData>
		<SimpleData name="iala_nm">10.1</SimpleData>
		<SimpleData name="reach_nm">10</SimpleData>
		<SimpleData name="intensity_cd">1500</SimpleData>
		<SimpleData name="elev_m">10</SimpleData>
		<SimpleData name="optic">flasher</SimpleData>
		<SimpleData name="optic_evidence">Type: LED Flasher; Rotation Device: White Flashing Light; R.P.M. NA</SimpleData>
		<SimpleData name="optic_make">Sealite</SimpleData>
		<SimpleData name="optic_model">SL155-5D</SimpleData>
		<SimpleData name="optic_type">LED Flasher</SimpleData>
		<SimpleData name="optic_size">171mm</SimpleData>
		<SimpleData name="led">1</SimpleData>
		<SimpleData name="solar">1</SimpleData>
		<SimpleData name="ais">0</SimpleData>
		<SimpleData name="dgps">0</SimpleData>
		<SimpleData name="vts">0</SimpleData>
		<SimpleData name="tower_type">Square Masonry tower</SimpleData>
		<SimpleData name="tower_h_m">3</SimpleData>
		<SimpleData name="tower_colour">Painted White</SimpleData>
		<SimpleData name="tower_year">1976</SimpleData>
		<SimpleData name="established">1976</SimpleData>
		<SimpleData name="visit">closed</SimpleData>
		<SimpleData name="tourism">0</SimpleData>
		<SimpleData name="museum">0</SimpleData>
		<SimpleData name="record">1</SimpleData>
		<SimpleData name="ledger_url">https://www.dgll.nic.in/sites/default/files/2022-12/mb16.pdf</SimpleData>
		<SimpleData name="page_url">https://www.dgll.nic.in/DGLL-light-house-location/about-portblair/rutland-lighthouse</SimpleData>
		<SimpleData name="rowlett">1976. Active; focal plane 10 m (33 ft); three white flashes every 15 s. 3 m (10 ft) square white concrete tower. Google has a distant satellite view. Rutland Island is the southernmost main island of the Great Andaman group; the island is about 60 km (38 mi) long and 30 km (19 mi) wide. Located at the south end of the island. Accessible only by boat. Site status unknown. Admiralty F1211; NGA 26476.</SimpleData>
		<SimpleData name="photo">https://www.dgll.nic.in/sites/default/files/2022-11/16.png</SimpleData>
		<SimpleData name="transcribed">1</SimpleData>
		<SimpleData name="ledger_issues">(0:)</SimpleData>
		<SimpleData name="equip_years">{ }</SimpleData>
		<SimpleData name="equip_since">{ }</SimpleData>
		<SimpleData name="tenders">(0:)</SimpleData>
		<SimpleData name="photo_credit">DGLL</SimpleData>
	</SchemaData></ExtendedData>
      <Point><coordinates>92.62833,11.345</coordinates></Point>
  </Placemark>
  <Placemark>
	<name>North Cinque Lighthouse</name>
	<ExtendedData><SchemaData schemaUrl="#lighthouses">
		<SimpleData name="id">north-cinque-lighthouse</SimpleData>
		<SimpleData name="kind">lighthouse</SimpleData>
		<SimpleData name="region">Port Blair</SimpleData>
		<SimpleData name="pos_src">DGLL ledger</SimpleData>
		<SimpleData name="address">N/A</SimpleData>
		<SimpleData name="alol">F 1212</SimpleData>
		<SimpleData name="char">Fl (1) W 10 Sec. (fl 0.5,ec 9.5)</SimpleData>
		<SimpleData name="ckind">Fl</SimpleData>
		<SimpleData name="colour">W</SimpleData>
		<SimpleData name="group">1</SimpleData>
		<SimpleData name="period">10</SimpleData>
		<SimpleData name="phases">(2:0.5,9.5)</SimpleData>
		<SimpleData name="phases_src">ledger</SimpleData>
		<SimpleData name="flash_s">0.5</SimpleData>
		<SimpleData name="sectored">0</SimpleData>
		<SimpleData name="lum_nm">20</SimpleData>
		<SimpleData name="geo_nm">30.2</SimpleData>
		<SimpleData name="iala_nm">12.4</SimpleData>
		<SimpleData name="reach_nm">20</SimpleData>
		<SimpleData name="intensity_cd">4470</SimpleData>
		<SimpleData name="elev_m">152</SimpleData>
		<SimpleData name="optic">flasher</SimpleData>
		<SimpleData name="optic_evidence">Type: LED Flasher; Rotation Device: 'White Flashing Light'; R.P.M.: NA</SimpleData>
		<SimpleData name="optic_make">Sealite</SimpleData>
		<SimpleData name="optic_model">SL155-5D</SimpleData>
		<SimpleData name="optic_type">LED Flasher</SimpleData>
		<SimpleData name="optic_size">171mm</SimpleData>
		<SimpleData name="led">1</SimpleData>
		<SimpleData name="solar">1</SimpleData>
		<SimpleData name="ais">0</SimpleData>
		<SimpleData name="dgps">0</SimpleData>
		<SimpleData name="vts">0</SimpleData>
		<SimpleData name="tower_type">Rectangular Masonry tower</SimpleData>
		<SimpleData name="tower_h_m">6.7</SimpleData>
		<SimpleData name="tower_colour">Red and White Bands</SimpleData>
		<SimpleData name="tower_year">1972</SimpleData>
		<SimpleData name="established">1972</SimpleData>
		<SimpleData name="visit">closed</SimpleData>
		<SimpleData name="tourism">0</SimpleData>
		<SimpleData name="museum">0</SimpleData>
		<SimpleData name="record">1</SimpleData>
		<SimpleData name="ledger_url">https://www.dgll.nic.in/sites/default/files/2022-12/mb17.pdf</SimpleData>
		<SimpleData name="page_url">https://www.dgll.nic.in/DGLL-light-house-location/about-portblair/north-cinque-lighthouse</SimpleData>
		<SimpleData name="rowlett">1972. Active; focal plane 153 m (502 ft) ; white flash every 10 s. 7 m (23 ft) square cylindrical concrete tower attached to a 1-story masonry keeper's house. Upper half of the lighthouse painted red, lower half white. A DGLL photo is at right and Google has a satellite view. North Cinque Island is a high island off the southeastern tip of Great Andaman Island about 50 km (30 mi) south of Port Blair; the lighthouse is a landfall light marking the Mannars Strait, the passage around the south end of Rutland Island that is the beginning of the approach to Port Blair. Located on the highest point of the island. Site status unknown. ARLHS AND-004; Admiralty F1212; NGA 26480.</SimpleData>
		<SimpleData name="arlhs">AND-004</SimpleData>
		<SimpleData name="photo">https://www.dgll.nic.in/sites/default/files/2022-11/17.png</SimpleData>
		<SimpleData name="transcribed">1</SimpleData>
		<SimpleData name="ledger_issues">(2:Rotation Device field filled with 'White Flashing Light',NAIS base station fields empty though VSAT Antenna 'Prodelin 2.4 meter' is listed)</SimpleData>
		<SimpleData name="equip_years">{ }</SimpleData>
		<SimpleData name="equip_since">{ }</SimpleData>
		<SimpleData name="tenders">(0:)</SimpleData>
		<SimpleData name="photo_credit">DGLL</SimpleData>
	</SchemaData></ExtendedData>
      <Point><coordinates>92.72333,11.32667</coordinates></Point>
  </Placemark>
  <Placemark>
	<name>SISTER ISLAND LIGHTHOUSE</name>
	<ExtendedData><SchemaData schemaUrl="#lighthouses">
		<SimpleData name="id">sister-island-lighthouse</SimpleData>
		<SimpleData name="kind">lighthouse</SimpleData>
		<SimpleData name="region">Port Blair</SimpleData>
		<SimpleData name="pos_src">DGLL ledger</SimpleData>
		<SimpleData name="address">N/A</SimpleData>
		<SimpleData name="alol">F 1212.3</SimpleData>
		<SimpleData name="char">Fl (4) W 20 Sec. (fl 0.5, ec 1.5, fl 0.5, ec 1.5, fl 0.5, ec 1.5, fl0.51, ec 13.5)</SimpleData>
		<SimpleData name="ckind">Fl</SimpleData>
		<SimpleData name="colour">W</SimpleData>
		<SimpleData name="group">4</SimpleData>
		<SimpleData name="period">20</SimpleData>
		<SimpleData name="phases">(8:0.5,1.5,0.5,1.5,0.5,1.5,0.51,13.5)</SimpleData>
		<SimpleData name="phases_src">ledger</SimpleData>
		<SimpleData name="flash_s">0.5</SimpleData>
		<SimpleData name="sectored">0</SimpleData>
		<SimpleData name="lum_nm">10</SimpleData>
		<SimpleData name="geo_nm">20.7</SimpleData>
		<SimpleData name="reach_nm">10</SimpleData>
		<SimpleData name="elev_m">60</SimpleData>
		<SimpleData name="optic">flasher</SimpleData>
		<SimpleData name="optic_evidence">Type: LED Flasher; Rotation Device: White Flashing Light; R.P.M. NA</SimpleData>
		<SimpleData name="optic_make">Sealite</SimpleData>
		<SimpleData name="optic_model">SL155-5D</SimpleData>
		<SimpleData name="optic_type">LED Flasher</SimpleData>
		<SimpleData name="optic_size">171mm</SimpleData>
		<SimpleData name="led">1</SimpleData>
		<SimpleData name="solar">1</SimpleData>
		<SimpleData name="ais">0</SimpleData>
		<SimpleData name="dgps">0</SimpleData>
		<SimpleData name="vts">0</SimpleData>
		<SimpleData name="tower_type">G.I. Trestle Tower</SimpleData>
		<SimpleData name="tower_h_m">12</SimpleData>
		<SimpleData name="tower_colour">Black and White Bands</SimpleData>
		<SimpleData name="tower_year">2019</SimpleData>
		<SimpleData name="established">2019</SimpleData>
		<SimpleData name="visit">closed</SimpleData>
		<SimpleData name="tourism">0</SimpleData>
		<SimpleData name="museum">0</SimpleData>
		<SimpleData name="record">1</SimpleData>
		<SimpleData name="ledger_url">https://www.dgll.nic.in/sites/default/files/2022-12/mb18.pdf</SimpleData>
		<SimpleData name="page_url">https://www.dgll.nic.in/DGLL-light-house-location/about-portblair/sister-island-lighthouse</SimpleData>
		<SimpleData name="rowlett">2019. Active; focal plane 60 m (197 ft); four white flashes every 20 s. 12 m (39 ft) square skeletal tower with gallery painted with black and white horizontal bands. DGLL's pfoto is at right and Google has an indistinct satellite view. Located on East Sister Island, one of a small group of islands about 10 km (6 mi) south of the Cinque Islands. Accessible only by boat. Site status unknown. Admiralty F1212.3.</SimpleData>
		<SimpleData name="photo">https://www.dgll.nic.in/sites/default/files/2022-11/18.png</SimpleData>
		<SimpleData name="transcribed">1</SimpleData>
		<SimpleData name="ledger_issues">(2:Sequence sums to 20.01 s (fourth flash printed as 0.51) against a 20 s period,Effective beam intensity left blank)</SimpleData>
		<SimpleData name="equip_years">{ }</SimpleData>
		<SimpleData name="equip_since">{ }</SimpleData>
		<SimpleData name="tenders">(1:1988)</SimpleData>
		<SimpleData name="photo_credit">DGLL</SimpleData>
	</SchemaData></ExtendedData>
      <Point><coordinates>92.73023,11.14444</coordinates></Point>
  </Placemark>
  <Placemark>
	<name>NORTH BROTHER LIGHTHOUSE</name>
	<ExtendedData><SchemaData schemaUrl="#lighthouses">
		<SimpleData name="id">north-brother-lighthouse</SimpleData>
		<SimpleData name="kind">lighthouse</SimpleData>
		<SimpleData name="region">Port Blair</SimpleData>
		<SimpleData name="pos_src">DGLL ledger</SimpleData>
		<SimpleData name="address">N/A</SimpleData>
		<SimpleData name="alol">F 1212.5</SimpleData>
		<SimpleData name="char">Fl (2) W 20 Sec (fl 0.5, ec 4.5 ec, fl 0.5, ec 14.5)</SimpleData>
		<SimpleData name="ckind">Fl</SimpleData>
		<SimpleData name="colour">W</SimpleData>
		<SimpleData name="group">2</SimpleData>
		<SimpleData name="period">20</SimpleData>
		<SimpleData name="phases">(4:0.5,4.5,0.5,14.5)</SimpleData>
		<SimpleData name="phases_src">ledger</SimpleData>
		<SimpleData name="flash_s">0.5</SimpleData>
		<SimpleData name="sectored">0</SimpleData>
		<SimpleData name="lum_nm">10</SimpleData>
		<SimpleData name="geo_nm">12.4</SimpleData>
		<SimpleData name="reach_nm">10</SimpleData>
		<SimpleData name="elev_m">14</SimpleData>
		<SimpleData name="optic">flasher</SimpleData>
		<SimpleData name="optic_evidence">Type: LED Flasher; Rotation Device: White Flashing Light; R.P.M. NA</SimpleData>
		<SimpleData name="optic_make">Sealite</SimpleData>
		<SimpleData name="optic_model">SL155-5D</SimpleData>
		<SimpleData name="optic_type">LED Flasher</SimpleData>
		<SimpleData name="optic_size">171mm</SimpleData>
		<SimpleData name="led">1</SimpleData>
		<SimpleData name="solar">1</SimpleData>
		<SimpleData name="ais">0</SimpleData>
		<SimpleData name="dgps">0</SimpleData>
		<SimpleData name="vts">0</SimpleData>
		<SimpleData name="tower_type">GI Trestle Tower</SimpleData>
		<SimpleData name="tower_h_m">12</SimpleData>
		<SimpleData name="tower_colour">Painted White</SimpleData>
		<SimpleData name="tower_year">1993</SimpleData>
		<SimpleData name="established">1993</SimpleData>
		<SimpleData name="visit">grounds</SimpleData>
		<SimpleData name="tourism">0</SimpleData>
		<SimpleData name="museum">0</SimpleData>
		<SimpleData name="record">1</SimpleData>
		<SimpleData name="ledger_url">https://www.dgll.nic.in/sites/default/files/2022-12/mb19.pdf</SimpleData>
		<SimpleData name="page_url">https://www.dgll.nic.in/DGLL-light-house-location/about-portblair/north-brother-lighthouse</SimpleData>
		<SimpleData name="rowlett">1993. Active; focal plane 14 m (46 ft); two white flashes every 20 s. 12 m (39 ft) square steel skeletal tower with gallery and an enclosed equipment shelter in the base. Lighthouse painted white. Google has an indistinct satellite view. North Brother Island is a low island about 18 km (11 mi) northeast of Little Andaman Island. Accessible only by boat. Site open, tower closed. Admiralty F1212.5; NGA 26481.</SimpleData>
		<SimpleData name="photo">https://www.dgll.nic.in/sites/default/files/2022-11/19.png</SimpleData>
		<SimpleData name="transcribed">1</SimpleData>
		<SimpleData name="ledger_issues">(2:NAIS section has blank base station details but lists a Prodelin 2.4 m VSAT antenna,Effective beam intensity blank)</SimpleData>
		<SimpleData name="equip_years">{ }</SimpleData>
		<SimpleData name="equip_since">{ }</SimpleData>
		<SimpleData name="tenders">(1:1988)</SimpleData>
		<SimpleData name="photo_credit">DGLL</SimpleData>
	</SchemaData></ExtendedData>
      <Point><coordinates>92.66833,10.98667</coordinates></Point>
  </Placemark>
  <Placemark>
	<name>SOUTH SENTINEL LIGHTHOUSE</name>
	<ExtendedData><SchemaData schemaUrl="#lighthouses">
		<SimpleData name="id">south-sentinel-lighthouse</SimpleData>
		<SimpleData name="kind">lighthouse</SimpleData>
		<SimpleData name="region">Port Blair</SimpleData>
		<SimpleData name="pos_src">DGLL ledger</SimpleData>
		<SimpleData name="address">N/A</SimpleData>
		<SimpleData name="alol">F 1212.8</SimpleData>
		<SimpleData name="char">Fl (1) W 15 Sec (fl 0.3, ec 14.7 sec)</SimpleData>
		<SimpleData name="ckind">Fl</SimpleData>
		<SimpleData name="colour">W</SimpleData>
		<SimpleData name="group">1</SimpleData>
		<SimpleData name="period">15</SimpleData>
		<SimpleData name="phases">(2:0.3,14.7)</SimpleData>
		<SimpleData name="phases_src">ledger</SimpleData>
		<SimpleData name="flash_s">0.3</SimpleData>
		<SimpleData name="sectored">0</SimpleData>
		<SimpleData name="lum_nm">10</SimpleData>
		<SimpleData name="geo_nm">17.3</SimpleData>
		<SimpleData name="iala_nm">10.1</SimpleData>
		<SimpleData name="reach_nm">10</SimpleData>
		<SimpleData name="intensity_cd">1500</SimpleData>
		<SimpleData name="elev_m">37</SimpleData>
		<SimpleData name="optic">flasher</SimpleData>
		<SimpleData name="optic_evidence">Type: LED Flasher; Maxlumina Marine Lantern; R.P.M.: NA</SimpleData>
		<SimpleData name="optic_make">Tideland</SimpleData>
		<SimpleData name="optic_model">ML-300, Maxlumina Marine Lantern</SimpleData>
		<SimpleData name="optic_type">LED Flasher</SimpleData>
		<SimpleData name="optic_size">300 mm Fresnel lens</SimpleData>
		<SimpleData name="led">1</SimpleData>
		<SimpleData name="solar">1</SimpleData>
		<SimpleData name="ais">0</SimpleData>
		<SimpleData name="dgps">0</SimpleData>
		<SimpleData name="vts">0</SimpleData>
		<SimpleData name="tower_type">G.I. Trestle Tower</SimpleData>
		<SimpleData name="tower_h_m">36</SimpleData>
		<SimpleData name="tower_colour">Red and White band</SimpleData>
		<SimpleData name="tower_year">1997</SimpleData>
		<SimpleData name="established">1997</SimpleData>
		<SimpleData name="visit">grounds</SimpleData>
		<SimpleData name="tourism">0</SimpleData>
		<SimpleData name="museum">0</SimpleData>
		<SimpleData name="record">1</SimpleData>
		<SimpleData name="ledger_url">https://www.dgll.nic.in/sites/default/files/2022-12/mb20.pdf</SimpleData>
		<SimpleData name="page_url">https://www.dgll.nic.in/DGLL-light-house-location/about-portblair/south-sentinel-lighthouse</SimpleData>
		<SimpleData name="rowlett">1997. Active; focal plane 37 m (121 ft); white flash every 15 s. 36 m (118 ft) square steel skeletal tower with gallery and an enclosed equipment shelter in the base. Lighthouse painted with red and white horizontal bands. Bing has a satellite view. South Sentinel Island is a low, dangerous reef about 30 km (19 mi) northwest of Little Andaman Island. This light marks the west entrance to the Duncan Passage, the gap between Rutland and Little Andaman Islands. Accessible only by boat. Site open, tower closed. Admiralty F1212.8; NGA 26482.</SimpleData>
		<SimpleData name="photo">https://www.dgll.nic.in/sites/default/files/2022-11/20.jpg</SimpleData>
		<SimpleData name="transcribed">1</SimpleData>
		<SimpleData name="ledger_issues">(2:Optic type listed as 'LED Flasher' but illuminant is a 12V, 20 W Quartz Halogen Crystal Lamp,NAIS section has no equipment details (only template label 'VSAT Antenna Prodelin 2.4 meter'))</SimpleData>
		<SimpleData name="equip_years">{ }</SimpleData>
		<SimpleData name="equip_since">{ }</SimpleData>
		<SimpleData name="tenders">(0:)</SimpleData>
		<SimpleData name="photo_credit">DGLL</SimpleData>
	</SchemaData></ExtendedData>
      <Point><coordinates>92.22667,10.98167</coordinates></Point>
  </Placemark>
  <Placemark>
	<name>LITTLE ANDAMAN LIGHTHOUSE</name>
	<ExtendedData><SchemaData schemaUrl="#lighthouses">
		<SimpleData name="id">little-andaman-lighthouse</SimpleData>
		<SimpleData name="kind">lighthouse</SimpleData>
		<SimpleData name="region">Port Blair</SimpleData>
		<SimpleData name="pos_src">DGLL ledger</SimpleData>
		<SimpleData name="alol">F 1214</SimpleData>
		<SimpleData name="char">fl (1) W 10 sec</SimpleData>
		<SimpleData name="ckind">Fl</SimpleData>
		<SimpleData name="colour">W</SimpleData>
		<SimpleData name="group">1</SimpleData>
		<SimpleData name="period">10</SimpleData>
		<SimpleData name="phases">(2:0.25,9.75)</SimpleData>
		<SimpleData name="phases_src">derived</SimpleData>
		<SimpleData name="flash_s">0.25</SimpleData>
		<SimpleData name="sectored">0</SimpleData>
		<SimpleData name="lum_nm">20</SimpleData>
		<SimpleData name="geo_nm">19.3</SimpleData>
		<SimpleData name="iala_nm">10.1</SimpleData>
		<SimpleData name="reach_nm">19.3</SimpleData>
		<SimpleData name="intensity_cd">1500</SimpleData>
		<SimpleData name="elev_m">50</SimpleData>
		<SimpleData name="optic">revolving</SimpleData>
		<SimpleData name="optic_evidence">Type: Rotating Beacon; Rotation Device: Motor drive- 3Ph, electronically commuted 30 pole direct drive (R.P.M. blank)</SimpleData>
		<SimpleData name="optic_make">Vega</SimpleData>
		<SimpleData name="optic_model">VRB-25 LED</SimpleData>
		<SimpleData name="optic_type">Rotating Beacon</SimpleData>
		<SimpleData name="led">1</SimpleData>
		<SimpleData name="solar">1</SimpleData>
		<SimpleData name="ais">1</SimpleData>
		<SimpleData name="dgps">0</SimpleData>
		<SimpleData name="vts">0</SimpleData>
		<SimpleData name="tower_type">Circular RCC Concrete tower</SimpleData>
		<SimpleData name="tower_h_m">46</SimpleData>
		<SimpleData name="tower_colour">Blak and White Band</SimpleData>
		<SimpleData name="tower_year">1986</SimpleData>
		<SimpleData name="established">1986</SimpleData>
		<SimpleData name="visit">grounds</SimpleData>
		<SimpleData name="tourism">0</SimpleData>
		<SimpleData name="museum">0</SimpleData>
		<SimpleData name="record">1</SimpleData>
		<SimpleData name="ledger_url">https://www.dgll.nic.in/sites/default/files/2022-12/mb21.pdf</SimpleData>
		<SimpleData name="page_url">https://www.dgll.nic.in/DGLL-light-house-location/about-portblair/little-andaman-lighthouse</SimpleData>
		<SimpleData name="rowlett">1986. Active; focal plane 51 m (167 ft); white flash every 10 s. 46 m (151 ft) cylindrical concrete tower with double gallery, painted with black and white horizontal bands. Lantern removed. A 2023 photo by Monimohan Das is at the top of this page, a 2011 photo is available, Sunny Chaurasiya has a closeup 2017 photo, there is a February 2007 closeup, Patel Dhirubhai Chhaganbhai has a 2021 photo, a photo of the view from the lighthouse is available, and Google has a satellite view. This design is common among modern lighthouses on the Indian mainland but this is the only lighthouse of this type in the Andaman and Nicobar Islands. Located at the southern tip of Little Andaman Island, marking t</SimpleData>
		<SimpleData name="arlhs">AND-011</SimpleData>
		<SimpleData name="photo">https://www.dgll.nic.in/sites/default/files/2022-11/21.png</SimpleData>
		<SimpleData name="transcribed">1</SimpleData>
		<SimpleData name="ledger_issues">(1:Optic R.P.M. left blank although a rotating beacon with motor drive is listed)</SimpleData>
		<SimpleData name="equip_years">{ }</SimpleData>
		<SimpleData name="equip_since">{ &quot;ais&quot;: { &quot;year&quot;: 2012, &quot;src&quot;: &quot;network&quot; } }</SimpleData>
		<SimpleData name="tenders">(1:1925)</SimpleData>
		<SimpleData name="photo_credit">DGLL</SimpleData>
	</SchemaData></ExtendedData>
      <Point><coordinates>92.50083,10.5155</coordinates></Point>
  </Placemark>
  <Placemark>
	<name>KEATING POINT LIGHTHOUSE AND DGPS STATION</name>
	<ExtendedData><SchemaData schemaUrl="#lighthouses">
		<SimpleData name="id">keating-point-lighthouse-and-dgps-station</SimpleData>
		<SimpleData name="kind">lighthouse</SimpleData>
		<SimpleData name="region">Port Blair</SimpleData>
		<SimpleData name="pos_src">DGLL ledger</SimpleData>
		<SimpleData name="alol">F 1220</SimpleData>
		<SimpleData name="char">Fl (1) W 10 sec (fl 0.15, ec 9.85 sec)</SimpleData>
		<SimpleData name="ckind">Fl</SimpleData>
		<SimpleData name="colour">W</SimpleData>
		<SimpleData name="group">1</SimpleData>
		<SimpleData name="period">10</SimpleData>
		<SimpleData name="phases">(2:0.15,9.85)</SimpleData>
		<SimpleData name="phases_src">ledger</SimpleData>
		<SimpleData name="flash_s">0.15</SimpleData>
		<SimpleData name="sectored">0</SimpleData>
		<SimpleData name="lum_nm">26</SimpleData>
		<SimpleData name="geo_nm">17.3</SimpleData>
		<SimpleData name="iala_nm">10.1</SimpleData>
		<SimpleData name="reach_nm">17.3</SimpleData>
		<SimpleData name="intensity_cd">1500</SimpleData>
		<SimpleData name="elev_m">37</SimpleData>
		<SimpleData name="optic">revolving</SimpleData>
		<SimpleData name="optic_evidence">Type: Rotating Beacon; Rotation Device: Motor drive- 3Ph, electronically commuted 30 pole direct drive (R.P.M. blank)</SimpleData>
		<SimpleData name="optic_make">Vega</SimpleData>
		<SimpleData name="optic_model">VRB-25 LED</SimpleData>
		<SimpleData name="optic_type">Rotating Beacon</SimpleData>
		<SimpleData name="led">1</SimpleData>
		<SimpleData name="solar">1</SimpleData>
		<SimpleData name="ais">1</SimpleData>
		<SimpleData name="dgps">1</SimpleData>
		<SimpleData name="racon">O</SimpleData>
		<SimpleData name="navtex">{ &quot;id_518&quot;: &quot;V&quot;, &quot;id_490&quot;: &quot;K&quot; }</SimpleData>
		<SimpleData name="vts">0</SimpleData>
		<SimpleData name="tower_type">C.I. Circular tower on RCC Base</SimpleData>
		<SimpleData name="tower_h_m">35</SimpleData>
		<SimpleData name="tower_colour">Red and White Band</SimpleData>
		<SimpleData name="tower_year">1969</SimpleData>
		<SimpleData name="established">1969</SimpleData>
		<SimpleData name="visit">grounds</SimpleData>
		<SimpleData name="tourism">1</SimpleData>
		<SimpleData name="museum">0</SimpleData>
		<SimpleData name="record">1</SimpleData>
		<SimpleData name="ledger_url">https://www.dgll.nic.in/sites/default/files/2022-12/mb22.pdf</SimpleData>
		<SimpleData name="page_url">https://www.dgll.nic.in/DGLL-light-house-location/about-portblair/keating-point-lighthouse-and-dgps-station</SimpleData>
		<SimpleData name="rowlett">1969. Active; focal plane 35 m (115 ft); white flash every 10 s. 37 m (121 ft) round cast iron tower with lantern and gallery, painted with red and white horizontal bands. This is a staffed station with crew quarters and other buildings. Ameya Deshpande's 2023 photo is at right, Sanjay Kumar has a 2018 closeup, Anup Patilhas a 2010 photo, and Google has a satellite view. This lighthouse marks the northern end of the Nicobar Islands group and therefore the southern side of the Ten Degree Channel, the passage between the Andamans and the Nicobars. The 2004 tsunami swept the point clean of vegetation and destroyed all the structures except the lighthouse, but the light station staff survived th</SimpleData>
		<SimpleData name="arlhs">AND-010</SimpleData>
		<SimpleData name="photo">https://www.dgll.nic.in/sites/default/files/2022-11/22.jpg</SimpleData>
		<SimpleData name="transcribed">1</SimpleData>
		<SimpleData name="ledger_issues">(4:Duration of Flash 0.25 Sec conflicts with characteristic fl 0.15,Effective beam intensity 1500 cds seems low for VRB-25 with 26 NM range; may refer to standby Sealite lantern,Optic R.P.M. blank,DGPS: Nautel 317 KHz 1000 Watts, RS IDs 438/439, Beacon ID 119; also NAVTEX Danphone 518/490 Khz 1000W)</SimpleData>
		<SimpleData name="equip_years">{ &quot;racon&quot;: 2005 }</SimpleData>
		<SimpleData name="equip_since">{ &quot;navtex&quot;: { &quot;year&quot;: 2015, &quot;src&quot;: &quot;network&quot; }, &quot;racon&quot;: { &quot;year&quot;: 2005, &quot;src&quot;: &quot;ledger&quot; }, &quot;ais&quot;: { &quot;year&quot;: 2012, &quot;src&quot;: &quot;network&quot; }, &quot;dgps&quot;: { &quot;year&quot;: 2003, &quot;src&quot;: &quot;network&quot; } }</SimpleData>
		<SimpleData name="tenders">(2:1898,1586)</SimpleData>
		<SimpleData name="photo_credit">DGLL</SimpleData>
	</SchemaData></ExtendedData>
      <Point><coordinates>92.77167,9.258</coordinates></Point>
  </Placemark>
  <Placemark>
	<name>BATTIMALV LIGHTHOUSE</name>
	<ExtendedData><SchemaData schemaUrl="#lighthouses">
		<SimpleData name="id">battimalv-lighthouse</SimpleData>
		<SimpleData name="kind">lighthouse</SimpleData>
		<SimpleData name="region">Port Blair</SimpleData>
		<SimpleData name="pos_src">DGLL ledger</SimpleData>
		<SimpleData name="address">N/A</SimpleData>
		<SimpleData name="alol">F 1222.4</SimpleData>
		<SimpleData name="char">Fl (4) W 20 Sec (fl 0.5, ec 1, fl 0.5, ec 1, fl 0.5, ec 1, fl 0.5, ec 15)</SimpleData>
		<SimpleData name="ckind">Fl</SimpleData>
		<SimpleData name="colour">W</SimpleData>
		<SimpleData name="group">4</SimpleData>
		<SimpleData name="period">20</SimpleData>
		<SimpleData name="phases">(8:0.5,1,0.5,1,0.5,1,0.5,15)</SimpleData>
		<SimpleData name="phases_src">ledger</SimpleData>
		<SimpleData name="flash_s">0.5</SimpleData>
		<SimpleData name="sectored">0</SimpleData>
		<SimpleData name="lum_nm">8</SimpleData>
		<SimpleData name="geo_nm">13.9</SimpleData>
		<SimpleData name="iala_nm">10.1</SimpleData>
		<SimpleData name="reach_nm">8</SimpleData>
		<SimpleData name="intensity_cd">1500</SimpleData>
		<SimpleData name="elev_m">20</SimpleData>
		<SimpleData name="optic">flasher</SimpleData>
		<SimpleData name="optic_evidence">Optic: Cut and Polished drum optic inside Lantern; Type: LED Flasher; R.P.M.: NA</SimpleData>
		<SimpleData name="optic_make">ANA</SimpleData>
		<SimpleData name="optic_type">LED Flasher</SimpleData>
		<SimpleData name="optic_size">300 mm</SimpleData>
		<SimpleData name="led">1</SimpleData>
		<SimpleData name="solar">1</SimpleData>
		<SimpleData name="ais">0</SimpleData>
		<SimpleData name="dgps">0</SimpleData>
		<SimpleData name="vts">0</SimpleData>
		<SimpleData name="tower_type">G.I. Trestle Tower</SimpleData>
		<SimpleData name="tower_h_m">14</SimpleData>
		<SimpleData name="tower_colour">Painted White</SimpleData>
		<SimpleData name="tower_year">1991</SimpleData>
		<SimpleData name="established">1991</SimpleData>
		<SimpleData name="visit">grounds</SimpleData>
		<SimpleData name="tourism">0</SimpleData>
		<SimpleData name="museum">0</SimpleData>
		<SimpleData name="record">1</SimpleData>
		<SimpleData name="ledger_url">https://www.dgll.nic.in/sites/default/files/2022-12/mb23.pdf</SimpleData>
		<SimpleData name="page_url">https://www.dgll.nic.in/DGLL-light-house-location/about-portblair/battimalv-lighthouse</SimpleData>
		<SimpleData name="rowlett">1991. Active; focal plane 20 m (66 ft); four white flashes every 20 s. 12 m (39 ft) square steel skeletal tower with gallery and an enclosed equipment shelter in the base. Lighthouse painted white. The light is not seen in the forest in Google's satellite view. Battimalv is a small, uninhabited island about 30 km (19 mi) south of Car Nicobar. Located on the northern tip of the island. Accessible only by boat. Site open, tower closed. Admiralty F1222.4; NGA 26452.</SimpleData>
		<SimpleData name="photo">https://www.dgll.nic.in/sites/default/files/2022-11/23.png</SimpleData>
		<SimpleData name="transcribed">1</SimpleData>
		<SimpleData name="ledger_issues">(2:Optic type listed as 'LED Flasher' but illuminant lists a T.F 3B micropower flasher with 12 V 20 W quartz halogen lamp,NAIS section has no equipment details (only template label 'VSAT Antenna Prodelin 2.4 meter'))</SimpleData>
		<SimpleData name="equip_years">{ }</SimpleData>
		<SimpleData name="equip_since">{ }</SimpleData>
		<SimpleData name="tenders">(0:)</SimpleData>
		<SimpleData name="photo_credit">DGLL</SimpleData>
	</SchemaData></ExtendedData>
      <Point><coordinates>92.86,8.83667</coordinates></Point>
  </Placemark>
  <Placemark>
	<name>TILLANCHANG LIGHTHOUSE</name>
	<ExtendedData><SchemaData schemaUrl="#lighthouses">
		<SimpleData name="id">tillanchang-lighthouse</SimpleData>
		<SimpleData name="kind">lighthouse</SimpleData>
		<SimpleData name="region">Port Blair</SimpleData>
		<SimpleData name="pos_src">DGLL ledger</SimpleData>
		<SimpleData name="alol">F 1222.8</SimpleData>
		<SimpleData name="char">Fl (1) W 10 Sec (fl 0.8)</SimpleData>
		<SimpleData name="ckind">Fl</SimpleData>
		<SimpleData name="colour">W</SimpleData>
		<SimpleData name="group">1</SimpleData>
		<SimpleData name="period">10</SimpleData>
		<SimpleData name="phases">(2:0.8,9.199999999999999)</SimpleData>
		<SimpleData name="phases_src">derived</SimpleData>
		<SimpleData name="flash_s">0.8</SimpleData>
		<SimpleData name="sectored">0</SimpleData>
		<SimpleData name="lum_nm">25</SimpleData>
		<SimpleData name="geo_nm">26.8</SimpleData>
		<SimpleData name="iala_nm">10.1</SimpleData>
		<SimpleData name="reach_nm">25</SimpleData>
		<SimpleData name="intensity_cd">1500</SimpleData>
		<SimpleData name="elev_m">114</SimpleData>
		<SimpleData name="optic">flasher</SimpleData>
		<SimpleData name="optic_evidence">Type: LED Flasher; Rotation Device: White Flashing Light; R.P.M. NA</SimpleData>
		<SimpleData name="optic_make">Sealite</SimpleData>
		<SimpleData name="optic_model">SL155-5D</SimpleData>
		<SimpleData name="optic_type">LED Flasher</SimpleData>
		<SimpleData name="optic_size">171mm</SimpleData>
		<SimpleData name="led">1</SimpleData>
		<SimpleData name="solar">1</SimpleData>
		<SimpleData name="ais">0</SimpleData>
		<SimpleData name="dgps">0</SimpleData>
		<SimpleData name="vts">0</SimpleData>
		<SimpleData name="tower_type">GI Trestle Tower</SimpleData>
		<SimpleData name="tower_h_m">24</SimpleData>
		<SimpleData name="tower_colour">Black and White Bands</SimpleData>
		<SimpleData name="tower_year">1998</SimpleData>
		<SimpleData name="established">1998</SimpleData>
		<SimpleData name="visit">grounds</SimpleData>
		<SimpleData name="tourism">0</SimpleData>
		<SimpleData name="museum">0</SimpleData>
		<SimpleData name="record">1</SimpleData>
		<SimpleData name="ledger_url">https://www.dgll.nic.in/sites/default/files/2022-12/db25.pdf</SimpleData>
		<SimpleData name="page_url">https://www.dgll.nic.in/DGLL-light-house-location/about-portblair/tillanchang-lighthouse</SimpleData>
		<SimpleData name="rowlett">1998. Active; focal plane 114 m (374 ft); white flash every 10 s. 24 m (79 ft) square steel skeletal tower with gallery and an enclosed equipment shelter in the base. Lighthouse painted with black and white horizontal bands. Google has an indistinct satellite view. 15 km (9 mi) long but only about 1 km (0.6 mi) wide, Tillanchang is a long, narrow island at the northeastern corner of the Nancowry group. It is uninhabited except for the staff of a small police station. Located on the highest point of the island. Accessible only by boat. Site open, tower closed. ARLHS AND-016; Admiralty F1222.8; NGA 26451.2.</SimpleData>
		<SimpleData name="arlhs">AND-016</SimpleData>
		<SimpleData name="photo">https://www.dgll.nic.in/sites/default/files/2022-11/25.png</SimpleData>
		<SimpleData name="transcribed">1</SimpleData>
		<SimpleData name="ledger_issues">(1:Range 25 NMiles is implausible for a 1500 cd Sealite SL155-5D LED flasher)</SimpleData>
		<SimpleData name="equip_years">{ }</SimpleData>
		<SimpleData name="equip_since">{ }</SimpleData>
		<SimpleData name="tenders">(1:1585)</SimpleData>
		<SimpleData name="photo_credit">DGLL</SimpleData>
	</SchemaData></ExtendedData>
      <Point><coordinates>93.61667,8.47167</coordinates></Point>
  </Placemark>
  <Placemark>
	<name>CHOWRA LIGHTHOUSE</name>
	<ExtendedData><SchemaData schemaUrl="#lighthouses">
		<SimpleData name="id">chowra-lighthouse</SimpleData>
		<SimpleData name="kind">lighthouse</SimpleData>
		<SimpleData name="region">Port Blair</SimpleData>
		<SimpleData name="pos_src">DGLL ledger</SimpleData>
		<SimpleData name="alol">F 1222.5</SimpleData>
		<SimpleData name="char">Fl (1) W 15 Sec (fl 0.5, ec 14.5)</SimpleData>
		<SimpleData name="ckind">Fl</SimpleData>
		<SimpleData name="colour">W</SimpleData>
		<SimpleData name="group">1</SimpleData>
		<SimpleData name="period">15</SimpleData>
		<SimpleData name="phases">(2:0.5,14.5)</SimpleData>
		<SimpleData name="phases_src">ledger</SimpleData>
		<SimpleData name="flash_s">0.5</SimpleData>
		<SimpleData name="sectored">0</SimpleData>
		<SimpleData name="lum_nm">10</SimpleData>
		<SimpleData name="geo_nm">15</SimpleData>
		<SimpleData name="iala_nm">10.1</SimpleData>
		<SimpleData name="reach_nm">10</SimpleData>
		<SimpleData name="intensity_cd">1500</SimpleData>
		<SimpleData name="elev_m">25</SimpleData>
		<SimpleData name="optic">flasher</SimpleData>
		<SimpleData name="optic_evidence">Type: LED Flasher; Rotation Device: White Flashing Light; R.P.M. NA</SimpleData>
		<SimpleData name="optic_make">Sealite</SimpleData>
		<SimpleData name="optic_model">SL155-5D</SimpleData>
		<SimpleData name="optic_type">LED Flasher</SimpleData>
		<SimpleData name="optic_size">171mm</SimpleData>
		<SimpleData name="led">1</SimpleData>
		<SimpleData name="solar">1</SimpleData>
		<SimpleData name="ais">0</SimpleData>
		<SimpleData name="dgps">0</SimpleData>
		<SimpleData name="racon">B</SimpleData>
		<SimpleData name="vts">0</SimpleData>
		<SimpleData name="tower_type">GI Trestle Tower</SimpleData>
		<SimpleData name="tower_h_m">24</SimpleData>
		<SimpleData name="tower_colour">Painted White</SimpleData>
		<SimpleData name="tower_year">1991</SimpleData>
		<SimpleData name="established">1991</SimpleData>
		<SimpleData name="visit">grounds</SimpleData>
		<SimpleData name="tourism">0</SimpleData>
		<SimpleData name="museum">0</SimpleData>
		<SimpleData name="record">1</SimpleData>
		<SimpleData name="ledger_url">https://www.dgll.nic.in/sites/default/files/2022-12/mb24.pdf</SimpleData>
		<SimpleData name="page_url">https://www.dgll.nic.in/DGLL-light-house-location/about-portblair/chowra-lighthouse</SimpleData>
		<SimpleData name="rowlett">1991. Active; focal plane 25 m (82 ft); white flash every 15 s. 24 m (79 ft) square steel skeletal tower with gallery and an enclosed equipment shelter in the base. Lighthouse painted white. Maajid Ali has a distant 2021 view but the tower is barely visible in Google's indistinct satellite view. Chowra is a small, isolated island at the northwestern corner of the Nancowry group. Located near the settlement on the eastern side of the island. Accessible only by boat. Site open, tower closed. Admiralty F1222.5; NGA 26451.4.</SimpleData>
		<SimpleData name="photo">https://www.dgll.nic.in/sites/default/files/2022-11/24.png</SimpleData>
		<SimpleData name="transcribed">1</SimpleData>
		<SimpleData name="ledger_issues">(1:NAIS section has blank base station details but lists a Prodelin 2.4 m VSAT antenna)</SimpleData>
		<SimpleData name="equip_years">{ &quot;racon&quot;: 2008 }</SimpleData>
		<SimpleData name="equip_since">{ &quot;racon&quot;: { &quot;year&quot;: 2008, &quot;src&quot;: &quot;ledger&quot; } }</SimpleData>
		<SimpleData name="tenders">(1:1584)</SimpleData>
		<SimpleData name="photo_credit">DGLL</SimpleData>
	</SchemaData></ExtendedData>
      <Point><coordinates>93.04833,8.45667</coordinates></Point>
  </Placemark>
  <Placemark>
	<name>BAMPOKA LIGHTHOUSE</name>
	<ExtendedData><SchemaData schemaUrl="#lighthouses">
		<SimpleData name="id">bampoka-lighthouse</SimpleData>
		<SimpleData name="kind">lighthouse</SimpleData>
		<SimpleData name="region">Port Blair</SimpleData>
		<SimpleData name="pos_src">DGLL ledger</SimpleData>
		<SimpleData name="alol">F 1222.55</SimpleData>
		<SimpleData name="char">Fl (1) W 20 Sec (fl 1, ec 2, fl 1, ec 16)</SimpleData>
		<SimpleData name="ckind">Fl</SimpleData>
		<SimpleData name="colour">W</SimpleData>
		<SimpleData name="group">1</SimpleData>
		<SimpleData name="period">20</SimpleData>
		<SimpleData name="phases">(4:1,2,1,16)</SimpleData>
		<SimpleData name="phases_src">ledger</SimpleData>
		<SimpleData name="flash_s">1</SimpleData>
		<SimpleData name="sectored">0</SimpleData>
		<SimpleData name="lum_nm">16</SimpleData>
		<SimpleData name="geo_nm">18.2</SimpleData>
		<SimpleData name="iala_nm">10.1</SimpleData>
		<SimpleData name="reach_nm">16</SimpleData>
		<SimpleData name="intensity_cd">1500</SimpleData>
		<SimpleData name="elev_m">43</SimpleData>
		<SimpleData name="optic">flasher</SimpleData>
		<SimpleData name="optic_evidence">Type: LED Flasher; Rotation Device: White Flashing Light; R.P.M. NA</SimpleData>
		<SimpleData name="optic_make">Sealite</SimpleData>
		<SimpleData name="optic_model">SL155-5D</SimpleData>
		<SimpleData name="optic_type">LED Flasher</SimpleData>
		<SimpleData name="optic_size">171mm</SimpleData>
		<SimpleData name="led">1</SimpleData>
		<SimpleData name="solar">1</SimpleData>
		<SimpleData name="ais">0</SimpleData>
		<SimpleData name="dgps">0</SimpleData>
		<SimpleData name="vts">0</SimpleData>
		<SimpleData name="tower_type">GI Trestle Tower</SimpleData>
		<SimpleData name="tower_h_m">12</SimpleData>
		<SimpleData name="tower_colour">Red and White Bands</SimpleData>
		<SimpleData name="tower_year">1989</SimpleData>
		<SimpleData name="established">1989</SimpleData>
		<SimpleData name="visit">grounds</SimpleData>
		<SimpleData name="tourism">0</SimpleData>
		<SimpleData name="museum">0</SimpleData>
		<SimpleData name="record">1</SimpleData>
		<SimpleData name="ledger_url">https://www.dgll.nic.in/sites/default/files/2022-12/mb26.pdf</SimpleData>
		<SimpleData name="page_url">https://www.dgll.nic.in/DGLL-light-house-location/about-portblair/bampoka-lighthouse</SimpleData>
		<SimpleData name="rowlett">1989. Active; focal plane 43 m (141 ft); two white flashes every 20 s. 12 m (39 ft) square steel skeletal tower with gallery and an enclosed equipment shelter in the base. Lighthouse painted with red and white horizontal bands. Google has a distant and indistinct satellite view. Bompoka is a small island off the southeastern tip of Teressa Island in the northern part of the central Nicobar group. Located near the south end of the island. Accessible only by boat. Site open, tower closed. ARLHS AND-006; Admiralty F1222.55; NGA 26451.3.</SimpleData>
		<SimpleData name="arlhs">AND-006</SimpleData>
		<SimpleData name="photo">https://www.dgll.nic.in/sites/default/files/2022-11/26.png</SimpleData>
		<SimpleData name="transcribed">1</SimpleData>
		<SimpleData name="ledger_issues">(1:Characteristic says Fl (1) but sequence lists two flashes (fl 1, ec 2, fl 1, ec 16))</SimpleData>
		<SimpleData name="equip_years">{ }</SimpleData>
		<SimpleData name="equip_since">{ }</SimpleData>
		<SimpleData name="tenders">(0:)</SimpleData>
		<SimpleData name="photo_credit">DGLL</SimpleData>
	</SchemaData></ExtendedData>
      <Point><coordinates>93.23833,8.225</coordinates></Point>
  </Placemark>
  <Placemark>
	<name>KATCHAL EAST LIGHTHOUSE</name>
	<ExtendedData><SchemaData schemaUrl="#lighthouses">
		<SimpleData name="id">katchal-east-lighthouse</SimpleData>
		<SimpleData name="kind">lighthouse</SimpleData>
		<SimpleData name="region">Port Blair</SimpleData>
		<SimpleData name="pos_src">DGLL ledger</SimpleData>
		<SimpleData name="alol">F 1223</SimpleData>
		<SimpleData name="char">Fl (1) W 5 Sec (fl 0.5, ec 4.5)</SimpleData>
		<SimpleData name="ckind">Fl</SimpleData>
		<SimpleData name="colour">W</SimpleData>
		<SimpleData name="group">1</SimpleData>
		<SimpleData name="period">5</SimpleData>
		<SimpleData name="phases">(2:0.5,4.5)</SimpleData>
		<SimpleData name="phases_src">ledger</SimpleData>
		<SimpleData name="flash_s">0.5</SimpleData>
		<SimpleData name="sectored">0</SimpleData>
		<SimpleData name="lum_nm">10</SimpleData>
		<SimpleData name="geo_nm">18.2</SimpleData>
		<SimpleData name="iala_nm">12.4</SimpleData>
		<SimpleData name="reach_nm">10</SimpleData>
		<SimpleData name="intensity_cd">4470</SimpleData>
		<SimpleData name="elev_m">43</SimpleData>
		<SimpleData name="optic">flasher</SimpleData>
		<SimpleData name="optic_evidence">Type: LED Flasher; Rotation Device: White Flashing Light; R.P.M. NA</SimpleData>
		<SimpleData name="optic_make">Sabik Carmanah</SimpleData>
		<SimpleData name="optic_type">LED Flasher</SimpleData>
		<SimpleData name="optic_size">171mm</SimpleData>
		<SimpleData name="led">1</SimpleData>
		<SimpleData name="solar">1</SimpleData>
		<SimpleData name="ais">1</SimpleData>
		<SimpleData name="dgps">0</SimpleData>
		<SimpleData name="vts">0</SimpleData>
		<SimpleData name="tower_type">G.I. Trestle Tower</SimpleData>
		<SimpleData name="tower_h_m">24</SimpleData>
		<SimpleData name="tower_colour">Red &amp; White bands</SimpleData>
		<SimpleData name="tower_year">2005</SimpleData>
		<SimpleData name="established">1986</SimpleData>
		<SimpleData name="visit">grounds</SimpleData>
		<SimpleData name="tourism">0</SimpleData>
		<SimpleData name="museum">0</SimpleData>
		<SimpleData name="record">1</SimpleData>
		<SimpleData name="ledger_url">https://www.dgll.nic.in/sites/default/files/2022-12/mb28.pdf</SimpleData>
		<SimpleData name="page_url">https://www.dgll.nic.in/DGLL-light-house-location/about-portblair/katchal-east-lighthouse</SimpleData>
		<SimpleData name="rowlett">2005 (?) (station established 1986). Active; focal plane 43 m (141 ft); white flash every 5 s. 24 m (79 ft) square skeletal tower painted with red and white horizontal bands. Google has a satellite view of the station. This light apparently replaced a concrete tower damaged by the tsunami. Located on a point of land on the east side of the entrance to the bay, on the northeastern coast of Katchal Island. Site open, tower closed. ARLHS AND-009; Admiralty F1223; NGA 26446.</SimpleData>
		<SimpleData name="arlhs">AND-009</SimpleData>
		<SimpleData name="photo">https://www.dgll.nic.in/sites/default/files/2022-11/28.png</SimpleData>
		<SimpleData name="transcribed">1</SimpleData>
		<SimpleData name="ledger_issues">(0:)</SimpleData>
		<SimpleData name="equip_years">{ }</SimpleData>
		<SimpleData name="equip_since">{ &quot;ais&quot;: { &quot;year&quot;: 2012, &quot;src&quot;: &quot;network&quot; } }</SimpleData>
		<SimpleData name="tenders">(0:)</SimpleData>
		<SimpleData name="photo_credit">DGLL</SimpleData>
	</SchemaData></ExtendedData>
      <Point><coordinates>93.40333,8.00667</coordinates></Point>
  </Placemark>
  <Placemark>
	<name>CAPE CANNAUGHT LIGHTHOUSE</name>
	<ExtendedData><SchemaData schemaUrl="#lighthouses">
		<SimpleData name="id">cape-cannaught-lighthouse</SimpleData>
		<SimpleData name="kind">lighthouse</SimpleData>
		<SimpleData name="region">Port Blair</SimpleData>
		<SimpleData name="pos_src">DGLL ledger</SimpleData>
		<SimpleData name="alol">F 1222.65</SimpleData>
		<SimpleData name="char">Fl (2) W 15 Sec (fl 0.5, ec 1, fl 0.5, ec 13)</SimpleData>
		<SimpleData name="ckind">Fl</SimpleData>
		<SimpleData name="colour">W</SimpleData>
		<SimpleData name="group">2</SimpleData>
		<SimpleData name="period">15</SimpleData>
		<SimpleData name="phases">(4:0.5,1,0.5,13)</SimpleData>
		<SimpleData name="phases_src">ledger</SimpleData>
		<SimpleData name="flash_s">0.5</SimpleData>
		<SimpleData name="sectored">0</SimpleData>
		<SimpleData name="lum_nm">10</SimpleData>
		<SimpleData name="geo_nm">14.4</SimpleData>
		<SimpleData name="iala_nm">10.1</SimpleData>
		<SimpleData name="reach_nm">10</SimpleData>
		<SimpleData name="intensity_cd">1500</SimpleData>
		<SimpleData name="elev_m">22</SimpleData>
		<SimpleData name="optic">flasher</SimpleData>
		<SimpleData name="optic_evidence">Type: LED Flasher; Rotation Device: White Flashing Light; R.P.M. NA</SimpleData>
		<SimpleData name="optic_make">Sealite</SimpleData>
		<SimpleData name="optic_model">SL155-5D</SimpleData>
		<SimpleData name="optic_type">LED Flasher</SimpleData>
		<SimpleData name="optic_size">171mm</SimpleData>
		<SimpleData name="led">1</SimpleData>
		<SimpleData name="solar">1</SimpleData>
		<SimpleData name="ais">0</SimpleData>
		<SimpleData name="dgps">0</SimpleData>
		<SimpleData name="vts">0</SimpleData>
		<SimpleData name="tower_type">Square Masonry Tower</SimpleData>
		<SimpleData name="tower_h_m">12</SimpleData>
		<SimpleData name="tower_colour">Black and White Bands</SimpleData>
		<SimpleData name="tower_year">1993</SimpleData>
		<SimpleData name="established">1993</SimpleData>
		<SimpleData name="visit">closed</SimpleData>
		<SimpleData name="tourism">0</SimpleData>
		<SimpleData name="museum">0</SimpleData>
		<SimpleData name="record">1</SimpleData>
		<SimpleData name="ledger_url">https://www.dgll.nic.in/sites/default/files/2022-12/mb27.pdf</SimpleData>
		<SimpleData name="page_url">https://www.dgll.nic.in/DGLL-light-house-location/about-portblair/cape-cannaught-lighthouse</SimpleData>
		<SimpleData name="rowlett">1993. Active; focal plane 22 m (72 ft); two white flashes every 15 s. 12 m (39 ft) square masonry tower painted with black and white horizontal bands. A DGLL photo is at right and Google has a satellite view. The light was reported heavily damaged by the tsunami and out of service; it was rebuilt at a higher elevation. Located on the southern tip of Nancowry Island, which is about 10 km (6 mi) east of Katchall Island. Accessible by boat; land access to this site is difficult. ARLHS AND-020; Admiralty F1222.65; NGA 26450.</SimpleData>
		<SimpleData name="arlhs">AND-020</SimpleData>
		<SimpleData name="photo">https://www.dgll.nic.in/sites/default/files/2022-11/27.png</SimpleData>
		<SimpleData name="transcribed">1</SimpleData>
		<SimpleData name="ledger_issues">(0:)</SimpleData>
		<SimpleData name="equip_years">{ }</SimpleData>
		<SimpleData name="equip_since">{ }</SimpleData>
		<SimpleData name="tenders">(0:)</SimpleData>
		<SimpleData name="photo_credit">DGLL</SimpleData>
	</SchemaData></ExtendedData>
      <Point><coordinates>93.57,7.93</coordinates></Point>
  </Placemark>
  <Placemark>
	<name>KATCHAL WEST LIGHTHOUSE</name>
	<ExtendedData><SchemaData schemaUrl="#lighthouses">
		<SimpleData name="id">katchal-west-lighthouse</SimpleData>
		<SimpleData name="kind">lighthouse</SimpleData>
		<SimpleData name="region">Port Blair</SimpleData>
		<SimpleData name="pos_src">DGLL ledger</SimpleData>
		<SimpleData name="alol">F 1223.4</SimpleData>
		<SimpleData name="char">Fl (3) W 15 Sec (fl 0.5, ec 1, fl 0.5, ec 1, fl 0.5, ec 11.5)</SimpleData>
		<SimpleData name="ckind">Fl</SimpleData>
		<SimpleData name="colour">W</SimpleData>
		<SimpleData name="group">3</SimpleData>
		<SimpleData name="period">15</SimpleData>
		<SimpleData name="phases">(6:0.5,1,0.5,1,0.5,11.5)</SimpleData>
		<SimpleData name="phases_src">ledger</SimpleData>
		<SimpleData name="flash_s">0.5</SimpleData>
		<SimpleData name="sectored">0</SimpleData>
		<SimpleData name="lum_nm">10</SimpleData>
		<SimpleData name="geo_nm">13.2</SimpleData>
		<SimpleData name="iala_nm">10.1</SimpleData>
		<SimpleData name="reach_nm">10</SimpleData>
		<SimpleData name="intensity_cd">1500</SimpleData>
		<SimpleData name="elev_m">17</SimpleData>
		<SimpleData name="optic">flasher</SimpleData>
		<SimpleData name="optic_evidence">Type: LED Flasher; Rotation Device: 'White Flashing Light'; R.P.M.: NA</SimpleData>
		<SimpleData name="optic_make">Sealite</SimpleData>
		<SimpleData name="optic_model">SL155-5D</SimpleData>
		<SimpleData name="optic_type">LED Flasher</SimpleData>
		<SimpleData name="optic_size">171mm</SimpleData>
		<SimpleData name="led">1</SimpleData>
		<SimpleData name="solar">1</SimpleData>
		<SimpleData name="ais">0</SimpleData>
		<SimpleData name="dgps">0</SimpleData>
		<SimpleData name="vts">0</SimpleData>
		<SimpleData name="tower_type">G I Trestle Tower</SimpleData>
		<SimpleData name="tower_h_m">12</SimpleData>
		<SimpleData name="tower_colour">Black and White Bands</SimpleData>
		<SimpleData name="tower_year">2005</SimpleData>
		<SimpleData name="established">1985</SimpleData>
		<SimpleData name="visit">grounds</SimpleData>
		<SimpleData name="tourism">0</SimpleData>
		<SimpleData name="museum">0</SimpleData>
		<SimpleData name="record">1</SimpleData>
		<SimpleData name="ledger_url">https://www.dgll.nic.in/sites/default/files/2022-12/mb29.pdf</SimpleData>
		<SimpleData name="page_url">https://www.dgll.nic.in/DGLL-light-house-location/about-portblair/katchal-west-lighthouse</SimpleData>
		<SimpleData name="rowlett">2005 (?) (station established 1985). Active; focal plane 17 m (56 ft); three white flashes every 15 s. 12 m (39 ft) square skeletal tower. The light has not been found in Google's satellite view. This light replaced a square concrete tower destroyed by the tsunami. Katchall Island, in the central part of the Nicobar group, suffered great damage and loss of life during the tsunami. Located on a point of land on the west side of the entrance to the bay, on the southwestern coast of Katchal Island. Site open, tower closed. ARLHS AND-021; Admiralty F1223.4; NGA 26448.</SimpleData>
		<SimpleData name="arlhs">AND-021</SimpleData>
		<SimpleData name="photo">https://www.dgll.nic.in/sites/default/files/2022-11/29.png</SimpleData>
		<SimpleData name="transcribed">1</SimpleData>
		<SimpleData name="ledger_issues">(2:Rotation Device field filled with 'White Flashing Light',NAIS base station fields empty though VSAT Antenna 'Prodelin 2.4 meter' is listed)</SimpleData>
		<SimpleData name="equip_years">{ }</SimpleData>
		<SimpleData name="equip_since">{ }</SimpleData>
		<SimpleData name="tenders">(0:)</SimpleData>
		<SimpleData name="photo_credit">DGLL</SimpleData>
	</SchemaData></ExtendedData>
      <Point><coordinates>93.325,7.92667</coordinates></Point>
  </Placemark>
  <Placemark>
	<name>Tries Island Lighthouse</name>
	<ExtendedData><SchemaData schemaUrl="#lighthouses">
		<SimpleData name="id">tries-island-lighthouse</SimpleData>
		<SimpleData name="kind">lighthouse</SimpleData>
		<SimpleData name="region">Port Blair</SimpleData>
		<SimpleData name="pos_src">DGLL ledger</SimpleData>
		<SimpleData name="alol">F 1223.5</SimpleData>
		<SimpleData name="char">Fl (4) W 20 Sec</SimpleData>
		<SimpleData name="ckind">Fl</SimpleData>
		<SimpleData name="colour">W</SimpleData>
		<SimpleData name="group">4</SimpleData>
		<SimpleData name="period">20</SimpleData>
		<SimpleData name="phases">(8:1,2,1,2,1,2,1,10)</SimpleData>
		<SimpleData name="phases_src">derived</SimpleData>
		<SimpleData name="sectored">0</SimpleData>
		<SimpleData name="lum_nm">10</SimpleData>
		<SimpleData name="geo_nm">16.7</SimpleData>
		<SimpleData name="iala_nm">10.1</SimpleData>
		<SimpleData name="reach_nm">10</SimpleData>
		<SimpleData name="intensity_cd">1500</SimpleData>
		<SimpleData name="elev_m">34</SimpleData>
		<SimpleData name="optic">flasher</SimpleData>
		<SimpleData name="optic_evidence">Type: LED Flasher; Rotation Device: White Flashing Light; R.P.M. NA</SimpleData>
		<SimpleData name="optic_make">Sealite</SimpleData>
		<SimpleData name="optic_model">SL155-5D</SimpleData>
		<SimpleData name="optic_type">LED Flasher</SimpleData>
		<SimpleData name="optic_size">171mm</SimpleData>
		<SimpleData name="led">1</SimpleData>
		<SimpleData name="solar">1</SimpleData>
		<SimpleData name="ais">0</SimpleData>
		<SimpleData name="dgps">0</SimpleData>
		<SimpleData name="vts">0</SimpleData>
		<SimpleData name="tower_type">G I Trestle Tower</SimpleData>
		<SimpleData name="tower_h_m">24</SimpleData>
		<SimpleData name="tower_colour">Black and White Bands</SimpleData>
		<SimpleData name="tower_year">2018</SimpleData>
		<SimpleData name="established">2018</SimpleData>
		<SimpleData name="visit">closed</SimpleData>
		<SimpleData name="tourism">0</SimpleData>
		<SimpleData name="museum">0</SimpleData>
		<SimpleData name="record">1</SimpleData>
		<SimpleData name="ledger_url">https://www.dgll.nic.in/sites/default/files/2022-12/mb31.pdf</SimpleData>
		<SimpleData name="page_url">https://www.dgll.nic.in/DGLL-light-house-location/about-portblair/tries-island-lighthouse</SimpleData>
		<SimpleData name="rowlett">2018. Active; focal plane 26 m (85 ft); four white flashes every 20 s. 24 m (79 ft) tower painted with black and white horizontal bands. The lighthouse is seen in an indistinct Google satellite view. This new lighthouse was announced in a July 2018 notice to mariners. Located on a small island off the north end of Little Nicobar Island. Accessible only by boat. Site status unknown. Admiralty F1223.5.</SimpleData>
		<SimpleData name="photo">https://www.dgll.nic.in/sites/default/files/2022-11/31.png</SimpleData>
		<SimpleData name="transcribed">1</SimpleData>
		<SimpleData name="ledger_issues">(0:)</SimpleData>
		<SimpleData name="equip_years">{ }</SimpleData>
		<SimpleData name="equip_since">{ }</SimpleData>
		<SimpleData name="tenders">(0:)</SimpleData>
		<SimpleData name="photo_credit">DGLL</SimpleData>
	</SchemaData></ExtendedData>
      <Point><coordinates>93.64333,7.475</coordinates></Point>
  </Placemark>
  <Placemark>
	<name>PULO MILOW LIGHTHOUSE</name>
	<ExtendedData><SchemaData schemaUrl="#lighthouses">
		<SimpleData name="id">pulo-milow-lighthouse</SimpleData>
		<SimpleData name="kind">lighthouse</SimpleData>
		<SimpleData name="region">Port Blair</SimpleData>
		<SimpleData name="pos_src">DGLL ledger</SimpleData>
		<SimpleData name="alol">F 1223.6</SimpleData>
		<SimpleData name="char">Fl (1) W 15 Sec (fl 1.0)</SimpleData>
		<SimpleData name="ckind">Fl</SimpleData>
		<SimpleData name="colour">W</SimpleData>
		<SimpleData name="group">1</SimpleData>
		<SimpleData name="period">15</SimpleData>
		<SimpleData name="phases">(2:1,14)</SimpleData>
		<SimpleData name="phases_src">derived</SimpleData>
		<SimpleData name="flash_s">1</SimpleData>
		<SimpleData name="sectored">0</SimpleData>
		<SimpleData name="lum_nm">8</SimpleData>
		<SimpleData name="geo_nm">19.7</SimpleData>
		<SimpleData name="iala_nm">10.1</SimpleData>
		<SimpleData name="reach_nm">8</SimpleData>
		<SimpleData name="intensity_cd">1500</SimpleData>
		<SimpleData name="elev_m">53</SimpleData>
		<SimpleData name="optic">flasher</SimpleData>
		<SimpleData name="optic_evidence">Type: LED Flasher; Rotation Device 'White Flashing Light'; R.P.M. NA</SimpleData>
		<SimpleData name="optic_make">Sealite</SimpleData>
		<SimpleData name="optic_model">SL155-5D</SimpleData>
		<SimpleData name="optic_type">LED Flasher</SimpleData>
		<SimpleData name="optic_size">171mm</SimpleData>
		<SimpleData name="led">1</SimpleData>
		<SimpleData name="solar">1</SimpleData>
		<SimpleData name="ais">0</SimpleData>
		<SimpleData name="dgps">0</SimpleData>
		<SimpleData name="vts">0</SimpleData>
		<SimpleData name="tower_type">G.I. Trestle Tower</SimpleData>
		<SimpleData name="tower_h_m">12</SimpleData>
		<SimpleData name="tower_colour">Painted White</SimpleData>
		<SimpleData name="tower_year">1986</SimpleData>
		<SimpleData name="established">1986</SimpleData>
		<SimpleData name="visit">grounds</SimpleData>
		<SimpleData name="tourism">0</SimpleData>
		<SimpleData name="museum">0</SimpleData>
		<SimpleData name="record">1</SimpleData>
		<SimpleData name="ledger_url">https://www.dgll.nic.in/sites/default/files/2022-12/mb30.pdf</SimpleData>
		<SimpleData name="page_url">https://www.dgll.nic.in/DGLL-light-house-location/about-portblair/pulo-milow-lighthouse</SimpleData>
		<SimpleData name="rowlett">1986. Active; focal plane 53 m (174 ft); white flash every 15 s. 12 m (39 ft) square steel skeletal tower with gallery and an enclosed equipment shelter in the base. Lighthouse painted white. A distant aerial view is available and Google has a satellite view. Pulomilo is a small island just off the northwestern tip of Little Nicobar Island. Located on the highest point of the island. Accessible only by boat. Site open, tower closed. ARLHS AND-014; Admiralty F1223.6; NGA 26440.</SimpleData>
		<SimpleData name="arlhs">AND-014</SimpleData>
		<SimpleData name="photo">https://www.dgll.nic.in/sites/default/files/2022-11/30.png</SimpleData>
		<SimpleData name="transcribed">1</SimpleData>
		<SimpleData name="ledger_issues">(1:NAIS section has no model/MMSI but lists a Prodelin 2.4 m VSAT antenna)</SimpleData>
		<SimpleData name="equip_years">{ }</SimpleData>
		<SimpleData name="equip_since">{ }</SimpleData>
		<SimpleData name="tenders">(0:)</SimpleData>
		<SimpleData name="photo_credit">DGLL</SimpleData>
	</SchemaData></ExtendedData>
      <Point><coordinates>93.68167,7.41</coordinates></Point>
  </Placemark>
  <Placemark>
	<name>Menchal Lighthouse</name>
	<ExtendedData><SchemaData schemaUrl="#lighthouses">
		<SimpleData name="id">menchal-lighthouse</SimpleData>
		<SimpleData name="kind">lighthouse</SimpleData>
		<SimpleData name="region">Port Blair</SimpleData>
		<SimpleData name="pos_src">DGLL ledger</SimpleData>
		<SimpleData name="alol">F 1223.8</SimpleData>
		<SimpleData name="char">Fl (1) W 10 Sec (fl 0.8)</SimpleData>
		<SimpleData name="ckind">Fl</SimpleData>
		<SimpleData name="colour">W</SimpleData>
		<SimpleData name="group">1</SimpleData>
		<SimpleData name="period">10</SimpleData>
		<SimpleData name="phases">(2:0.8,9.199999999999999)</SimpleData>
		<SimpleData name="phases_src">derived</SimpleData>
		<SimpleData name="flash_s">0.8</SimpleData>
		<SimpleData name="sectored">0</SimpleData>
		<SimpleData name="lum_nm">10</SimpleData>
		<SimpleData name="geo_nm">18.9</SimpleData>
		<SimpleData name="iala_nm">10.1</SimpleData>
		<SimpleData name="reach_nm">10</SimpleData>
		<SimpleData name="intensity_cd">1500</SimpleData>
		<SimpleData name="elev_m">47</SimpleData>
		<SimpleData name="optic">flasher</SimpleData>
		<SimpleData name="optic_evidence">Type: LED Flasher; R.P.M.: NA</SimpleData>
		<SimpleData name="optic_make">Sealite</SimpleData>
		<SimpleData name="optic_model">SL155-5D</SimpleData>
		<SimpleData name="optic_type">LED Flasher</SimpleData>
		<SimpleData name="optic_size">171mm</SimpleData>
		<SimpleData name="led">1</SimpleData>
		<SimpleData name="solar">1</SimpleData>
		<SimpleData name="ais">0</SimpleData>
		<SimpleData name="dgps">0</SimpleData>
		<SimpleData name="vts">0</SimpleData>
		<SimpleData name="tower_type">G I Trestle Tower</SimpleData>
		<SimpleData name="tower_h_m">30</SimpleData>
		<SimpleData name="tower_colour">Red and White Bands</SimpleData>
		<SimpleData name="tower_year">2004</SimpleData>
		<SimpleData name="established">2004</SimpleData>
		<SimpleData name="visit">grounds</SimpleData>
		<SimpleData name="tourism">0</SimpleData>
		<SimpleData name="museum">0</SimpleData>
		<SimpleData name="record">1</SimpleData>
		<SimpleData name="ledger_url">https://www.dgll.nic.in/sites/default/files/2022-12/mb32.pdf</SimpleData>
		<SimpleData name="page_url">https://www.dgll.nic.in/DGLL-light-house-location/about-portblair/menchal-lighthouse</SimpleData>
		<SimpleData name="rowlett">2004. Active; focal plane 47 m (154 ft); white flash every 10 s. 30 m (98 ft) skeletal tower painted with red and white horizontal bands. A DGLL photo is at right and Google has an indistinct satellite view. Menchal is a small island about 3 km (2 mi) off the northeast coast of Little Nicobar Island. Located on the south side of the island. Accessible only by boat. Site open, tower closed. Admiralty F1223.8; NGA 26439.</SimpleData>
		<SimpleData name="photo">https://www.dgll.nic.in/sites/default/files/2022-11/32.png</SimpleData>
		<SimpleData name="transcribed">1</SimpleData>
		<SimpleData name="ledger_issues">(2:Rotation Device field reads 'White Flashing Light',established_year taken from date of commissioning 28/03/2004)</SimpleData>
		<SimpleData name="equip_years">{ }</SimpleData>
		<SimpleData name="equip_since">{ }</SimpleData>
		<SimpleData name="tenders">(0:)</SimpleData>
		<SimpleData name="photo_credit">DGLL</SimpleData>
	</SchemaData></ExtendedData>
      <Point><coordinates>93.7605,7.39583</coordinates></Point>
  </Placemark>
  <Placemark>
	<name>Kabra Island Lighthouse</name>
	<ExtendedData><SchemaData schemaUrl="#lighthouses">
		<SimpleData name="id">kabra-island-lighthouse</SimpleData>
		<SimpleData name="kind">lighthouse</SimpleData>
		<SimpleData name="region">Port Blair</SimpleData>
		<SimpleData name="pos_src">DGLL ledger</SimpleData>
		<SimpleData name="alol">F 1224.1</SimpleData>
		<SimpleData name="char">Fl (3) W 20 Sec (fl 0.8,ec 1.2) x 2,fl 0.8,ec15.2</SimpleData>
		<SimpleData name="ckind">Fl</SimpleData>
		<SimpleData name="colour">W</SimpleData>
		<SimpleData name="group">3</SimpleData>
		<SimpleData name="period">20</SimpleData>
		<SimpleData name="phases">(6:0.8,1.2,0.8,1.2,0.8,15.2)</SimpleData>
		<SimpleData name="phases_src">ledger</SimpleData>
		<SimpleData name="flash_s">0.8</SimpleData>
		<SimpleData name="sectored">0</SimpleData>
		<SimpleData name="lum_nm">20</SimpleData>
		<SimpleData name="geo_nm">21</SimpleData>
		<SimpleData name="iala_nm">10.1</SimpleData>
		<SimpleData name="reach_nm">20</SimpleData>
		<SimpleData name="intensity_cd">1500</SimpleData>
		<SimpleData name="elev_m">62</SimpleData>
		<SimpleData name="optic">flasher</SimpleData>
		<SimpleData name="optic_evidence">Type: LED Flasher; Rotation Device 'White Flashing Light'; R.P.M. NA</SimpleData>
		<SimpleData name="optic_make">Sealite</SimpleData>
		<SimpleData name="optic_model">SL155-5D</SimpleData>
		<SimpleData name="optic_type">LED Flasher</SimpleData>
		<SimpleData name="optic_size">171mm</SimpleData>
		<SimpleData name="led">1</SimpleData>
		<SimpleData name="solar">1</SimpleData>
		<SimpleData name="ais">0</SimpleData>
		<SimpleData name="dgps">0</SimpleData>
		<SimpleData name="vts">0</SimpleData>
		<SimpleData name="tower_type">G I Trestle Tower</SimpleData>
		<SimpleData name="tower_h_m">12</SimpleData>
		<SimpleData name="tower_colour">Black and White Bands</SimpleData>
		<SimpleData name="tower_year">1998</SimpleData>
		<SimpleData name="established">1998</SimpleData>
		<SimpleData name="visit">grounds</SimpleData>
		<SimpleData name="tourism">0</SimpleData>
		<SimpleData name="museum">0</SimpleData>
		<SimpleData name="record">1</SimpleData>
		<SimpleData name="ledger_url">https://www.dgll.nic.in/sites/default/files/2022-12/mb33.pdf</SimpleData>
		<SimpleData name="page_url">https://www.dgll.nic.in/DGLL-light-house-location/about-portblair/kabra-island-lighthouse</SimpleData>
		<SimpleData name="rowlett">1998. Active; focal plane 62 m (203 ft); three white flashes every 20 s. 12 m (39 ft) square steel skeletal tower with gallery and an enclosed equipment shelter in the base. Lighthouse painted black with one white horizontal band. Google has an indistinct satellite view and the light is barely visible in T. Shanmukh Rao's aerial view of the island. Kabra Island is a small, heavily vegetated island about 8 km (5 mi) north of the northern tip of Great Nicobar Island. Located on the highest point of the island. Accessible only by boat. Site open, tower closed. ARLHS AND-002; Admiralty F1224.1; NGA 26437.</SimpleData>
		<SimpleData name="arlhs">AND-002</SimpleData>
		<SimpleData name="photo">https://www.dgll.nic.in/sites/default/files/2022-11/33.png</SimpleData>
		<SimpleData name="transcribed">1</SimpleData>
		<SimpleData name="ledger_issues">(2:NAIS section has no model/MMSI but lists a Prodelin 2.4 m VSAT antenna,Range 20 NM stated for a 1500 cd LED flasher)</SimpleData>
		<SimpleData name="equip_years">{ }</SimpleData>
		<SimpleData name="equip_since">{ }</SimpleData>
		<SimpleData name="tenders">(0:)</SimpleData>
		<SimpleData name="photo_credit">DGLL</SimpleData>
	</SchemaData></ExtendedData>
      <Point><coordinates>93.83833,7.28833</coordinates></Point>
  </Placemark>
  <Placemark>
	<name>Koltapalm Lighthouse</name>
	<ExtendedData><SchemaData schemaUrl="#lighthouses">
		<SimpleData name="id">koltapalm-lighthouse</SimpleData>
		<SimpleData name="kind">lighthouse</SimpleData>
		<SimpleData name="region">Port Blair</SimpleData>
		<SimpleData name="pos_src">DGLL ledger</SimpleData>
		<SimpleData name="alol">F 1224.9</SimpleData>
		<SimpleData name="char">Fl (2) W 10 Sec (1+1+1+7=10 sec)</SimpleData>
		<SimpleData name="ckind">Fl</SimpleData>
		<SimpleData name="colour">W</SimpleData>
		<SimpleData name="group">2</SimpleData>
		<SimpleData name="period">10</SimpleData>
		<SimpleData name="phases">(4:1,1,1,7)</SimpleData>
		<SimpleData name="phases_src">ledger</SimpleData>
		<SimpleData name="flash_s">1</SimpleData>
		<SimpleData name="sectored">0</SimpleData>
		<SimpleData name="lum_nm">10</SimpleData>
		<SimpleData name="geo_nm">18.1</SimpleData>
		<SimpleData name="iala_nm">10.1</SimpleData>
		<SimpleData name="reach_nm">10</SimpleData>
		<SimpleData name="intensity_cd">1500</SimpleData>
		<SimpleData name="elev_m">42</SimpleData>
		<SimpleData name="optic">flasher</SimpleData>
		<SimpleData name="optic_evidence">Type: LED Flasher; Rotation Device: 'White Flashing Light'; R.P.M.: NA</SimpleData>
		<SimpleData name="optic_make">Sealite</SimpleData>
		<SimpleData name="optic_model">SL155-5D</SimpleData>
		<SimpleData name="optic_type">LED Flasher</SimpleData>
		<SimpleData name="optic_size">171mm</SimpleData>
		<SimpleData name="led">1</SimpleData>
		<SimpleData name="solar">1</SimpleData>
		<SimpleData name="ais">0</SimpleData>
		<SimpleData name="dgps">0</SimpleData>
		<SimpleData name="vts">0</SimpleData>
		<SimpleData name="tower_type">G I Trestle Tower</SimpleData>
		<SimpleData name="tower_h_m">12</SimpleData>
		<SimpleData name="tower_colour">Painted White</SimpleData>
		<SimpleData name="tower_year">2015</SimpleData>
		<SimpleData name="established">2015</SimpleData>
		<SimpleData name="visit">grounds</SimpleData>
		<SimpleData name="tourism">0</SimpleData>
		<SimpleData name="museum">0</SimpleData>
		<SimpleData name="record">1</SimpleData>
		<SimpleData name="ledger_url">https://www.dgll.nic.in/sites/default/files/2022-12/mb34.pdf</SimpleData>
		<SimpleData name="page_url">https://www.dgll.nic.in/DGLL-light-house-location/about-portblair/koltapalm-lighthouse</SimpleData>
		<SimpleData name="rowlett">2015. Active; focal plane 42 m (138 ft); two white flashes every 10 s. 12 m (39 ft) square white skeletal tower. Google has an indistinct satellite view of the station. The village of Campbell Bay includes several govenment installations. Located in the village. Site open, towr closed. Admiralty F1224.9; NGA 26436.5.</SimpleData>
		<SimpleData name="photo">https://www.dgll.nic.in/sites/default/files/2022-11/34.png</SimpleData>
		<SimpleData name="transcribed">1</SimpleData>
		<SimpleData name="ledger_issues">(2:Rotation Device field filled with 'White Flashing Light',NAIS base station fields empty though VSAT Antenna 'Prodelin 2.4 meter' is listed)</SimpleData>
		<SimpleData name="equip_years">{ }</SimpleData>
		<SimpleData name="equip_since">{ }</SimpleData>
		<SimpleData name="tenders">(0:)</SimpleData>
		<SimpleData name="photo_credit">DGLL</SimpleData>
	</SchemaData></ExtendedData>
      <Point><coordinates>93.93367,7.01567</coordinates></Point>
  </Placemark>
  <Placemark>
	<name>Campbellbay-DGPS-Station</name>
	<ExtendedData><SchemaData schemaUrl="#lighthouses">
		<SimpleData name="id">campbellbay-dgps-station</SimpleData>
		<SimpleData name="kind">dgps</SimpleData>
		<SimpleData name="region">Port Blair</SimpleData>
		<SimpleData name="pos_src">DGLL ledger</SimpleData>
		<SimpleData name="char">5</SimpleData>
		<SimpleData name="ckind">Fl</SimpleData>
		<SimpleData name="colour">W</SimpleData>
		<SimpleData name="group">1</SimpleData>
		<SimpleData name="phases_src">derived</SimpleData>
		<SimpleData name="sectored">0</SimpleData>
		<SimpleData name="optic_evidence">Optical equipment section blank</SimpleData>
		<SimpleData name="led">1</SimpleData>
		<SimpleData name="solar">0</SimpleData>
		<SimpleData name="ais">1</SimpleData>
		<SimpleData name="dgps">1</SimpleData>
		<SimpleData name="vts">0</SimpleData>
		<SimpleData name="tower_colour">7</SimpleData>
		<SimpleData name="established">1969</SimpleData>
		<SimpleData name="tourism">0</SimpleData>
		<SimpleData name="museum">0</SimpleData>
		<SimpleData name="record">1</SimpleData>
		<SimpleData name="ledger_url">https://www.dgll.nic.in/sites/default/files/2022-12/mb37_0.pdf</SimpleData>
		<SimpleData name="page_url">https://www.dgll.nic.in/DGLL-light-house-location/about-portblair/campbellbay-dgps-station</SimpleData>
		<SimpleData name="photo">https://www.dgll.nic.in/sites/default/files/2022-11/37.jpg</SimpleData>
		<SimpleData name="transcribed">1</SimpleData>
		<SimpleData name="ledger_issues">(1:Date of commissioning given only as year 1969)</SimpleData>
		<SimpleData name="equip_years">{ &quot;ais&quot;: 2013 }</SimpleData>
		<SimpleData name="equip_since">{ &quot;ais&quot;: { &quot;year&quot;: 2013, &quot;src&quot;: &quot;ledger&quot; }, &quot;dgps&quot;: { &quot;year&quot;: 2003, &quot;src&quot;: &quot;network&quot; } }</SimpleData>
		<SimpleData name="tenders">(0:)</SimpleData>
		<SimpleData name="photo_credit">DGLL</SimpleData>
	</SchemaData></ExtendedData>
      <Point><coordinates>93.93517,7.00483</coordinates></Point>
  </Placemark>
  <Placemark>
	<name>Rosen Point Lighthouse</name>
	<ExtendedData><SchemaData schemaUrl="#lighthouses">
		<SimpleData name="id">rosen-point-lighthouse</SimpleData>
		<SimpleData name="kind">lighthouse</SimpleData>
		<SimpleData name="region">Port Blair</SimpleData>
		<SimpleData name="pos_src">DGLL ledger</SimpleData>
		<SimpleData name="address">C/o The Assistant Engineer (E), Campbell bay DGPS station ,Great Nicobar , A &amp; N islands-744 302</SimpleData>
		<SimpleData name="alol">F 1227.1</SimpleData>
		<SimpleData name="char">Fl (1) W 10 Sec (fl 0.8)</SimpleData>
		<SimpleData name="ckind">Fl</SimpleData>
		<SimpleData name="colour">W</SimpleData>
		<SimpleData name="group">1</SimpleData>
		<SimpleData name="period">10</SimpleData>
		<SimpleData name="phases">(2:0.8,9.199999999999999)</SimpleData>
		<SimpleData name="phases_src">derived</SimpleData>
		<SimpleData name="flash_s">0.8</SimpleData>
		<SimpleData name="sectored">0</SimpleData>
		<SimpleData name="lum_nm">13</SimpleData>
		<SimpleData name="geo_nm">14.6</SimpleData>
		<SimpleData name="iala_nm">10.1</SimpleData>
		<SimpleData name="reach_nm">13</SimpleData>
		<SimpleData name="intensity_cd">1500</SimpleData>
		<SimpleData name="elev_m">23</SimpleData>
		<SimpleData name="optic">flasher</SimpleData>
		<SimpleData name="optic_evidence">Type: LED Flasher; Rotation Device 'White Flashing Light'; R.P.M. NA</SimpleData>
		<SimpleData name="optic_make">Sealite</SimpleData>
		<SimpleData name="optic_model">SL155-5D</SimpleData>
		<SimpleData name="optic_type">LED Flasher</SimpleData>
		<SimpleData name="optic_size">171mm</SimpleData>
		<SimpleData name="led">1</SimpleData>
		<SimpleData name="solar">1</SimpleData>
		<SimpleData name="ais">0</SimpleData>
		<SimpleData name="dgps">0</SimpleData>
		<SimpleData name="vts">0</SimpleData>
		<SimpleData name="tower_type">15 M Masonry and 6 M Trestle</SimpleData>
		<SimpleData name="tower_h_m">21</SimpleData>
		<SimpleData name="tower_colour">Painted White</SimpleData>
		<SimpleData name="tower_year">2003</SimpleData>
		<SimpleData name="established">2003</SimpleData>
		<SimpleData name="visit">grounds</SimpleData>
		<SimpleData name="tourism">0</SimpleData>
		<SimpleData name="museum">0</SimpleData>
		<SimpleData name="record">1</SimpleData>
		<SimpleData name="ledger_url">https://www.dgll.nic.in/sites/default/files/2022-12/mb35.pdf</SimpleData>
		<SimpleData name="page_url">https://www.dgll.nic.in/DGLL-light-house-location/about-portblair/rosen-point-lighthouse</SimpleData>
		<SimpleData name="rowlett">2003. Active; focal plane 23 m (75 ft); white flash every 10 s. 21 m (69 ft) two-stage tower, with a 6 m (20 ft) skeletal tower mounted atop a 15 m (49 ft) square masonry tower. Lighthouse painted with black and white horizontal bands. A Google satellite view shows the lighthouse. Located on a prominent cape of Great Nicobar Island about 5 km (3 mi) southeast of the entrance to Campbell Bay. Accessible only by boat. Site open, tower closed. Admiralty F1227.1; NGA 26426.</SimpleData>
		<SimpleData name="photo">https://www.dgll.nic.in/sites/default/files/2022-11/35.png</SimpleData>
		<SimpleData name="transcribed">1</SimpleData>
		<SimpleData name="ledger_issues">(1:NAIS section has no model/MMSI but lists a Prodelin 2.4 m VSAT antenna)</SimpleData>
		<SimpleData name="equip_years">{ }</SimpleData>
		<SimpleData name="equip_since">{ }</SimpleData>
		<SimpleData name="tenders">(0:)</SimpleData>
		<SimpleData name="photo_credit">DGLL</SimpleData>
	</SchemaData></ExtendedData>
      <Point><coordinates>93.9435,6.95233</coordinates></Point>
  </Placemark>
  <Placemark>
	<name>Indira Point Lighthouse</name>
	<ExtendedData><SchemaData schemaUrl="#lighthouses">
		<SimpleData name="id">indira-point-lighthouse</SimpleData>
		<SimpleData name="kind">lighthouse</SimpleData>
		<SimpleData name="region">Port Blair</SimpleData>
		<SimpleData name="pos_src">DGLL ledger</SimpleData>
		<SimpleData name="alol">F 1224</SimpleData>
		<SimpleData name="char">Fl (2) W 20 Sec (fl 1.0, ec 3.0, fl 1, ec 15)</SimpleData>
		<SimpleData name="ckind">Fl</SimpleData>
		<SimpleData name="colour">W</SimpleData>
		<SimpleData name="group">2</SimpleData>
		<SimpleData name="period">20</SimpleData>
		<SimpleData name="phases">(4:1,3,1,15)</SimpleData>
		<SimpleData name="phases_src">ledger</SimpleData>
		<SimpleData name="flash_s">1</SimpleData>
		<SimpleData name="sectored">0</SimpleData>
		<SimpleData name="lum_nm">10</SimpleData>
		<SimpleData name="geo_nm">16.9</SimpleData>
		<SimpleData name="iala_nm">10.1</SimpleData>
		<SimpleData name="reach_nm">10</SimpleData>
		<SimpleData name="intensity_cd">1500</SimpleData>
		<SimpleData name="elev_m">35</SimpleData>
		<SimpleData name="optic">flasher</SimpleData>
		<SimpleData name="optic_evidence">Type: LED Flasher; R.P.M.: NA</SimpleData>
		<SimpleData name="optic_make">Sealite</SimpleData>
		<SimpleData name="optic_model">SL155-5D</SimpleData>
		<SimpleData name="optic_type">LED Flasher</SimpleData>
		<SimpleData name="optic_size">171mm</SimpleData>
		<SimpleData name="led">1</SimpleData>
		<SimpleData name="solar">1</SimpleData>
		<SimpleData name="ais">0</SimpleData>
		<SimpleData name="dgps">0</SimpleData>
		<SimpleData name="racon">G</SimpleData>
		<SimpleData name="vts">0</SimpleData>
		<SimpleData name="tower_type">Cast Iron tower</SimpleData>
		<SimpleData name="tower_h_m">35</SimpleData>
		<SimpleData name="tower_colour">Red &amp; White Bands</SimpleData>
		<SimpleData name="tower_year">1972</SimpleData>
		<SimpleData name="established">1972</SimpleData>
		<SimpleData name="visit">grounds</SimpleData>
		<SimpleData name="tourism">0</SimpleData>
		<SimpleData name="museum">0</SimpleData>
		<SimpleData name="record">1</SimpleData>
		<SimpleData name="ledger_url">https://www.dgll.nic.in/sites/default/files/2022-12/mb36.pdf</SimpleData>
		<SimpleData name="page_url">https://www.dgll.nic.in/DGLL-light-house-location/about-portblair/indira-point-lighthouse</SimpleData>
		<SimpleData name="rowlett">1972. Active (?); focal plane 35 m (115 ft); two white flashes every 20 s. 35 m (115 ft) round cast iron tower with lantern and gallery, painted with red and white spiral stripes. 3rd order Fresnel lens in use. A 2024 photo is at right, Lightphotos.net has a 2013 aerial photo, Mohammed Ramees has a 2018 photo, and Google has a satellite view. Marking the southernmost point of Indian territory, this lighthouse is an important landmark for ships bound to or from the Strait of Malacca. The point of land, formerly called Parsons Point and later Pygmalion Point, was renamed Indira Point after Prime Minister Indira Gandhi made a visit to the light station. A monument to her has been placed to mark</SimpleData>
		<SimpleData name="arlhs">AND-007</SimpleData>
		<SimpleData name="photo">https://www.dgll.nic.in/sites/default/files/2022-11/36.png</SimpleData>
		<SimpleData name="transcribed">1</SimpleData>
		<SimpleData name="ledger_issues">(1:NAIS section has no equipment details (only template label 'VSAT Antenna Prodelin 2.4 meter'))</SimpleData>
		<SimpleData name="equip_years">{ &quot;racon&quot;: 2005 }</SimpleData>
		<SimpleData name="equip_since">{ &quot;racon&quot;: { &quot;year&quot;: 2005, &quot;src&quot;: &quot;ledger&quot; } }</SimpleData>
		<SimpleData name="tenders">(1:1987)</SimpleData>
		<SimpleData name="photo_credit">DGLL</SimpleData>
	</SchemaData></ExtendedData>
      <Point><coordinates>93.82267,6.75167</coordinates></Point>
  </Placemark>
</Folder>
</Document></kml>
