id,name,kind,region,lat,lon,pos_src,address,alol,char,ckind,colour,group,period,phases,phases_src,flash_s,sectored,sectors_text,lum_nm,geo_nm,iala_nm,reach_nm,intensity_cd,elev_m,optic,optic_order,optic_evidence,optic_make,optic_model,optic_type,optic_size,rpm,panels,panels_total,panels_note,led,solar,ais,dgps,racon,navtex,vts,tower_type,tower_h_m,tower_colour,tower_year,established,visit,tourism,museum,record,ledger_url,page_url,rowlett,arlhs,wikidata,photo,transcribed,no_ledger,ledger_issues,equip_years,equip_since,tenders,photo_credit
koteshwar-lighthouse-vts-station,Koteshwar Lighthouse & VTS station,lighthouse,Gandhidham (VTS),23.68433,68.53,DGLL ledger,,F-0354,"Fl (2)W15 sec [(fl 1s, ec 3s), fl 1s, ec10s]",Fl,W,2,15,"[1.0, 3.0, 1.0, 10.0]",ledger,1,False,,18,19.4,19.5,18,94400,50.3,flasher,,Type of Light (LED Flasher); Type of Light structure: Stationary LED flashing light,"Sealite, Australia",SL300-1D5-1-W,LED Flasher,373mm lens diameter,,,,,True,True,False,False,,,True,RCC Circular concrete Tower,60,4 black and 3 white bands. (Bottom band black),2014,2014,grounds,False,False,True,https://www.dgll.nic.in/sites/default/files/2022-11/Koteshwar_0.pdf,https://www.dgll.nic.in/DGLL-light-house-location/about-vts-gandhi-dham/koteshwar-lighthouse-vts-station,"2014 (?). Active; focal plane 60 m (197 ft); two white flashes every 15 s. Approx. 57 m (187 ft) round cylindrical concrete tower with lantern and gallery, painted with black and white horizontal bands. Jay Thakker has a 2023 photo, Tanmay Vora has a photo, Lightphotos.net has a photo, and Google has a satellite view. This is both the northernmost and the westernmost lighthouse of India. It has strategic value, standing to the east of the disputed Rann of Kutch area on the Pakistani frontier. Located on the south side of the village of Koteshwar facing the inlet known as Kori Creek. Site open, tower closed. Admiralty F0354; NGA 28420.5.",,,https://www.dgll.nic.in/sites/default/files/2022-09/Koteshwar%201.png,True,,"[""Elevation given as sum '46.5+3.8=50.3 M'"", ""Vertical divergence stated only as '>1.5°'"", ""Physical characteristic values are misaligned with their labels on page 1 (e.g. lens diameter/height/width rows shifted)"", ""No RACON/NAIS/DGPS sections; page numbering reads 'Page 9 of 8'""]",{},{},[2303],DGLL
jakhau-lighthouse-and-vts-station,Jakhau Lighthouse and Vts Station,lighthouse,Gandhidham (VTS),23.23933,68.60717,DGLL ledger,"Jakhau Lighthouse & VTS Station, PO- Jakhau, Taluka – Abdasa Distt. Kutch Gujarat – 370640",F 0355,Fl W 10 sec. (0.3 flash+9.7eclipse =10 sec.),Fl,W,1,10,"[0.3, 9.7]",ledger,0.3,False,,17,18,,17,,46,revolving,3,375mm (3rd order small) revolving type; Rotation device: electrically operated stepper motor; R.P.M 2,Stone chance,,revolving type,375mm,2,3,,,True,True,True,False,M,,True,Double shell RCC Circular tower,41,"4 red and 3 white bands (Band width 5.6 mtrs, bottom band red, nos. of bands - 7)",1965,1957,grounds,False,False,True,https://www.dgll.nic.in/sites/default/files/2022-12/Master%20Ledger%20Gandhidham%2003.pdf,https://www.dgll.nic.in/DGLL-light-house-location/about-vts-gandhidham/jakhau-lighthouse-and-vts-station,"1965 (station established 1957). Active; focal plane 46 m (151 ft); white flash every 10 s. 41 m (135 ft) round cylindrical concrete tower with lantern and gallery, painted with horizontal red and white bands. Prashant Chauhan's 2024 photo is at right, Chandrakant Swain has a 2018 photo, DGLL has a photo of the 60 m (197 ft) traffic control tower that stands next to the lighthouse, Chandrakant Swain has a photo of both towers, and Google has a satellite view. The original lighthouse here was replaced in 1964. Located on the main quay of Jakhau, a fishing port in western Kachchh. Site open, tower closed. ARLHS IND-138; Admiralty F0355; NGA 28420.",IND-138,,https://www.dgll.nic.in/sites/default/files/2022-11/Jakhau%20Lighthouseand%20Vts%20Station.png,True,,"[""Position printed with seconds marks (23°14.36\"", 68°36.43\"") but values read as decimal minutes"", ""Year of lighthouse commissioned 1957, but Date of Commissioning given as 1st April 1965 (Lighthouse)"", ""Off-grid solar system stated as non-operational""]","{""racon"": 2004}","{""racon"": {""year"": 2004, ""src"": ""ledger""}, ""ais"": {""year"": 2012, ""src"": ""network""}}",[2303],DGLL
navlakhi-lighthouse,Navlakhi Lighthouse,lighthouse,Gandhidham (VTS),22.961,70.4439,DGLL ledger,,F 0370,Fl (W) 10Sec. (1 + 9 = 10Sec),Fl,W,1,10,"[1.0, 9.0]",ledger,1,False,,12,16.2,,12,,31,flasher,,Type of Light (LED Flasher); Lantern: 12NM MLB-200-13 marine LED lantern,"Advance Navigation and Solar Technologies, New Delhi",MLB-200-13,12NM marine LED lantern (LED Flasher),,,,,,True,True,False,False,B,,False,Circular RCC tower,30,White and red Alternate Horizontal bands,2012,1932,closed,False,False,True,https://www.dgll.nic.in/sites/default/files/2022-12/Master%20Ledger%20Gandhidham%2012.pdf,https://www.dgll.nic.in/DGLL-light-house-location/about-vts-gandhi-dham/navlakhi-lighthouse,"2012 (station established 1932). Active; focal plane 30 m (198 ft); three white flashes every 10 s. 30 m (98 ft) round concrete tower with lantern, gallery, and an observation level, very similar to the Bhadreswar lighthouse at right. Tower painted with horizontal red and white bands. Saiad Sekh has a 2023 photo, Rajesh Shah has a distant view, and Google has a satellite view. The light guides ships approaching the port facility at Navlakhi at the head of the Gulf of Kachchh. The original light was replaced in 1985 by a 24 m (79 ft) skeletal tower. That lighthouse was knocked out of service by the earthquake of 26 January 2001, but it was restored and returned to service the following month.",IND-155,,https://www.dgll.nic.in/sites/default/files/2022-11/Navlakhi%20Lighthouse.png,True,,"[""Characteristic Fl (W) 10Sec (1 + 9) conflicts with lantern character '3fl (W) every 10Sec {(0.5+1.5)2+0.5+5.5=10Sec.}'"", ""Year of Establishment '1910 and re-established in 2012'"", ""Page footer reads 'Page 2 of 8' but PDF has only 2 pages""]",{},"{""racon"": {""year"": 2004, ""src"": ""network""}}",[2303],DGLL
chhachhi-lighthouse-and-vts-station,Chhachhi Lighthouse And Vts Station,lighthouse,Gandhidham (VTS),22.95333,69.00167,DGLL ledger,,F-0356,Fl (3)W 15 sec. [(0.35+2.15+0.35+2.15+0.35+9.65 =15 sec.)],Fl,W,3,15,"[0.35, 2.15, 0.35, 2.15, 0.35, 9.65]",ledger,0.35,False,,19,14,19.3,14,85383,32,revolving,4,B.B.T. France make 250 mm (4th order large) revolving type,B.B.T. France,,250 mm (4th order large) revolving type,250 mm,,,,,True,True,True,False,,,True,Square masonry stone tower,,3 Black and 2 white bands,1964,1957,grounds,False,False,True,https://www.dgll.nic.in/sites/default/files/2022-12/Master%20Ledger%20Gandhidham%2005.pdf,https://www.dgll.nic.in/DGLL-light-house-location/about-vts-gandhi-dham/chhachhi-lighthouse-and-vts-station,"1964 (station established 1957). Active; focal plane 33 m (108 ft); three white flashes every 15 s. 31 m (102 ft) square cylindrical masonry tower with lantern and gallery. Lighthouse painted with horizontal black and white bands; lantern roof painted red. DGLL's photo shows the lighthouse and the much taller traffic control tower that has stood next to it since 2008. Saurabh Parmar has a 2019 photo of the two towers, Niraj Kumar also has a photo, and Google has a satellite view of the two towers. This is an important lighthouse marking the northern entrance to the Gulf of Kachchh. Located near the village of Chhachhi about 50 km (30 mi) north northwest of Mandvi. Site open, although roads i",IND-015,,https://www.dgll.nic.in/sites/default/files/2022-11/Chhachhi%20Lighthouse%20And%20Vts%20Station.png,True,,"[""Optic 'Duration of flash: 2.1 sec' contradicts characteristic flash length 0.35 sec"", ""Elevation given as '27.43+4.57=32 M'; tower height not separately stated (VTS tower 60 m is a separate structure)"", ""established_year from lighthouse commissioning 15.06.1964 (VTS 13.02.2012)""]",{},"{""ais"": {""year"": 2012, ""src"": ""network""}}",[2303],DGLL
bhadreshwar-vts-repeater-and-lighthouse-station,Bhadreshwar Vts Repeater And Lighthouse Station,lighthouse,Gandhidham (VTS),22.9096,69.9135,DGLL ledger,,F 0365,"White 3 flash every 20 Sec [(fl 1s, ec 2s)X2, fl 1s, ec13s]",Fl,W,3,20,"[1.0, 2.0, 1.0, 2.0, 1.0, 13.0]",ledger,1,False,,16,19.0,,16,,48,flasher,,Type of Light (LED Flasher); Type of Light structure: Stationary LED Flashing Light,"Sealite, Australia",SL300-1D5-1-W,LED Flasher,Lens Diameter 373mm,,,,,True,True,False,False,,,True,Circular RCC tower,60,White,2012,2012,grounds,False,False,True,https://www.dgll.nic.in/sites/default/files/2022-12/Master%20Ledger%20Gandhidham%2010.pdf,https://www.dgll.nic.in/DGLL-light-house-location/about-vts-gandhi-dham/bhadreshwar-vts-repeater-and-lighthouse-station,"2012. Active; focal plane 77 m (253 ft); three white flashes every 20 s. 60 m (197 ft) round concrete tower with lantern and double gallery. Entire lighthouse is white. A 2023 photo is at right and Google has a satellite view. This light is mounted on a vessel traffic control tower. Located at Bhadreswar, a village about 30 km (19 mi) northwest of Mundra. Site open, tower closed. Admiralty F0365; NGA 28378.",,,https://www.dgll.nic.in/sites/default/files/2022-11/Bhadreshwar%20Vts%20Repeater%20And%20Lighthouse%20Station.png,True,,"[""Longitude printed without hemisphere letter ('69.9135°'); taken as E"", ""Tower height 60M exceeds stated light elevation 48M above MSL"", ""Items xi-xiii values appear shifted one row: 'Product Life Expectancy: 12/03/2022', 'Date of Installation: Sealite, Australia', Make blank"", ""Vertical divergence given as '>1.5°' (lower bound only)"", ""Optic line also states '13 – 19NM AT@ 0.74'""]",{},{},[2303],DGLL
mandvi-lighthouse-vts-station,Mandvi Lighthouse & Vts Station,lighthouse,Gandhidham (VTS),22.818,69.34667,DGLL ledger,,F-0357,"Group flash 3 white every 30 sec [(fl 1s, ec 5s)*2, fl 1s, ec 17s]",Fl,W,3,30,"[1.0, 5.0, 1.0, 5.0, 1.0, 17.0]",ledger,1,False,,16,18.6,19.5,16,94400,45,flasher,,Type of Light structure: Stationary LED flashing light,"Sealite, Australia",SL300-1D5-1-W,LED Flasher (Multiple LED Optic),Lens Diameter 373mm,,,,,True,True,False,False,G,,True,RCC Circular concrete Tower,60,4 black and 3 white bands (Bottom band black),2012,1856,grounds,True,False,True,https://www.dgll.nic.in/sites/default/files/2022-12/Master%20Ledger%20Gandhidham%2006.pdf,https://www.dgll.nic.in/DGLL-light-house-location/about-vts-gandhi-dham/mandvi-lighthouse-vts-station,"2012 (station established 1856). Active; focal plane 63 m (207 ft); three white flashes, separated by 5 s, every 30 s. 30 m (98 ft) round cylindrical concrete vessel traffic control tower with two circular observation levels. Lighthouse painted with red and white horizontal bands. Hitendra Vankani's 2024 photo is at right, Tanmay Vora has a closeup photo, Hardik Dhayani has a 2015 photo, Vinay Toprani has a photo, and Google has a 2023 street view and a satellite view. The 1964 lighthouse (previous entry) was a cylindrical concrete tower with lantern and gallery; that lighthouse was demolished after being heavily damaged by the earthquake of 26 January 2001. It was replaced by a skeletal tow",IND-145,,https://www.dgll.nic.in/sites/default/files/2022-11/Mandvi%20Lighthouse%20%26%20Vts%20Station.png,True,,"[""Light installed at 45 m on a 60 m RCC radar/VTS tower; established_year taken from Date of Commissioning 13/02/2012"", ""Vertical divergence given as '>1.5°'""]",{},"{""racon"": {""year"": 2004, ""src"": ""network""}}",[2303],DGLL
rawal-pir-lighthouse,Rawal Pir Lighthouse,lighthouse,Gandhidham (VTS),22.81479,69.39204,Lighthouse Directory map link,,F 0360,green flash every 3 s,Fl,G,1,3.0,"[0.35000000000000003, 2.65]",derived,,,,,17.8,,17.8,,40.0,,,,,,,,,,,,,,,,,,False,31 m (102 ft) round concrete tower with lantern and two galleries painted with red and white spiral bands,31.0,tower with lantern and two galleries painted with red and white spiral bands,2020,1936,,True,False,False,,,"2020 (station established 1936). Active; focal plane 40 m (131 ft); green flash every 3 s. 31 m (102 ft) round concrete tower with lantern and two galleries painted with red and white spiral bands. Vinay Ahirwar has a 2025 photo, a 2022 closeup photo is available, Samat Vagha has a 2021 photo, and Google has a satellite view. The listed location is the same as for the original light. Admiralty F0360; NGA 28404.",,,,,True,,{},{},[2116],
navinal-lighthouse-and-vts-station,Navinal Lighthouse And Vts Station,lighthouse,Gandhidham (VTS),22.7679,69.6725,DGLL ledger,,F0361.82,Gp Fl 2 (W) every 10 Second,Fl,W,2,10,"[0.7, 1.0, 0.7, 7.6]",derived,,False,,15,19.0,,15,,48,flasher,,Optical Equipment: SL-155 With 9 degree elevation; Type of Light (LED Flasher); LED LANTERN,Sealite,SL-155-2.5D-W,LED Flasher,,,,,,True,True,True,False,C,,True,RCC Circular concrete Tower (Light is installed at the height of 45 mtr),60,4 black and 3 white bands. (Bottom band black),,1892,,False,False,True,https://www.dgll.nic.in/sites/default/files/2022-12/Master%20Ledger%20Gandhidham%2009.pdf,https://www.dgll.nic.in/DGLL-light-house-location/about-vts-gandhidham/navinal-lighthouse-and-vts-station,"Date unknown (station established 1892). Active; focal plane about 65 m (213 ft); two white flashes every 15 s. 60 m (197 ft) round cylindrical concrete vessel traffic control tower with lantern and gallery, painted with horizontal black and white bands; lantern roof painted red. Daksh Joshi's 2020 photo is at right, a 2018 photo is available and Google has a satellite view. Navinal Point is a swampy point of land sheltering Mundra Creek; Admiralty F0361.82.",,,https://www.dgll.nic.in/sites/default/files/2022-11/Navinal%20Lighthouse%20And%20Vts%20Station.png,True,,"[""RACON mentioned only in power source line ('Recon PMPI X band'); no RACON section or make/code details"", ""Illuminant cites a 170 watt solar panel while power source lists a 100 watt solar panel for the light"", ""Date of commissioning 13/02/2012 (VTS) differs from Year First Light Commissioned 01.06.1965; subsequent development 1988, 1993, 1997, 2003"", ""Effective beam intensity not stated""]",{},"{""racon"": {""year"": 2004, ""src"": ""network""}, ""ais"": {""year"": 2012, ""src"": ""network""}}","[2568, 2303, 2089]",DGLL
mungra-reef-lighthouse,Mungra Reef Lighthouse,lighthouse,Gandhidham (VTS),22.75983,70.1835,DGLL ledger,,0367.8,Fl (2) W 15Sec. 0.75+1+0.75+12.5 = 15Sec.,Fl,W,2,15,"[0.75, 1.0, 0.75, 12.5]",ledger,0.75,True,Visibility sector: 360°,12,8,,8,,7,flasher,,"Navaid NE-9 LED Light Beacon, drum optic, Type of flasher: Auto-flash; Pedestal N/A",Navaid,NE-9,"LED Light Beacon, drum optic",drum optic,,,,,True,True,False,False,,,False,"White round concrete tower, red bands",10,White - red band,1890,1890,closed,False,False,True,https://www.dgll.nic.in/sites/default/files/2022-12/Master%20Ledger%20Gandhidham%2016.pdf,https://www.dgll.nic.in/DGLL-light-house-location/about-vts-gandhi-dham/mungra-reef-lighthouse,"1890 (rebuilt and lit in 1997; rebuilt a second time in 1999). Active; focal plane 10 m (33 ft); two white flashes every 10 s. 10 m (33 ft) round cylindrical concrete tower on a circular masonry pier. Tower painted red with one white horizontal band. The Indian Logistics Info photo is at right, but the light is not seen in Bing's satellite view. The lighthouse marks a dangerous reef on the approach to Jodiya Bandar. The native state of Nawanagar built this beacon. It was rebuilt in 1999 after being heavily damaged by a tropical cyclone on 9 June 1998. Located in the Gulf of Kachchh about 12 km (7.5 mi) northwest of Jodiya Bandar. Accessible only by boat. Site and tower closed. ARLHS IND-151;",IND-151,,https://www.dgll.nic.in/sites/default/files/2022-11/Mungra_Reef_Lighthouse.png,True,,"[""Effective Beam Intensity value missing (only unit 'Candela' printed)""]",{},{},[],DGLL
jodiya-lighthouse,Jodiya Lighthouse,lighthouse,Gandhidham (VTS),22.725,70.28,DGLL ledger,,0368,Fl (W) 10Sec. (1 + 9 = 10Sec),Fl,W,1,10,"[1.0, 9.0]",ledger,1,True,Visibility sector: 360°,11,14,,11,,31,flasher,,"Marine LED Lantern NE-9A, Type of Light (LED Flasher), Operation: Flashing","NavAids Pvt Ltd, Delhi",NE-9A,Marine LED Lantern (Three-Tier),,,,,,True,True,False,False,,,False,Frame work tower (Trestle tower),30,White,2002,1903,grounds,False,False,True,https://www.dgll.nic.in/sites/default/files/2022-12/Master%20Ledger%20Gandhidham%2013.pdf,https://www.dgll.nic.in/DGLL-light-house-location/about-vts-gandhi-dham/jodiya-lighthouse,"2002 (station established 1903). Active; focal plane 31 m (102 ft); white flash every 10 s. 30 m (98 ft) skeletal tower, painted white. A 2021 photo and a distant 2025 view are available and Google has a satellite view. The 1993 lighthouse, a round cylindrical masonry tower with gallery attached to a small square 1-story equipment room, was destroyed by the earthquake of 26 January 2001. The original lighthouse was a small cast iron tower purchased from Chance Brothers by the native state of Nawanagar. Located at Jodiya (Jodia), a small port on the upper Gulf of Kachchh. Site open, tower closed. ARLHS IND-141; Admiralty F0368; NGA 28368.",IND-141,,https://www.dgll.nic.in/sites/default/files/2022-11/Jodiya_Lighthouse.png,True,,[],{},{},[],DGLL
mawadi-point-beacon,Mawadi Point Beacon,lighthouse,Gandhidham (VTS),22.62,69.97167,DGLL ledger,,0378,Fl (R) 10Sec. (1 + 9 = 10Sec),Fl,R,1,10,"[1.0, 9.0]",ledger,1,False,,5,7,8.0,5,500,5,flasher,,Type of Light (LED Flasher); Type of flasher: Marine LED Flasher,"Sealite, Australia",SL125,Marine LED Flasher,,,,,,True,True,False,False,,,False,"White pyramidal concrete tower, red bands",8,White – red band,1958,1928,grounds,False,False,True,https://www.dgll.nic.in/sites/default/files/2022-12/Master%20Ledger%20Gandhidham%2018_0.pdf,https://www.dgll.nic.in/DGLL-light-house-location/about-vts-gandhidham/mawadi-point-beacon,"1958 (station established 1928). Active; focal plane 8 m (26 ft); red flash every 10 s. 8 m (26 ft) short round tower mounted atop a round cylindrical stone tower. The upper tower is painted red with a white horizontal band. The lower tower is unpainted brown stone. Tushar Chhatrara has a photo but the light is not shown in Google's satellite view. The light marks the end of a reef extending northeast from Pirotan Island. The first light was a skeletal tower built on a daybecaon established in 1867. Located about 2.25 km (1.4 mi) northeast of the modern lighthouse. Site open, and nothing prevents climbing on the lighthouse. Admiralty F0378; NGA 28356.",,Q29048448,http://commons.wikimedia.org/wiki/Special:FilePath/Lighthouse%20pirotan.jpg,True,,"[""Elevation 5 Meter is less than tower height 8 Meter""]",{},{},[],DGLL
pirotan-lighthouse,Pirotan Lighthouse,lighthouse,Gandhidham (VTS),22.60333,69.95167,DGLL ledger,"C/O Assistant Engineer (E) Dhuvav MCS Station Jamnagar, Gujarat Pin - 361 008",F 0380,Fl W 20 sec. (0.4+19.6 = 20 sec.),Fl,W,1,20,"[0.4, 19.6]",ledger,0.4,False,,24,12,23.6,12,460194,26,revolving,3,Size: 500 mm (3rd order large) revolving type; Rotation device: stepper motor; R.P.M.: 3,Stone Chance,,revolving type,500 mm,3,2,,,False,True,False,False,K,,False,Circular masonry tower,24,Black and White alternate horizontal bands,1958,1898,closed,False,False,True,https://www.dgll.nic.in/sites/default/files/2022-12/Master%20Ledger%20Gandhidham%2017.pdf,https://www.dgll.nic.in/DGLL-light-house-location/about-vts-gandhi-dham/pirotan-lighthouse,"1958 (station established 1898). Active; focal plane 26 m (85 ft); white flash every 20 s. 21 m (69 ft) round masonry tower with lantern and gallery, painted with horizontal black and white bands. Jayesh Kumar's 2020 photo is at right, Wikimedia has a sunrise photo by S. Ballal, Kumar has another 2020 photo, and Google has a satellite view. A seawall protects this highly exposed lighthouse. Pirotan is the beginning of the approach to Bedi, the seaport of the city of Jamnagar. Located on a small island 10 km (6 mi) northwest of Rozi. Accessible only by boat. Site and tower closed. ARLHS IND-157; Admiralty F0380; NGA 28352.",IND-157,Q29048448,http://commons.wikimedia.org/wiki/Special:FilePath/Lighthouse%20pirotan.jpg,True,,"[""Intensity printed as '46,0194 Candela' (irregular digit grouping, read as 460194)"", ""Duration of flash 0.7 Second differs from characteristic flash 0.4 s"", ""2 panels at 3 RPM gives a flash every 10 s, but characteristic is every 20 s"", ""Commissioning: first lighthouse 1898, modern lighthouse 05.02.1958""]","{""racon"": 2004}","{""racon"": {""year"": 2004, ""src"": ""ledger""}}",[],DGLL
chank-tapu-lighthouse,Chank Tapu Lighthouse,lighthouse,Gandhidham (VTS),22.54667,69.41,DGLL ledger,,0386,Fl (W) 15Sec. (1 + 14 = 15Sec),Fl,W,1,15,"[1.0, 14.0]",ledger,1,False,,11,9,14.2,9,10000,12,flasher,,Type of Light (LED Flasher); Operation- Flashing; Horizontal Divergence 360°,"NavAids Pvt Ltd, Delhi",NE-9A Three-Tier Lantern,LED Flasher,,,,,,True,True,False,False,,,False,Frame work tower (M.S. Trestle tower) over masonry structure,6,White - Black three strips,1988,1934,closed,False,False,True,https://www.dgll.nic.in/sites/default/files/2022-12/Master%20Ledger%20Gandhidham%2020.pdf,https://www.dgll.nic.in/DGLL-light-house-location/about-vts-gandhi-dham/chank-tapu-lighthouse,"1988 (station established 1934). Active; focal plane 14 m (46 ft); white flash every 15 s. 8 m (26 ft) square cylindrical skeletal tower with gallery, mounted on a large square concrete base. Wikimapia has an older photo and Bing has a satellite view. Lighthouse painted white; the small lantern is red. A stone daybeacon was placed on the reef in 1885; a skeletal tower was added in 1928 but apparently it was not lighted until 1934. Located at the northeastern end of the extensive Chanka Reef system, about 35 km (2 mi) east northeast of Okha. Accessible only by boat. Site and tower closed. Admiralty F0386; NGA 28332.",,,https://www.dgll.nic.in/sites/default/files/2022-11/Chank_Tapu_Lighthouse.png,True,,"[""Height given as '6 Meter steel trestle above 3mtrs masonry structure'"", ""Date of commissioning lists '05.02.2022 for New Light and new trestle' and '23.05.2014'; 2014 used as established year"", ""Intensity given as 'Max. Beam Intensity 10,000 Candela'""]",{},{},[],DGLL
bural-reef-lighthouse,Bural Reef Lighthouse,lighthouse,Gandhidham (VTS),22.545,69.27,DGLL ledger,,0386.5,Fl (W) 1.1Sec. (0.5 + 0.6 = 1.1Sec),Fl,W,1,1.1,"[0.5, 0.6]",ledger,0.5,False,,9,10,14.2,9,10000,15,flasher,,Type of Light (LED Flasher): Marine LED Lantern; Operation: Flashing,"NavAids Pvt Ltd, Delhi",NE-9A (Three-Tier Lantern),Marine LED Lantern (LED Flasher),,,,,,True,True,False,False,D,,False,White round tower,12,White,1979,1979,closed,False,False,True,https://www.dgll.nic.in/sites/default/files/2022-12/Master%20Ledger%20Gandhidham%2019.pdf,https://www.dgll.nic.in/DGLL-light-house-location/about-vts-gandhidham/bural-reef-lighthouse,"1979. Active; focal plane 15 m (49 ft); quick-flashing white light. 12 m (39 ft) round cylindrical concrete tower with three galleries but no lantern, painted white. Lightphotos.net has an older photo, Indian Logistics Info.has a page with a photo, and Bing has a satellite view. The dangerous Bural Reef extends east northeast from Okha Point. Located about 25 km (15 mi) east northeast of Okha. Accessible only by boat. Site and tower closed. ARLHS IND-126; Admiralty F0386.5; NGA 28328.",IND-126,,https://www.dgll.nic.in/sites/default/files/2022-11/Bural_Reef_Lighthouse%20.png,True,,"[""Station name not printed in ledger; taken from file slug"", ""Luminous range 9NM conflicts with lantern electrical parameter range 11-14NM"", ""Year of commissioning 1978, with new light & trestle 05.02.2022""]","{""racon"": 2017}","{""racon"": {""year"": 2017, ""src"": ""ledger""}}",[],DGLL
samiyani-north-island-lighthouse-station,Samiyani North Island Lighthouse Station,lighthouse,Gandhidham (VTS),22.48472,69.08472,DGLL ledger,,F0389,Flashing (Green) every 3 sec FL 0.5 sec + EC 2.5 sec,Fl,G,1,3,"[0.5, 2.5]",ledger,0.5,False,,5,12.3,,5,,13.5,flasher,,"Optical Equipment: LED Lantern, Sealite SL-125-2","Sealite, Australia","SL-125-2, GREEN",LED Lantern,,,,,,True,True,False,False,,,False,Circular masonry tower,12,Black & white alternate horizontal band,2002,1935,closed,False,False,True,https://www.dgll.nic.in/sites/default/files/2022-12/Master%20Ledger%20Gandhidham%2024.pdf,https://www.dgll.nic.in/DGLL-light-house-location/about-vts-gandhi-dham/samiyani-north-island-lighthouse-station,"2002 (station established 1935). Active; focal plane 11 m (36 ft); green flash every 3 s. 9 m (30 ft) round cylindrical concrete tower, mounted on a concrete foundation. Lighthouse painted with black and white horizontal bands. Chetan Kanzariya has a distant view and Google has an indistinct satellite view. The original light on a skeletal tower was replaced by a concrete tower in 1957. That lighthouse was destroyed by a tropical cyclone on 9 June 1998. It was replaced by a temporary skeletal tower, and then by the present lighthouse, which probably resembles the 1957 tower. Located in the water off the northeast tip of Samiyani Island. , marking the end of a long shoal. Accessible only by b",IND-163,,https://www.dgll.nic.in/sites/default/files/2022-11/Samiyani_North_Island_Lighthouse_Station.png,True,,"[""Latitude printed as '22°29 5\""N' without a minutes mark; read as 22° 29' 5\""""]",{},{},[],DGLL
samiyani-island-lighthouse-station,Samiyani Island Lighthouse Station,lighthouse,Gandhidham (VTS),22.48417,69.08389,DGLL ledger,,F 0390,Flashing (W) every5 sec,Fl,W,1,5,"[0.45, 4.55]",derived,,True,W160° (057-217) W 13° (247-260) R 30° (217-247) R 30° (260-290) W 79° (290-009),11,9,,9,,22,flasher,,"Optical equipment: Sealite SL-155 2.5D lantern, 'White flash every5 sec'; battery/solar powered, no rotation device","Sealite, Australia","SL-155, 2.5D",,,,,,,False,True,False,False,,,False,Round stone masonry tower,20,White,1876,1876,grounds,True,False,True,https://www.dgll.nic.in/sites/default/files/2022-12/Master%20Ledger%20Gandhidham%2025.pdf,https://www.dgll.nic.in/DGLL-light-house-location/about-vts-gandhi-dham/samiyani-island-lighthouse-station,"1876. Active; focal plane 22 m (72 ft); flash every 5 s, white or red depending on direction. 20 m (66 ft) round sandstone tower with lantern and gallery, mounted on a square stone base. Lighthouse painted white; lantern dome is red. A 2018 photo is at right, Kashyap Atri has a 2019 photo, Vishal Ahir has a 2024 view from the sea, and Google has a satellite view. Built by the princely state of Baroda, this elegant and historic lighthouse marks the entrance to Okha harbor. It stands on an island 1.5 km (1 mi) north of Okha Point, the tip of the peninsula. Boat transportation to the island can be hired in Okha. Located in the center of the island. Site open, tower closed. ARLHS IND-018; Admira",IND-018,,https://www.dgll.nic.in/sites/default/files/2022-11/Samiyani_island_Lighthouse_Station.png,True,,"[""No station name printed; address is 'C/o Station in-Charge, Okha Lighthouse and VTS Station'"", ""Latitude printed '22°29 3\""N' with missing minute mark; read as 22° 29' 3\"""", ""Characteristic says white flashing only but visibility sectors include red sectors"", ""Date of commissioning: original 1876, present lighthouse 1927""]",{},{},[],DGLL
okha-lighthouse-dgps-and-vts-station,OKHA Lighthouse DGPS And VTS Station,lighthouse,Gandhidham (VTS),22.47635,69.06983,DGLL ledger,,F.0388,"Fl (3) W.25 sec.(Fl-1. 0.41, ec. 4.59, Fl-2.0.41, ec.4.59, Fl-3. 0.41, ec.14.59)",Fl,W,3,25,"[0.41, 4.59, 0.41, 4.59, 0.41, 14.59]",ledger,0.41,False,,25,15,23.1,15,386400,26,revolving,4,250 mm dia (4th order) revolving; Rotation device 20 kg.cm stepper motor; R.P.M 2.4,"Chance Brother Ltd., U.K",,revolving,250 mm dia,2.4,3,,,False,True,False,True,O,,True,Square Masonry tower,23,Red and White alternate horizontal band,1956,1956,grounds,True,False,True,https://www.dgll.nic.in/sites/default/files/2022-12/Master%20Ledger%20Gandhidham%2023.pdf,https://www.dgll.nic.in/DGLL-light-house-location/about-vts-gandhi-dham/okha-lighthouse-dgps-and-vts-station,"1956. Active; focal plane 26 m (85 ft); three white flashes every 25 s. 23 m (75 ft) square cylindrical concrete tower with lantern and gallery, painted with horizontal red and white bands. Niraj Kumar has a photo. Google's satellite view shows the 60 m (197 ft) round VTS vessel tracking tower built next to the historic lighthouse in 2012. Wikimedia has a view taken from the VTS tower. Okha lies at the end of a north-pointing peninsula that defines the southern entrance to the Gulf of Kachchh (Kutch). After independence western India lost the use of the port of Karachi, Pakistan, so it became important to develop port facilities in the Gulf. This lighthouse was the first major improvement to",IND-014,,https://www.dgll.nic.in/sites/default/files/2022-11/OKHA_LIGHTHOUSE.png,True,,"[""Position printed with seconds using a single prime (34.87', 11.38'); treated as degrees-minutes-seconds"", ""Emergency vertical divergence printed as 0° 68' (minutes >= 60)"", ""Optic 'Duration: 5 sec.' conflicts with flash duration 0.41 s in characteristic"", ""RACON and DGPS aerial label/value rows are misaligned on the page (e.g. Output pulse power / Code / Power supply values shifted)"", ""DGPS Date Commissioning listed as 30-10-1998 and also 'Date of Commissioning 22/03/2018' / May 2004 in misaligned rows""]","{""dgps"": 2018, ""racon"": 2004}","{""racon"": {""year"": 2004, ""src"": ""ledger""}, ""dgps"": {""year"": 2018, ""src"": ""ledger""}}","[2303, 622]",DGLL
kalubhar-lighthouse,Kalubhar Lighthouse,lighthouse,Gandhidham (VTS),22.43833,69.58667,DGLL ledger,,0384,Fl (3W) in 15Sec ((0.75 + 2.25)2 + 0.75 + 8.25 = 15Sec),Fl,W,3,15,"[0.75, 2.25, 0.75, 2.25, 0.75, 8.25]",ledger,0.75,True,Visibility sector: 360°,12,13,14.2,12,10000,27,flasher,,Marine LED Lantern NE-9A with programmable flasher; no rotation device,"NavAids Pvt Ltd, Delhi",NE-9A,Marine LED Lantern (Three-Tier),,,,,,True,True,False,False,,,False,White round stone tower,20,White,1884,1884,closed,False,False,True,https://www.dgll.nic.in/sites/default/files/2022-12/Master%20Ledger%20Gandhidham%2021.pdf,https://www.dgll.nic.in/DGLL-light-house-location/about-vts-gandhi-dham/kalubhar-lighthouse,"1884. Active; focal plane 27 m (89 ft); three white flashes every 15 s. 20 m (66 ft) round stone tower with lantern and gallery, attached to a 1-story keeper's house. Lighthouse painted white; lantern dome is red. Prashant Chauhan's 2020 photo is at right, Mukeshkumar Mali has a distant photo, and Google has a satellite view. This lighthouse, which marks the entrance to the harbor of Salaya, was built by the princely state of Nawanagar. The tower was restored and increased in height in 1961. Located just off the west end of the island about 20 km (12.5 mi) north of Salaya. Accessible only by boat. Site and tower closed. ARLHS IND-169; Admiralty F0384; NGA 28336.",IND-169,,https://www.dgll.nic.in/sites/default/files/2022-11/Kalubhar_Lighthouse.png,True,,[],{},{},[],DGLL
kachhigadh-lighthouse,Kachchigadh Lighthouse,lighthouse,Jamnagar,22.33117,68.94867,DGLL ledger,,F 0397,Fl(4)W15 Sec. (0.4+1.5)3+0.4+8.9=15 Sec),Fl,W,4,15,"[0.4, 1.5, 0.4, 1.5, 0.4, 1.5, 0.4, 8.9]",ledger,0.4,False,,25.7,16.6,,16.6,,33,revolving,,Rotation Device: Stepper motor; R.P.M. 4; Pedestal: Mercury float,BBT,MBR-300,MBR-300,,4,4,,,True,True,False,False,K,,False,Circular concrete Tower,30,3 Red and 2 White bands (Bottom band Red),1983,1977,grounds,True,False,True,https://www.dgll.nic.in/sites/default/files/2022-12/dj1.pdf,https://www.dgll.nic.in/DGLL-light-house-location/about-jamnagar/kachhigadh-lighthouse,"1983 (station established 1977). Active; focal plane 34 m (112 ft); four white flashes every 15 s. 30 m (98 ft) round cylindrical concrete tower with lantern and gallery, painted with horizontal red and white bands. Arvind Prajapati has the 2022 photo seen at right, Vatsal Mandavia has a closeup 2021 photo, Sejul Antala has a closeup, R. Ramesh has a street view from the nearby beach, and Google has a satellite view. The station was established with a temporary light on a ""cabin"" in 1977. It marks the southern approach to the Gulf of Kachchh (Kutch). Located about 15 km (9 mi) north of Dwarka. Site open, tower closed. ARLHS IND-142; Admiralty F0397; NGA 28304.",IND-142,,https://www.dgll.nic.in/sites/default/files/2022-11/J-1.jpg,True,,"[""Effective beam intensity blank"", ""Date of commissioning blank""]",{},"{""racon"": {""year"": 2004, ""src"": ""network""}}",[],DGLL
dwarka-point-lighthouse,Dwarka Point Lighthouse,lighthouse,Jamnagar,22.23817,68.95783,DGLL ledger,,F 0396,Fl (2)W 20 sec. (0.31+4.69+0.31+14.69=20sec.),Fl,W,2,20,"[0.31, 4.69, 0.31, 14.69]",ledger,0.31,False,,25.5,19.0,24.7,19.0,707007,48,revolving,,Rotation Device: Stepper motor; R.P.M. 3; Pedestal: Mercury float,Stone Chance,,,500 mm,3,2,,,True,True,False,False,G,,False,Square masonry stone tower,43,Black and White bands,1962,1866,open,True,True,True,https://www.dgll.nic.in/sites/default/files/2022-12/dj2.pdf,https://www.dgll.nic.in/DGLL-light-house-location/about-jamnagar/dwarka-point-lighthouse,"1962 (station established 1866). Active; focal plane 48 m (157 ft); two white flashes every 20 s. 43 m (141 ft) square masonry tower with lantern and gallery, attached to a 1-story keeper's house/harbor control center. Lighthouse painted with horizontal black and white bands. A 2024 photo is at the top of this page, a 2018 photo is available, Elvin Lonan has a 2010 photo, Tanmay Vora has a 2008 photo, Wikimedia has a distant view, Harshang Chhaya has a closeup street view, and Google has a satellite view. This is the westernmost lighthouse of Saurashtra and a well-known tourist attraction. The original lighthouse, an 18 m (59 ft) square masonry tower, was built by the native state of Baroda.",IND-133,,https://www.dgll.nic.in/sites/default/files/2022-11/J-2.jpg,True,,"[""RACON heading says '- NA-' but a Tide Land RACON, code G, X&S band, installed Oct-2005 is listed"", ""NAIS lists only base station 'PSS Dwarka' with no model/MMSI"", ""Solar plant capacity printed as '10WKp'""]","{""racon"": 2005}","{""racon"": {""year"": 2005, ""src"": ""ledger""}}",[],DGLL
navadra-lighthouse,Navadra Lighthouse,lighthouse,Jamnagar,21.94167,69.23167,DGLL ledger,"Station Incharge, Navadra Lighthouse, P.O. Bhatiya,Taluka- Kalyanpur, Dist- Devbhumi Dwarka Pin-361315.",F 0398,Fl(3)W15 Sec. (0.4+1.5)2+0.4+10.8=15 Sec),Fl,W,3,15,"[0.4, 1.5, 0.4, 1.5, 0.4, 10.8]",ledger,0.4,False,,18,20.0,,18,,55,revolving,,Rotation Device: Stepper motor; R.P.M. 4,MSM,MBR-300,MBR-300,,4,3,,,True,True,False,False,,,False,Circular concrete Tower,35,3 Red and 2 White bands,1986,1986,grounds,False,False,True,https://www.dgll.nic.in/sites/default/files/2022-12/dj3.pdf,https://www.dgll.nic.in/DGLL-light-house-location/about-jamnagar/navadra-lighthouse,"1986. Active; focal plane 55 m (180 ft); three white flashes every 15 s. 35 m (115 ft) round cylindrical concrete tower with lantern and gallery, painted with horizontal red and white bands. Karan Ahir has a closeup 2023 photo and Google has a satellite view. This lighthouse was built to provide the first light for the long stretch of coastline between Porbandar and Dwarka. It stands isolated, surrounded by a large wind farm, about 500 m (0.4 mi) from a 25 m (80 ft) cliff. Located off the coastal highway 50 km (30 mi) southeast of Dwarka and the same distance northwest of Porbandar. Site open, tower closed. ARLHS IND-152; Admiralty F0398; NGA 28296.",IND-152,,https://www.dgll.nic.in/sites/default/files/2022-11/J-3.jpg,True,,"[""Effective beam intensity blank"", ""Name printed 'NAVDRA Lighthouse' (postal address 'Navadra')""]",{},{},"[2130, 2019]",DGLL
dariapur-lighthouse,Dariapur Lighthouse,lighthouse,Kolkata,21.79,87.865,DGLL ledger,"Dariapur Lighthouse, P.O Dariapur Dist. East Midnapur, PIN- 721 442",F 1029,Flash 2 (W) 20 Sec,Fl,W,2,20,"[0.25, 2.0, 0.25, 17.5]",derived,0.25,False,,19,15.5,19.3,15.5,85000,22,revolving,4,Size: 250 mm (4th Order) revolving; RPM 1.5; Pedestal: Mercury Float,"Chance Brothers, UK",,,250 mm (4th Order) revolving,1.5,4,,,False,True,False,False,G,,False,Circular Masonry Tower,26,Black & White Bands,1968,1943,open,True,False,True,https://www.dgll.nic.in/sites/default/files/2022-11/Kolkata%202.pdf,https://www.dgll.nic.in/DGLL-light-house-location/about-kolkata/dariapur-lighthouse,"1968 (station established 1943). Active; focal plane 30 m (98 ft); two long (1.4 s) white flashes every 20 s. 26 m (85 ft) round cylindrical concrete tower with lantern and gallery, painted with horizontal black and white bands. Sayan Pradhan's 2023 photo is at the top of this page, Wikimdia has Biswarup Ganguly's 2016 photo and several other photos, a 2012 photo is available, and Google has a 2023 street view and a satellite view. The original light was on a 20 m (66 ft) steel mast located 1 km (0.6 mi) to the east. The original optics for the current lighthouse were transferred from the 1881 Dwarka lighthouse, deactivated in 1964. Modern LED optics are now in use. Since 1995 the lighthouse",IND-030,Q32859730,http://commons.wikimedia.org/wiki/Special:FilePath/Dariapur%20Lighthouse%20-%20East%20Midnapore%202016-06-18%204577.JPG,True,,"[""Ledger gives 'Elevation of ground 4m' and 'Elevation of tower 22 m' (tower height 26 m); 22 m used as elevation"", ""Divergence printed without units ('2.28 (Horiz.) & 4.56 (Vert.)'); assumed degrees"", ""No year of establishment or commissioning stated""]","{""racon"": 2008}","{""racon"": {""year"": 2008, ""src"": ""ledger""}}","[2566, 2014, 1725, 869]",Wikimedia Commons
ruvapari-lighthouse,Ruvapari Lighthouse,lighthouse,Jamnagar,21.77833,72.23333,DGLL ledger,,F 0456,Fl (W) 12Sec. (0.5 + 11.5 = 12Sec),Fl,W,1,12,"[0.5, 11.5]",ledger,0.5,False,,11,13.9,12.1,11,3817,20,flasher,,Illuminant: SL 155 LED LANTERN; Rotation Device and R.P.M. blank,Chance Brother,,,300 mm,,,,,True,True,False,False,,,False,Grey hut o piles,10,Grey,1922,1891,grounds,False,False,True,https://www.dgll.nic.in/sites/default/files/2022-12/dj20.pdf,https://www.dgll.nic.in/DGLL-light-house-location/about-jamnagar/ruvapari-lighthouse,"1922 (station established 1891). Active (?); focal plane 20 m (66 ft); white flash every 12 s. Square 1-story wood keeper's house with a pyramidal corrugated iron roof, mounted on Burmese teak pilings. Since 1994 the light has been shown from the top of a tall mast mounted on the roof. A DGLL photo is at right and Google has a satellite view; in both views the lighthouse appears high and dry on mud flats. The original lighthouse was destroyed by a tropical cyclone in 1920. The survival of this old-fashioned pile lighthouse is astonishing. The Indian Quarterly had an article by Ramesh Menon (no longer online) stating that the lighthouse has a resident keeper. The 16 teak straightpiles are abo",IND-162,,https://www.dgll.nic.in/sites/default/files/2022-11/J-19.jpg,True,,"[""Divergence 3° 26.18' not labelled horizontal or vertical"", ""Tower type printed 'Grey hut o piles'; pedestal '40 feet wrought iron tapering mast fixed Screw Pile'"", ""Date of commissioning given only as year 1891""]",{},{},[],DGLL
perigee-light-vesselmain-light,Perigee Light Vessel(Main Light),lightvessel,Jamnagar,21.70183,72.3,DGLL ledger,"Perigee Lighthouse, C/o. Ghogha Lighthouse, P.O Ghogha, Dist: Bhavnagar.",F 0449,Fl (W) 7Sec. (0.5 + 6.5 = 7Sec),Fl,W,1,7,"[0.5, 6.5]",ledger,0.5,False,,12,13.7,13.0,12,5726,19,flasher,,Type: LED Lantern; Illuminant 12V/20W LED Lantern; Rotation Device and R.P.M. blank,Sealite,SL125,LED Lantern,125mm,,,,,True,True,False,False,,,False,Red Hull,10,Red,1973,1936,closed,False,False,True,https://www.dgll.nic.in/sites/default/files/2022-12/dj21.pdf,https://www.dgll.nic.in/DGLL-light-house-location/about-jamnagar/perigee-light-vesselmain-light,"1973 (station established 1936). Active; focal plane 12 m (39 ft); white flash every 7 s. 21 m (69 ft) unstaffed steel lightfloat; the solar-powered light is shown from a square pyramidal steel skeletal tower with gallery. Entire vessel painted red. A DGLL photo is at right and Bing has a satellite view. This vessel, the third to serve on the station, marks a dangerous shoal in the channel on the approach to Bhavnagar. Operated as an automated lightfloat, the ship was reported still on station in 2010. Located 3 km (2 mi) northeast of the Ghogha lighthouse; there should be a distant view from the Ghogha waterfront. Site and vessel closed. Operator: DGLL. ARLHS IND-144; Admiralty F0449; NGA 2",IND-144,,https://www.dgll.nic.in/sites/default/files/2022-11/J-20.jpg,True,,"[""Divergence 2.5º not labelled horizontal or vertical""]",{},{},[],DGLL
ghogha-lighthouse,Ghogha Lighthouse,lighthouse,Jamnagar,21.69167,72.27667,DGLL ledger,"N.A-I,Ghogha Lighthouse,P.O Ghogha,Dist.Bhavnagar,PIN-364110",F 0452,Occulting Red 15 Sec. (11 + 4= 15 Sec.),Oc,R,1,15,"[11.0, 4.0]",ledger,11,False,,11,13.4,16.9,11,32230,18,flasher,,"Make: B.B.T, Drum optic (fixed); Pedestal Fixed","B.B.T, Drum optic (fixed)",,1000 mm dia (Provided with red color filter),1000 mm diameter,,,,,True,True,False,False,,,False,Square masonry tower with semicircular.,16,2 Red and 1 White bands (Bottom band Red),,1856,grounds,True,False,True,https://www.dgll.nic.in/sites/default/files/2022-12/dj22.pdf,https://www.dgll.nic.in/DGLL-light-house-location/about-jamnagar/ghogha-lighthouse,"Date unknown (station established 1856). Active; focal plane 18 m (59 ft); red light occulting once every 15 s. 16 m (52 ft) square (or rectangular) cylindrical masonry tower with lantern and gallery, painted with horizontal red and white bands. Abutalib Sheikh has a closeup 2023 video, Ibrahim Shekh has a 2018 photo, Jatin Shah has a sunrise photo, another photo (second photo on the page) is available, and Google has a fuzzy satellite view. The station was inaugurated in 1856 with a mast light; this was replaced by a cast iron tower in 1887 and then by a masonry tower in 1936. Another tower was built in 1961. (We need more information about the history of this station!) Although Ghogha is a",IND-134,,https://www.dgll.nic.in/sites/default/files/2022-11/J-21.jpg,True,,"[""Divergence gives two values both labelled vertical ('4° 0.54'' and '0°41''), presumably main and emergency; no horizontal value"", ""RACON section is a blank table""]",{},{},[],DGLL
luhara-point-lighthouse,Luhara Point Lighthouse,lighthouse,Mumbai,21.6595,72.54817,DGLL ledger,"Navigational Assistant Luhara Point Lighthouse AT-Luhara, PO-Lakhigam, Via-Dahej, Taluka- Wagra Dist-Bharuch, PIN-392130 (Gujurat)",F 0470,fl W 15 Sec.(FL 0.5 Sec+14.5 Sec),Fl,W,1,15,"[0.5, 14.5]",ledger,0.5,False,,23.5,15.6,23.6,15.6,468750,28,revolving,,Type: GRL-48MK-II gearless rotation; Rotation Device: 12V DC stepper motor; R.P.M. 1,"M/S. Ana, New Delhi",GRL-48MK-II,An Octagonal lens panel assembly; GRL-48MK-II gearless rotation,200mm,1,4,,,True,True,True,False,D,,False,C.I. Circular tower on RCC Base,24,Red and White Spiral Band,1977,1887,open,False,False,True,https://www.dgll.nic.in/sites/default/files/2022-12/mm1.pdf,https://www.dgll.nic.in/DGLL-light-house-location/about-mumbai/luhara-point-lighthouse,"1977 (station established 1887). Active; focal plane 32 m (105 ft); white flash every 15 s. 24 m (79 ft) round cast iron tower with lantern and gallery, mounted on a round concrete base. Lighthouse painted in a red and white spiral pattern; lantern painted white. A 2021 photo is at right, Farmesh Vasava has a 2018 photo, Asim Patel has a sunset photo, Prakash Patel has a view from atop the lighthouse, and Google has a satellite view. The original lighthouse was a skeletal tower. Located on a point of land near Ambetha, at the entrance to the Narbada River, which leads to the port city of Bharuch. Accessible by a walk of about 1.5 km (1 mi) from the village of Luhara (local guidance needed). ",,,https://www.dgll.nic.in/sites/default/files/2022-11/Luhara_Point_Lighthouse.png,True,,"[""No. of lens printed 'Acrylic Fresnel lens assembly & 4 lanes +4 Blanks' (octagonal assembly); 4 lenses used"", ""RACON Sr. No 6295 is the same serial as in East Island and Kalpeni ledgers""]","{""racon"": 2005}","{""racon"": {""year"": 2005, ""src"": ""ledger""}, ""ais"": {""year"": 2012, ""src"": ""network""}}","[2544, 2219]",DGLL
tajpur-lighthouse,Tajpur Lighthouse,lighthouse,Kolkata,21.65161,87.63162,DGLL ledger,,F1028.5,Flash (3) White Every 15 Seconds,Fl,W,3,15,"[0.95, 1.5, 0.95, 1.5, 0.95, 9.15]",derived,,False,,20,16,11.8,16,3344,33.66,revolving,,Speed Of Rotation 3 Rpm; 6 Panels,,SMLRB21,,Focal Length F-185 Mm,3,6,,,False,False,False,False,,,False,Rcc Circular Tower (Slip Form),30,Red And White Spiral Band,2019,2019,open,True,False,True,https://www.dgll.nic.in/sites/default/files/2022-11/kalkata11.pdf,https://www.dgll.nic.in/DGLL-light-house-location/about-kolkata/tajpur-lighthouse,"2019. Active; focal plane 30 m (98 ft); three white flashes every 15 s. Approx. 27 m (89 ft) round cylindrical concrete tower with lantern and two large observation galleries. A 2020 photo is at right, Suvajit Manna has a good photo, T. Suman has a closeup and a street view, and Google has a satellite view. Located in Tajpur, about 30 km (19 mi) southwest of Contai. Site open, tower open late afternoons daily. . Admiralty F1028.5.",,,,True,,"[""Effective beam intensity printed as '1,10,000 Lux (10219 3344 Candela)'; candela figure unreadable/implausible, not transcribed"", ""Optic model printed as 'SMLRB2l' (last character l or 1)"", ""Established year taken from 'Date Of Operational 03rd December 2019'""]",{},{},"[2251, 2181]",
porbandar-lighthouse,Porbandar Lighthouse,lighthouse,Jamnagar,21.6221,69.61994,DGLL ledger,"Assistant Engineer(E), Porbandar Lighthouse & DGPS station, Post- Birla Sagar, Dist-Porbandar, Pin- 360 576(Gujarat State)",F 0400,Fl(1)W5 Sec. (0.25+4.75=5 Sec),Fl,W,1,5,"[0.25, 4.75]",ledger,0.25,False,,19.8,19.0,,19.0,,47.6,revolving,,Rotation Device: Stepper motor; R.P.M. 2,M/s.MEDITERRANEO SENALES MARITIMAS.,,MBR-300,,2,6,,,True,True,False,True,D,,False,Round concrete Tower,41,Black and White bands,1983,1876,grounds,True,False,True,https://www.dgll.nic.in/sites/default/files/2022-12/dj4.pdf,https://www.dgll.nic.in/DGLL-light-house-location/about-jamnagar/porbandar-lighthouse,"1983 (station established 1876). Active; focal plane 47 m (145 ft); white flash every 5 s. 41 m (135 ft) round concrete tower with lantern and gallery; the lighthouse also has a large harbor control room encircling the tower about 1/3 of the way up from the ground. Lighthouse painted with horizontal black and white bands. Google's 2023 street view is at right, Jayrajsinh Vaghela has a 2022 photo, Bandari Laxman has a 2023 photo, Vijay Jethva has a sunset photo, and Google also has a satellite view. Porbandar is an important port and also a tourist attraction; it was the birthplace of Mahatma Gandhi. Located 4 km (2.5 mi) east of the harbor of Porbandar. Site open, tower reported open in the ",IND-158,,https://www.dgll.nic.in/sites/default/files/2022-11/j-4.jpg,True,,"[""Optic 'Duration of Flash 5 Sec' conflicts with flash 0.25 s in characteristic"", ""Effective beam intensity blank"", ""RACON and NAIS tables blank, yet a 70 W 'Solar Plant for RACON' is listed""]","{""ais"": 2018}","{""racon"": {""year"": 2004, ""src"": ""network""}, ""dgps"": {""year"": 2003, ""src"": ""network""}}",[],DGLL
piram-lighthouse,Piram Lighthouse,lighthouse,Jamnagar,21.59833,72.35333,DGLL ledger,,F 0448,Fl(2)W10 Sec. (0.3+2.2+0.3+7.2=10 Sec),Fl,W,2,10,"[0.3, 2.2, 0.3, 7.2]",ledger,0.3,False,,16,18.7,19.6,16,98072,46,revolving,4,Type: 300 mm (4th order) revolving type; Rotation Device: Stepper motor; R.P.M. 3,BBT-France,,300 mm (4th order) revolving type,300 mm,3,4,,,True,True,False,False,B,,False,Brick Masonry circular Tower,27,3 Black and 2 White bands (Bottom band Black),1865,1865,closed,False,False,True,https://www.dgll.nic.in/sites/default/files/2022-12/dj19.pdf,https://www.dgll.nic.in/DGLL-light-house-location/about-jamnagar/piram-lighthouse,"1865 (extensively rebuilt in 1965). Active; focal plane 42 m (138 ft); two white flashes every 10 s. 27 m (89 ft) round cylindrical masonry tower with lantern and gallery, rising from a circular 2-story base. Lighthouse painted with horizontal black and white bands. V.T. Balar has a 2018 closeup photo and Google has a satellite view. The lighthouse was repaired after a damaging fire in 1928. In 1965 its height was increased by 3 m (10 ft) and a new lantern was installed; photos suggest that only the 2-story base remains from the British lighthouse. The island is privately owned and available for purchase or development. Located on the southwest side of the island, about 10 km (6 mi) southeas",IND-006,,https://www.dgll.nic.in/sites/default/files/2022-11/J-18.jpg,True,,"[""NAIS section empty but a 6KWp 'Solar Plant for Main NAIS' and PSS NAIS batteries are listed"", ""Unusually wide divergence 20°59.99' horizontal, 13°44.72' vertical""]","{""racon"": 2010}","{""racon"": {""year"": 2010, ""src"": ""ledger""}}",[],DGLL
navibandar-lighthouse,Navibandar Lighthouse,lighthouse,Jamnagar,21.45,69.78667,DGLL ledger,,F 0404,Fl(1)W10 Sec. (1+9=10 Sec),Fl,W,1,10,"[1.0, 9.0]",ledger,1,False,,13,13.4,,13,,18,flasher,,Type: LED lantern; Rotation Device NIL; R.P.M. NIL,Sealite,,LED lantern,,,,,,True,True,False,False,,,False,Round concrete Tower,15,White,,1896,grounds,False,False,True,https://www.dgll.nic.in/sites/default/files/2022-12/dj5.pdf,https://www.dgll.nic.in/DGLL-light-house-location/about-jamnagar/navibandar-lighthouse,"Around 1920 (station established 1896). Active; focal plane 18 m (59 ft); white flash every 10 s. 15 m (49 ft) round concrete tower with lantern and gallery. Lighthouse painted white, lantern painted black with a red roof. A closeup photo (nearly 2/3 the way down the page) is available, Virendra Chamundiya has a 2024 closeup, and Google has a 2023 street view and a satellite view. The original light was on a corner of an 18th century fort, otherwise in ruins, that was restored for use as a lighthouse. This light is easily confused with the Nawabandar Light just east of Diu; that lighthouse is listed and pictured above. The two lighthouses are twins, which increases the chance of confusion. L",IND-153,,https://www.dgll.nic.in/sites/default/files/2022-11/J-5.jpg,True,,"[""Optic Duration of Flash printed as '10 Sec', inconsistent with characteristic 1+9=10 Sec"", ""Effective beam intensity fields are blank""]",{},{},[],DGLL
alang-lighthouse,Alang Lighthouse,lighthouse,Jamnagar,21.40333,72.185,DGLL ledger,"Alang Lighthouse, P.O: Alang Shipbreaking Yard, Via:Trapaj; Distt: Bhavnagar (Gujarat) Pin – 364081",F 0446,Fl W 3 Sec. (0.42+2.58=3 Sec.),Fl,W,1,3,"[0.42, 2.58]",ledger,0.42,False,,20,17.6,20.5,17.6,136916,39,revolving,,Type: revolving; Pedestal: Mercury float; Rotation Device: Stepper motor; R.P.M. 5,BBT-France,,revolving,250mm,5,,,,False,True,False,False,C,,False,Hexagonal masonry tower,24,Black and White bands,1965,1965,closed,True,False,True,https://www.dgll.nic.in/sites/default/files/2022-12/dj16.pdf,https://www.dgll.nic.in/DGLL-light-house-location/about-jamnagar/alang-lighthouse,"1965. Active; focal plane 36 m (118 ft); white flash every 3 s. 24 m (79 ft) hexagonal cylindrical masonry tower with lantern and gallery, painted with horizontal black and white bands. Allott Christian has a 2019 photo, Shreyesh Abhavani has a 2023 photo, and Google has a satellite view. Alang is the site of a huge shipbreaking yard, where obsolete ships are scrapped. Located on the southwestern shore of the Gulf of Khambhat, about 13 km (8 mi) southwest of Alang. Site open, tower closed. Operator: DGLL. ARLHS IND-123; Admiralty F0446; NGA 28188.",IND-123,,https://www.dgll.nic.in/sites/default/files/2022-11/J-15.jpg,True,,"[""Illuminant listed as 'Cluster 150W/230V M.H Lamp' but Main listed as '230V/70W Metal Halide Lamp'"", ""No. of lens given as '-'""]","{""racon"": 2004}","{""racon"": {""year"": 2004, ""src"": ""ledger""}}",[1982],DGLL
gopnath-lighthouse-dgps-station,Gopnath Lighthouse & Dgps Station,lighthouse,Jamnagar,21.20333,72.11,DGLL ledger,"Assistant Engineer (E ) Gopnath Lighthouse&, DGPS station P.O. Ralia, Via- Pithalpur, Dist. Bhavnagar (Gujarat). Pin – 364 135.",F 0444,Fl (3) W 20sec (0.3+3.7)2+0.3+11.7=20Sec,Fl,W,3,20,"[0.3, 3.7, 0.3, 3.7, 0.3, 11.7]",ledger,0.3,False,,18,17.9,20.2,17.9,123258,41,revolving,4,300 mm (4th order) revolving type; stepper motor direct drive; R.P.M. 3,J. Stone & company Calcutta,,revolving type,300 mm (4th order) revolving type,3,,,,True,True,False,True,G,,False,6.71 M Square masonry tower,30.48,Red and White bands,1975,1879,grounds,True,True,True,https://www.dgll.nic.in/sites/default/files/2022-12/dj18.pdf,https://www.dgll.nic.in/DGLL-light-house-location/about-jamnagar/gopnath-lighthouse-dgps-station,"1975 (station established 1879). Active; focal plane 44 m (144 ft); three white flashes every 20 s. 30 m (98 ft) square cylindrical masonry tower with lantern and gallery, painted with horizontal red and white bands (the rear of the tower is all white). Rahul Kambad's 2023 photo is at right, Sohil Sarkazi has a 2010 photo, Wikimedia has a view, and Google has a 2023 street view and a satellite view. In 2021 a 3-story building was built around the tower and opened as a maritime museum; Vijay Parmar's 2021 photo shows the building under construction and Kambad's 2023 photo at right shows it completed. The new lighthouse is 500 m (0.4 mi) north of the old one. There are beach resorts in the vic",IND-135,,https://www.dgll.nic.in/sites/default/files/2022-11/J-17.jpg,True,,"[""Ledger header reads 'East Island Lighthouse and DGPS Station' but postal address is Gopnath Lighthouse & DGPS station"", ""NAIS marked NA but Base Station lists 'R-40 02 Nos' and a NAIS PSS inverter is listed"", ""Station named DGPS station but ledger has no DGPS section""]","{""racon"": 2004}","{""racon"": {""year"": 2004, ""src"": ""ledger""}, ""dgps"": {""year"": 2003, ""src"": ""network""}}",[],DGLL
jhanjhmer-lighthouse,Jhanjhmer Lighthouse,lighthouse,Jamnagar,21.18,72.06167,DGLL ledger,,0442,Fl(1)W10 Sec. (1+9=10 Sec),Fl,W,1,10,"[1.0, 9.0]",ledger,1,False,,16,18.6,15.8,16,20000,45,flasher,,"Sealite make SL155 LED lantern on G.I. pedestal; Rotation Device '--', R.P.M. '--'",Sealite,SL155 LED (Ever on),,,,,,,True,True,False,False,,,False,Masonary square room with RCC slab.,4.7,White,1970,1870,grounds,False,False,True,https://www.dgll.nic.in/sites/default/files/2022-12/dj17.pdf,https://www.dgll.nic.in/DGLL-light-house-location/about-jamnagar/jhanjhmer-lighthouse,"1970 (station established 1870). Active; focal plane 45 m (148 ft); white flash every 10 s. 9 m (30 ft) square masonry tower with lantern and gallery. Lighthouse painted white with red trim; lantern dome painted red. Chetan Raval has a 2018 closeup photo and Google has a satellite view. The original light was a small lantern atop a fort built by the prince of Bhavnagar; the present lighthouse stands on the ruins of the same fort. Located on a bluff about 8 km (5 mi) southwest of the Gopnath Point lighthouse. Site open, tower closed. Operator: DGLL. ARLHS IND-140; Admiralty F0442; NGA 28196.",IND-140,,https://www.dgll.nic.in/sites/default/files/2022-11/J-16.jpg,True,,"[""Name printed 'ZHANJHMER Lighthouse' (postal address 'Zanzmer')"", ""ALOL printed '0442' without letter prefix""]",{},{},[2020],DGLL
mangrol-lighthouse,Mangrol Lighthouse,lighthouse,Jamnagar,21.105,70.10333,DGLL ledger,"The Lighthouse In-Charge Mangrol lighthouse, Bander Road, P.O. – Mangrol, Dist-Junagadh, Pin-362226",F 0406,FL 2 (W) every (0.5+2+0.5+17=20s) 20Sec.,Fl,W,2,20,"[0.5, 2.0, 0.5, 17.0]",ledger,0.5,False,,18,17.3,,17.3,,37.335,revolving,,Rotation Device: Stepper motor; R.P.M. 1.5,Mediterraneo Senales Maritimas (MSM),,MBR-300,,1.5,4,,,True,True,True,False,,,False,Hexagonal Concrete Tower,35,Red and White bands.,1985,1877,grounds,True,False,True,https://www.dgll.nic.in/sites/default/files/2022-12/dj6.pdf,https://www.dgll.nic.in/DGLL-light-house-location/about-jamnagar/mangrol-lighthouse,"1985 (station established 1877). Active; focal plane 37 m (121 ft); two white flashes every 20 s. 35 m (115 ft) hexagonal concrete tower with lantern and gallery, painted with horizontal red and white bands. The lighthouse also has an observation room at the watch room level, plus a control center encircling the middle of the tower. Lighthouse painted with horizontal red and white bands. A 2009 photo and a closeup photo (2/3 the way down the page) are available and Google has a satellite view. The original light was on a mast; it was moved in 1980 atop the port administration building. Located about 300 m from the beach and 500 m (0.3 mi) east of the waterfront in Mangrol. Site open, tower c",IND-147,,https://www.dgll.nic.in/sites/default/files/2022-11/J-6.jpg,True,,"[""Effective beam intensity not stated ('----')""]",{},"{""ais"": {""year"": 2012, ""src"": ""network""}}",[],DGLL
hazira-lighthouse-and-dgps-station,Hazira Lighthouse And D.G.P.S Station,lighthouse,Mumbai,21.09217,72.6425,DGLL ledger,,F 0476,"Fl (3)W 15 Sec. (fl. 0.4, ec. 2.10)(fl. 0.4,ec.2.10) (fl 0.4, ec. 9.60)",Fl,W,3,15,"[0.4, 2.1, 0.4, 2.1, 0.4, 9.6]",ledger,0.4,False,,24,17.6,18.9,17.6,72054,39,revolving,4,Type: Revolving; Rotation Device: Dual Stepper Motor 40 Kgcm; R.P.M. 2,B.B.T,,Revolving,250 mm,2,6,,,True,True,True,True,K,,False,Circular Stone Masonry Tower,25,White,1966,1836,grounds,True,False,True,https://www.dgll.nic.in/sites/default/files/2022-12/mm2.pdf,https://www.dgll.nic.in/DGLL-light-house-location/about-mumbai/hazira-lighthouse-and-dgps-station,"1966 (station established 1836). Active; focal plane 39 m (118 ft); three white flashes every 15 s. 25 m (82 ft) round masonry tower with lantern and gallery. Lighthouse painted white; lantern roof painted red. Rahul Sharma has a 2022 photo, Shishir Desai has a 2016 photo, Manish Choudhary has a 2020 photo, and Google has a satellite view. Hazira, at the southern entrance to the Gulf of Khambhat, was one of the first British light stations in India; the 20 m (66 ft) round stone tower completed in 1836 was replaced by a 27 m (90 ft) round brick tower in 1867. Today Hazira is being developed as a major port facility to relieve pressure on the overcrowded piers of Mumbai. Located on a promontor",IND-136,,https://www.dgll.nic.in/sites/default/files/2022-11/Hazira_Lighthouse.png,True,,"[""No. of lens given as '6 (2 Tier of 3 Panels each of 60°)'"", ""RACON Sr. No. 'ALORS 78980' is identical to the one printed in the Aguada ledger""]","{""racon"": 2005, ""ais"": 2020}","{""racon"": {""year"": 2005, ""src"": ""ledger""}, ""ais"": {""year"": 2020, ""src"": ""ledger""}, ""dgps"": {""year"": 2003, ""src"": ""network""}}","[1975, 1739]",DGLL
jegri-island-lighthouse,Jegri island Lighthouse,lighthouse,Jamnagar,21.04,71.80333,DGLL ledger,,F 0438,Fl(2)W20 Sec. (0.3+3.7+0.3+15.7=20 Sec),Fl,W,2,20,"[0.3, 3.7, 0.3, 15.7]",ledger,0.3,False,,27,20.3,22.7,20.3,334480,57,revolving,,Type: Revolaving; Rotation Device: Stepper Motor; R.P.M. 1.5,Stone Chance,,Revolaving,375mm,1.5,4,,,False,True,False,False,G,,False,Square Masonery,29,Black and White Bands,1960,1871,grounds,True,False,True,https://www.dgll.nic.in/sites/default/files/2022-12/dj15.pdf,https://www.dgll.nic.in/DGLL-light-house-location/about-jamnagar/jegri-island-lighthouse,"1960 (station established 1871). Active; focal plane 57 m (187 ft); two white flashes every 20 s. 30 m (98 ft) square cylindrical masonry tower with lantern and gallery, painted with horizontal black and white bands. A closeup photo and a 2021 photo are available, Amit Sorathiya has a 2014 photo, Bhavin Patel has a view from the beach, and Google has a satellite view. The original light was mounted on the keeper's house. Jegri is a small island just off the coast at Mahuva, linked to the mainland by a bridge. Located on a high bluff at the south point of the island; accessible by road. Site open, tower closed. Operator: DGLL. ARLHS IND-139; Admiralty F0438; NGA 28200.",IND-139,,https://www.dgll.nic.in/sites/default/files/2022-11/J-14.jpg,True,,"[""Name printed as 'JEGARI LIGHTHOUSE' in header; postal address says 'Jegri Lighthouse'"", ""Duration of Flash given as 1.86 Sec but characteristic sequence gives 0.3 s flashes"", ""Effective beam intensity printed with irregular grouping '33,4,480 Candela'; read as 334480"", ""RACON heading says '- NA-' but a Tide Land Sea Beacon System 6, code G, X & S band, Oct-2005 is listed (identical to Dwarka ledger entry)"", ""NAIS lists only base station 'PSS Dwarka' with no model/MMSI""]","{""racon"": 2005}","{""racon"": {""year"": 2005, ""src"": ""ledger""}}",[],DGLL
wasi-borsi-lighthouse,Wasi Borsi Lighthouse,lighthouse,Mumbai,20.93433,72.76183,DGLL ledger,"Navigational Assistant, WasiBorsi Lighthouse, P.O. BorsiMachhiwad, via Maroli,Distt. Navsari, Gujarat PIN – 396 436.",F 0478,"fl W 7 Sec. (fl 0.54, ec 6.46)",Fl,W,1,7,"[0.54, 6.46]",ledger,0.54,False,,17,17.1,18.6,17,64430,36,revolving,5,Type: revolving type; Rotation Device: Dual Stepper Motor; R.P.M. 2.14 (one revolution in 28 sec.),B.B.T.,,revolving type,187.5 mm,2.14,4,,,False,True,False,False,,,False,Square open frame R.C.C. Tower,34,Red & White bands,1982,1965,grounds,False,False,True,https://www.dgll.nic.in/sites/default/files/2022-12/mm3.pdf,https://www.dgll.nic.in/DGLL-light-house-location/about-mumbai/wasi-borsi-lighthouse,"1982 (station established 1965). Active; focal plane 36 m (118 ft); white flash every 7 s. 34 m (112 ft) square cylindrical concrete tower with lantern and double gallery, painted with horizontal red and white bands. The design of the present lighthouse is unusual; the light is supported by four square concrete pillars, with the stairway exposed between them. Bhushan Parab has a 2018 photo, Emil Roshal has a 2021 closeup, and Google has a 2022 street view and a satellite view as well as a distant street view from the nearby beach. The first lighthouse was a skeletal tower. Located at the south end of a barrier island about 25 km (15 mi) west of Navsari. Accessible by road. Site open, tower c",IND-167,,https://www.dgll.nic.in/sites/default/files/2022-11/Wasi_Borsi_Lighthouse.png,True,,[],{},{},"[2544, 1739]",DGLL
veraval-lighthouse,Veraval Lighthouse,lighthouse,Jamnagar,20.91,70.35333,DGLL ledger,"Veraval Lighthouse & RCS Station, Rajendra Bhavan Road, P.O. Veraval, Dist. Gir – Somnath, Pin- 362265",F 0410,F l W15 Sec. (10+5=15 Sec),Fl,W,1,15,"[10.0, 5.0]",ledger,10,False,,15,16.6,15.9,15,20902,33,flasher,,Size: 1000 mm drum optic; Pedestal: Fixed Large Size; Rotation Device: N/A; R.P.M.: N/A,BBT France,,1000 mm drum optic with catadioptric,1000 mm,,,,,True,True,True,False,K,"{""id_518"": ""H"", ""id_490"": ""P""}",False,Square Masonry Tower with Semi Circular Front,34,Black and White bands - 5 Nos.,1965,1865,grounds,True,False,True,https://www.dgll.nic.in/sites/default/files/2022-12/dj7.pdf,https://www.dgll.nic.in/DGLL-light-house-location/about-jamnagar/veraval-lighthouse,"1965 (station established 1865). Active; focal plane 33 m (108 ft); white light occulting once every 15 s. 30 m (98 ft) cylindrical concrete tower, D-shaped in cross section, with lantern and gallery, rising from a 1-story control center. Lighthouse painted with horizontal black and white bands. Ram Vadher's 2022 photo is at right, Ravi Bhagat has a photo, a 2010 photo and another view are available, Lightphotos.net has a closeup photo, and Google has a satellite view. The two-tier lantern carries powerful lights in both Fresnel lenses. Veraval is one of the most important ports for the fishing fleets of Gujarat, so this light station has always been an important one. In 2021 the name of Ver",IND-166,Q135512476,https://www.dgll.nic.in/sites/default/files/2022-11/J-7.jpg,True,,"[""Characteristic 'Fl W 15 Sec (10+5=15 Sec)' with Duration of Flash 10 Sec - light longer than eclipse, inconsistent with a flashing light"", ""Tower height 34 M exceeds stated elevation 33 M"", ""NAIS section has date and router/antenna but no base station model or MMSI""]","{""racon"": 2016, ""ais"": 2012}","{""navtex"": {""year"": 2015, ""src"": ""network""}, ""racon"": {""year"": 2016, ""src"": ""ledger""}, ""ais"": {""year"": 2012, ""src"": ""ledger""}}",[],DGLL
savaibet-lighthouse,Savaibet Lighthouse,lighthouse,Jamnagar,20.90333,71.525,DGLL ledger,"Station Incharge,Savaibet Lighthouse, P.O. Shiyalbet, Via-Rajula, Dist. Amreli., Pin-364 560",F 0436,Fl (4)W 30 sec.[(0.3+4.7)3+0.3 +14.7=30 sec.),Fl,W,4,30,"[0.3, 4.7, 0.3, 4.7, 0.3, 4.7, 0.3, 14.7]",ledger,0.3,False,,22.6,18.6,,18.6,,45,revolving,,Type: Revolving; Rotation Device: Stepper motor; R.P.M. 2,BBT,,Revolving,250mm,2,4,,,True,True,False,False,M,,False,Square stone masonry tower,27,Red and white bands,1967,1967,closed,False,False,True,https://www.dgll.nic.in/sites/default/files/2022-12/dj13.pdf,https://www.dgll.nic.in/DGLL-light-house-location/about-jamnagar/savaibet-lighthouse,"1967. Active; focal plane 45 m (148 ft); four white flashes every 30 s. 27 m (89 ft) square cylindrical masonry tower with lantern and gallery, painted with horizontal red and white bands. Abhishek Srivastava's 2020 photo is at the top of this page, Jeetesh Muchhadia has a photo, Rizvan Khan has a more distant view, and Google has a satellite view. Savaibet is a small island separated from the larger island of Shialbet by a narrow channel at high tide. Located about 25 km (15 mi) east of Jafarabad. Accessible only by boat. Site and tower closed. Operator: DGLL. ARLHS IND-164; Admiralty F0436; NGA 28204.",IND-164,,https://www.dgll.nic.in/sites/default/files/2022-11/J-12.jpg,True,,"[""Effective beam intensity left blank"", ""No RACON section, but a Racon 12V/100Ah battery is listed"", ""Characteristic bracket unbalanced as printed""]",{},"{""racon"": {""year"": 2004, ""src"": ""network""}}",[],DGLL
bhirbhanjan-lighthouse,Bhirbhanjan Lighthouse,lighthouse,Jamnagar,20.89833,70.38333,DGLL ledger,,F 0412,Fl R 10 Sec. (0.5+9.5=10 Sec),Fl,R,1,10,"[0.5, 9.5]",ledger,0.5,False,,9,10.9,,9,,9,flasher,,Rotation Device: N/A; R.P.M.: N/A; Illuminant: LED Light; Pedestal: M.S. Angle Iron,ANA,,,,,,,,True,True,False,False,,,False,"White Square Masonry Tower, Red bands",6,Red and White band,1936,1936,grounds,False,False,True,https://www.dgll.nic.in/sites/default/files/2022-12/dj8.pdf,https://www.dgll.nic.in/DGLL-light-house-location/about-jamnagar/bhirbhanjan-lighthouse,"1936. Active; focal plane 9 m (30 ft); red flash every 10 s. 6 m (20 ft) square cylindrical brick tower, painted red with a white horizontal band. Google has a 2016 street view and a closeup 2023 street view. The small tower is centered in a Google satellite view. Located on the beach 3 km (1.8 mi) east of the Veraval lighthouse. Site open, tower closed. Operator: DGLL. ARLHS IND-168; Admiralty F0412; NGA 28276.",IND-168,,https://www.dgll.nic.in/sites/default/files/2022-11/J-8.jpg,True,,"[""Effective beam intensity given as 'Flashing Light' instead of a candela value"", ""Name printed 'Bhidbhanjan' while slug is 'bhirbhanjan'""]",{},{},[],DGLL
jafrabad-lighthouse,Jafrabad Lighthouse,lighthouse,Jamnagar,20.85667,71.38167,DGLL ledger,"Station Incharge Jafrabad Lighthouse, P.O Jafrabad, Dist. Amreli, Pin – 364 540",F 0432,Fl W 10 Sec. (0.3 + 9.7 = 10 Sec.),Fl,W,1,10,"[0.3, 9.7]",ledger,0.3,False,,16,18.2,20.7,16,152000,43,revolving,,Type: revolving; Rotation Device: Stepper motor; R.P.M. 2,BBT-France,,revolving,250mm,2,,,,False,True,False,False,,,False,White round masonry tower,,White,2022,1865,grounds,True,False,True,https://www.dgll.nic.in/sites/default/files/2022-12/dj12.pdf,https://www.dgll.nic.in/DGLL-light-house-location/about-jamnagar/jafrabad-lighthouse,"2022 (station established 1865). Active; focal plane 56 m (184 ft); white flash every 10 s. 45 m (148 ft) round cylindrical white concrete tower with observation room and a lower gallery; lantern roof painted red. Abhishek Srivastava's 2022 photo is at the top of this page, Tirth Thakar has a 2022 photo of the two lighthouses, and Google has a 2024 street view and a satellite view. Located behind the historic lighthouse. Site open, tower closed. Operator: DGLL. ARLHS IND-137; Admiralty F0432; NGA 28208.",IND-137,,https://www.dgll.nic.in/sites/default/files/2022-11/J-11.jpg,True,,"[""Tower height left blank ('M')"", ""Intensity printed as '1,52000 Candela' (irregular digit grouping), read as 152000"", ""Generator: DG Set 15 KVA but alternator row says Qty 12, 40 KVA""]",{},{},[],DGLL
kanai-creek-lighthouse,Kanai Creek Lighthouse,lighthouse,Mumbai,20.81167,72.82833,DGLL ledger,,F 0479,"fl (2) W 20 Sec. (fl 0.5, ec 3,fl 0.5, ec 16)",Fl,W,2,20,"[0.5, 3.0, 0.5, 16.0]",ledger,0.5,False,,17,16.7,17.5,16.7,41600,34,revolving,,Type: WM-RB 500 Marine Rotating Beacon; Rotation Device 2 Nos. 12V DC Stepper Motors; R.P.M. 1.5,Wealth Marine Pvt. Ltd. Singapore,,WM – RB 500 Marine Rotating Beacon,200 MM,1.5,6,,,True,True,True,False,,,False,Circular concrete Tower,30,Black & White bands (3 black & 2 white),1983,1983,open,False,False,True,https://www.dgll.nic.in/sites/default/files/2022-12/mm4.pdf,https://www.dgll.nic.in/DGLL-light-house-location/about-mumbai/kanai-creek-lighthouse,"1983. Active; focal plane 34 m (112 ft); two white flashes every 20 s. 30 m (98 ft) round concrete tower with lantern and gallery painted with black and whitee horizontal bands. Satchidananda Arya has a 2023 photo and Google has a foggy street view and a satellite view. Located north of the mouth of Kanai Creek. Site open, tower open in late afternoons. Operator: DGLL. ARLHS IND-143; Admiralty F0479; NGA 28112.",IND-143,,https://www.dgll.nic.in/sites/default/files/2022-11/Kanai_Creek_Lighthouse.png,True,,"[""6 lens panels equally spaced at 1.5 RPM does not obviously produce Fl(2) every 20 s""]",{},"{""ais"": {""year"": 2012, ""src"": ""network""}}",[2544],DGLL
saiyad-rajpara-lighthouse,Saiyad Rajpara Lighthouse,lighthouse,Jamnagar,20.79167,71.205,DGLL ledger,,F 0430-6,Fl (W) 5Sec. (1 + 4 = 5Sec),Fl,W,1,5,"[1.0, 4.0]",ledger,1,False,,12,14.8,,12,,24,,,Optical equipment section left blank,,,,,,,,,False,False,False,False,,,False,Stone column and hut,5,White,2003,1901,grounds,False,False,True,https://www.dgll.nic.in/sites/default/files/2022-12/dj11.pdf,https://www.dgll.nic.in/DGLL-light-house-location/about-jamnagar/saiyad-rajpara-lighthouse,"2003 (station established 1901). Active; focal plane 34 m (112 ft); white flash every 10 s. 30 m (98 ft) square skeletal tower, painted with red and white horizontal bands. This tower replaced a concrete post mounted on a 1-story square concrete equipment room; this small beacon may survive. A very distant view is available and Google has a satellite view and a distant street view. The red and white concrete tower shown on the DGLL page is the Diu Head lighthouse placed here in error. The original light was mounted on the old Portuguese fort of Simar, nearby. Located on the waterfront in Simar, a small fishing port 12 km (7.5 mi) southeast of Una. Site open, tower closed. Operator: DGLL. ARL",IND-165,,,True,,"[""Optical equipment and effective beam intensity sections are blank"", ""NAIS section lists VHF & GPS antenna and CISCO Router 2900 but no AIS base station details""]",{},{},[617],
simar-lighthouse,Simar Lighthouse,lighthouse,Jamnagar,20.775,71.15,DGLL ledger,,F 0430,Fl (W) 10Sec. (1 + 9 = 10Sec),Fl,W,1,10,"[1.0, 9.0]",ledger,1,False,,12,16.7,,12,,34,,,,,,,,,,,,False,False,False,False,,,False,"Frame work tower, Red and White bands",30,Red and White,2003,1901,grounds,False,False,True,https://www.dgll.nic.in/sites/default/files/2022-12/dj10.pdf,https://www.dgll.nic.in/DGLL-light-house-location/about-jamnagar/simar-lighthouse,"2003 (station established 1901). Active; focal plane 34 m (112 ft); white flash every 10 s. 30 m (98 ft) square skeletal tower, painted with red and white horizontal bands. This tower replaced a concrete post mounted on a 1-story square concrete equipment room; this small beacon may survive. A very distant view is available and Google has a satellite view and a distant street view. The red and white concrete tower shown on the DGLL page is the Diu Head lighthouse placed here in error. The original light was mounted on the old Portuguese fort of Simar, nearby. Located on the waterfront in Simar, a small fishing port 12 km (7.5 mi) southeast of Una. Site open, tower closed. Operator: DGLL. ARL",IND-165,,https://www.dgll.nic.in/sites/default/files/2022-11/J-10.jpg,True,,"[""Optical equipment, effective intensity and lantern sections entirely blank"", ""RACON Sr. No 6183 listed with no other RACON details""]",{},{},[],DGLL
nawabander-lighthouse,Nawabander Lighthouse,lighthouse,Jamnagar,20.74,71.08,DGLL ledger,,F 0426,4Fl (W) 12Sec. (0.75 + 1)3 +0.75+6 = 12Sec,Fl,W,4,12,"[0.75, 1.0, 0.75, 1.0, 0.75, 1.0, 0.75, 6.0]",ledger,0.75,False,,12,15.4,,12,,27,,,"Only Make 'Sealite' given; type, rotation device and R.P.M. blank",Sealite,,,,,,,,False,False,False,False,,,False,White round tower,15,White,1920,1896,grounds,False,False,True,https://www.dgll.nic.in/sites/default/files/2022-12/dj14.pdf,https://www.dgll.nic.in/DGLL-light-house-location/about-jamnagar/nawabander-lighthouse,"1920 (station established 1896). Active; focal plane 27 m (89 ft); four white flashes every 12 s. 15 m (49 ft) round cylindrical masonry tower with lantern and gallery. Lighthouse painted white; lantern roof is red. Seta Ayaj has the 2021 photo at right and Google has a distant street view and a satellite view. We need accurate information on the history of this station. The Jenkins 1904 light list says the first light was a pillar on a rock off the point. This light is easily confused with the Navibandar Light in southwestern Gujarat; that light is listed near the bottom of this page. The two lighthouses are twins, increasing the chance of confusion. Located on a promontory about 12 km (7.5",IND-156,,https://www.dgll.nic.in/sites/default/files/2022-11/J-13.jpg,True,,"[""Optic details (type, intensity, rotation) not given beyond make Sealite"", ""Date of commissioning given only as year 1986""]",{},{},[1981],DGLL
diu-head-lighthouse,Diu-head Lighthouse,lighthouse,Jamnagar,20.69167,70.82833,DGLL ledger,,F 0414,Fl W 10 sec. 0.3+9.7=10 Sec.,Fl,W,1,10,"[0.3, 9.7]",ledger,0.3,False,,30,20.4,31.9,20.4,10224000,58,revolving,2,Size: 700 mm (2nd order large) revolving type; Rotation Device: stepper motor direct drive; R.P.M. 1.5,B.B.T. France,,,700 mm (2nd order large) revolving type,1.5,,,,True,True,False,False,D,,False,Hexagonal stone masonry tower.,37,Red and white bands S.E. Paint.,1969,1882,open,False,False,True,https://www.dgll.nic.in/sites/default/files/2022-12/dj9.pdf,https://www.dgll.nic.in/DGLL-light-house-location/about-jamnagar/diu-head-lighthouse,"1969 (station established 1882). Active; focal plane 59 m (194 ft); white flash every 10 s. 37 m (121 ft) hexagonal masonry tower with lantern and gallery, painted with horizontal red and white bands. Sanjay Dhapa's 2024 photo is at right, Chandrapal Lodhari has a 2017 photo, Vipul Baria has a 2020 photo, Vijay Dalki has a distant view, and Google has a satellite view. Diu Head is the southernmost point of Saurashtra, making this a crucial light for shipping along the coast. Located on a promontory on the west entrance to Madhvad Bay, about 4 km (2.5 mi) west of Diu Island. The promontory is accessible from the mainland by a mile-long causeway. Site open, tower open for climbing Friday throu",IND-131,,https://www.dgll.nic.in/sites/default/files/2022-11/J-9.jpg,True,,"[""Effective beam intensity printed as '1,02,24000 Candela' (irregular digit grouping); transcribed as 10224000"", ""NAIS heading says NA but Base Station lists 'R-40 02 Nos'""]","{""racon"": 2006}","{""racon"": {""year"": 2006, ""src"": ""ledger""}}",[2018],DGLL
valsad-khadi-lighthouse,Valsad Khadi Lighthouse,lighthouse,Mumbai,20.63,72.88667,DGLL ledger,,F0480,Fl(4)W 20 sec,Fl,W,4,20,"[0.5, 2.0, 0.5, 2.0, 0.5, 2.0, 0.5, 12.0]",derived,0.5,False,,22,19.3,24.5,19.3,650000,50,revolving,,Type: ZL-LSRB-26 Revolving LED; Rotation Device: Inbuilt Direct drive brushless DC motor; R.P.M. 3 RPM,Zen Lite Buoy Co. Ltd,ZL-LSRB-26,Revolving LED,,3,4,6,(4 in service,True,True,False,False,,,False,Masonary Tower,45,Red + White Spiral Band,2018,1866,open,True,False,True,https://www.dgll.nic.in/sites/default/files/2022-12/mm5.pdf,https://www.dgll.nic.in/DGLL-light-house-location/about-mumbai/valsad-khadi-lighthouse,"2018 (station established 1866). Active; focal plane 32 m (105 ft); four white flashes every 20 s. 30 m (98 ft) round cylindrical concrete tower with lantern, a round observation room, and two galleries. Lighthouse painted with red and white spiral bands. Kartik Tandel has a photo of the old and new lighthouses (also seen at right), Karun Patel has a 2023 photo, and Vinit Shah has a closeup photo. Khadi is a Hindi word for ""connection,"" here meaning the inlet from the sea. Located about 2 km (1.25 mi) south of the mouth of the Auranga River, 8 km (5 mi) west of Valsad. Accessible by road. Site open, tower open late afternoons daily. Operator: DGLL. ARLHS IND-172; Admiralty F0480; NGA 28108.",IND-172,,https://www.dgll.nic.in/sites/default/files/2022-11/Valsad_Khadi_Lighthouse.png,True,,"[""Latitude printed as 20º37’80’ (seconds ≥ 60); interpreted as 20° 37.80' and longitude 72º53’20’ as 72° 53.20'"", ""No. of lens given as '6 Nos (4 in service)'""]",{},{},[],DGLL
false-point-lighthouse,False Point Lighthouse,lighthouse,Kolkata,20.32383,86.74167,DGLL ledger,"False Point Lighthouse, PO — Barakolikhola, Dist. Kendrapara Odisha — 754 142.",F 1006,Fl (2) W 20 Sec,Fl,W,2,20,"[0.25, 2.0, 0.25, 17.5]",derived,0.25,False,,23.3,17,20.4,17,132500,26,revolving,,"Size: 250 mm (4th order small), revolving; R.P.M. 3; Pedestal: Mercury Float","M/s B.B.T, Paris",,,"250 mm (4th order small), revolving",3,2,,,False,False,False,False,,,False,Circular Masonry Tower,32,Red and White Band,1836,1836,open,True,False,True,https://www.dgll.nic.in/sites/default/files/2022-11/kalkata3.pdf,https://www.dgll.nic.in/DGLL-light-house-location/about-kolkata/false-point-lighthouse,"1836 (British). Active; focal plane 38 m (125 ft); two white flashes every 20 s. 38 m (125 ft) round granite tower, painted with horizontal red and white bands. The lighthouse traditionally carries a 10-point star-shaped daymark, placed in recent years on one of the white bands. Somanath Debnath's 2022 photo is at right, Pravir Sahoo has a 2015 photo, Smrutirekha Dey has a photo, Alok Swain has a street view, and Google has a satellite view. The lighthouse was built to mark the entrance to the Mahanadi River; it also marks the nearby cape, which is called False Point because mariners bound for Calcutta sometimes mistook it for Palmyras Point farther north. This is one of three lighthouses in",IND-033,,,True,,"[""Ledger gives 'Elevation of ground 6 m' and 'Elevation of tower 26 m' (tower height 32 m); 26 m used as elevation"", ""No year of establishment or commissioning stated""]",{},{},"[2556, 2518, 2537, 2536]",
paradeep-lighthouse,Paradeep Lighthouse,lighthouse,Kolkata,20.255,86.65833,"DGLL ledger, seconds column read as decimal minutes (matches OpenStreetMap node/6985663820)","Paradeep Lighthouse& DGPS Station, PO — Paradeep, Dist. Jagatsingpur, Odisha — 754 142.",F 1004.4,Fl (3) W 30 Sec.,Fl,W,3,30,"[0.75, 2.0, 0.75, 2.0, 0.75, 23.75]",derived,0.75,False,,17,17.5,16.5,17,26928,40.4,revolving,,Optical equipment: TRB 220 (Revolving); RPM 2,"Tideland Signal Corporation, USA",TRB 220,Revolving,915 mm height & 445 mm Dia.; Focal Length 110 mm,2,6,,,False,True,True,True,K,,False,Tapering Circular RCC Tower,40.86,Black and White Band,1988,1988,open,True,False,True,https://www.dgll.nic.in/sites/default/files/2022-11/Kolkata%204.pdf,https://www.dgll.nic.in/DGLL-light-house-location/about-kolkata/paradeep-lighthouse,"1988. Active; focal plane 40 m (131 ft); three white flashes every 30 s. 40 m (131 ft) round concrete tower with lantern, gallery, and a circular observation and control room about 1/3 the way up the tower. Lighthouse painted with black and white horizontal bands; lantern dome painted red. Rudra Pratap Majhi's 2024 photo is at right, Jitendra Dash has a similar 2022 closeup, Sujit Kumar Mishra has a 2019 photo, Linga Raju has a 2017 photo, Jitendra Dash has a 2022 closeup, Sitansu Sekhar Sutar has a street view, and Google has a satellite view. In 2013 the lighthouse was identified as one of three Odisha light stations scheduled for development as tourist attractions. Located behind the beac",IND-049,,,True,,"[""Divergence printed as '2.40 (Horiz.) & 1.15 (Vert.)' without degree signs; unclear whether decimal degrees or degrees-minutes"", ""No date of commissioning / establishment year stated"", ""Tower height 40.86 m exceeds stated elevation of tower 40.4 m (ground elevation 4 m)"", ""Luminous intensity 26928 cd and divergence figures are identical to the Kalingapatnam ledger""]","{""ais"": 2012, ""dgps"": 2019}","{""racon"": {""year"": 2004, ""src"": ""network""}, ""ais"": {""year"": 2012, ""src"": ""ledger""}, ""dgps"": {""year"": 2019, ""src"": ""ledger""}}","[2537, 2536, 2125, 1722]",
umergam-lighthouse,Umergam Lighthouse,lighthouse,Mumbai,20.195,72.75,DGLL ledger,"Navigational Assistant Umergaon Lighthouse P.O. -Umergaon, Dist. -Valsad Gujarat Pin-396170",F 0489,"Fl W 15 Sec. (fl. 0.33, ec. 14.67)",Fl,W,1,15,"[0.33, 14.67]",ledger,0.4,False,,19,16.9,21.1,16.9,173684,35,revolving,,Type: WM-RB500 Marine Rotating Beacon; Rotation Device: 2 Nos. Stepper Motor; R.P.M. 0.67,Welth Marine Pvt Ltd. Singapore,WM-RB500,WM-RB500 Marine Rotating Becon,500 mm,0.67,6,,,True,True,True,False,M,,False,Triangular R.C.C Tower,30,Red & White Bands,1979,1979,open,True,False,True,https://www.dgll.nic.in/sites/default/files/2022-12/mm6.pdf,https://www.dgll.nic.in/DGLL-light-house-location/about-mumbai/umergam-lighthouse,"1979. Active; focal plane 35 m (115 ft); white flash every 15 s. 30 m (98 ft) triangular cylindrical concrete tower with lantern and double gallery, painted with horizontal red and white bands. Khalasi Krunal's 2019 photo is at the top of this page, Vikas Mhaskar has a 2021 photo, Chandni Rajendran has a view from atop the lighthouse, and Google has a satellite view. Umergam Beach is a popular resort, and the lighthouse is an attraction. Located off the beach at Umbergaon. Site open, tower open daily. Operator: DGLL. ARLHS IND-118; Admiralty F0489; NGA 28092.",IND-118,,https://www.dgll.nic.in/sites/default/files/2022-11/Umergam_Lighthouse.png,True,,"[""Duration of Flash 0.4 Sec differs from characteristic flash 0.33 s""]","{""racon"": 2018}","{""racon"": {""year"": 2018, ""src"": ""ledger""}, ""ais"": {""year"": 2012, ""src"": ""network""}}",[],DGLL
dahanu-lighthouse,Dahanu Lighthouse,lighthouse,Mumbai,19.975,72.71667,DGLL ledger,"Dahanu Lighthouse At/ P.O. Dahanu, Tal/Dahanu, Dist. Palghar , Pin – 401602.",F0491,fl W 05 Sec. (Fl 0.3 ),Fl,W,1,5,"[0.3, 4.7]",derived,0.3,False,,10,12.1,12.1,10,3910,13,flasher,,Type: LED Flasher; Rotation Device: 'WhiteFlashing Light'; R.P.M.: NA; Pedestal: GI pipe stand,Sealite,SL155-10D with GSM Monitoring System,LED Flasher,171mm,,,,,True,True,False,False,,,False,Metal Frame Work Tower,12,7,,,grounds,False,False,True,https://www.dgll.nic.in/sites/default/files/2022-12/mm7.pdf,https://www.dgll.nic.in/DGLL-light-house-location/about-mumbai/dahanu-lighthouse,"Date unknown. Active; focal plane 13 m (43 ft); white flash every 5 s. 12 m (39 ft) mast. A closeup photo (fifth from last photo on a long page) is available but the mast has not been located in Google's satellite view. NGA lists a skeletal tower. Located on the north side of the entrance to Khongda (Dahanu) Creek at Dahanu, a city of about 80,000 residents. Site open, tower closed. Admiralty F0491; NGA 28088.",,,https://www.dgll.nic.in/sites/default/files/2022-11/Dahanu%20Lighthouse.jpg,True,,"[""Commissioning/established date not stated; only 'Date of Installation of New LED Flashing Light: 29.10.2020'"", ""Rotation Device field filled with 'WhiteFlashing Light'"", ""NAIS base station fields empty though VSAT Antenna 'Prodelin 2.4 meter' is listed""]",{},{},[],DGLL
chandrabhaga-lighthouse,Chandrabhaga Lighthouse,lighthouse,Kolkata,19.87167,86.106,DGLL ledger,"Chandrabhaga Lighthouse, Konark PO — Konark, Dist. Puri, Odisha — 752 111.",F 1003,FL W 10 Sec,Fl,W,1,10,"[0.3, 9.7]",derived,0.3,False,,14.5,16.5,14.3,14.5,10500,37,revolving,4,"Size: 4th order small, revolving; RPM 3; inverter for 'Rotation'","Stone Chance, France",,revolving,"4th order small, Focal Length 250 mm",3,2,,,False,True,True,False,,,False,Circular RCC Tower,30.5,Red and White Bands,1968,1968,open,True,False,True,https://www.dgll.nic.in/sites/default/files/2022-11/Kolkata%20%285%29.pdf,https://www.dgll.nic.in/DGLL-light-house-location/about-kolkata/chandrabhaga-lighthouse,"1968. Active; focal plane 37 m (122 ft); white flash every 10 s. 30 m (98 ft) round masonry tower, painted with horizontal red and white bands. Two 1-story keeper's houses. Chandra Shekhar Satti's 2023 photo is at the top of this page, Sangeeta Kumari has a closeup 2011 photo, Subhajit Mishra has a 2016 photo, and Google has a satellite view. This is one three lighthouses in Odisha designated for tourist development in 2011. Located just off the beach near Konarak (Konark). Site open, tower open late afternoons daily. . ARLHS IND-025; Admiralty F1003; NGA 26940.",IND-025,,,True,,"[""Divergence printed as '5.30 (Horiz.) & 3.24 (Vert.)' without degree sign or unit; could be degrees-minutes"", ""Elevation: ground 6.5 m, 'Elevation of tower' 37m (used as light elevation)"", ""Panels: 2 (each of 120 degree)""]","{""ais"": 2011}","{""ais"": {""year"": 2011, ""src"": ""ledger""}}","[2559, 2301, 2159, 2124, 1915, 1759, 620]",
tarapur-point-lighthouse,Tarapur Point Lighthouse,lighthouse,Mumbai,19.83528,72.65139,DGLL ledger,,F0491.5,"Fl (3)W 30 Sec.(fl.0.4,ec 5.6,fl 0.4, ec.5.6, fl. 0.4, ec.17.6)",Fl,W,3,30,"[0.4, 5.6, 0.4, 5.6, 0.4, 17.6]",ledger,0.4,False,,23,15.0,16.9,15.0,32116,25,revolving,5,Type: Cut and polished revolving; Pedestal: Mercury Float; Rotation Device: Dual Stepper Motor; R.P.M. 2,B.B.T.,,Cut and polished revolving,187.5 mm (5th order),2,3,,,False,True,True,False,,,False,Square Masonry Tower,23,Black & White bands (5 Bands 4.45 each),1961,1961,closed,False,False,True,https://www.dgll.nic.in/sites/default/files/2022-12/mm8.pdf,https://www.dgll.nic.in/DGLL-light-house-location/about-mumbai/tarapur-point-lighthouse,"1961. Active; focal plane 25 m (82 ft); three white flashes every 30 s. 23 m (75 ft) square cylindrical masonry tower with lantern and gallery, painted with horizontal black and white bands; lantern roof painted red. Raj Davane's 2022 photo is at right, Sumit Popalkar has a 2020 closeup photo, and Google has a satellite view. Tarapur is the site of a large nuclear power station which also provides plutonium for India's nuclear weaons program. Located on a promontory about 6 km (4 mi) southwest of Tarapur. Site status unknown, probably closed. ARLHS IND-115; Admiralty F0491.5; NGA 28084.",IND-115,,https://www.dgll.nic.in/sites/default/files/2022-11/Tarapur%20Point%20Lighthouse.jpg,True,,"[""Duration of Flash field says 1.39 sec while characteristic gives fl 0.4"", ""Degree signs printed as backticks in position and divergence ('19` 50'', '16.72`')"", ""Illuminant 'Main' row reads '03 Phase MSEDCL Supply'""]",{},"{""ais"": {""year"": 2012, ""src"": ""network""}}",[1739],DGLL
puri-lighthouse,Puri Lighthouse,lighthouse,Kolkata,19.79,85.80611,DGLL ledger,"Puri Lighthouse, Baliapanda Puri-752001, Dist. Puri, Odisha",F 1002,FL (3) W 20 SEC,Fl,W,3,20,"[0.11, 2.0, 0.11, 2.0, 0.11, 15.67]",derived,0.11,False,,17,15,16.5,15,26928,30.2,revolving,,Optical Equipment: TRB 220 (Revolving); RPM 3,"Tideland Signal Corporation, USA",TRB 220,Revolving,"915 mm height & 445 mm Dia., Focal Length 110 mm",3,6,,,False,True,True,False,,,False,Circular RCC Tower,25,Black and White Bands,2002,1887,open,True,False,True,https://www.dgll.nic.in/sites/default/files/2022-11/kalkata%206.pdf,https://www.dgll.nic.in/DGLL-light-house-location/about-kolkata/puri-lighthouse,"2002 (station established 1887). Active; focal plane 29 m (95 ft); three white flashes every 20 s. 25 m (82 ft) round cylindrical concrete tower with lantern and double gallery, painted with horizontal black and white bands. Several 1-story keeper's cottages nearby. Amit Dey's 2024 photo is at right, Suprriya Basak has a 2022 photo, Aditya Biswaman has a 2017 closeup, Tamal Guha has a late evening street view from the beach, and Google has a satellite view. This is by far the best known lighthouse of Odisha. Early lights were mounted on the wall of the Circuit House; in 1956 a skeletal tower was mounted atop a new Circuit House. The Puri area is a very popular seaside resort; H.G. Mukhopadhy",IND-056,,,True,,"[""Elevation given as 'Elevation of ground 5.2 m' and 'Elevation of tower 30.2 m'; 30.2 m used"", ""Divergence values printed without units"", ""Year of establishment not stated""]","{""ais"": 2012}","{""ais"": {""year"": 2012, ""src"": ""ledger""}}","[2030, 1724]",
satpati-lighthouse,Satpati Lighthouse,lighthouse,Mumbai,19.72233,72.70267,DGLL ledger,,F 0492,Fl(2) w 20 Sec,Fl,W,2,20,"[0.267, 2.0, 0.267, 17.47]",derived,0.267,False,,20,17.4,20.5,17.4,139990,38,revolving,,Type: Tideland TRB-220 Marine Rotating Beacon; Rotation Device: Stepper Motor gearless direct drive; R.P.M. 1.5,"Tideland signal Corporation, USA",TRB-220,Tideland TRB-220 Marine Rotating Beacon,110 mm focal Length,1.5,4,6,04 fresnel lense + 2 blank,False,True,False,False,,,False,Circular RCC Tower,30,Red & White band (3 Red 2 White),2010,2010,grounds,False,False,True,https://www.dgll.nic.in/sites/default/files/2022-12/mm9.pdf,https://www.dgll.nic.in/DGLL-light-house-location/about-mumbai/satpati-lighthouse,"2010. Active; focal plane 30 m (98 ft); two white flashes every 20 s. Approx. 25 m (82 ft) round cylindrical concrete tower with lantern and gallery, painted with red and white horizontal bands. A 2023 photo and a 2013 photo are available, Parag Mhatre has a view from the top of the tower, and Google has a 2017 photo and a satellite view. The previous light, described by NGA as a mast, was actually a square skeletal tower with a focal plane of 22 m (72 ft). The lighthouse is on the grounds of the Maharashtra Government Fisheries Training Center in Satpati, a fishing port about 80 km (50 mi) north of Mumbai. Site open, tower closed. Admiralty F0492; NGA 28076.",,,https://www.dgll.nic.in/sites/default/files/2022-11/Satpati%20Lighthouse.jpg,True,,"[""No. of lens given as '06 (04 fresnel lense + 2 blanks)'""]",{},{},[2544],DGLL
prayagi-lighthouse,Prayagi Lighthouse,lighthouse,Kolkata,19.46667,85.16667,DGLL ledger,"Village Praygi, PO — Palur Via Humma Dist. Ganjam, PIN— 761 027, Odisha",F 1000,GR FL (2) W 10 SEC,Fl,W,2,10,"[0.2, 1.0, 0.2, 8.6]",derived,0.2,False,,17,16.4,16.5,16.4,26928,38.1,revolving,,Optical Equipment TRB 220; RPM 3,"Tideland Signal Corporation, USA",TRB 220,,915 mm height & 445 mm Dia.; focal length 110 mm,3,3,,,False,True,True,False,,,False,Circular RCC Tower,30,Spiral Red and White Bands,2012,2012,grounds,False,False,True,https://www.dgll.nic.in/sites/default/files/2022-11/kalkata%208.pdf,https://www.dgll.nic.in/DGLL-light-house-location/about-kolkata/prayagi-lighthouse,"2012. Active; focal plane 40 m (131 ft); two white flashes every 10 s. 32 m (105 ft) round concrete tower with lantern and gallery, painted with red and white spiral bands. Susanta Patra has a closeup 2020 photo, a 2023 photo is available, Manoj Pradhan has a 2017 photo, and Google has a satellite view. Located on the coast about 25 km (15 mi) northeast of Ganjam. Site open, tower status unknown. Admiralty F1000; NGA 26946.",,,,True,,"[""Elevation given as 'Elevation of ground 8.1 m' and 'Elevation of tower 38.1 m'; 38.1 m used"", ""Divergence printed '2.40 (Horiz.) & 1.15 (Vert.)' without units; taken as degrees"", ""No date of commissioning given (only innovation August 2013)"", ""3 panels at 3 RPM does not obviously match GR FL (2) every 10 sec"", ""Intensity labelled 'Luminous Intensity' rather than effective beam intensity""]","{""ais"": 2012}","{""ais"": {""year"": 2012, ""src"": ""ledger""}}",[],
arnala-lighthouse,Arnala Lighthouse,lighthouse,Mumbai,19.45667,72.74667,DGLL ledger,"ArnalaLighthoiuseArnala , Virar (W) Palghar – 401302",F 0494,FL 3 WR 15 Sec. (FL 0.83 Sec.),Fl,W,3,15,"[0.83, 1.5, 0.83, 1.5, 0.83, 9.51]",derived,0.83,True,,25,19.0,21.5,19.0,209000,48,revolving,,Rotation Device: motor drive brushless direct drive motor; R.P.M. 2,Vega Marine Rotating Beacon,,VRB-25-LED-8P-2T,2Tire LED -8P-2T,2,6,8,( 06 In sevies,True,True,False,False,,,False,RCC tower by using slip from method with spiral half round staircase and lift,45,Spiral Band White & Black,2019,1860,grounds,False,False,True,https://www.dgll.nic.in/sites/default/files/2022-12/mm10.pdf,https://www.dgll.nic.in/DGLL-light-house-location/about-mumbai/arnala-lighthouse,"2019 (station established 1860). Active; focal plane 33 m (108 ft); three flashes every 15 s, white or red depending on direction. 30 m (98 ft) round concrete tower with lantern and double gallery, painted with black and white spiral bands. Emmanuel Dinis has a 2022 closeup photo, Nitin Bhoir has a 2023 photo, Mahendra Kharpade has a March 2020 view from the sea and Google has a satellite view of the new tower. There's a closeup late 2019 YouTube video of the new tower and its 1996 predecessor, a square skeletal tower with double gallery painted white. The older tower was demolished. The original light on a mast was replaced by skeletal towers in 1907 and again in 1967. Located in Arnala, a ",IND-074,,https://www.dgll.nic.in/sites/default/files/2022-11/Arnala%20Lighthouse.jpg,True,,"[""Colour given as 'WR' with no sector bearings"", ""No. of lens '08 ( 06 In sevies)' is unclear"", ""Duration of Flash field reads '15 Sec , 2rpm'; 2 rpm with 8 lenses does not obviously match 3 flashes per 15 s"", ""RACON and NAIS sections are blank tables""]",{},{},"[2220, 2218]",DGLL
uttan-point-lighthouse-and-dgps-station,Uttan Point Lighthouse and DGPS Station,lighthouse,Mumbai,19.275,72.78,DGLL ledger,,F 0499,"Fl (2) W 15 Sec. (fl 0.25, ec 3.51, fl 0.25, ec 10.99)",Fl,W,2,15,"[0.25, 3.51, 0.25, 10.99]",ledger,0.25,False,,24,19.7,18.8,19.7,69940,53,revolving,5,Size: 187.5 mm (5th Order) revolving; Rotation Device: Dual Stepper Motor 40 Kg cm; R.P.M. 4,M/S. Chance Bros.,,5th Order,187.5 mm (5th Order) revolving,4,2,,,True,True,True,True,,,False,Square Masonry Tower,12.8,Red & White bands,1960,1960,grounds,True,False,True,https://www.dgll.nic.in/sites/default/files/2022-12/mm11.pdf,https://www.dgll.nic.in/DGLL-light-house-location/about-mumbai/uttan-point-lighthouse-and-dgps-station,"1960. Active; focal plane 53 m (174 ft); two white flashes every 15 s. Approx. 17 m (56 ft) square cylindrical masonry tower with lantern and gallery, painted with horizontal red and white bands and attached to a 1-story keeper's house. Ambert Miranda has the 2021 photo seen below right, Pravin Ubhare has a photo, Amar Kumar has a 2011 photo, and Google has a satellite view. Located near the northwestern point of Salsette Island, about 50 km (30 mi) north of Mumbai. Accessible by road. Site open, tower closed. ARLHS IND-119; Admiralty F0499; NGA 28060.",IND-119,Q89104801,https://www.dgll.nic.in/sites/default/files/2022-11/Uttan%20Point%20Lighthouse%20and%20DGPS%20Station.jpg,True,,"[""Duration of Flash given as 0.70 Sec but characteristic sequence gives 0.25 s flashes"", ""No. of lens given as '2 of 135º'""]","{""ais"": 2017}","{""ais"": {""year"": 2017, ""src"": ""ledger""}, ""dgps"": {""year"": 2003, ""src"": ""network""}}","[2544, 1975, 1739]",DGLL
gopalpur-lighthouse,Gopalpur Lighthouse,lighthouse,Kolkata,19.255,84.90833,DGLL ledger,"Gopalpur Lighthouse, PO— Gopalpur— On- Sea, Dist. Ganjam, Odisha — 761 002.",F 0988,FL W 5 Sec.,Fl,W,1,5,"[0.25, 4.75]",derived,0.25,False,,26.2,18.2,20.4,18.2,132700,45,revolving,4,"Size: 4th Order (large), revolving; RPM 3; Pedestal: Mercury Float",BBT Paris,,revolving,"4th Order (large), Focal Length 300 mm",3,4,,,False,True,True,False,G,,False,Circular RCC Tower,37,Red & White Band,1967,1871,open,True,False,True,https://www.dgll.nic.in/sites/default/files/2022-11/kalkata%207.pdf,https://www.dgll.nic.in/DGLL-light-house-location/about-kolkata/gopalpur-lighthouse,"1967 (station established 1871). Active; focal plane 48 m (148 ft); white flash every 5 s. 32 m (105 ft) round masonry tower with lantern and gallery, attached to several 1-story keeper's houses. Lighthouse painted with horizontal red and white bands. Narasingh Naik's 2022 photo is at right, a good closeup photo is available, Purnima Roy has a more distant view, Umashankar Behera has a street view from the beach, and Google has a satellite view. The original mast light was replaced by a skeletal tower in 1925; a second skeletal tower was built in 1948. Gopalpur-on-Sea is also a very popular seaside resort, and this is one of the three lighthouses in Odisha designated for tourist development ",IND-035,,,True,,"[""Elevation given as 'Elevation of ground 8 m' and 'Elevation of tower 45 m'; 45 m used"", ""Divergence values printed without units"", ""Year of establishment not stated""]","{""ais"": 2012}","{""racon"": {""year"": 2004, ""src"": ""network""}, ""ais"": {""year"": 2012, ""src"": ""ledger""}}","[2537, 2536, 1824]",
baruva-lighthouse,Baruva Lighthouse,lighthouse,Kolkata,18.88,84.59667,"DGLL ledger, seconds column read as decimal minutes (matches OpenStreetMap way/1551695714)","Baruva Lighthouse, Post-Baruva, Sompeta mondal, Dist. - Srikakulam, PIN-532 263, Andhra Pradesh",F 0985,FL (I) W 15 SEC,Fl,W,1,15,"[0.8, 14.2]",derived,0.8,False,,17,20,16.5,17,26928,40,revolving,,Optical Equipment: TRB 220 (Revolving); RPM 2,"Tideland Signal Corporation, USA",TRB 220,Revolving,915 mm height & 445 mm Dia.; Focal Length 110 mm,2,6,,,False,True,True,False,,,False,RCC structure (Octagonal Shape),30,Black and White Bands,2012,2012,closed,True,False,True,https://www.dgll.nic.in/sites/default/files/2022-11/kalkata9.pdf,https://www.dgll.nic.in/DGLL-light-house-location/about-kolkata/baruva-lighthouse,"2012 (station establishment date unknown). Active; focal plane 30 m (98 ft); two white flashes every 15 s. 30 m (98 ft) octagonal cylindrical concrete tower with lantern and gallery, painted with black and white horizontal bands; lantern painted red. Biman Sahu has a closeup, Shubham Kumar has a 2025 photo, Raju Pydi has a 2022 photo, and Google has a satellite view. The previous light was mounted ""on port flagstaff,"" according to NGA, although there does not appear to be an active port at Baruva. This light was deactivated in 2003 and there was no light until the new lighthouse was activated. An 1889 Bay of Bengal Pilot describes an unlit ""column,"" painted with black and white bands, at Bar",,Q57518137,,True,,"[""Two elevations given: 'Elevation of ground 9 m' and 'Elevation of tower 40 m'; 40 m used"", ""Divergence printed '2.40 (Horiz.) & 1.15 (Vert.)' without units or degree sign"", ""Intensity labelled 'Luminous Intensity' (26928 cd)""]","{""ais"": 2012}","{""ais"": {""year"": 2012, ""src"": ""ledger""}}","[2014, 1778]",
prongs-reef-lighthouse,Prongs reef Lighthouse,lighthouse,Mumbai,18.87933,72.81633,DGLL ledger,"C/O Deep Bhavan, M.G. Road, Ghatkopar (E), Mumbai 400077",F 0514,Fl W 10 Sec.,Fl,W,1,10,"[0.27, 9.73]",derived,0.27,False,,23,17.9,20.3,17.9,126623,41,revolving,,Optic: Marine Rotating Beacon; Rotation Device: 2 Nos. Stepper Motors; R.P.M. 1,"Wealth Marine Pvt. Ltd., Singapore",WM-RB 500,WM-RB 500 Marine Rotating Beacon,"500mm dia. 6 clear ""Bulls Eye"" Acrylic lens panels equally spaced at 60° (Hexagonal)",1,6,,,False,True,False,False,G,,False,Circular Masonry Tower,41,"Red, White and Black bands",1874,1842,closed,False,False,True,https://www.dgll.nic.in/sites/default/files/2022-12/mm13.pdf,https://www.dgll.nic.in/DGLL-light-house-location/about-mumbai/prongs-reef-lighthouse,"1874 (British; lightship station established 1842). Active; focal plane 41 m (135 ft); white flash every 10 s. 44 m (144 ft) round tapered stone tower with lantern and two galleries, mounted on a stone pier. 1st order Fresnel lens in use. The tower is painted white with a red horizontal band, and the supporting pier is painted black. A 2023 photo is at right, Milan Vyas has a 2021 photo, Mayur Mangela has a photo, Sahil Chauhan has a 2022 photo, Trabas has Cameron's 2010 view, a view from shore is available, Huelse has a historic postcard image, and Google has a good satellite view. This historic offshore lighthouse, marking the entrance to Mumbai Harbour, replaced the onshore Colaba Point l",IND-007,Q16956772,https://www.dgll.nic.in/sites/default/files/2022-11/Prongs%20reef%20Lighthouse.jpg,True,,"[""R.P.M. given as 1 but rotation device says speed selectable from 0.5-0.6 RPM"", ""Range '23' printed without unit or luminous/geographical label"", ""Date of commissioning lists both 1875 and 29.06.2008 (taken over from Mumbai Port Trust 11.10.2007)"", ""Standby NA yet a portable Honda 2.5KVA generator is listed""]",{},"{""racon"": {""year"": 2004, ""src"": ""network""}}",[],DGLL
kanhoji-angre-lighthouse,Kanhoji Angre Lighthouse,lighthouse,Mumbai,18.70318,72.81315,DGLL ledger,,F 0556,fl (2) WR 10 Sec.,Fl,W,2,10,"[3.0, 1.0, 3.0, 3.0]",derived,3.0,True,,25,18.9,,18.9,,47,revolving,,Make: Wealth Marine WM-RB 500 Marine rotating beacon; R.P.M. 3 (Rotation Device field '---'),Wealth Marine,WM-RB 500,Marine rotating beacon,200mm,3,6,,,False,True,False,False,,,False,Octagonal masonry tower,17,--,1867,1867,closed,False,False,True,https://www.dgll.nic.in/sites/default/files/2022-12/mm14.pdf,https://www.dgll.nic.in/DGLL-light-house-location/about-mumbai/kanhoji-angre-lighthouse,"1867 (British). Active; focal plane 47 m (154 ft); two flashes every 10 s, white or red depending on direction. 23 m (75 ft) octagonal cut stone tower with lantern and gallery, attached to a 2-story keeper's house. 1st order Fresnel lens in use. The tower is unpainted; lantern painted white; lantern roof is gray metallic. An enclosed observation room has been built on the gallery. Goraksha Ghawate's 2018 photo is at the top of this page, Wikimedia has Anand Ranade's 2015 photo, Pankaj Bhalbar has a 2024 photo, Huelse has a historic postcard view, Forand has a second postcard view, and Google has a satellite view. Khanderi Island is also the site of a 17th century fort. The island is managed ",IND-093,,https://www.dgll.nic.in/sites/default/files/2022-11/Kanhoji%20Angre%20Lighthouse.jpg,True,,"[""Two divergence sets given: 4.48°/3.26° and 'Main 5° 03’ (Horizontal) 4° 59’ (Vertical)'; first set used"", ""Duration of Flash 'Main 3 sec.' is inconsistent with fl (2) 10 Sec character"", ""Rotation Device '---' although R.P.M. 3 and rotating beacon listed"", ""Colours W and R given but no sector bearings stated"", ""Effective beam intensity '---'""]",{},{},"[2544, 2141, 2066, 2065, 2056, 2055, 2054]",DGLL
chaul-kadu-lighthouse,Chaul kadu lighthouse,lighthouse,Mumbai,18.59705,72.84843,DGLL ledger,"C/o, Head Lightkeeper, Korlai Fort Lighthouse, P.O. Korlai Ta. Murud Dist. Raigad Pin no. 402202",F 0557.6,"fl. R 3 Sec. (fl. 0.5, EC 2.5)",Fl,R,1,3,"[0.5, 2.5]",ledger,0.5,False,,6.2,7.5,6.3,6.2,176,17,flasher,,LED lantern Sealite SL-125/3; Pedestal: Fixed - Cast Iron; Rotation Device and R.P.M. '---',Sealite,SL-125/3,Ultra bright 108 LEDs,200 mm,,,,,False,True,False,False,,,False,Circular Masonry Tower(White),16,White,1870,1870,closed,False,False,True,https://www.dgll.nic.in/sites/default/files/2022-12/mm12.pdf,https://www.dgll.nic.in/DGLL-light-house-location/about-mumbai/chaul-kadu-lighthouse,"1870 (British). Active; focal plane 17 m (56 ft); red flash every 3 s. 19 m (62 ft) round cylindrical masonry tower with gallery, painted white. Lantern removed. In front of the lighthouse is a prow-shaped masonry wall meant to break the force of any waves that might reach the tower. The lighthouse was built with a refuge room to shelter shipwrecked sailors. Bing has a satellite view. Located about 5 km (3 mi) offshore and about 10 km (6 mi) southwest of Alibag. Accessible only by boat. Site and tower closed. ARLHS IND-001; Admiralty F0557.6; NGA 27924.",IND-001,,https://www.dgll.nic.in/sites/default/files/2022-11/Chaul%20kadu%20lighthouse.jpg,True,,"[""Name printed 'CHAUL KHADU LGHTHOUSE'"", ""Source of energy 'Mains' row describes solar-charged batteries, no grid mains stated""]",{},{},[],DGLL
korlai-fort-lighthouse,Korlai Fort Lighthouse,lighthouse,Mumbai,18.5377,72.90607,DGLL ledger,"Head Lightkeeper, Korlai Fort Lighthouse, P.O. Korlai Ta. Murud Dist. Raigad Pin no. 402202",F 0558,"fl. W 3 Sec. (fl. 1, ec 2)",Fl,W,1,3,"[1.0, 2.0]",ledger,0.95,False,,23.5,16,23.6,16,468750,33,revolving,,Type: Revolving with acrylic flat Fresnel lenses; Rotation Device: Stepper Motor; R.P.M. 2.5,"ANA Navaids, New Delhi","GRB-48, MK-II",Revolving with acrylic flat Fresnel lenses,200 mm,2.5,8,,,False,True,True,False,O,,False,Rectangular Masonry Tower,12.7,Black & White bands (3 bands 4.30 m each),1955,1955,grounds,True,False,True,https://www.dgll.nic.in/sites/default/files/2022-12/mm15.pdf,https://www.dgll.nic.in/DGLL-light-house-location/about-mumbai/korlai-fort-lighthouse,"1955. Active; focal plane 33 m (108 ft); white flash every 3 s. 16 m (52 ft) square cylindrical masonry tower with lantern and gallery, attached to the front of a 2-story masonry keeper's house. Tower painted with black and white horizontal bands; lantern dome painted red. Ketan Kadam's 2024 photo is below right, Harshal Sonawane has a 2019 photo, Mithila Rane has a photo, Vinit Maheshwari has a 2007 photo, Siddhesh Balsaraf has a street view, and Google has a satellite view and a fuzzy street view. Ruins of the early 16th century Korlai fort, built in a successful campaign to expel the Portuguese from Chaul, are on the hill above the lighthouse; a long stairway connects the fort and the lig",IND-081,,https://www.dgll.nic.in/sites/default/files/2022-11/Korlai%20Fort%20Lighthouse.jpg,True,,"[""Characteristic sequence gives fl 1 s but optic Duration of Flash is 0.95 sec""]","{""racon"": 2005}","{""racon"": {""year"": 2005, ""src"": ""ledger""}, ""ais"": {""year"": 2012, ""src"": ""network""}}","[1977, 1795, 1787]",DGLL
kalingapatnam-lighthouse,Kalingapatnam Lighthouse,lighthouse,Kolkata,18.34167,84.125,"DGLL ledger, seconds column read as decimal minutes (matches OpenStreetMap node/6989662212)","Kalingapatnam Lighthouse, P.O : Kalingapatnam Dist. Srikakulam, Andhra Pradesh, PIN- 532406",F 0982,FL (3) W 15 SEC,Fl,W,3,15,"[0.38, 1.5, 0.38, 1.5, 0.38, 10.86]",derived,0.38,False,,17,16,16.5,16,26928,34.54,revolving,,Optical Equipment: TRB 220 (Revolving); RPM 4,"Tideland Signal Corporation, USA",TRB 220,Revolving,915 mm height & 445 mm Dia.; Focal Length 110 mm,4,6,,,False,True,True,False,,,False,Hexagonal Masonry Tower,30,Red & White Bands,1982,1877,grounds,True,False,True,https://www.dgll.nic.in/sites/default/files/2022-11/kalkata%2010.pdf,https://www.dgll.nic.in/DGLL-light-house-location/about-kolkata/kalingapatnam-lighthouse,"1982 (station established 1877). Active; focal plane 35 m (115 ft); three white flashes every 15 s. 30 m (98 ft) hexagonal cylindrical masonry tower with lantern and gallery, painted with horizontal red and white bands. Nilakantha Mahapatra has a closeup 2024 photo, Gowtham Kambhampati has a 2016 photo, Muni Raja Bonthala has a 2018 photo, Wikimedia has photos, and Google has a satellite view. Located at Kalingapatnam, a beach resort town about 30 km (19 mi) east of Srikakulam at the mouth of the Vamsadhara River. Accessible by road. Site open, tower status unknown. . ARLHS IND-036; Admiralty F0982; NGA 26956.",IND-036,Q30039442,http://commons.wikimedia.org/wiki/Special:FilePath/Kalingapatnam%20light%20house%2003.jpg,True,,"[""Divergence printed as '2.40 (Horiz.) & I.15 (Vert.)' without degree signs; unclear whether decimal degrees or degrees-minutes"", ""No date of commissioning / establishment year stated"", ""Elevation of ground 4.54 m and elevation of tower 34.54 m both given; tower elevation used""]","{""ais"": 2011}","{""ais"": {""year"": 2011, ""src"": ""ledger""}}","[2537, 2536, 2304, 2300, 1829]",Wikimedia Commons
nanwel-point-lighthouse,Nanwel Point Lighthouse,lighthouse,Mumbai,18.28067,72.93633,DGLL ledger,,F 0562,"fl (3) W 15 Sec. (FL 0.33, ec. 12.7 ) fl 0.33, ec. 2.17, fl 0.33, ec. 9.67)",Fl,W,3,25.53,"[0.33, 12.7, 0.33, 2.17, 0.33, 9.67]",ledger,0.52,False,,16,21.2,19.1,16,78318,64,revolving,4,Type: Revolving; Rotation Device: Dual Stepper Motor 40 Kgcm; R.P.M. 4,Stone Chance,,Revolving with cut and polished prisms,250 mm,4,3,,,False,False,False,False,,,False,Octagonal Masonry Tower,18.3,"Red, White & Red Bands",1964,1884,grounds,False,False,True,https://www.dgll.nic.in/sites/default/files/2022-12/mm17.pdf,https://www.dgll.nic.in/DGLL-light-house-location/about-mumbai/nanwel-point-lighthouse,"1964 (station established 1884). Active; focal plane 66 m (217 ft); three white flashes every 15 s. 19 m (62 ft) octagonal masonry tower with lantern and gallery painted with red and white horizontal bands. Prajyot Sale has the 2022 photo at right, Pritam Patil has a 2018 closeup photo, Sachchida Nand Arya has a photo, Wikimapia has photos, and Google has a satellite view. The original light was a 10.5 m (34 ft) white tower. In 1998 Nilesh Korgaonkar had a long hike from Nanvell to reach the lighthouse, where he had tea with the keepers. Located on a promontory at the southern entrance to the Rajpuri Creek estuary, about 80 km (50 mi) west of Mangaon. Site open but quite difficult to reach, ",IND-104,,https://www.dgll.nic.in/sites/default/files/2022-11/Nanwel%20Point%20Lighthouse.jpg,True,,"[""Headline says every 15 s but itemised sequence (0.33, 12.7, 0.33, 2.17, 0.33, 9.67) sums to 25.53 s; first eclipse 12.7 likely a typo for 2.17"", ""Sequence flash 0.33 s differs from Duration of Flash 0.52 Sec"", ""Panels printed as '3 to 60° each'"", ""Tower height '18.3' printed without unit"", ""Geographical range blank""]",{},{},"[2544, 1795, 1787]",DGLL
santapalli-lighthouse,Santapalli Lighthouse,lighthouse,Visakhapatnam,18.065,83.64,DGLL ledger,"The Navigational Assistant Gr-I, Santapalli Lighthouse, Chintapalli post, Via. Pusapati Raga, Dist. Vizayanagaram Andhra Pradesh, Pin: 535 204.",0980,"FL (2) White, every 10 Seconds (Fl 0.2 ec2.3 Fl0.2 ec7)",Fl,W,2,10,"[0.2, 2.3, 0.2, 7.0]",ledger,0.2,False,,23,18,25.4,18,939600,43,revolving,3,500 mm 3rd Order Large Revolving; twin stepper motor direct drive; Rotation Speed 6 RPM,M/s Chance Brothers,,Large Revolving,500 mm (focal distance 500 mm),6,2,,,True,True,True,False,,,False,Circular masonry Tower,22,Black and White bands,1903,1840,grounds,True,False,True,https://www.dgll.nic.in/sites/default/files/2022-11/Santapalli%20Lighthouse.pdf,https://www.dgll.nic.in/DGLL-light-house-location/about-vishakhapatnam/santapalli-lighthouse,"1903 British; (station established 1840). Active; focal plane 43 m (141 ft); two white flashes every 10 s. 22 m (72 ft) round masonry tower with lantern and gallery, painted with horizontal black and white bands; lantern dome painted red. Aditya Vishnu Vardhan Inuganti's 2022 photo is at right, Dayal Saran has a closeup 2016 photo, Kartheek Dummu has a 2019 photo, and the lighthouse and several station buildings are seen in a Google satellite view. The original light, a temporary structure on the beach, was destroyed by a typhoon. Ruins of the second (1849) lighthouse, which had a light tower attached to a keeper's house, can also be seen. According to DGLL remains of a primitive 18th centur",IND-061,Q57518237,https://www.dgll.nic.in/sites/default/files/2022-11/Santapalli%20Lighthouse.jpg,True,,"[""Sequence (0.2+2.3+0.2+7) sums to 9.7 s but period stated as 10 s"", ""Horizontal divergence printed as '6° 45 6'' (ambiguous, possibly 6° 45.6')"", ""Estd./year of first light 1840 but Date of Commissioning given as 1903"", ""ALOL given only as Sr.No. '0980' without letter prefix""]","{""ais"": 2011}","{""ais"": {""year"": 2011, ""src"": ""ledger""}}",[868],DGLL
bheemlipatnam-lighthouse,Bheemlipatnam Lighthouse,lighthouse,Visakhapatnam,17.94167,83.45667,DGLL ledger,,F 0978,3FL (W) every 15Seconds (FL 1+ EC 2+FL 1+EC 2+FL 1+EC8=15sec),Fl,W,3,15,"[1.0, 2.0, 1.0, 2.0, 1.0, 8.0]",ledger,1,False,,15,12,14.0,12,9000,10.97,flasher,,"Type: LED Light Beacon; illuminant 12V, 18 W LED Light (Sea lite make SL155); no rotation device listed",M/s. Aero marine,SL-155,LED Light Beacon,,,,,,True,True,False,False,,,False,Circular Brick masonry Tower,10.97,White day mark,1903,1903,grounds,False,False,True,https://www.dgll.nic.in/sites/default/files/2022-11/Bheemlipatnam%20Lighthouse.pdf,https://www.dgll.nic.in/DGLL-light-house-location/about-vishakhapatnam/bheemlipatnam-lighthouse,"1903 (British). Active; focal plane 12 m (39 ft); white flash every 9 s. 11 m (36 ft) masonry tower, painted white. A 2017 photo is at right, Matt Kutsch also has a good photo, Laxmi Saha has a 2022 photo, and Google has a satellite view. In January 2013 it was announced that this historic lighthouse would be demolished and replaced, but these plans were dropped. Google's January 2017 street view shows the old tower very much in place, with visitors on the gallery. In March 2022 government officials visited to survey sites for a new lighthouse; it would have a height of about 30 m (100 ft). Located near the port office in Bhimunipatnam (Bheemili), a seaport at the mouth of the river Gosthani",IND-023,,https://www.dgll.nic.in/sites/default/files/2022-11/Bheemlipatnam%20Lighthouse.jpg,True,,"[""Name printed as 'BHEEMINIPATNAM LIGHT HOUSE' in the Name field; page title reads 'Bheemlipatnam Lighthouse'"", ""Latitude printed as 17° 56'.30\"" (mixed minute/second notation); converted as 17°56'30\"""", ""Duration of flash given as 0.38 seconds but characteristic sequence gives FL 1 s""]",{},{},[],DGLL
kelshi-lighthouse,Kelshi (Anjarle) Lighthouse,lighthouse,Mumbai,17.86222,73.08225,Lighthouse Directory map link,,F 0563.5,white flash every 15 s,Fl,W,1,15.0,"[0.95, 14.05]",derived,,,,,20.3,,20.3,,57.0,,,,,,,,,,,,,,,,,,False,"25 m (82 ft) octagonal concrete tower wih a large lantern structure, painted with black and white horizontal bands",25.0,"tower wih a large lantern structure, painted with black and white horizontal bands",2021,2021,,True,False,False,,,"2021. Active; focal plane 57 m (187 ft); white flash every 15 s. Approx. 25 m (82 ft) octagonal concrete tower wih a large lantern structure, painted with black and white horizontal bands. Suraj Sheth's 2023 photo is at right, Danish Palte has a December 2020 photo of the lighthouse under construction, Pramod Jadhav has a May 2022 photo of the completed lighthouse, and Google has a 2023 street view and a satellite view. Located on a prominent headland at Dapoli. Site open, tower closed. Admiralty F0563.5.",,,,,True,,{},{},[1976],
harnai-lighthouse,Harnai Lighthouse,lighthouse,Mumbai,17.80883,73.08933,DGLL ledger,,F0564,fl R 05 Sec. (Fl 0.5 ),Fl,R,1,5,"[0.5, 4.5]",derived,0.5,False,,8,15.8,,8,,29,flasher,,Rotation Device: RedFlashing Light; R.P.M. NA; Pedestal GI pipe stand; Illuminant LED Light,"MG Nickon, (Finland)",LED 350-2NR,,,,,,,True,True,False,False,,,False,White missionary tower,10,White,1899,1899,closed,False,False,True,https://www.dgll.nic.in/sites/default/files/2022-12/mm18.pdf,https://www.dgll.nic.in/DGLL-light-house-location/about-mumbai/harnai-lighthouse,"1899 (British). Active; focal plane 29 m (95 ft); red flash every 5 s. 10 m (33 ft) round concrete tower with gallery; the lantern has been replaced by a light on a short mast. The lighthouse was formerly painted white, but in photos it seems most of the paint has weathered off. Amit Kulkarni has a 2023 photo, Jagannath Sahoo has a 2024 photo, Khalil Sawant has a 2008 closeup photo, and Google has a satellite view. Located atop a narrow promontory, connected to the mainland by a causeway, on the north side of the harbor entrance at Harnai. Site probably open, tower closed. ARLHS IND-086; Admiralty F0564; NGA 27904.",IND-086,,https://www.dgll.nic.in/sites/default/files/2022-11/Harnai%20Lighthouse.jpg,True,,"[""Date of commissioning blank; only 'Date of Installation of New LED Flashing Light: 12.07.2018' given""]",{},{},[],DGLL
dolphin-nose-lighthouse,Dolphin Nose Lighthouse,lighthouse,Visakhapatnam,17.675,83.295,DGLL ledger,"Assistant Engineer (Electronics), Dolphin’s Nose Lighthouse Post: Gandhigram. P.O.Box-134 Visakhapatnam-530005.",0970,FL.W. 10 Sec (Fl 0.33 Sec. Ec 9.67 Sec.),Fl,W,1,10,"[0.33, 9.67]",ledger,0.33,False,,32,31,25.4,31,939600,173,revolving,3,Size: 375 mm (3rd order small) Revolving; Rotation Device: Twin Stepper motor Direct Drive; Rotation Speed 3 RPM,BBT,,Revolving,375 mm,3,1,,,True,True,True,True,O,,False,Square Masonry Tower,19,Black & White bands,1957,1874,closed,False,False,True,https://www.dgll.nic.in/sites/default/files/2022-11/Dolphin%20Nose%20Lighthouse.pdf,https://www.dgll.nic.in/DGLL-light-house-location/about-vishakhapatnam/dolphin-nose-lighthouse,"1957 (station established 1874). Active; focal plane 173 m (568 ft); white flash every 10 s. 15 m (49 ft) square cylindrical masonry tower with lantern and gallery, painted with horizontal black and white bands; lantern dome painted red. Joel Lava's 2024 photo is at the top of this page, Jaydip Bhattacharya has a 2017 closeup photo, Pallab Ghosh also has a photo, the lighthouse can be seen atop the rock in a distant view of the headland, and Google has a satellite view of the station. A light was displayed at the nearby fort as early as 1874, but there was no proper lighthouse until about 1905. The first lighthouse at the present site was built in 1940. The Dolphin's Nose is a huge rocky hea",IND-032,Q57499110,http://commons.wikimedia.org/wiki/Special:FilePath/Dolphin%27s%20Nose%20Lighthouse%20-%20panoramio.jpg,True,,"[""Elevation printed as '173 above MSL' without unit"", ""Luminous range printed as '32 M' (unit presumably NM)"", ""1 panel at 3 RPM gives one flash every 20 s, but characteristic is Fl every 10 s"", ""Year of first light 1940; present lighthouse commissioned 15-06-1957""]","{""racon"": 2005, ""navtex"": 2015}","{""racon"": {""year"": 2005, ""src"": ""ledger""}, ""ais"": {""year"": 2012, ""src"": ""network""}, ""dgps"": {""year"": 2003, ""src"": ""network""}}","[2136, 701, 621]",DGLL
tolkeshwar-point-lighthouse,Tolkeshwar Point Lighthouse,lighthouse,Mumbai,17.5666,73.13743,DGLL ledger,,F 0566,GP fl W (3) every 15 Sec. (W) 0.35+2.65+0.35+2.65+0.35+8.65=15 sec.,Fl,W,3,15,"[0.35, 2.65, 0.35, 2.65, 0.35, 8.65]",ledger,0.35,False,,22,25.8,22.1,22,263883,104,revolving,3,Type: Revolving; Rotation Device: Dual Stepper Motor 40 Kgcm; R.P.M. 4,Stone Chance,,Revolving,375 mm (3rd order small) revolving,4,3,,,True,True,True,False,,,False,Rectangular Masonry Tower,13.5,White,1958,1880,open,False,False,True,https://www.dgll.nic.in/sites/default/files/2022-12/mm19.pdf,https://www.dgll.nic.in/DGLL-light-house-location/about-mumbai/tolkeshwar-point-lighthouse,"1958 (station established 1880). Active; focal plane 104 m (341 ft); three white flashes every 15 s. 14 m (46 ft) square cylindrical masonry tower with lantern and gallery, painted white; lantern dome painted red. Vitthal Kemble has a closeup 2022 photo, Ranjit Wagh has a 2017 photo, Praveen Jadhav has a closeup photo, Nilesh Korgaonkar reports on a 1998 visit, and Google has a satellite view of the station. The original cast iron post light was replaced by a short masonry tower in 1934. Located on a high promontory near Dabhol, about 20 km (13 mi) north northwest of Guhagar. Site open, tower open daily 3 to 5 pm. ARLHS IND-117; Admiralty F0566; NGA 27888.",IND-117,,https://www.dgll.nic.in/sites/default/files/2022-11/Tolkeshwar%20Point%20Lighthouse.jpg,True,,"[""No. of lens printed '3 to 50° each (1 of 110° & 2nd of 100° each)'"", ""Ledger header spells name 'Talkeshwar Point'; slug uses 'tolkeshwar'"", ""established_year from commissioning 15.02.1960 (PV burner); converted to electric 31.01.1997""]",{},"{""ais"": {""year"": 2012, ""src"": ""network""}}",[1991],DGLL
pudimadaka-lighthouse,Pudimadaka Lighthouse,lighthouse,Visakhapatnam,17.48833,83.005,DGLL ledger,,0968,Fl. (2) W 15 Sec. (0.4+ 3.4 +0.4 +10.8 =15 sec.),Fl,W,2,15,"[0.4, 3.4, 0.4, 10.8]",ledger,0.4,False,,20,16.5,23.4,16.5,438480,35,revolving,4,Size: 300 mm (4th order Large) revolving; Rotation Device: Twin Stepper motor Direct Drive system; Rotation Speed 2 RPM,B.B.T,,revolving,300 mm (4th order Large); focal distance 300 MM,2,4,,,True,True,False,False,,,False,Square Masonry,26,Red & white band,1991,1971,open,True,False,True,https://www.dgll.nic.in/sites/default/files/2022-11/Pudimadaka%20Lighthouse.pdf,https://www.dgll.nic.in/DGLL-light-house-location/about-vishakhapatnam/pudimadaka-lighthouse,"1991 (station established 1971). Active; focal plane 35 m (115 ft); two white flashes every 15 s. 26 m (85 ft) square cylindrical masonry tower with lantern and gallery, painted with horizontal red and white bands. A 2019 photo by Dommeti Venkata Mahesh at right, Yajjala Mahesh has a 2022 photo, Sivakodandarao Yeripalli has a 2017 photo, a closeup photo is available, and Google has a satellite view. The history of this station is not clear but apparently the present tower was built in 1991. Located on a sandy promontory at Pudi Madaka, about 55 km (35 mi) southwest of Vishakhapatnam. Site open, tower open daily. . ARLHS IND-054; Admiralty F0968; NGA 27012.",IND-054,Q57496306,https://www.dgll.nic.in/sites/default/files/2022-11/Pudimadaka%20Lighthouse.jpg,True,,"[""Position printed with minute marks instead of degree signs ('17' 29.3\"" N', '83' 00.3\"" E'); converted as 17° 29.3' N, 83° 00.3' E"", ""Luminous range printed as '20 candelas' (unit error); transcribed as 20 NM"", ""Duration of flash given as '0.38 sec. - 0.4 sec.'; sequence gives 0.4 s"", ""ALOL number printed as '0968' without 'F' prefix""]",{},{},[867],DGLL
pentakota-lighthouse,Pentakota Lighthouse,lighthouse,Visakhapatnam,17.3,82.61667,DGLL ledger,,0966,"Fl. W 15 Sec. (Fl. 1.5 +, ec. 13.5= 15 sec.)",Fl,W,1,15,"[1.5, 13.5]",ledger,1.5,False,,15,10,23.4,10,438480,18,revolving,6,150 mm (6th order) revolving; twin stepper motor direct drive; Rotation Speed 1 RPM,B.B.T,,revolving,150 mm,1,4,,,True,True,True,False,,,False,Square Masonry,17.6,Black & White bands,1957,1957,closed,False,False,True,https://www.dgll.nic.in/sites/default/files/2022-11/Pentakota%20Lighthouse.pdf,https://www.dgll.nic.in/DGLL-light-house-location/about-vishakhapatnam/pentakota-lighthouse,"1957. Active; focal plane 18 m (59 ft); white flash every 15 s. 18 m (59 ft) square cylindrical stone tower with lantern and gallery, painted with horizontal black and white bands; lantern dome painted red. Guduguntla Karthik has a 2017 photo, Raju Boddapu has a 2022 photo, and Google has a satellite view. Located at Pentakota, about 12 km (7.5 mi) southeast of Tuni and 40 km (25 mi) north of Kakinada. Site and tower status unknown. ARLHS IND-051; Admiralty F0966; NGA 27016.",IND-051,Q51523977,https://www.dgll.nic.in/sites/default/files/2022-11/Pentakota%20Lighthouse.jpg,True,,"[""Luminous range printed as '15 M' (unit unclear)"", ""Focal distance printed as '150 NM'"", ""ALOL given only as Sr.No. '0966' without letter prefix""]","{""ais"": 2011}","{""ais"": {""year"": 2011, ""src"": ""ledger""}}","[2142, 1654]",DGLL
jaigarh-lighthouse,Jaigarh Lighthouse,lighthouse,Mumbai,17.29667,73.19333,DGLL ledger,,F 0578,"GP fl (4) W every 20 Sec. (fl.0.25 ec.2.6, fl.0.25 ec.2.6, fl.0.25 ec.2.6, fl.0.25 ec.11.2)",Fl,W,4,20,"[0.25, 2.6, 0.25, 2.6, 0.25, 2.6, 0.25, 11.2]",ledger,0.25,False,,25,17.9,19.7,17.9,100000,41,revolving,2,Type: 2nd order revolving; Rotation Device: Dual Stepper Motor 40 Kgcm; R.P.M. 3,Chance Bros. & Co. Ltd. England,,2nd order revolving,700 mm,3,4,,,True,True,False,False,,,False,C.I. Circular Tapered Tower,21,2Red and 1White bands,1933,1896,open,True,False,True,https://www.dgll.nic.in/sites/default/files/2022-12/mm20.pdf,https://www.dgll.nic.in/DGLL-light-house-location/about-mumbai/jaigarh-lighthouse,"1933 (British; station established 1896). Active; focal plane 41 m (135 ft); four white flashes every 20 s. 22 m (72 ft) round cast iron tower with lantern and gallery, painted with red and white horizontal bands. Several 1-story keeper's houses. A 2024 photo is at right, Paramantapa Dasgupta has a 2012 closeup, Prasad Gohad has a 2017 photo, Bhavesh Sawant has a 2022 photo, and Google has a satellite view. The original light, mounted on a bastion of Jaigarh Fort, was replaced by a skeletal tower in 1899. Nilesh Korgaonkar has an account of a visit to the lighthouse in 1998; he found the lighthouse was not automated and keepers were still winding the clockwork rotating mechanism by hand. Loc",IND-087,,https://www.dgll.nic.in/sites/default/files/2022-11/Jaigarh%20Lighthouse.jpg,True,,[],{},{},[],DGLL
vakalapudi-lighthouse,Vakalapudi Lighthouse,lighthouse,Visakhapatnam,17.01333,82.285,DGLL ledger,"The Navigational Assistant Gr-I, Vakalapudi Lighthouse, Tammavaram Post, Kakinada, East Godavari Dist. Andhra Pradesh, Pin: 533005",0964,"FL(3) white, every 15 sec",Fl,W,3,15,"[0.19, 1.5, 0.19, 1.5, 0.19, 11.43]",derived,0.19,False,,26,19,25.4,19,939600,47.88,revolving,4,Size: 350 mm (4th order) revolving; Rotation Device: Twin stepper motor direct drive; Rotation Speed 4 RPM,M/s BBT,,revolving,350 mm (4th order),4,3,,,True,True,True,False,G,"{""id_518"": ""Q"", ""id_490"": ""G""}",False,Circular R.C.C. Tower,45,Red and White bands,2005,1868,open,True,False,True,https://www.dgll.nic.in/sites/default/files/2022-11/Vakalapudi%20Lighthouse.pdf,https://www.dgll.nic.in/DGLL-light-house-location/about-vishakhapatnam/vakalapudi-lighthouse,"2005 (station established 1868). Active; focal plane 45 m (148 ft); three white flashes every 15 s. 45 m (148 ft) round cylindrical masonry tower with lantern and double gallery. Lighthouse painted with horizontal red and white bands. Bhuvan Eswar's 2022 photo is at right, Thyaga Raju has a photo of both Vakalapudi lighthouses, there's a closeup of the top of the tower, and Google has a satellite view. This lighthouse marks the mainland side of the entrance to the bay of Kakinada, which is sheltered by a long, curving sand spit. Located at Vakalapudi about 12 km (7.5 mi) north of Kakinada. Site open, tower open in late afternoons. . ARLHS IND-064; Admiralty F0964; NGA 27020.",IND-064,Q57500037,https://www.dgll.nic.in/sites/default/files/2022-11/Vakalapudi%20Lighthouse.jpg,True,,"[""Luminous range printed '26 M' (unit not NM)"", ""Header says Estd.1878 but year of first light given as 2004 (taken over from Port Department of Andhra Pradesh), commissioning 08-11-2004"", ""ALOL printed '0964' without letter prefix""]","{""racon"": 2004, ""ais"": 2011, ""navtex"": 2015}","{""navtex"": {""year"": 2015, ""src"": ""ledger""}, ""racon"": {""year"": 2004, ""src"": ""ledger""}, ""ais"": {""year"": 2011, ""src"": ""ledger""}}","[2120, 868]",DGLL
ratnagiri-town-and-dgps-station,Ratnagiri Town and DGPS Station,lighthouse,Mumbai,16.98667,73.27333,DGLL ledger,"Assistant Engineer(E), Ratnagiri Lighthouse & DGPS Stn. Ratnagiri (Killa), Post. Ratnagiri, Dist. Ratnagiri, Maharastra- 415 612.",F0580,Gr. fl W (2) White every 10 Sec. (Fl.0.41 + ec 1.59 + Fl 0.41 + ec 7.59 = 10 Sec.),Fl,W,2,10,"[0.41, 1.59, 0.41, 7.59]",ledger,0.41,False,,23,25,22.9,23,352948,103,revolving,3,Rotation Device: Dual Stepper Motor 40 Kg/cm2 with auto changeover; R.P.M. 3; Pedestal: Mercury float,"M/s. Stone Chance, England",,3rd order small,375mm Focal length,3,4,,,False,True,True,True,G,,False,Circular Masonry Tower,15.25,"Black and White Bands 3 Nos. of 4.9 m each (2 Black + 1 White), Bottom band: Black",1965,1867,open,True,False,True,https://www.dgll.nic.in/sites/default/files/2022-12/mm21.pdf,https://www.dgll.nic.in/DGLL-light-house-location/about-mumbai/ratnagiri-town-and-dgps-station,"1965 (station established 1867). Active; focal plane 102 m (335 ft); two white flashes every 10 s. 15 m (49 ft) round masonry tower with lantern and gallery, painted with black and white horizontal bands; lantern dome painted red. Shantaram Gadiyar has a 2024 photo, Kristina Hoeppner' has a 2007 photo, Akash Bhise has a 2018 photo, and Google has a satellite view. The original lighthouse, a 10 m (33 ft) masonry tower, was replaced by a skeletal tower in 1940. The lighthouse is within the walls of Ratnagiri Fort. Located on heights on the south side of the harbor at Ratnagiri. Accessible by road. Site open, tower open for tours daily 4 to 5 pm. ARLHS IND-110; Admiralty F0580; NGA 27856.",IND-110,,https://www.dgll.nic.in/sites/default/files/2022-11/Ratnagiri%20Town%20and%20DGPS%20Station.jpg,True,,"[""Geographical range (25 NM) exceeds luminous range (23 NM)""]","{""racon"": 2018, ""ais"": 2017}","{""racon"": {""year"": 2018, ""src"": ""ledger""}, ""ais"": {""year"": 2017, ""src"": ""ledger""}, ""dgps"": {""year"": 2003, ""src"": ""network""}}","[2005, 1975]",DGLL
rajapur-bay-lighthouse,Rajapur Bay Lighthouse,lighthouse,Mumbai,16.60591,73.32139,DGLL ledger,"Headlighthkeeper Rajapur Bay Lighthouse At post :Madban,Tal:Rajapur,Dist:Ratnagiri -416702",F0586,"F1 W 15 Sec. (FL 0.4, sec. 14.6)",Fl,W,1,15,"[0.4, 14.6]",ledger,0.4,False,,29,18.7,23.2,18.7,403597,46,revolving,4,300 mm (4th order large) revolving; Rotation Device: Stepper motor; R.P.M. 2,B.B.T.,,revolving,300 mm (4th order large) revolving,2,2,,,False,True,True,False,,,False,R.C.C. Square tower,19.8,"Black and White Bands (Band width 3.84m, Bottom band Black, No. of bands 5)",1958,1873,grounds,False,False,True,https://www.dgll.nic.in/sites/default/files/2022-12/mm22.pdf,https://www.dgll.nic.in/DGLL-light-house-location/about-mumbai/rajapur-bay-lighthouse,"1958 (station established 1873). Active; focal plane 46 m (151 ft); white flash every 15 s. 23 m (75 ft) square cylindrical masonry tower with lantern and gallery, attached to a 1-story concrete keeper's cottage. Lighthouse painted with black and white horizontal bands; lantern dome painted red. Sai Kumar Kodi has the DGLL photo, Prathamesh Dhawde has a closeup photo, Wikimapia has several photos, and Google has a satellite view. The original lighthouse was a 6.5 m (21 ft) tower. Located on the point at the south side of the entrance to Rajapur Bay, about 45 km (28 mi) west of Rajapur. An unpaved cart track leads to the lighthouse. Site open, tower closed. ARLHS IND-122; Admiralty F0586; NGA",IND-122,,https://www.dgll.nic.in/sites/default/files/2022-11/Rajapur%20Bay%20Lighthouse.jpg,True,,"[""Characteristic printed 'F1 W' (read as Fl W)"", ""Optic duration of flash 0.41 sec vs characteristic FL 0.4"", ""No. of lens '2 to 180° each'"", ""Date of commissioning given only as year 1958""]",{},"{""ais"": {""year"": 2012, ""src"": ""network""}}","[2544, 1739, 1669]",DGLL
sacramento-lighthouse,Sacramento Lighthouse,lighthouse,Visakhapatnam,16.58667,82.28,DGLL ledger,,0958,"FL White in every 5 Seconds (Fl .0.2, ec 4.8 )",Fl,W,1,5,"[0.2, 4.8]",ledger,0.2,True,Visibility Sector 225°--045° (180°),24,18,25.4,18,939600,48,revolving,3,500 mm 3rd Order large Revolving; Twin Stepper motor Direct Drive system; Rotation Speed 6 RPM,"M/s Chance Brothers, U.K.",,Revolving,500 mm 3rd Order large Revolving; focal distance 500,6,2,,,True,True,True,False,,,False,Circular Masonry Tower,45,Red and White spiral bands,,1895,grounds,True,False,True,https://www.dgll.nic.in/sites/default/files/2022-11/Sacramento%20Lighthouse.pdf,https://www.dgll.nic.in/DGLL-light-house-location/about-vishakhapatnam/sacramento-lighthouse,"Date unknown (station established 1895). Active; focal plane 43 m (141 ft); white flash every 5 s. 45 m (148 ft) round cylindrical concrete tower with lantern and gallery. Tower painted with red and white horizontal bands; lantern dome painted red. A 2021 photo of the two towers is at right, Ampilli Sathvik has a 2024 photo of the two towers, Sai Charan has a 2018 photo of the two towers, a 2017 photo of the station is available, and Google has a good satellite view. This is one of the tallest lighthouses of India; it marks a sandy cape south of the mouth of the Vrudha Godavari, the northernmost mouth of the river. The Sacramento lighthouses replaced the former Cape Godavery lighthouses, as ",IND-059,Q57518421,https://www.dgll.nic.in/sites/default/files/2022-11/Sacramento%20Lighthouse.jpg,True,,"[""Luminous range printed as '24 andelas' (unit garbled); taken as 24 NM"", ""Horizontal divergence printed '6° 45 5'' is ambiguous (6°45.5' or 6°45'5\""); left null"", ""Header says 'Estd.1985/2015' but Date of Commissioning is 1895 (innovations 1902, 1997, 2004, 17-02-2015)"", ""Duration of flash given as 0.19 seconds vs characteristic Fl 0.2""]","{""ais"": 2016}","{""ais"": {""year"": 2016, ""src"": ""ledger""}}",[868],DGLL
ravaport-lighthouse,Ravaport Lighthouse,lighthouse,Visakhapatnam,16.49333,82.26806,DGLL ledger,"The Navigational Assistant Gr-II, Rava Port Lighthouse, S.Yanam P.O, Uppalaguptham (M), EAST Godavari District Andhra Pradesh, Pin: 533 213.",0952.5,4 FL (W) every 20Seconds (Fl 1sec+2sec ec+ Fl 1sec+2sec ec+ Fl 1sec+2s ec + Fl 1sec+10sec ec),Fl,W,4,20,"[1.0, 2.0, 1.0, 2.0, 1.0, 2.0, 1.0, 10.0]",ledger,1,False,,15,12,14.0,12,9000,32.5,flasher,,Light Beacon (flashing): LED Light Beacon SL-155 on 1.2m G.I pedestal; no rotation device listed,M/s. Aero marine,SL-155,LED Light Beacon,,,,,,True,True,False,False,,,False,Circular FRP Tower,30,White,2005,1982,open,False,False,True,https://www.dgll.nic.in/sites/default/files/2022-11/Ravaport%20Lighthouse.pdf,https://www.dgll.nic.in/DGLL-light-house-location/about-vishakhapatnam/ravaport-lighthouse,"2005 (station established 1982). Active; focal plane 34 m (112 ft); white flash every 10 s. 35 m (115 ft) hexagonal cylindrical concrete tower with lantern and gallery, painted with horizontal red and white bands. Ramesh Pagidipalli has a 2023 photo, Yespear Kay has a photo, Chaitanya Ramireddy has a 2020 closeup, Kiran Darling has a street view from the gallery, and Google has a satellite view. This lighthouse and the next several to the south stand on the northern Coromandel Coast, a low shore devastated by the great tsunami of 26 December 2004. There was a news report that the ""oldest lighthouse at Ramayapatnam"" collapsed in the waves; presumably this was the 1982 tower. Located at Ramaya",IND-057,,https://www.dgll.nic.in/sites/default/files/2022-11/Ravaport%20Lighthouse.jpg,True,,"[""Latitude printed 16° 29' 60\"" N - seconds value 60 is not < 60"", ""Beacon make given as 'M/s. Aero marine' but illuminant says 'Sea lite make SL155'"", ""Estd.2013 in header but year of first light commissioned 27-12-2014"", ""ALOL printed '0952.5' without letter prefix""]",{},{},[],DGLL
devgad-lighthouse,Devgad Lighthouse,lighthouse,Goa,16.38833,73.37667,DGLL ledger,Head light keeper Devgad lighthouse Devgad fort Devgad Taluka Devgad District Sindhudurg Pin 416613,F 0590,Group Flash(4) white for every 30Sec,Fl,W,4,30,"[0.7, 2.0, 0.7, 2.0, 0.7, 2.0, 0.7, 21.2]",derived,0.7,False,,25,15.8,19.4,15.8,90000,29,revolving,3,Optic 3rd Order Small Revolving Optic; Rotation Device dual stepper motor; R.P.M. 2,B.B.T. ( Except source changer system ),,Revolving,375mm,2,4,,,False,True,True,False,,,False,Circular and Masonary,10.67,White and Black bands,1958,1915,grounds,False,False,True,https://www.dgll.nic.in/sites/default/files/2022-12/Master%20Ledger%20Goa%2001.pdf,https://www.dgll.nic.in/DGLL-light-house-location/about-goa/devgad-lighthouse,"1958 (station established 1915). Active; focal plane 42 m (138 ft); four white flashes every 23 s. 11 m (36 ft) round masonry tower with lantern and gallery, painted with black and white horizontal bands; lantern dome painted red. A radar antenna is mounted atop the lighthouse. Prashant Kesarkar's 2023 photo is at right, Pandurang Bhise has a 2019 closeup photo, Atharva Kubal has a 2025 closeup, Yash Talekar has a 2018 photo, Kothanda Srinivasan also has a photo, and Google has a satellite view. The lighthouse is built within the walls of a ruined early 18th century fortress. Located on a promontory at south side of the harbor entrance at Devgad, about 80 km (50 mi) north of Vengurla. Site o",IND-084,,https://www.dgll.nic.in/sites/default/files/2022-11/DEVGAD%20LIGHTHOUSE.jpg,True,,"[""No. of lens 4 (each of 60°) with 4 lenses totalling 240°"", ""Solar Plant row says NA while 'Solar Plant for Main' lists 200W x2 and 190W x1 panels""]",{},"{""ais"": {""year"": 2012, ""src"": ""network""}}",[],DGLL
antervedi-lighthouse,Antervedi Lighthouse,lighthouse,Visakhapatnam,16.31698,81.72579,DGLL ledger,,0957,Flash (2) White every 15 Sec (FL0.4+ec3.4+FL0.4+ec10.8),Fl,W,2,15,"[0.4, 3.4, 0.4, 10.8]",ledger,0.41,False,,27,15.5,25.4,15.5,939600,29,revolving,4,Size: 300 mm (4th order) Revolving; Rotation Device: Twin stepper motor direct drive; Rotation Speed 02 RPM,M/s. BBT,,Revolving,300 mm (4th order),2,4,,,False,True,True,True,B,,False,Square Masonry Tower,26,Red & White bands,1971,1971,open,True,False,True,https://www.dgll.nic.in/sites/default/files/2022-11/Antervedi%20Lighthouse.pdf,https://www.dgll.nic.in/DGLL-light-house-location/about-vishakhapatnam/antervedi-lighthouse,"1971. Active; focal plane 29 m (95 ft); two white flashes every 15 s.26 m (85 ft) square cylindrical masonry tower with lantern and gallery, painted with horizontal red and white bands. 4th order clamshell Fresnel lens in use. Manik Sehgal has a 2019 photo, Ganesh Maddula has a 2018 photo, a 2023 closeup is available, Arjun Am has a distant street view from the beach, Suresh Tirumani has a street view from the gallery, and Google has a satellite view. Located on Narsapur Point on the east side of the mouth of the Vasishta Godavari, the southern branch of the Godavari, about 20 km (13 mi) south of Narsapur (Narasapuram). Site open, tower open in the afternoons. . ARLHS IND-021; Admiralty F095",IND-021,Q57518490,https://www.dgll.nic.in/sites/default/files/2022-11/Antervedi%20Lighthouse.jpg,True,,"[""No. of panels given as '4 (2 group of 2)'"", ""Duration of flash stated 0.41 s while sequence gives FL0.4"", ""Year of first light 1971 but Date of Commissioning 15/12/1984""]","{""ais"": 2012, ""dgps"": 2003, ""racon"": 2018}","{""racon"": {""year"": 2018, ""src"": ""ledger""}, ""ais"": {""year"": 2012, ""src"": ""ledger""}, ""dgps"": {""year"": 2003, ""src"": ""ledger""}}",[],DGLL
machilipatnam-lighthouse,Machilipatnam Lighthouse,lighthouse,Visakhapatnam,16.24667,81.23333,DGLL ledger,,0955,"Gr. FL(3) W. 20 Seconds (F1 0.5, EC 2.0, F2 0.5, EC 2.0, F3 0.5, EC 14.5 sec.)",Fl,W,3,20,"[0.5, 2.0, 0.5, 2.0, 0.5, 14.5]",ledger,0.5,False,,20,16.5,21.0,16.5,166000,50.56,revolving,,Rotation Speed: 3 RPM,MBR 300 MSM,,,"Focal length 105 mm, 150 W/220 V AC MH Lamp",3,3,,,False,True,True,False,,,False,Circular R.C.C. Tower,50,Black and White bands,1984,1858,grounds,True,False,True,https://www.dgll.nic.in/sites/default/files/2022-11/Machilipatnam%20Lighthouse.pdf,https://www.dgll.nic.in/DGLL-light-house-location/about-vishakhapatnam/machilipatnam-lighthouse,"1984 (station established 1858). Active; focal plane 51 m (167 ft); three white flashes every 20 s. 45 m (148 ft) round cylindrical concrete tower with lantern and two galleries, painted with horizontal black and white bands; lantern dome painted red. Roopesh Kohad has a good photo, Samaresh Biswal has a 2018 photo, Vineeth Chimata has a 2020 photo, and Google has a street view and a satellite view. The great tsunami of 26 December 2004 swept away hundreds of people on the beach and reached the base of the lighthouse but the tower was not damaged. The original light was on a flagstaff; the current lighthouse replaced a much shorter tower built in 1930. Located behind Manginapudi Beach, about",IND-043,Q57516765,https://www.dgll.nic.in/sites/default/files/2022-11/Machilipatnam%20Lighthouse.jpg,True,,[],"{""ais"": 2012}","{""ais"": {""year"": 2012, ""src"": ""ledger""}}",[868],DGLL
achara-point-lighthouse,Achara Point Lighthouse,lighthouse,Goa,16.2,73.43167,DGLL ledger,,F0592,Flash(2) White every 06 sec,Fl,W,2,6,"[0.5, 1.0, 0.5, 4.0]",derived,,False,,8,13.2,,8,,17,flasher,,"Optic: High efficiency LED flashing beacon, Marine Signal Lantern; Rotation Device NA; R.P.M. NA","Automatic power,USA",,Marine Signal Lantern,,,,,,True,True,False,False,,,False,Circular RCC Tower,17,White,2014,2014,closed,False,False,True,https://www.dgll.nic.in/sites/default/files/2022-12/Master%20Ledger%20Goa%2002.pdf,https://www.dgll.nic.in/DGLL-light-house-location/about-goa/achara-point-lighthouse,"2014. Active; focal plane 49 m (161 ft); two white flashes every 6 s. 17 m (56 ft) round concrete tower with lantern and gallery. Lighthouse painted white, lantern roof red. Abhay Aparaj has a 2019 photo and a closeup of this new lighthouse, Nikhil Karangutkar has a 2022 photo, Jayanti Dhuri has a very distant view and Google has a satellite view. NGA lists a 9 m (30 ft) skeletal tower at this location, and an Indian Notice to Mariners identified that light as ""temporarily extinguished"" in 2012. Located on a steep headland across the estuary entrance at Achra, a village about 50 km (30 mi) north of Vengurla. Site status unknown. Admiralty F0592; NGA 27832.",,,https://www.dgll.nic.in/sites/default/files/2022-11/ACHARA%20POINT%20LIGHTHOUSE.jpg,True,,"[""Duration of flash given as '06 Sec', same as the period; not a plausible flash duration, not transcribed as flash_duration_s"", ""RACON Sr. No 6295 listed but all RACON details NA"", ""Solar plant shown under 'Solar Plant for Main RACON' although RACON is NA; 'Mains' row describes a solar battery bank""]",{},{},[],DGLL
vengurla-rocks-lighthouse,Vengurla Rocks Lighthouse,lighthouse,Goa,15.89,73.46167,DGLL ledger,,F0598,Fl (2)W 20S,Fl,W,2,20,"[0.18, 2.0, 0.18, 17.64]",derived,0.18,False,,26,19.2,20.0,19.2,113665,49,revolving,,Optic: Revolving; Rotation Device: Dual stepper Motor; R.P.M. 1.5,BBT Paris,,Revolving,920mm,1.5,2,,,False,True,False,False,D,,False,Circular Cast Iron,20,Red & White Bands,1890,1870,closed,False,False,True,https://www.dgll.nic.in/sites/default/files/2022-12/Master%20Ledger%20Goa%2012.pdf,https://www.dgll.nic.in/DGLL-light-house-location/about-goa/vengurla-rocks-lighthouse,"1890 (British; station established 1870). Active; focal plane 49 m (161 ft); two white flashes every 20 s. 21 m (69 ft) round cast iron tower with lantern and gallery, painted with red and white horizontal bands. A 2021 photo is at right, Lighthouse Digest has a photo, Rajesh Prabhu has a 2022 photo, Kaina Shaikh has a 2022 aerial photo, Bhushan Parab has a view from the sea, an Instagram photo is available, and Google has a satellite view. Located in the Arabian Sea about 11 km (7 mi) off the coast and 20 km (13 mi) west northwest of Vengurla. Accessible only by boat and landing appears difficult or impossible. Site and tower closed. ARLHS IND-009; Admiralty F0598; NGA 27804.",IND-009,,https://www.dgll.nic.in/sites/default/files/2022-11/Vengurla%20Rocks%20Lighthouse.jpg,True,,"[""Position and divergence printed with '*' in place of degree signs"", ""Date of commissioning not stated ('-')"", ""RACON Sr. No 6295 is the same serial printed in other ledgers (Anjengo, Minicoy)"", ""NAIS section lists only VSAT/modem, no AIS base station details""]",{},"{""racon"": {""year"": 2004, ""src"": ""network""}}",[],DGLL
nizampatnam-lighthouse,Nizampatnam Lighthouse,lighthouse,Visakhapatnam,15.88367,80.63833,DGLL ledger,,0952.95,"Flash White, every 5Seconds (Fl 0.5 + ec4.5 = 5 sec.)",Fl,W,1,5,"[0.5, 4.5]",ledger,0.5,False,,23.0,17,23.2,17,392857,35.83,revolving,,Rotation Device: Stepper motor 7 kg-cm (Gearless drive); Rotation Speed 1.5 RPM,"M/s ANA Navaids Ltd, New Delhi",,"8 panel ""Fresnel"" Lens",413 mm diameter (Height 272 mm & width 160 mm); focal distance 413 mm,1.5,8,,,True,True,False,False,,,False,Circular R.C.C. Tower by SLIP FORM,30,Red & White bands,,2004,,False,False,True,https://www.dgll.nic.in/sites/default/files/2022-11/Nizampatnam%20Lighthouse_0.pdf,https://www.dgll.nic.in/DGLL-light-house-location/about-vishakhapatnam/nizampatnam-lighthouse,,,Q57517673,https://www.dgll.nic.in/sites/default/files/2022-11/Nizampatnam%20Lighthouse.jpg,True,,[],{},{},[2138],DGLL
vengurla-point-lighthouse,Vengurla Point Lighthouse,lighthouse,Goa,15.85333,73.61667,DGLL ledger,,F 0600,Flash red every 5sec.,Fl,R,1,5,"[0.45, 4.55]",derived,,False,,24,23.3,23.9,23.3,528000,81,revolving,3,Optic: Revolving 3rd order; Rotation Device: Stepper Motor+Controller; R.P.M. 3,BBT Paris,,Revolving,3rd Order 375mm,3,3,,,False,True,True,False,,"{""id_518"": ""J"", ""id_490"": ""R""}",False,Hexagonal Masonry,13,Black & White Horizontal Band,1968,1869,open,True,False,True,https://www.dgll.nic.in/sites/default/files/2022-12/Master%20Ledger%20Goa%2003_0.pdf,https://www.dgll.nic.in/DGLL-light-house-location/about-goa/vengurla-point-lighthouse,"1968 (station established 1869). Active; focal plane 82 m (269 ft); red flash every 5 s.13 m (43 ft) hexagonal cylindrical masonry tower with lantern and gallery, attached to a 1-story keeper's house. Lighthouse painted with black and white horizontal bands; lantern dome painted red. Kedar Sule contributed a 2007 photo , Lisbon Rebello has a closeup photo, Sushant Dabholkar has a 2023 closeup, Rinat Khairetdinov has a 2019 closeup, and Google has a satellite view. Located atop a seaside bluff at Vengurla. Accessible by road. Site open, tower open daily 4 to 5:30 pm. . ARLHS IND-120; Admiralty F0600; NGA 27800.",IND-120,,https://www.dgll.nic.in/sites/default/files/2022-11/VENGURLA%20POINT%20LIGHTHOUSE.jpg,True,,"[""Position and divergence use '*' in place of the degree sign"", ""3 lenses at 3 RPM gives a flash every 6.67 s, not every 5 s"", ""RACON section lists only Sr. No 6295 with all other fields blank (same serial appears in other ledgers)"", ""Also hosts a Danphone NAVTEX transmitter (518/490 kHz, ID 'J', 2015)""]","{""ais"": 2015}","{""navtex"": {""year"": 2015, ""src"": ""network""}, ""ais"": {""year"": 2015, ""src"": ""ledger""}}",[1897],DGLL
vodarevu-lighthouse,Vodarevu Lighthouse,lighthouse,Visakhapatnam,15.795,80.41,DGLL ledger,"The Navigational Assistant Gr-I, Vodarevu Lighthouse, Vodarevu Post, Chirala, Andhra Pradesh, Pin: 523 157",F 0952.9,"Gp FL (2) White, every 15 Seconds (Fl 0.6 +ec1.9 + Fl 0.6 + ec 11.9)",Fl,W,2,15,"[0.6, 1.9, 0.6, 11.9]",ledger,0.6,False,,24,17,23.9,17,522000,34,revolving,4,4TH Order Revolving; twin stepper motor rotation device; Rotation Speed 1 RPM,"M/S Stone Chance Limited, London",,Revolving,250 mm focal distance,1,4,,,True,True,True,False,,,False,Circular R.C.C. Tower by SLIP FORM,30,Black and White bands,2002,2002,grounds,True,False,True,https://www.dgll.nic.in/sites/default/files/2022-11/Vodarevu%20Lighthouse.pdf,https://www.dgll.nic.in/DGLL-light-house-location/about-vishakhapatnam/vodarevu-lighthouse,"2002. Active; focal plane 34 m (112 ft); two white flashes every 15 s. 30 m (98 ft) round cylindrical concrete tower with lantern and double gallery. Lighthouse painted with black and white horizontal bands. Raju Boddapu has a 2022 photo, Sambasiva Rao has a 2010 photo of the lighthouse in action, a 2018 photo is available, and Google has a satellite view. This lighthouse was the first in India built using a new technique called slip-form construction, which shortens construction time dramatically. Lighthouse Digest has I.C.R. Prasad's November 2002 article on the lighthouse. Located at Vodarevu, a relatively new port being developed about 7 km (4 mi) southeast of Chirala. Site open, tower p",IND-067,Q57517810,https://www.dgll.nic.in/sites/default/files/2022-11/Vodarevu%20Lighthouse.jpg,True,,"[""Luminous range printed as '24 M at 074 ATF' (unit unclear)"", ""4 panels of 90° each at 1 RPM does not obviously produce Gp Fl(2) every 15 s""]","{""ais"": 2011}","{""ais"": {""year"": 2011, ""src"": ""ledger""}}",[866],DGLL
nagayalanka-lighthouse,Nagayalanka Lighthouse,lighthouse,Visakhapatnam,15.78611,80.9875,DGLL ledger,,0953,FL W EV. 15 Seconds (Fl 11.16+03.84= 15 sec.),Fl,W,1,15,"[11.16, 3.84]",ledger,1.16,False,,24.0,16.5,23.4,16.5,438480,35,revolving,2,Size: 700 mm (2nd order) revolving; Rotation Device: Stepper Motors; Rotation Speed 1 RPM,M/s BBT,,,700 mm (2nd order) revolving,1,4,,,True,True,True,False,,,False,Square Stone Masonry Tower,37,Red and White Diagonal bands,1972,1902,grounds,False,False,True,https://www.dgll.nic.in/sites/default/files/2022-11/Nagayalanka%20Lighthouse.pdf,https://www.dgll.nic.in/DGLL-light-house-location/about-vishakhapatnam/nagayalanka-lighthouse,"1972 (station established 1902 but inactive 1940-1955). Active; focal plane 35 m (115 ft); one long (1.2 s) white flash every 15 s. 37 m (121 ft) square cylindrical masonry tower with lantern and gallery, painted with red and white spiral bands. Balaji Andraju's 2024 photo is at right, Tandava Krishna Pidikiti has a 2015 photo, a 2018 photo is available, Shanmukha Anirudh has a 2020 photo, and Google has a satellite view. The lighthouse replaced an older light known as Kistna or False Devil Point; the old tower was demolished and its bricks used to build retaining walls protecting the approach to the new light. Lighthouse Digest has I.C.R. Prasad's account of a severe tropical cyclone that f",IND-046,Q57517069,https://www.dgll.nic.in/sites/default/files/2022-11/Machilipatnam%20Lighthouse_0.jpg,True,,"[""Characteristic sequence 'Fl 11.16+03.84' conflicts with stated duration of flash 1.16 seconds"", ""No. of panels printed '4 log of 90° each'"", ""Year first light commissioned 1901; date of commissioning 17-09-1998""]",{},"{""ais"": {""year"": 2012, ""src"": ""network""}}",[1891],DGLL
aguada-lighthouse-and-dgps-station,Aguada Lighthouse And D.g.p.s Station,lighthouse,Goa,15.48867,73.77,DGLL ledger,"Asst. Engr.(E), Aguada LH and DGPS Stn, Sinquerim, Condolim, Bardez-Goa-403 515",F0606,Flash 3 white every 20 sec.,Fl,W,3,20,"[0.41, 2.0, 0.41, 2.0, 0.41, 14.77]",derived,0.41,False,,26.8,19.8,,19.8,,85,revolving,3,Type: Revolving with cut & polished prisms; Rotation Device: Dual stepper motor (40 kg-cm); R.P.M. 3,J. stone calcutta,,Revolving with cut & polished prisms.,375mm (3rd order small),3,3,,,False,True,True,True,O,,False,Rectangular R.C.C White Tower,18,White,1902,1902,open,True,False,True,https://www.dgll.nic.in/sites/default/files/2022-12/Master%20Ledger%20Goa%2004.pdf,https://www.dgll.nic.in/DGLL-light-house-location/about-goa/aguada-lighthouse-and-dgps-station,"1902. Active; focal plane 85 m (279 ft); three white flashes every 20 s. 21 m (69 ft) square concrete tower with lantern and gallery, painted white; lantern roof painted red. Kamal Irukulla's 2022 photo is at right, Nasa Anil Kumar has a 2021 photo, a 2009 photo is available, Swechha Prakash has a street view, and Google has a satellite view. Apparently this light was built originally as the front light of a range, with the old lighthouse (previous entry) as the rear light. It is not known when the range was discontinued. Located a short distance west of Fort Aguada. Site open, tower open daily 10 am to 5:30 pm. ARLHS IND-069; Admiralty F0606; NGA 27772.",IND-069,Q10280110,https://www.dgll.nic.in/sites/default/files/2022-11/AGUADA%20LIGHTHOUSE%20AND%20D.G.P.S%20STATION.jpg,True,,"[""Date of commissioning given as June 1998, which matches the DGPS commissioning date (05.06.1998); optic installation date printed as 'se1976'"", ""Effective beam intensity left blank""]","{""racon"": 2018, ""ais"": 2017}","{""racon"": {""year"": 2018, ""src"": ""ledger""}, ""ais"": {""year"": 2017, ""src"": ""ledger""}, ""dgps"": {""year"": 2003, ""src"": ""network""}}","[1907, 1897, 1816, 1796, 1740]",DGLL
st-george-island-lighthouse,The St. George Island Lighthouse,lighthouse,Goa,15.35167,73.76333,DGLL ledger,,F 0628,"Fl. WR (4) ev 20Sec. (fl. 0.5, ec 1.5, fl. 0.5, ec 1.5 fl. 0.5, ec 1.5 fl. 0.5, L.ec 13.5)",Fl,W,4,20,"[0.5, 1.5, 0.5, 1.5, 0.5, 1.5, 0.5, 13.5]",ledger,0.5,True,"R 185° to 225° = 40°, W 225° to 185° = 320°",5.6,24.7,5.7,5.6,121,93,flasher,,Sealite SL-125/3 LED lantern (Ultra bright 108 LEDs); Rotation Device and R.P.M. blank; horizontal divergence 360°,Sealite,SL-125/3,Ultra bright 108 LEDs,200 mm,,,,,False,True,False,False,,,False,Circular RCC Tower with external spiral,16,Black & White bands (3),1977,1956,closed,False,False,True,https://www.dgll.nic.in/sites/default/files/2022-12/Master%20Ledger%20Goa%2013.pdf,https://www.dgll.nic.in/DGLL-light-house-location/about-goa/st-george-island-lighthouse,"1977 (station established 1956). Active; focal plane 93 m (305 ft); four flashes every 20 s, white or red depending on direction. 16 m (52 ft) slender round cylindrical concrete tower with gallery and an external stairway spiraling around the tower. Lighthouse painted with black and white horizontal bands. A DGLL photo is available, Madhura Ranade has a 2024 closeup of the top of the tower, Gregorio Cabral has a view from the sea and Google has an indistinct satellite view. The original light was on a skeletal tower. The Ilha de São Jorge (St. George Island) is now called Grand Island. Located on an island about 8 km (5 mi) south southwest of Marmagão. Accessible only by boat. Site and tower",IND-112,,https://www.dgll.nic.in/sites/default/files/2022-11/The%20St.%20George%20Island%20Lighthouse.jpg,True,,"[""Range given per colour (W 5.6 NM, R 6.3 NM), not luminous/geographical; red range exceeds white"", ""Effective intensity given per colour: Red 176 cd, White 121 cd"", ""RACON lists 'Sr. No 6295' (same serial as Belekeri ledger) but Make is '---'; presence unclear""]",{},{},[],DGLL
betul-lighthouse,Betul Lighthouse,lighthouse,Goa,15.14492,73.95822,DGLL ledger,Betul Lighthouse post:-velim:-salcete south Goa,F 0631,FL4 (W) 15S,Fl,W,4,15,"[0.95, 1.5, 0.95, 1.5, 0.95, 1.5, 0.95, 6.7]",derived,,False,,22,24.2,,22,,89,revolving,,Type: Revolving; Rotation Device: Stepper motor; R.P.M. 4 RPM,3STECHS,,Revolving,Dia 550 mm Height 900mm,4,3,,,False,True,False,False,,,False,octagonal shaped RCC,15,spiral band red & white,2015,1890,open,False,False,True,https://www.dgll.nic.in/sites/default/files/2022-12/Master%20Ledger%20Goa%2005.pdf,https://www.dgll.nic.in/DGLL-light-house-location/about-goa/betul-lighthouse,"2015 (station established 1890). Active; focal plane 88 m (289 ft); white flash every 15 s. Approx. 21 m (69 ft) octagonal cylindrical concrete tower with lantern and gallery, painted with red and white spiral bands. A 2022 photo is at right, Bikash Pradhan has a 2016 photo, Conroy Rodrigues has a second 2016 photo, Viresh Vazirani has a gallery view from atop the tower, Ashwin Sekhar has a street view, and Google has a satellite view. Located atop a steep hill behind Betul Beach southwest of Margao. Site open, tower open in late afternoons daily. . Admiralty F0631; NGA 27758.",,,https://www.dgll.nic.in/sites/default/files/2022-11/BETUL%20LIGHTHOUSE.jpg,True,,"[""Characteristic says FL4 (W) 15S but Duration of Flash field says 'Flash (1) white 15 sec'"", ""Latitude printed in mixed format (15° 08’.41.7”); interpreted as 15° 08' 41.7\"""", ""No. of lens given as '3 tyre 3 panel (each panel 3 led lights)'"", ""Divergence 2.5 degrees not labelled horizontal or vertical"", ""Effective beam intensity blank"", ""RACON lists only Sr. No 6295 with no make/model/code""]",{},{},[],DGLL
ramayapatnam-lighthouse,Ramayapatnam Lighthouse,lighthouse,Visakhapatnam,15.04083,80.05,DGLL ledger,,0952.5,Single Flash every 10 Sec.,Fl,W,1,10,"[0.7, 9.3]",derived,,False,,21.7,16.5,21.7,16.5,221000,35.29,revolving,,Type: MBR-300 Marine Rotating Beacon; Rotation Speed 1 RPM,"Mediterraneo Senalels Maritimas, Spain",MBR- 300,MBR- 300 Marine Rotating Beacon,105 mm focal length,1,6,,,True,True,True,False,K,,False,Hexagonal Concrete Tower,30,Red and White bands,2005,1982,open,True,False,True,https://www.dgll.nic.in/sites/default/files/2022-11/Ramayapatnam%20Lighthouse.pdf,https://www.dgll.nic.in/DGLL-light-house-location/about-vishakhapatnam/ramayapatnam-lighthouse,"2005 (station established 1982). Active; focal plane 34 m (112 ft); white flash every 10 s. 35 m (115 ft) hexagonal cylindrical concrete tower with lantern and gallery, painted with horizontal red and white bands. Ramesh Pagidipalli has a 2023 photo, Yespear Kay has a photo, Chaitanya Ramireddy has a 2020 closeup, Kiran Darling has a street view from the gallery, and Google has a satellite view. This lighthouse and the next several to the south stand on the northern Coromandel Coast, a low shore devastated by the great tsunami of 26 December 2004. There was a news report that the ""oldest lighthouse at Ramayapatnam"" collapsed in the waves; presumably this was the 1982 tower. Located at Ramaya",IND-057,Q57517972,https://www.dgll.nic.in/sites/default/files/2022-11/Ramayapatnam%20Lighthouse.jpg,True,,"[""Latitude printed with seconds sign after decimal minutes (15° 02.45\""); converted as decimal minutes"", ""Characteristic does not state light colour""]","{""ais"": 2012, ""racon"": 2004}","{""racon"": {""year"": 2004, ""src"": ""ledger""}, ""ais"": {""year"": 2012, ""src"": ""ledger""}}",[865],DGLL
oyster-rocks-lighthouse,The Oyster Rocks lighthouse,lighthouse,Goa,14.82,74.06167,DGLL ledger,"Head Lightkeeper, Oyster Rocks Lighthouse R/T Building, Kaju Baug, Post Karwar, Dist. Kanera, PIN – 581 301.",F 0634,"fl. W 10 Sec. (fl 0.25, ec 9.75)",Fl,W,1,10,"[0.25, 9.75]",ledger,0.25,False,,24.8,20,24.7,20,703836,62,revolving,2,Type: Revolving; Rotation Device: Dual Stepper Motor; R.P.M. 3,B.B.T.,,"Fresnel Lens, Revolving",700 mm (2nd order),3,2,,,False,True,True,False,D,,False,Circular Masonry Tower,20,Red & White Bands,1864,1864,open,False,False,True,https://www.dgll.nic.in/sites/default/files/2022-12/Master%20Ledger%20Goa%2014.pdf,https://www.dgll.nic.in/DGLL-light-house-location/about-goa/oyster-rocks-lighthouse,"1864 (British). Active; focal plane 63 m (207 ft); white flash every 10 s. 19 m (62 ft) round masonry tower with lantern and gallery, painted red with one white horizontal band; lantern painted white with a red dome. 2nd order Fresnel lens. Sachin Kuvalekar's 2018 photo is at right, Nitya Juvekar has a 2018 closeup photo, a 2022 closeup is available, Kaushik Saikia has a distant view at dusk, and Google has a satellite view. This is the oldest lighthouse of Karnataka, built by the British to support their new outpost at Karwar following the Indian Mutiny uprising of 1857. The Oyster Rocks are the westernmost of several reefs and islets protecting the harbor of Karwar. Located about 8 km (5 m",IND-105,Q7116356,https://www.dgll.nic.in/sites/default/files/2022-11/The%20Oyster%20Rocks%20lighthouse.jpg,True,,"[""No. of lens '2 (each 144°)'"", ""Area of dioptric portion 5124 sq. cm but 'corrected area 38880 sq.cm' is larger"", ""Date of commissioning given only as year 1934""]","{""racon"": 2005}","{""racon"": {""year"": 2005, ""src"": ""ledger""}, ""ais"": {""year"": 2012, ""src"": ""network""}}","[1817, 1816, 1593]",DGLL
isakapalli-lighthouse,Isakapalli Lighthouse,lighthouse,Visakhapatnam,14.73333,80.1,DGLL ledger,"The Navigational Assistant Grade-I, Iskapalli Lighthouse, Post: Iskapalli, Allur Mandal, SPSR Nellore Dist. Andhra Pradesh, Pin: 524315.",,"Group Flash(2) White, every 10 Seconds (0.3+3.2+0.3+6.2) Sec",Fl,W,2,10,"[0.3, 3.2, 0.3, 6.2]",ledger,0.3,False,,18,17,,17,,34.4,revolving,,Size: 500mm (Rotating Beacon); Rotation Device: Stepper motor 20 kg-cm; Rotation Speed 3RPM,M/s Wealth marine,,Rotating Beacon,"500mm (Rotating Beacon), Focal distance 250 mm",3,4,,,False,True,False,False,,,False,Circular R.C.C. Tower,30,Red & White diagonal bands,,2009,,False,False,True,https://www.dgll.nic.in/sites/default/files/2022-11/Isakapalli%20Lighthouse.pdf,https://www.dgll.nic.in/DGLL-light-house-location/about-vishakhapatnam/isakapalli-lighthouse,,,Q57537322,https://www.dgll.nic.in/sites/default/files/2022-11/Isakapalli%20Lighthouse.jpg,True,,"[""A.L.O.L. number given as 'Awaited from NHO'"", ""No. of panels given as '4 \""Fresnel\"" Lens & 2 black (Set of 2+1 of 180°)'"", ""Effective beam intensity given as '15NM' instead of candela"", ""Illuminant rows on page 2 are unlabelled ('150W/230V Metal Halide Lamp', 'Nil')""]",{},{},[],DGLL
belekeri-lighthouse,Belekeri Lighthouse,lighthouse,Goa,14.70833,74.24,DGLL ledger,,F 0637,Fl. (3)White 10 sec.,Fl,W,3,10,"[0.7, 1.0, 0.7, 1.0, 0.7, 5.9]",derived,,False,,9,21.5,,9,,66,flasher,,Optic: DRUM TYPE; Rotation Device -NA-; R.P.M. -NA-,BBT,,DRUM TYPE,500MM GAS Filament,,,,,False,True,False,False,,,False,Square Masonary Tower,12,White tower with 02 Black Band,1976,1976,closed,False,False,True,https://www.dgll.nic.in/sites/default/files/2022-12/Master%20Ledger%20Goa%2015.pdf,https://www.dgll.nic.in/DGLL-light-house-location/about-goa/belekeri-lighthouse,"1976. Active; focal plane 66 m (217 ft); three white flashes every 10 s. Approx. 10 m (33 ft) sqaure tower painted with black and white horizontal bands. DGLL has a photo and Google has an indistinct satellite view. Rushikesh Bongarde has a 2022 closeup photo of a concrete pillar that probably carried an earlier light. In 2016 DGLL called for bids on a project of ""improvements"" at this lighthouse. Located on an island in the entrance to the bay of Belekeri. Accessible only by boat. Site status unknown. Admiralty F0637; NGA 27748.",,,https://www.dgll.nic.in/sites/default/files/2022-11/Belekeri%20Lighthouse.jpg,True,,"[""Position printed as 'Lat. 140 42.5'N Long. 740 14.4'E' (degree sign rendered as 0); read as 14° 42.5' N, 74° 14.4' E"", ""RACON section lists 'Sr. No 6295' but Make/Model/Code are -NA-; presence unclear"", ""Date of commissioning not stated""]",{},{},[],DGLL
tadri-lighthouse,Tadri Lighthouse,lighthouse,Goa,14.51333,74.34167,DGLL ledger,"Station-in-Charge Tadri Lighthouse, Vill- Beliken, post-Tadri,Gokarna, District Uttara Kannada, Karnataka 581326",F 0638,fl (3)W 20 Sec.,Fl,W,3,20,"[0.1, 2.0, 0.1, 2.0, 0.1, 15.7]",derived,0.1,False,,18,19,18.8,18,70408,38,revolving,,Optic: Revolving beacon; Rotation Device: 2 Nos. Stepper Motors; R.P.M. 3,"Wealth Marine Pvt. Ltd., Singapore",WM-RB 500,WM - RB 500 Marine Rotating Beacon,"6 clear ""Bulls Eye"" Acrylic lense panels equally spaced at 60° (Hexagonal)",3,6,,,False,True,False,False,,,False,Hexagonal Masonry Tower,10,Black and White bands (2 Black + 1 White),2009,1891,grounds,True,False,True,https://www.dgll.nic.in/sites/default/files/2022-12/Master%20Ledger%20Goa%2006.pdf,https://www.dgll.nic.in/DGLL-light-house-location/about-goa/tadri-lighthouse,"2009 (station established 1891). Active; focal plane 38 m (125 ft); three white flashes every 10 s. Approx.10 m (33 ft) hexagonal cylindrical concrete tower with lantern and gallery, painted with black and white horizontal bands; lantern dome is red. A 2022 photo is at right, Dheeraj Paisa has a 2021 photo, a 2018 photo is available, and Google has a satellite view and a closeup street view. The original light was on a mast; it was replaced by an 8 m (26 ft) hexagonal stone tower. Accoridng to DGLL that light was built by the Karnataka Port Department but had been inactive for a long time. The Admiralty finally removed the former light from its list in 2008, but the location was then on a DG",,,https://www.dgll.nic.in/sites/default/files/2022-11/TADRI%20LIGHTHOUSE.jpg,True,,"[""No. of lens printed as '3/6' (6-panel beacon, possibly 3 lenses in use)"", ""RACON section lists Sr. No 6295 but Make -NA-"", ""Lantern glazing/panes rows are garbled ('24 Nos. glazing panes and', No. of panes 6)""]",{},{},[],DGLL
krishnapatnam-lighthouse,Krishnapatnam Lighthouse,lighthouse,Visakhapatnam,14.28568,80.1379,DGLL ledger,"Assistant Engineer (Electronics), Krishnapatnam Lighthouse, Muthukuru Via. Gopalapuram Post, Nellore Dist. Andhra Pradesh, Pin Code: 524 344.",0952,Flash (3) White every 15 Sec. (FL0.48Sec. +ec2.02+Fl0.48 ec2.02 sec+ Fl0.48 +9.52sec),Fl,W,3,15,"[0.48, 2.02, 0.48, 2.02, 0.48, 9.52]",ledger,0.48,False,,18,16,25.4,16,939500,35,revolving,4,300 mm (4th order large) Revolving; Twin stepper motor direct drive; Rotation Speed 2 RPM,"Stone Chance, India",,Revolving,300 mm (4th order large) Revolving,2,6,,,True,True,True,True,C,,False,Hexagonal RCC Tower,30,Black & White bands,2003,1938,grounds,False,False,True,https://www.dgll.nic.in/sites/default/files/2022-11/Krishnapatnam%20Lighthouse.pdf,https://www.dgll.nic.in/DGLL-light-house-location/about-vishakhapatnam/krishnapatnam-lighthouse,"2003 (station established 1938). Active; focal plane 36 m (118 ft); three white flashes every 15 s. 30 m (98 ft) hexagonal masonry tower with lantern and gallery, painted with horizontal black and white bands. Vijay Kanth posted a 2020 photo and Google has a street view and a satellite view. Located about 5 km (3 mi) north of the harbor at Krishnapatnam, a former fishing village where private interests have developed port facilities, about 40 km (25 mi) southeast of Nellore. Accessible by road. Site open, tower closed. ARLHS IND-040; Admiralty F0952; NGA 27060.",IND-040,Q57537759,https://www.dgll.nic.in/sites/default/files/2022-11/Krishnapatnam%20Lighthouse.jpg,True,,"[""Position printed in degrees-minutes-seconds with mixed quote marks (80° 08'16.44' E)"", ""established_year 1940 is year of first light; present LH commissioned 19-11-2012""]","{""ais"": 2013, ""racon"": 2018}","{""racon"": {""year"": 2018, ""src"": ""ledger""}, ""ais"": {""year"": 2013, ""src"": ""ledger""}, ""dgps"": {""year"": 2003, ""src"": ""network""}}",[2139],DGLL
honnavar-lighthouse,Honnavar Lighthouse,lighthouse,Goa,14.275,74.44333,DGLL ledger,"Station Incharge, Honavar Lighthouse,Civil Hospital Campus. P.O. Honavar, Dist- Uttara Kannada ,Karnataka - 581334",F 0644,fl W 15 Sec.,Fl,W,1,15,"[0.1, 14.9]",derived,0.1,False,,18,19,18.3,18,56757,38,revolving,,Type: WM - RB 500 Marine Rotating Beacon; Rotation Device: 2 Nos. Stepper Motors; R.P.M. 0.67,"Wealth Marine Pvt. Ltd., Singapore",WM - RB 500,Marine Rotating Beacon,200mm,0.67,3,6,3 fresnel lense + 3 blank,False,True,True,False,,,False,Octagonal RCC column Tower,21,Red & White bands,2009,2009,open,False,False,True,https://www.dgll.nic.in/sites/default/files/2022-12/Master%20Ledger%20Goa%2007.pdf,https://www.dgll.nic.in/DGLL-light-house-location/about-goa/honnavar-lighthouse,"2009 (station establishment date unknown). Active; focal plane 41 m (135 ft); white flash every 15 s. 24 m (79 ft) octagonal cylindrical tower with lantern and gallery, painted with red and white horizontal bands. The top of the tower is surrounded by an octagonal observation room. Ajit Naik Kharwa's 2020 photo is at the top of this page, Mayur Naik has a 2021 photo, Shashank Venugopal has a 2018 closeup photo, Raghunandan Pai has a distant street view from the Sharavathi River Bridge and Google has a satellite view. The lighthouse is built on the grounds of a large hospital. Located on a hill above the Sharavathi estuary, which forms the harbor of Honavar, near the north end of the bridge o",,Q119085590,https://www.dgll.nic.in/sites/default/files/2022-11/HONNAVAR%20LIGHTHOUSE.jpg,True,,"[""No. of lens given as '6 (3 fresnel lense + 3 blanks)'"", ""Page 1 has no station name header; name taken from postal address""]",{},"{""ais"": {""year"": 2012, ""src"": ""network""}}",[],DGLL
bhatkal-lighthouse,Bhatkal Lighthouse,lighthouse,Goa,13.965,74.53333,DGLL ledger,"STATION IN CHARGE Bhatkal Lighthouse, P.O. Marvinkurve Via Bhatkal Dist. Uttara Kannada PIN – 581320",F 0648,"fl (2) W 20 Sec. (fl 0.23, Oc 4.77, fl 0.23, ec. 14.77)",Fl,W,2,20,"[0.23, 4.77, 0.23, 14.77]",ledger,0.7,True,absurd by Hog Island 1298 to 132° x 3',20,19,20.2,19,123505,56,revolving,4,Type: Revolving; Rotation Device: Dual Stepper Motor 40 Kgcm; R.P.M. 3,B.B.T.,,"Fresnel Lens, Revolving",250 mm,3,2,,,False,True,True,False,,,False,Square Masonry Tower,14,White,1959,1891,open,True,False,True,https://www.dgll.nic.in/sites/default/files/2022-12/Master%20Ledger%20Goa%2008.pdf,https://www.dgll.nic.in/DGLL-light-house-location/about-goa/bhatkal-lighthouse,"1959 (station established 1891). Active; focal plane 56 m (184 ft); two white flashes every 20 s. 14 m (46 ft) square cylindrical masonry tower with lantern and gallery, painted white. An older DGLL photo (no longer online) showed the lighthouse painted with red and white horizontal bands, but Suruchi Dumpawar's October 2007 photo shows it all white. Abhishek Srivastava's 2023 photo is at right, Parheez Gimi has a 2017 photo, and Google has a satellite view. The original stone post light was replaced by a masonry tower in 1936. Located on a promontory on the west side of the entrance to the Bhatkal River at Bhatkal. Site open, tower open daily. . ARLHS IND-077; Admiralty F0648; NGA 27724.",IND-077,,https://www.dgll.nic.in/sites/default/files/2022-11/BHATKAL%20LIGHTHOUSE.jpg,True,,"[""Duration of Flash given as 0.70 Sec but sequence lists fl 0.23"", ""Sector/obscured text 'absurd by Hog Island 1298 to 132° x 3'' is garbled (likely 'obscured ... 129° to 132°')"", ""RACON heading says n/a but a Sr. No 6295 is listed"", ""Mains supply row shows '-' although a voltage stabiliser is listed"", ""No. of lens: 2 (each 135°)""]",{},"{""ais"": {""year"": 2012, ""src"": ""network""}}","[1897, 1817, 1816, 366]",DGLL
armagon-lighthouse,Armagon Lighthouse,lighthouse,Visakhapatnam,13.88833,80.203,DGLL ledger,"The Navigational Assistant Gr-I, Armagon Lighthouse, Nidugurthy Post, Via Mallam, Nellore District. Andhra Pradesh, Pin: 524 403.",F 0951,FL W 15Seconds (Fl 0.38. EC 14.62),Fl,W,1,15,"[0.38, 14.62]",ledger,0.38,False,,26,16.4,21.0,16.4,166000,34.64,revolving,,Rotation Device: Brushless DC direct-drive motor (step by step); Rotation Speed 0.667 RPM,MBR-300,,,105mm Focal Distance,0.667,6,,,True,True,True,False,,,False,Circular RCC Tower,30,Red and White bands,1983,1853,closed,False,False,True,https://www.dgll.nic.in/sites/default/files/2022-11/Armagon%20Lighthouse.pdf,https://www.dgll.nic.in/DGLL-light-house-location/about-vishakhapatnam/armagon-lighthouse,"1983 (station established 1853). Active; focal plane 34 m (112 ft); white flash every 15 s. 30 m (98 ft) round cylindrical concrete tower with lantern and gallery, painted with horizontal red and white bands. Ashish Agrawal has the 2022 photo at right, Prasanna Kumar Uppala has a 2017 photo, Xavier Benedict has another 2017 photo, Vinapamsi Reddy has a street view, and Google has a satellite view. Located about 300 m (0.2 mi) from the beach at Monapalem, about 11 km (7 mi) south of Durgarajupatnam and 25 km (15 mi) north of India's spacecraft launch facilities at Sriharikota. Site status unknown. ARLHS IND-022; Admiralty F0951; NGA 27064.",IND-022,Q141181217,https://www.dgll.nic.in/sites/default/files/2022-11/Armagon%20Lighthouse.jpg,True,,[],"{""ais"": 2012}","{""ais"": {""year"": 2012, ""src"": ""ledger""}}",[1655],DGLL
kundapur-lighthouse,Kundapur Lighthouse,lighthouse,Goa,13.66,74.65833,DGLL ledger,,F 0651,fl (2)W 10 Sec.,Fl,W,2,10,"[0.1, 1.0, 0.1, 8.8]",derived,0.1,False,,18,19,18.8,18,70408,34.5,revolving,,WM – RB 500 Marine Rotating Beacon; Rotation Device: Dual Stepper Motor 40 Kg/cm; R.P.M. 3,"Wealth Marine Pvt. Ltd., Singapore",WM – RB 500 Marine Rotating Beacon,,200mm,3,4,6,4 Fresnellens + 2 blank,False,True,False,False,,,False,Round R.C.C. Tower,31.5,Red & White bands (3 Red & 2 White bands),,2007,grounds,True,False,True,https://www.dgll.nic.in/sites/default/files/2022-12/Master%20Ledger%20Goa%2009.pdf,https://www.dgll.nic.in/DGLL-light-house-location/about-goa/kundapur-lighthouse,"Date unknown. Active; focal plane 30 m (98 ft); two white flashes every 10 s. 9 m (30 ft) hexagonal cylindrical concrete tower with lantern and gallery centered on a round 2-story base. Entire lighthouse painted with black and white horizontal bands. Srinivasan Arumugam has a 2018 closeup photo, Sharath Kharvi has a 2020 closeup photo, Wikimapia has photos, Devdas Kharvi has a 2020 street view, and Google has a 2023 street view and an indistinct satellite view. The lighthouse honors Tipu (or Tippu) Sultan, the ruler of Mysore from 1782 to 1799. Located on the beachfront about 4 km (2.5 mi) north of the estuary entrance at Kundapura. Site open, tower closed. Operator: Karnataka Maritime Board",,,https://www.dgll.nic.in/sites/default/files/2022-11/KUNDAPUR%20LIGHTHOUSE.jpg,True,,"[""Optic Make and Type values appear swapped (Make: 'WM – RB 500 Marine Rotating Beacon', Type: 'Wealth Marine Pvt. Ltd., Singapore')"", ""No. of lens '6 (4 Fresnellens + 2 blanks)': 6 panel positions, only 4 lenses"", ""RACON marked n/a but Sr. No 6295 listed""]",{},{},"[1897, 1816]",DGLL
pulicat-lighthouse-and-dgps-station,Pulicat Lighthouse And DGPS Station,lighthouse,Chennai,13.41667,80.33333,DGLL ledger,,F 0950,Single FL (1) WHITE Every 5 Seconds (0.25 + 4.75),Fl,W,1,5,"[0.25, 4.75]",ledger,0.25,False,,26,19,21.0,19,165900,53.5,revolving,,Optic: Rotating Beacon; Rotation Device: Brushless DC Direct-Drive motor; R.P.M. 2,M/S Mediterrane Senales Maritimas (MSM),MBR300,"Rotating Beacon; moulded acrylic Fresnel lenses, 6 lens panels with dioptric and catadioptric prisms","MBR300, 105 mm Focal Distance",2,6,,,True,True,True,True,B,,False,Hexagonal RCC Tower,49.86,Black and White Bands,1986,1862,open,True,False,True,https://www.dgll.nic.in/sites/default/files/2022-12/CH1.pdf,https://www.dgll.nic.in/DGLL-light-house-location/about-chennai/pulicat-lighthouse-and-dgps-station,"1986 (station established 1862). Active; focal plane 53 m (174 ft); white flash every 5 s. 49 m (160 ft) hexagonal cylindrical concrete tower with lantern and gallery, painted with horizontal black and white bands. Anandha Rajan's 2025 photo is at right, Manas Karkal has a 2023 photo, Vasant Viswanathan has a good photo, Jeevan Kumar has a photo, John Peter has a street view, and Google has a satellite view. In January 2014 the lighthouse was opened to visitors for the first time. Pulicat Lake is a large lagoon on the border between Andhra Pradesh and Tamil Nadu. Pulicat (Pazhaverkadu), on the south side of the lagoon entrance, was settled by the Portuguese in 1502. Captured by the Dutch in ",IND-055,,https://www.dgll.nic.in/sites/default/files/2022-11/dg1.jpg,True,,"[""Elevation printed as '53.5M (49.86 Mtrs. Above MSL)' and tower height as '49.86 Metres above MSL (53.5 Meters elevation)'; figures are contradictory"", ""Divergence fields are blank""]","{""racon"": 2004, ""ais"": 2019}","{""racon"": {""year"": 2004, ""src"": ""ledger""}, ""ais"": {""year"": 2019, ""src"": ""ledger""}, ""dgps"": {""year"": 2003, ""src"": ""network""}}","[2246, 2126, 1821, 1738, 1696, 1698, 1559]",DGLL
malpe-lighthouse,Malpe Lighthouse,lighthouse,Goa,13.22667,74.69,DGLL ledger,,F0655,Fl(White)3sec.,Fl,W,1,3,"[2.5, 0.5]",derived,2.5,False,,12,15.6,,12,,28,flasher,,Optic: Drum optic; Rotation Device --; R.P.M. --,,,SL 155,180mm,,1,,,False,True,False,False,,,False,Rectangular Masonary Tower,12,White,1973,1901,closed,False,False,True,https://www.dgll.nic.in/sites/default/files/2022-12/Master%20Ledger%20Goa%2016.pdf,https://www.dgll.nic.in/DGLL-light-house-location/about-goa/malpe-lighthouse,"1973 (station established 1901). Active; focal plane 29 m (95 ft); white flash every 3 s. Approx. 12 m (39 ft) square cylindical masonry tower with lantern and gallery, painted white. Two 1-story keeper's houses. A photo showing both lighthouses (1/5 the way down the page) and a view from the sea are available and Google has a satellite view. Jayalal Udupi has a pier view of the island in which the tower can just be seen. Located atop an island southwest of the entrance to the harbor of Malpe. Accessible only by boat. Site status unknown. ARLHS IND-098; Admiralty F0655; NGA 27708.",IND-098,,https://www.dgll.nic.in/sites/default/files/2022-11/Malpe%20Lighthouse.jpg,True,,"[""Duration of flash 2.5 Sec in a 3 sec period (flash longer than eclipse)"", ""RACON Sr. No 6295 listed but all RACON details blank"", ""Commissioning 1901 with subsequent innovations 1973, 2012""]",{},{},[],DGLL
kaup-lighthouse,Kaup Lighthouse,lighthouse,Goa,13.22333,74.73667,DGLL ledger,,F 0658,"fl (3) W 20 Sec. (fl 0.25, ec 3.75, fl 0.25, ec 3.75, Fl 0.25, ec 11.75)",Fl,W,3,20,"[0.25, 3.75, 0.25, 3.75, 0.25, 11.75]",ledger,0.25,False,,25,17.5,24.8,17.5,725322,43,revolving,2,Type: Cut and Polished Revolving; Rotation Device: Dual Stepper Motor; R.P.M. 3,Stone Chance,,"Fresnel Lens, Cut and Polished Revolving",700 mm (2nd order),3,3,,,False,True,True,False,,,False,Circular stone Masonry Tower,34,"Black and white bands (Band width 5.44m, Bottom band black, No. of bands 5)",1901,1901,open,True,False,True,https://www.dgll.nic.in/sites/default/files/2022-12/Master%20Ledger%20Goa%2010.pdf,https://www.dgll.nic.in/DGLL-light-house-location/about-goa/kaup-lighthouse,"1901 (British). Active; focal plane 43 m (141 ft); three white flashes every 20 s. 27 m (89 ft) round masonry tower with lantern and gallery, painted with black and white horizontal bands; lantern dome painted red. Vignesh Poojary's photo is at right, Kishan Kusagur has a 2022 closeup, Nishant Nadar has a 2020 photo, Nagaraj V. Gowda has a closeup, Anita Bora has a 2005 photo, Huelse has a historic postcard view, Krishna Acharya has a beach view, and Google has a satellite view. This is easily the best known lighthouse of Karnataka. In December 2021 district officials announced plans for visitor improvements including a paved path and viewing platform. Located on a low but rocky promontory i",IND-091,Q29959903,https://www.dgll.nic.in/sites/default/files/2022-11/Kaup%20Lighthouse.jpg,True,,"[""RACON section lists Sr. No 6295 but make, model, code, band and installation date are all '--'""]",{},"{""ais"": {""year"": 2012, ""src"": ""network""}}","[1897, 1816]",DGLL
chennai-lighthouse,CHENNAI LIGHTHOUSE,lighthouse,Chennai,13.03944,80.28083,DGLL ledger,,F 0936,White Group Flash (2) Every 2 Sec (0.57+1.93+0.57+6.93),Fl,W,2,10.0,"[0.57, 1.93, 0.57, 6.93]",ledger,0.57,False,,22,19.3,21.8,19.3,230983,58,revolving,3,Optic/Type: 3rd Order Revolving Optic; Rotation Device: Stepper Motor; R.P.M. 3,B.B.T,,3rd Order Revolving Optic,375 mm (3rd Order Small) Revolving,3,4,,,True,True,True,False,K,,False,Triangular PRISM - RCC tower,45.72,Red & White - Horizontal band,1977,1796,open,True,True,True,https://www.dgll.nic.in/sites/default/files/2022-12/ch2.pdf,https://www.dgll.nic.in/DGLL-light-house-location/about-chennai/chennai-lighthouse,"1977 (station established 1796). Active; focal plane 57 m (187 ft); two white flashes every 10 s. 46 m (151 ft) pentagonal cylindrical concrete tower with lantern and double gallery, attached to a 3-story circular harbor control building. The two seaward sides of the lighthouse are painted with horizontal red and white bands. A 2023 photo by Venkata Lokesh is at right, Trabas has Eckhard Meyer's 2008 photo, Kelly Cheng also has a photo, R. Srijith has a view from the beach, Wikimedia has several photos, and Google has a 2022 street view and a satellite view. Waves from the great tsunami of 26 December 2004 damaged the base of the lighthouse, but there were no casualties. The lighthouse reope",IND-010,Q6546309,https://www.dgll.nic.in/sites/default/files/2022-11/dg23.jpg,True,,"[""Headline says Group Flash (2) every 2 sec but sequence 0.57+1.93+0.57+6.93 sums to 10 s"", ""Duration of Flash (Main) printed as '10 sec', inconsistent with 0.57 s flashes in the sequence"", ""Luminous range given for two atmospheric transmission factors (A.T.F. 0.74 @ 22 NM, A.T.F. 0.84 @ 35 NM); 22 NM used""]","{""racon"": 2010}","{""racon"": {""year"": 2010, ""src"": ""ledger""}, ""ais"": {""year"": 2012, ""src"": ""network""}}","[2241, 1967, 1921, 1900, 1719, 1596]",DGLL
surathkal-lighthouse-and-dgps-station,Surathkal Lighthouse and D.G.P.S Station,lighthouse,Goa,13.00365,74.79053,DGLL ledger,,F0660,"Fl W 10 Sec. (Fl. 0.37, Ec. 9.63)",Fl,W,1,10,"[0.37, 9.63]",ledger,0.37,False,,24,17.5,24.1,17.5,567273,43,revolving,3,Type: Revolving; Rotation Device: Dual stepper motor 40 kg/cm; R.P.M. 2 RPM,B.B.T.,,Revolving,500 mm,2,3,,,False,True,True,True,C,,False,Square Masonry Tower,30,Red & White Bands – 5 Nos. (3 Red + 2 White),1972,1972,open,True,False,True,https://www.dgll.nic.in/sites/default/files/2022-12/Master%20Ledger%20Goa%2011.pdf,https://www.dgll.nic.in/DGLL-light-house-location/about-goa/surathkal-lighthouse-and-dgps-station,"1972. Active; focal plane 44 m (144 ft); white flash every 10 s. 36 m (118 ft) square cylindrical concrete tower with lantern and gallery, painted with red and white horizontal bands. 2-story keeper's house adjacent or attached to the lighthouse. A 2021 photo is at right, another good photo is available, Raghavendra Joshi has a 2018 photo, Wikimedia has a photo, P. Bachodi has a distant photo, Sandeep Nayak has a beach view, and Google has a satellite view. Standing by a very popular beach, this lighthouse functions as the landfall light for Mangalore. In 2020 DGLL approved plans to renovate the lighthouse as a tourist attraction. Located off the beach about 8 km (5 mi) north of Suratkal and",IND-114,,https://www.dgll.nic.in/sites/default/files/2022-11/Surathkal%20Lighthouse%20and%20D.G.P.S%20Station.jpg,True,,"[""Longitude printed without hemisphere letter; taken as E"", ""NAIS MMSI printed as 4192237 (7 digits, not the usual 9)"", ""DGPS: NAUTEL, 320, 500, RS IDs 412/413, Beacon ID 106, commissioned 06/05/1998, recapitalised 22/06/2017""]","{""racon"": 2005, ""ais"": 2017}","{""racon"": {""year"": 2005, ""src"": ""ledger""}, ""ais"": {""year"": 2017, ""src"": ""ledger""}, ""dgps"": {""year"": 2003, ""src"": ""network""}}","[1817, 1816, 1796]",DGLL
mahabalipuram-lighthouse,MAHABALIPURAM LIGHTHOUSE,lighthouse,Chennai,12.61536,80.19182,OpenStreetMap way/1552901513,,0932,FL (1) W 10 Sec (fl 0.4),Fl,W,1,10,"[0.4, 9.6]",derived,0.4,False,,18.9,19.1,24.8,18.9,750644,48.4,revolving,2,Type: Revolving; Rotation Device dual stepper motor assembly; R.P.M. 2 r.p.m,"M/s Chance Bros, England.",,Revolving,700 mm,2,3,,,True,True,True,False,,,False,Circular Stone Masonary,26,No Day mark painting,1900,1887,open,True,True,True,https://www.dgll.nic.in/sites/default/files/2022-12/ch3.pdf,https://www.dgll.nic.in/DGLL-light-house-location/about-chennai/mahabalipuram-lighthouse,"1900 (British; station established 1887). Active; focal plane 42 m (138 ft); white flash every 10 s. 26 m (85 ft) round stone tower with lantern and gallery; unpainted; lantern dome painted red. 2nd order Fresnel lens in use. Ali Akbar's 2024 photo is at the top of this page, Srini Swaminathan has a closeup photo, Trabas has a 2014 photo by Alfonso Biescas Vignau, Wikimedia has numerous photos, Asharul Seikh has a 2021 photo, Forand has a historic postcard view, Huelse has a closeup postcard view, and Google has a street view and a satellite view. This is probably the best known and most often visited lighthouse on India's east coast. In 2013 it was one of the first lighthouses in India iden",IND-016,Q18127656,http://commons.wikimedia.org/wiki/Special:FilePath/Mahabalipuram%20Lighthouse%2C%20India.jpg,True,,"[""ALOL printed as '0932' without letter prefix"", ""RACON and DGPS sections are blank tables""]",{},"{""ais"": {""year"": 2012, ""src"": ""network""}}","[2057, 1970, 1719, 1702, 1659, 1658, 1614, 1603, 1597, 1600, 1599, 1589]",DGLL
kasargod-lighthouse,KASARGOD LIGHTHOUSE,lighthouse,Kochi,12.50533,74.97317,DGLL ledger,,F 0668.5,Fl (3) W 20 sec,Fl,W,3,20,"[1.0, 2.0, 1.0, 2.0, 1.0, 13.0]",derived,,False,,20,17.5,19.3,17.5,86455,38.5,revolving,,Optic: Revolving Beacon; Rotation Device: Brushless DC motor (gear less direct drive); R.P.M. 3,M/s Tideland,TRB 220,Revolving Beacon,110mm,3,3,,,True,True,True,False,,,False,Octagonal Concrete Tower,30,Black and White Band,1984,1984,open,False,False,True,https://www.dgll.nic.in/sites/default/files/2022-12/Master%20Ledger%20Cochin%2001.pdf,https://www.dgll.nic.in/DGLL-light-house-location/about-kochi/kasargod-lighthouse,"1984. Active; focal plane 36 m (118 ft); three white flashes every 20 s. 30 m (98 ft) octagonal concrete tower with lantern and gallery, painted with black and white horizontal bands. A 2021 photo is at right, Wikimedia has a 2012 photo, Rajat Pai has a closeup, a 2022 photo and a fine 2017 photo are available, Adithya Kumar has a street view from atop the tower, and Google has a 2023 street view and a satellite view. Located just behind the beach at Kasaragod, the northernmost city of Kerala. Site open, tower open daily except Sunday in late afternoon. . ARLHS IND-090; Admiralty F0668.5; NGA 27680.",IND-090,,https://www.dgll.nic.in/sites/default/files/2022-11/KASARGOD%20LIGHTHOUSE.jpg,True,,[],{},"{""ais"": {""year"": 2012, ""src"": ""network""}}","[2073, 1814]",DGLL
kadapakkam-lighthouse,KADAPAKKAM LIGHTHOUSE,lighthouse,Chennai,12.27539,80.01097,DGLL ledger,"The Navigational Assistant Gr-I Kadapakakm Lighthouse, Cheyyur Taluk Kadapakkam, Tamilnadu-603304",F 0929,"White, Group 3 Flash Every 20 Second",Fl,W,3,20,"[0.45, 4.55, 0.45, 4.55, 0.45, 9.55]",ledger,0.45,False,,20,,15.8,20,20000,,revolving,,Rotation Device: Inbuilt stepper motor with drive; R.P.M. 3 RPM,"M/s Pharos Marine Automatic Power, Houston, TX",APRB-288,,"Height- 470 mm, Diameter-536 mm",3,8,,,True,True,False,False,,,False,RCC Round Tower,30,Red and White Spiral Band,2013,2013,grounds,False,False,True,https://www.dgll.nic.in/sites/default/files/2022-12/ch4.pdf,https://www.dgll.nic.in/DGLL-light-house-location/about-chennai/kadapakkam-lighthouse,"2013. Active; focal plane 36 m (118 ft); three white flashes every 20 s. 32 m (105 ft) round cylindrical concrete tower with lantern, gallery, and a round observation platform. Lighthouse painted with red and white spiral bands. Prem Kumar has a 2016 photo, V. Saravanan has a distant view, Sandeep Jinnu has a closeup 2019 photo, and Google has a 2023 street view and a satellite view. The lighthouse was placed in service in November 2013. Located in Kadapakkam, a town about 40 km (25 mi) north of Puducherry, close to the historic (1760) Alamparai Fort. Site open, tower status unknown. Admiralty F0929; NGA 27110.",,Q141194251,https://www.dgll.nic.in/sites/default/files/2022-11/dg4.jpg,True,,"[""Elevation given as '--'"", ""Optic lists 'No. of lens 3' and 'No. of Panels 8 (Octagonal Type)'; 8 panels at 3 RPM does not match Gp Fl(3) every 20 s""]",{},{},[],DGLL
mount-dilli-lighthouse,MOUNT DILLI LIGHTHOUSE,lighthouse,Kochi,12.00667,75.20333,DGLL ledger,"Head Light Keeper(SS)/Navigational Assistant Gr.I, Mount Dilly Lighthouse, Naval Academy (PO) Kannur-Dist, Pin 670310",0669.5,Fl (2) W 20 sec (fl 0.53) (0.53+1.97+0.53+16.97=20Seconds),Fl,W,2,20,"[0.53, 1.97, 0.53, 16.97]",ledger,0.53,False,,19.6,20.5,19.5,19.6,93000,62,revolving,,Type: Revolving Beacon; Rotation Device: Stepper motor; R.P.M. 3 RPM (one revolution in 45 Sec),"J.Stone & Co, Kolkata",,Revolving Beacon,300 mm (IVth Order large) Revolving,3,2,,,True,True,True,False,K,,False,Hexagonal Masonry Tower,18,Red and White Band,1979,1979,closed,False,False,True,https://www.dgll.nic.in/sites/default/files/2022-12/Master%20Ledger%20Cochin%2002.pdf,https://www.dgll.nic.in/DGLL-light-house-location/about-kochi/mount-dilli-lighthouse,"1979. Active; focal plane 70 m (230 ft); two white flashes every 20 s. 17 m (56 ft) triangular cylindrical masonry tower with lantern and double gallery, painted white red and white horizontal bands. A radar antenna is mounted atop the lantern. Sudarsh Suriya has a 2017 photo, Suriya Narayanan has a 2018 photo, Pradeep Kumar has a 2022 photo, and Google has a satellite view. The lighthouse is built on a very prominent headland called Kotte Kunnu or Mount Dilli. It's surprising there was no lighthouse built earlier at this location, where the British lighthouse engineer Alan Stevenson had recommended one in 1926. The lighthouse was formerly a tourist attraction, but the area was acquired by t",IND-102,,https://www.dgll.nic.in/sites/default/files/2022-11/mount%20dilli_0.jpg,True,,"[""R.P.M. '3 RPM (one revolution in 45 Sec)' is self-contradictory (45 s per revolution = 1.33 RPM)"", ""Duration of Flash 0.6 Sec differs from characteristic fl 0.53"", ""ALOL printed '0669.5' without letter prefix"", ""NAIS MMSI blank""]","{""racon"": 2018}","{""racon"": {""year"": 2018, ""src"": ""ledger""}, ""ais"": {""year"": 2012, ""src"": ""network""}}","[2250, 2031, 1923]",DGLL
puducherry-lighthouse-and-dgps-station,Puducherry Lighthouse And DGPS Station,lighthouse,Chennai,11.915,79.83167,DGLL ledger,"The Asst. Engineer (E), Puducherry Lighthouse Cum DGPS Station, Vambakeerapalayam, Puducherry – 605001",F 0926,"GROUP OF 2 WHITE FLASH IN 15 SEC ( FL-0.48, EC-3.27, FL-0.48, EC-10.77)",Fl,W,2,15,"[0.48, 3.27, 0.48, 10.77]",ledger,0.48,False,,25.7,19,25.6,19,1000000,49.08,revolving,,Type: Revolving; Rotation Device: DC Stepper motor; R.P.M. 2 RPM,J-Stone & Co.,,Revolving,300 MM,2,4,,,False,True,True,True,D,,False,Hexagonal RCC Tower,45,Black and White Band,1979,1836,open,False,False,True,https://www.dgll.nic.in/sites/default/files/2022-12/ch5.pdf,https://www.dgll.nic.in/DGLL-light-house-location/about-chennai/puducherry-lighthouse-and-dgps-station,"1979 (station established 1836). Active; focal plane 48 m (157 ft); two white flashes every 15 s. 46 m (151 ft) hexagonal cylindrical concrete tower with an expanded watch room, lantern and gallery, plus two additional galleries lower on the tower. Lighthouse painted with horizontal black and white bands. Sandhikshan Das has a 2022 photo, Krishna Kumar has a closeup 2016 photo, Sea-Seek.com has a photo, Karthik Easvur has a 2015 photo, Siva Kumar Sathyamangalam has a view from the sea, Kamal Bharathi has a street view from atop the lighthouse, Arun Vasanth has a street view, and Google has a satellite view. The lighthouse opened to tourists in 2014. Located in south Puducherry, about 2 km (1",IND-012,Q108678539,https://www.dgll.nic.in/sites/default/files/2022-11/dg5.jpg,True,,"[""No. of panels 'Four (Two of 135 and Two of 45)'"", ""Luminous range given at two atmospheric transmission factors (25.7 NM @ 0.74, 41.5 NM @ 0.85); 25.7 used""]","{""ais"": 2018}","{""racon"": {""year"": 2004, ""src"": ""network""}, ""ais"": {""year"": 2018, ""src"": ""ledger""}, ""dgps"": {""year"": 2003, ""src"": ""network""}}","[2061, 1968, 1949, 1703, 1662, 1574]",DGLL
kannur-lighthouse,Kannur Lighthouse,lighthouse,Kochi,11.85833,75.35667,"DGLL ledger, seconds column read as decimal minutes (matches OpenStreetMap node/2588063897)","Navigational Assistant Gr-I Kannur Lighthouse Burnacherry Post ,Near guest house Kannur-670013 Kerala",F -0672,Flash (1) W 10 sec (2.04+7.94),Fl,W,1,10,"[2.04, 7.94]",ledger,2.04,False,,18.8,16.9,18.8,16.9,69750,35,revolving,5,Rotation Device: Stepper motor; R.P.M. 1.5; Pedestal: Ball bearing,"BBT, France",,,187.5mm/5th order,1.5,4,,,True,True,False,False,,,False,Circular tower on RCC Base,23,Red and White Band,1976,1903,open,True,True,True,https://www.dgll.nic.in/sites/default/files/2022-12/Master%20Ledger%20Cochin%2004.pdf,https://www.dgll.nic.in/DGLL-light-house-location/about-kochi/mahe-lighthouse,"1976 (station established 1903). Active; focal plane 35 m (115 ft); white flash every 10 s. 23 m (75 ft) round concrete tower with gallery and a small lantern, painted red with one white horizontal band. A 2024 photo is at right, Mohamed Salim has a good closeup photo, Wikimedia has a photo, Lightphotos.net has a closeup, and Google has a satellite view and a 2017 street view. Kannur (formerly called Cannanore) is the largest city of North Kerala with a metropolitan population of more than 1.6 million. is The first Cannanore lighthouses were at Fort St. Angelo, an early 16th century Portuguese fort. Lanterns were shown from the fort walls as early as 1843. A permanent light was mounted on a ",IND-079,,https://www.dgll.nic.in/sites/default/files/2022-11/MAHE%20LIGHTHOUSE.jpg,True,,"[""Ledger has no station title; postal address names 'Kannur Lighthouse, Burnacherry Post, Kannur' although file slug is mahe-lighthouse"", ""Position printed as 11° 51’5’ / 75° 21’4’; read as degrees-minutes-seconds (could be 51.5'/21.4')"", ""Sequence 2.04+7.94 sums to 9.98 s, not 10 s"", ""This ledger is published on DGLL's Mahe Lighthouse page, but its address, position and light are Kannur Lighthouse's""]",{},{},"[2572, 2096, 2025, 1880]",DGLL
cuddalore-lighthouse,Cuddalore Lighthouse,lighthouse,Chennai,11.7035,79.77267,DGLL ledger,"The Asst. Engineer (E), Cuddalore Lighthouse, Cuddalore Old Town, Cuddalore – 607003",F 0910,WHITE FLASH EVERY 5 SECS (FL 2.0 + EC 3.0),Fl,W,1,5,"[2.0, 3.0]",ledger,2.0,False,,12,13.7,,12,,19,flasher,,Type: LED FLASHER; Rotation Device '-'; R.P.M. '-',"LMV, SPAIN",,LED FLASHER,,,,,,True,True,False,False,,,False,CIRCULAR RCC Tower,19,White,1890,1890,grounds,False,False,True,https://www.dgll.nic.in/sites/default/files/2022-12/ch6.pdf,https://www.dgll.nic.in/DGLL-light-house-location/about-chennai/cuddalore-lighthouse,"1890 (British). Active; focal plane 13 m (43 ft); three white flashes every 10 s. 16 m (52 ft) round cylindrical tower with lantern and gallery. Lighthouse painted white; lantern dome is red. Chandru Sekar has the 2021 photo seen at right, a 2018 photo is available, P.J. Sinna has a 2011 photo, and Google has a satellite view. This historic lighthouse and the Kodikkaraik lighthouse mark the northern entrance to Palk Bay. Located on Calimere Point, about 60 km (37.5 mi) south of Nagappattinam. Site open, tower status unknown. ARLHS IND-024; Admiralty F0910; NGA 27144.",IND-024,,https://www.dgll.nic.in/sites/default/files/2022-11/dg6.jpg,True,,[],{},{},"[2277, 2003]",DGLL
mahe-lighthouse,Mahe Lighthouse,lighthouse,Kochi,11.70214,75.53002,OpenStreetMap way/841683098,"Navigational Assistant Gr-I Kannur Lighthouse Burnacherry Post ,Near guest house Kannur-670013 Kerala",F 0678,two white flashes every 10 s,Fl,W,2,10.0,"[0.7, 1.0, 0.7, 7.6]",derived,,,,,16.0,,16.0,,30.0,,,,,,,,,,,,,,,,,,False,13 m (43 ft) round cylindrical white stone or concrete tower with gallery; lantern removed,13.0,,1893,1885,,False,False,True,,,"1893 (station established 1885). Active; focal plane 30 m (98 ft); two white flashes every 10 s. 13 m (43 ft) round cylindrical white stone or concrete tower with gallery; lantern removed. José Thomas has a 2022 closeup photo, a 2016 closeup photo and a view from the beach are available, and Google has a satellite view. The top of the lighthouse is seen in a street view from the riverside walkway. The light here was described for many years as a ""white mast on a stone base,"" and a photo of the pyramidal base is available. Located at the base of the breakwater on the south side of the entrance to the Mahé (Mayyazhi) River. A popular riverside walkway passes the lighthouse. Site open, tower cl",,,,,True,,{},{},[2244],
chetlat-lighthouse,CHETLAT LIGHTHOUSE,lighthouse,Kochi,11.69667,72.71833,DGLL ledger,,F-0749,Fl (3) White 30 Sec,Fl,W,3,30,"[1.0, 2.0, 1.0, 2.0, 1.0, 23.0]",derived,,False,,17.16,17.1,,17.1,,36,flasher,,"Optic MBL-160, Type: LED Flasher","MsM, Spain",MBL-160,LED Flasher,,,,,,True,True,False,False,,,False,G I trestle tower,30,Black and White Band,1984,1984,grounds,False,False,True,https://www.dgll.nic.in/sites/default/files/2022-12/Master%20Ledger%20Cochin%2018.pdf,https://www.dgll.nic.in/DGLL-light-house-location/about-kochi/chetlat-lighthouse,"1984. Active; focal plane 36 m (118 ft); three white flashes every 30 s. 30 m (98 ft) square galvanized iron skeletal tower, painted with black and white horizontal bands; there is a 1-story concrete equipment room inside the base. Google has a satellite view. Another sibling of the Amini Light. Chetlat is a small, isolated island on the northeast side of the Amindivis. Boat transportation is available about once a week from the other islands. Located by the pier on the west side of the island. Site open, tower closed. Admiralty F0749; NGA 27588.",,,https://www.dgll.nic.in/sites/default/files/2022-11/CHETLAT%20LIGHTHOUSE.jpg,True,,"[""Ledger never names the station; postal address and facilities refer to Kadamat Lighthouse / Kadamat Island, so this sheet may be Kadamat's data filed under Chetlat"", ""Position minutes printed with a double-prime (\"") sign; treated as decimal minutes"", ""Source of energy says 'Solar Plant: NIL' yet lists solar panels""]",{},{},"[2543, 2075]",DGLL
bitra-lighthouse,BITRA LIGHTHOUSE,lighthouse,Kochi,11.59667,72.19,DGLL ledger,"Lighthouse Attendant, Bitra Lighthouse, Bitra island, UT of Lakshadweep, 680 554",F-0750,Fl (2) White 10 Sec,Fl,W,2,10,"[0.7, 1.0, 0.7, 7.6]",derived,,False,,16.62,16.6,,16.6,,33,flasher,,"Optic MBL-160, Type: LED Flasher","MSM, Spain",MBL-160,LED Flasher,,,,,,True,True,False,False,,,False,G I trestle tower,30,Red and White Band,1984,1977,grounds,False,False,True,https://www.dgll.nic.in/sites/default/files/2022-12/Master%20Ledger%20Cochin%2019.pdf,https://www.dgll.nic.in/DGLL-light-house-location/about-kochi/bitra-lighthouse,"1984 (station established 1977). Active; focal plane 33 m (108 ft); nine quick white flashes every 10 s. 30 m (98 ft) square galvanized iron skeletal tower, painted with red and white horizontal bands; there is a 1-story concrete equipment room inside the base. The tower is hard to see in Google's satellite view. One more Amini class lighthouse. The original light was on a shorter wood skeletal tower. Bitra is a small island in a large atoll on the west side of the Amindivis. Site open, tower closed. ARLHS LAK-003; Admiralty F0750; NGA 27580.",LAK-003,,https://www.dgll.nic.in/sites/default/files/2022-11/BITRA%20LIGHTHOUSE.jpg,True,,"[""Position minutes printed with a double-prime (\"") sign; treated as decimal minutes"", ""Source of energy says 'Solar Plant: NIL' yet lists solar panels for main light and automation"", ""Year taken from date of commissioning 07.05.1984""]",{},{},"[2578, 2542]",DGLL
portonovo-lighthouse-and-navtex-station,Portonovo Lighthouse And Navtex Station,lighthouse,Chennai,11.50417,79.77,DGLL ledger,,F 0919,Single FL.W. every 15 Sec,Fl,W,1,15,"[0.95, 14.05]",derived,,False,,25.7,16.6,19.8,16.6,103000,32.99,revolving,,Type: Rotating Beacon; Rotation Device: In built DC Motor; R.P.M. 4,MBR-300 (Acrylic Fresnel Lancer),MBR-300,Rotating Beacon,L - 847 mm / B - 312.8 mm,4,6,,,True,True,True,False,B,"{""id_518"": ""O"", ""id_490"": ""E""}",False,Circular tower,30,Red and White Band,1981,1981,open,False,False,True,https://www.dgll.nic.in/sites/default/files/2022-12/ch7.pdf,https://www.dgll.nic.in/DGLL-light-house-location/about-chennai/portonovo-lighthouse-and-navtex-station,"1981. Active; focal plane 36 m (118 ft); white flash every 15 s. 39 m (128 ft) round cylindrical concrete tower with lantern and double gallery, painted with horizontal red and white bands. Vinoth Kuma's 2022 photo is at right, P.C.R. Antony has a closeup photo, Hasan Shaik has a photo, and Google has a satellite view. This was another location hit badly by the tsunami of 26 December 2004. One of the keepers lost his father and his son to the tsunami. The three daughters of the head keeper were also washed away, but they were rescued by local villagers. Named by Portuguese sailors, Porto Novo (Parangipettai) is a historic European base (its Tamil name means ""home of the foreigners""). However",IND-053,Q126085369,https://www.dgll.nic.in/sites/default/files/2022-11/dg7.jpg,True,,"[""Duration of Flash given as '15 Sec', same as the period; not transcribed as flash_duration_s"", ""Intensity printed as '10,3000 Cdls' (irregular digit grouping), read as 103000"", ""NAIS MMSI printed as '88' (implausible)"", ""6 lenses at 4 RPM does not match a single flash every 15 s unless panels are blanked; not stated"", ""Emergency light: Halogen Lamp 100 watts / 12 V DC (Drum Optic)""]","{""racon"": 2013, ""ais"": 2015}","{""navtex"": {""year"": 2015, ""src"": ""network""}, ""racon"": {""year"": 2013, ""src"": ""ledger""}, ""ais"": {""year"": 2015, ""src"": ""ledger""}}","[2587, 2060, 2002, 1821, 1698]",DGLL
kiltan-lighthouse-north,KILTAN LIGHTHOUSE (NORTH),lighthouse,Kochi,11.4965,72.99917,DGLL ledger,,F 0752,Fl (2) W 15 sec,Fl,W,2,15,"[0.53, 1.5, 0.53, 12.44]",derived,0.53,False,,11.3,12.1,,11.3,,13,flasher,,"Type: Electronic Flashing Unit; LED marine flashing lantern, 9 LED arranged in circular array",Mediterraneo Senales Maritimas,MBL -160,Electronic Flashing Unit,Lamp Unit Dia 48.00CM,,,,,True,True,False,False,,,False,Square RCC Block tower,13,White,2011,1937,grounds,False,False,True,https://www.dgll.nic.in/sites/default/files/2022-12/Master%20Ledger%20Cochin%2020.pdf,https://www.dgll.nic.in/DGLL-light-house-location/about-kochi/kiltan-lighthouse-north,"2011 (station established 1937). Active; focal plane 16 m (52 ft); two white flashes every 15 s. 15 m (49 ft) square cylindrical brick tower with gallery, painted white. Aflal Hussain has the closeup 2022 photo at right and Google has a satellite view. The original light, shown from a 6 m (20 ft) mast atop a 9 m (30 ft) masonry base, was the only navigational light in the islands, except for the Minicoy lighthouse, until the Androth East End lighthouse was built in 1967. It was replaced in 1976 by a cylindrical white concrete tower with two galleries. Located on the beach at the extreme northern tip of the island. Site open, tower closed. ARLHS LAK-007; Admiralty F0752; NGA 27572.",LAK-007,,https://www.dgll.nic.in/sites/default/files/2022-11/KILTAN%20LIGHTHOUSE%20%28NORTH%29.jpg,True,,[],{},{},[1706],DGLL
kiltan-lighthouse-south,KILTAN LIGHTHOUSE (SOUTH),lighthouse,Kochi,11.46883,73.00767,DGLL ledger,Head Light Keeper Kiltan Lighthouse Kiltan PO UT of Lakshadweep PIN:682558,F 0754,Fl (1) W 10 sec,Fl,W,1,10,"[0.53, 9.47]",derived,0.53,False,,18,18.0,22.1,18,256989,41.43,revolving,4,Type: Revolving type; Drive: Dual stepper motor; R.P.M. 3,"J Stone & Co, Calcutta, India",,Revolving type,300mm,3,2,,,True,True,True,False,O,,False,Circular CC Block Masonary tower,37,Red and White Band,1976,1974,grounds,False,False,True,https://www.dgll.nic.in/sites/default/files/2022-12/Master%20Ledger%20Cochin%2021.pdf,https://www.dgll.nic.in/DGLL-light-house-location/about-kochi/kiltan-lighthouse-south,"1976 (station established 1974). Active; focal plane 41 m (134 ft); white flash every 10 s. 41 m (134 ft) round cylindrical concrete block tower with lantern and gallery. Lighthouse painted with horizontal red and white bands. A 2024 photo is at right, a 2020 closeup and a 2008 photo are available, Aqueeb Javid has a 2023 view, and Google has a satellite view. Kiltan is the easternmost of the Amindivi Islands, located about 40 km (25 mi) northeast of Kadmat. The island is accessible by passenger ferry from Amini and, less often, from Cochin. A temporary light on a wood skeletal tower was replaced by this substantial lighthouse. Located at the southern tip of the island. Site open, tower clos",LAK-008,,https://www.dgll.nic.in/sites/default/files/2022-11/KILTAN%20LIGHTHOUSE%20%28SOUTH%29.jpg,True,,[],"{""racon"": 2008}","{""racon"": {""year"": 2008, ""src"": ""ledger""}, ""ais"": {""year"": 2012, ""src"": ""network""}}",[2076],DGLL
kadalur-point-lighthouse,KADALUR POINT LIGHTHOUSE,lighthouse,Kochi,11.46667,75.63833,DGLL ledger,,F 0682,Fl (1) W 5 sec (fl 0.27),Fl,W,1,5,"[0.27, 4.73]",derived,0.27,False,,20,20.3,22.8,20,340000,57,revolving,,Type: Revolving Type; Rotation Device: Stepper motor; R.P.M. 3,"M/s Chance Bros, UK",,Revolving Type,700mm,3,4,,,True,True,True,False,,,False,Circular stone masonry tower on RCC Base,34,Black and White Band,1909,1909,open,True,False,True,https://www.dgll.nic.in/sites/default/files/2022-12/Master%20Ledger%20Cochin%2005.pdf,https://www.dgll.nic.in/DGLL-light-house-location/about-kochi/kadalur-point-lighthouse,"1909. Active; focal plane 57 m (187 ft); white flash every 5 s. 35 m (115 ft) round concrete tower with lantern and gallery, painted with black and white horizontal bands; lantern dome painted red. Nidhin Raj has a closeup 2024 photo, a 2011 photo is available, Mahfooz Ceecy has a 2017 closeup, and Google has a satellite view. The lighthouse marks dangerous offshore shoals and a rocky reef called Velliyamkallu or Sacrifice Rock. The 100th anniversary of the lighthouse was celebrated in 2009. In September 2012 officials announced plans to develop the station as a tourist attraction. Currently it is not so easy to find; local guidance may be needed. Located on a low promontory 6 km (3.8 mi) no",IND-013,Q20575355,https://www.dgll.nic.in/sites/default/files/2022-11/KADALUR%20POINT%20LIGHTHOUSE.jpg,True,,"[""NAIS MMSI not given ('---')""]",{},"{""ais"": {""year"": 2012, ""src"": ""network""}}","[2571, 2244, 1410]",DGLL
kadamat-lighthouse,KADAMAT LIGHTHOUSE,lighthouse,Kochi,11.25717,72.79067,DGLL ledger,"Lighthouse Attendant, Kadamat Lighthouse, Kadamat island, UT of Lakshadweep, 680 556",F-0755.5,Fl (4) White 20 Sec,Fl,W,4,20,"[1.0, 2.0, 1.0, 2.0, 1.0, 2.0, 1.0, 10.0]",derived,,False,,16.8,16.7,,16.7,,34,flasher,,"Optic MBL-160, Type: LED Flasher","MsM, Spain",MBL-160,LED Flasher,,,,,,True,True,False,False,G,,False,G I trestle tower,30,White Band,1988,1976,grounds,False,False,True,https://www.dgll.nic.in/sites/default/files/2022-12/Master%20Ledger%20Cochin%2022.pdf,https://www.dgll.nic.in/DGLL-light-house-location/about-kochi/kadamat-lighthouse,"1988 (station established 1976). Active; focal plane 40 m (131 ft); white flash every 5 s. 38 m (125 ft) round cylindrical concrete tower with lantern and double gallery. Lighthouse painted white; lantern roof is red. A 2021 photo by Dawn Dennies is at right, Mike Prince has a closeup photo, Manish Singh has a view from the sea, M. Vijayan has a 2017 photo, Arun C. Mehta has a 2018 closeup, and Google has an indistinct satellite view. The original light was on a wood skeletal tower. Kavaratti, in the central part of the Laccadives, has been the capital of Lakshadweep since 1964. The town has a population of about 12,000. The island is accessible by passenger ferry from Cochin or by helicopte",LAK-006,,https://www.dgll.nic.in/sites/default/files/2022-11/KADAMAT%20LIGHTHOUSE.jpg,True,,"[""Position printed with seconds sign after decimal minutes (11°15.43″, 72°47.44″); converted as decimal minutes"", ""Solar section headed 'Solar Plant: NIL' yet lists solar panels for main light, RACON and automation""]","{""racon"": 2008}","{""racon"": {""year"": 2008, ""src"": ""ledger""}}",[2540],DGLL
beypore-lighthouse,BEYPORE LIGHTHOUSE,lighthouse,Kochi,11.15833,75.80833,DGLL ledger,"Head Light Keeper, Beypore Lighthouse, Chaliyam P.O Kozhikode Dist. Kerala-673301",F-0689,Flash (2) White-15 Seconds,Fl,W,2,15,"[0.48, 3.27, 0.48, 10.77]",ledger,0.48,False,,24.0,16.4,26.0,16.4,1164442,32,revolving,4,Optic: Revolving Beacon; Rotation Device: Dual Stepper motor; R.P.M. 2,"J Stone, India",,Revolving Beacon,300mm / 4th Order Large,2,4,,,False,True,True,False,G,,False,Hexagonal RCC,30,Red and White Band,1977,1977,open,False,False,True,https://www.dgll.nic.in/sites/default/files/2022-12/Master%20Ledger%20Cochin%2006.pdf,https://www.dgll.nic.in/DGLL-light-house-location/about-kochi/beypore-lighthouse,"1977. Active; focal plane 32 m (105 ft); two white flashes every 15 s. 30 m (98 ft) hexagonal cylindrical concrete block tower with lantern and gallery, painted with red and white horizontal bands. A 2022 photo and a 2016 photo are available, John Alex has a good photo, Balu Prajeesh has a 2014 closeup, and Google has a satellite view. Located behind the beach and south of the Chaliyar River entrance at Chaliyam, 5 km (3 mi) south of Beypore and about 15 km (9 mi) south of Kozhikode (Calicut). Site open, tower open daily in late afternoons. . ARLHS IND-076; Admiralty F0689; NGA 27636.",IND-076,Q16137790,https://www.dgll.nic.in/sites/default/files/2022-11/BEYPORE%20LIGHTHOUSE.jpg,True,,"[""established_year taken from date of commissioning 21.11.1977"", ""NAIS MMSI not given ('-')""]","{""racon"": 2004}","{""racon"": {""year"": 2004, ""src"": ""ledger""}, ""ais"": {""year"": 2012, ""src"": ""network""}}","[2581, 2097, 2072, 2026, 1882, 332]",DGLL
poompuhar-lighthouse,Poompuhar Lighthouse,lighthouse,Chennai,11.14139,79.85667,DGLL ledger,,F 0918,Flash(4) every 15 seconds (0.35+2.2+0.35+2.2+0.35+2.2+0.35+7.0=15sec),Fl,W,4,15,"[0.35, 2.2, 0.35, 2.2, 0.35, 2.2, 0.35, 7.0]",ledger,0.35,False,,20,16.6,21.0,16.6,170000,33.1,revolving,,"Optic: Rotating beacon, MBR-300; Rotation Device: Inbuilt stepper motor with drive; R.P.M. 4","M/s Mediterrano senales Maritimes (MSM), Spain",MBR-300,Rotating beacon,210 mm,4,6,,,True,True,False,False,,,False,RCC Octagonal Tower,30,Red and White vertical Band,2010,2010,open,True,False,True,https://www.dgll.nic.in/sites/default/files/2022-12/ch8.pdf,https://www.dgll.nic.in/DGLL-light-house-location/about-chennai/poompuhar-lighthouse,"2010. Active; focal plane unknown; four white flashes every 15 s. 30 m (98 ft) octagonal cylindrical concrete tower with lantern, gallery, and an octagonal observation level below the lantern. Lighthouse painted with red and white vertical stripes. A 2022 photo ia available, Wikimedia has a good 2015 photo, Peer Mohamed has a 2016 closeup photo, Pagu Pandian has a 2011 photo, a street view from the gallery is available, and Google has a satellite view. The light is listed as ""Pumpukar"" by NGA. Located near Kaveripatnam, about 30 km (19 mi) north of Karaikal. Site open, tower open 3 to 6 pm daily. Admiralty F0918: NGA 27134.",,,https://www.dgll.nic.in/sites/default/files/2022-11/dg8.jpg,True,,"[""Characteristic does not state the light colour""]",{},{},"[2284, 1716, 1715, 1704, 1675, 1674, 1661, 1617, 1594]",DGLL
amini-lighthouse,AMINI LIGHTHOUSE,lighthouse,Kochi,11.11167,72.72,DGLL ledger,"Lighthouse Attendant, Amini Lighthouse, Amini island, UT of Lakshadweep, 680 552",F-0754.4,Fl (1) White 15Sec,Fl,W,1,15,"[0.95, 14.05]",derived,,False,,16.8,16.7,,16.7,,34,flasher,,"Optic MBL-160, Type: LED Flasher","MsM, Spain",MBL-160,LED Flasher,,,,,,True,True,False,False,,,False,G I trestle tower,30,Black and White Band,2018,1984,grounds,False,False,True,https://www.dgll.nic.in/sites/default/files/2022-12/Master%20Ledger%20Cochin%2023.pdf,https://www.dgll.nic.in/DGLL-light-house-location/about-kochi/amini-lighthouse,"2018 (station established 1984). Active; focal plane 34 m (112 ft); white flash every 5 s. 30 m (98 ft) square galvanized iron skeletal tower, painted with black and white horizontal bands; there is a 1-story concrete equipment room inside the base. A 2022 photo is available, Muhammed Hussain's 2020 photo shows both towers side by side and Google has an indistinct satellite view. Located near the southern tip of the island. Site open, tower closed. Admiralty F0754.4; NGA 27596.",,,https://www.dgll.nic.in/sites/default/files/2022-11/AMINI%20%20LIGHTHOUSE.jpg,True,,"[""Position minutes printed with a double-prime (\"") sign; treated as decimal minutes"", ""Source of energy says 'Solar Plant: NIL' yet lists solar panels for main light and automation panel"", ""Year given is year of commissioning (2018), not necessarily establishment""]",{},{},"[1779, 1748, 1741]",DGLL
thinnakara-lighthouse,THINNAKARA LIGHTHOUSE,lighthouse,Kochi,10.935,72.31667,DGLL ledger,"C/O Station Incharge, Agatti Lighthouse, Agatti Island, U.T of Lakshadweep, Pin: 682553",F 0754.6,Fl (W)5 sec,Fl,W,1,5,"[0.45, 4.55]",derived,,False,,11.3,14.8,,11.3,,24,flasher,,MBL 160 LED lantern with MF-12 Electronic Flasher; no rotation device listed,Mediterraneo Senales Maritimas (MsM),MBL 160,OCL 12LED with 3 Fresnel Elements arranged in 2 levels arrayed in circular way,140MM Lens Diameter (Methacrylate material),,,,,True,True,False,False,,,False,Square Masonry,22,White Band,2015,1993,grounds,False,False,True,https://www.dgll.nic.in/sites/default/files/2022-12/Master%20Ledger%20Cochin%2024.pdf,https://www.dgll.nic.in/DGLL-light-house-location/about-kochi/thinnakara-lighthouse,"2015 (?) (station established 1993). Active; focal plane 24 m (79 ft); white flash every 5 s. Approx. 22 m (72 ft) square masonry tower. Fasweeh Ullisan's 2021 photo is at right, Sangeeth Mohan has a 2025 photo, Ankur Saraf has a 2023 photo, Saakshi Gulati has a view from the sea, and Google has an indistinct satellite view. The original light was on a 12 m (39 ft) square galvanized iron skeletal tower, painted white. Thinnakara is an atoll a few miles north of Agatti; boat transportation from Agatti can be arranged. Site open, tower closed. Admiralty F0754.6; NGA 27598.",,,https://www.dgll.nic.in/sites/default/files/2022-11/THINNAKARA%20LIGHTHOUSE.jpg,True,,[],{},{},[],DGLL
karaikal-lighthouse,KARAIKAL LIGHTHOUSE,lighthouse,Chennai,10.9165,79.85389,DGLL ledger,,F 0916,Fl (2) W every10 sec,Fl,W,2,10,"[0.7, 1.0, 0.7, 7.6]",derived,,False,,12,13,,12,,89,revolving,,"Optic: Rotating Beacon, TRB-220; Rotation Device 12v/DC Stepper motor; R.P.M. 3",Tideland signal corporation,TRB-220,TRB-220 Maxlumina,110mm,3,4,,,True,True,False,False,,,False,Circular RCC structure,15.09,Complete White colour Band,1901,1853,open,True,False,True,https://www.dgll.nic.in/sites/default/files/2022-12/ch9.pdf,https://www.dgll.nic.in/DGLL-light-house-location/about-chennai/karaikal-lighthouse,"1901 (French) (station established 1853). Active; focal plane 18 m (59 ft); two white flashes every 10 s. 18 m (56 ft) round cylindrical white concrete tower with lantern and gallery. Sahib Nagore has a 2021 photo, Ameer Muhsin has a closeup 2019 photo, and Google has a satellite view. The current lantern was installed recently; Jaikumar Natarajan has a 2011 photo and Binoop Vasudevan has a 2014 photo showing that the original lantern was removed. The first lights were displayed here from a flagstaff; a masonry ""column"" was built in 1864. More than 500 fishermen from the area were killed by the tsunami of 26 December 2004. Located just off the beach at Karaikal. Site open, tower open daily. ",IND-037,Q141223861,https://www.dgll.nic.in/sites/default/files/2022-11/dg9.jpg,True,,"[""Latitude seconds printed as 99\"" (>= 60): '10° 54'99\"" N'; converted as printed"", ""Duration of flash given as '10 Sec', equal to the period; not transcribed as flash_duration_s"", ""Commissioned 12.09.1992; renovated lighthouse opened 15/04/2019""]",{},{},"[1813, 1712, 1705, 1673, 1672, 1644, 1602]",DGLL
agatti-lighthouse,AGATTI LIGHTHOUSE,lighthouse,Kochi,10.8675,72.205,DGLL ledger,,F 0754.7,Fl (30) W 30 sec,Fl,W,1,30,"[1.0, 29.0]",derived,,False,,11.3,16.98,,11.3,,35,flasher,,LED lantern MBL 160 with MF-12 Electronic Flasher; no rotation device listed,Mediterraneo Senales Maritimas (MsM),MBL 160,OCL 12LED with 3 Fresnel Elements arranged in 2 levels arrayed in circular way,140MM Lens Diameter (Methacrylate material),,,,,True,True,False,False,B,,False,G I. Trestle tower on RCC Base,30,White Band,,1976,closed,False,False,True,https://www.dgll.nic.in/sites/default/files/2022-12/Master%20Ledger%20Cochin%2025.pdf,https://www.dgll.nic.in/DGLL-light-house-location/about-kochi/agatti-lighthouse,"Early 2010s (station established 1976). Active; focal plane 35 m (115 ft) (?); three white flashes every 30 s. Approx. 23 m (75 ft) square skeletal tower, painted white. Ankur Saraf has a 2023 photo, Roshan Chauhan has a distant 2024 view, and Google has a satellite view. The first lighthouse was a 15 m (49 ft) wood skeletal tower; it was replaced in 1986 by the tower seen on the DGLL page. Located at the northeastern corner of the island. Site status unknown. ARLHS LAK-001; Admiralty F0754.7; NGA 27600.",LAK-001,,https://www.dgll.nic.in/sites/default/files/2022-11/AGATTI%20LIGHTHOUSE.jpg,True,,"[""Characteristic printed as 'Fl (30) W 30 sec' - a group of 30 flashes is implausible, possibly a typo"", ""Effective beam intensity fields are blank"", ""characteristic reads Fl (30); treated as a typo, not simulated as 30 flashes""]","{""racon"": 2008}","{""racon"": {""year"": 2008, ""src"": ""ledger""}}","[2111, 1992]",DGLL
androth-east-lighthouse,ANDROTH EAST LIGHTHOUSE,lighthouse,Kochi,10.81333,73.70167,DGLL ledger,,F-0755,Fl (2) W 10 sec,Fl,W,2,10,"[0.7, 1.0, 0.7, 7.6]",derived,,False,,28,18.4,15.8,18.4,20000,43.7,revolving,,Type: rotating light beacon; Rotation Device: 02 nos MGM 150 electronic gearless & brushless motor (R.P.M. blank),LMV,BGA 850 HI/8,rotating light beacon,500 mm,,4,,,True,True,True,False,D,,False,Square Masonry Tower,43.7,Black and White Band,1967,1967,grounds,False,False,True,https://www.dgll.nic.in/sites/default/files/2022-12/Master%20Ledger%20Cochin%2026.pdf,https://www.dgll.nic.in/DGLL-light-house-location/about-kochi/androth-east-lighthouse,"1967. Active; focal plane 35 m (115 ft); two white flashes every 10 s. 33 m (108 ft) square masonry tower with lantern and gallery, painted with horizontal black and white bands. Sachin Satheesh has a 2023 closeup photo, a distant view from the sea is available, and Google has an indistinct satellite view of the lighthouse. Androth (Andrott), the easternmost island of Lakshadweep, is accessible by a weekly passenger ferry from Cochin. Located on the waterfront near the east end of the island. Site open, tower closed. ARLHS LAK-002; Admiralty F0755; NGA 27616.",LAK-002,,https://www.dgll.nic.in/sites/default/files/2022-11/ANDROTH%20EAST%20LIGHTHOUSE.jpg,True,,"[""Divergence field contains lens description ('360 mm focal distance acrylic modlded lens, 720 mm hight') instead of divergence angles"", ""R.P.M. field left blank""]","{""racon"": 2016}","{""racon"": {""year"": 2016, ""src"": ""ledger""}, ""ais"": {""year"": 2012, ""src"": ""network""}}","[2132, 1337]",DGLL
androth-west-lighthouse,ANDROTH WEST LIGHTHOUSE,lighthouse,Kochi,10.81333,73.66167,DGLL ledger,Postmaster office Androth Island Lakshadweep - 682551,0755.2,Fl (W) 15sec,Fl,W,1,15,"[0.95, 14.05]",derived,,False,,11.3,12.7,,11.3,,15,flasher,,"Type: Flasher unit (LED), Sealite 65 W; Rotation Device and R.P.M. blank",Sealite,155-2D5-W,Flasher unit (LED),,,,,,True,True,False,False,,,False,Circular Tapering CC Tower,10,White band,1975,1975,grounds,False,False,True,https://www.dgll.nic.in/sites/default/files/2022-12/Master%20Ledger%20Cochin%2027.pdf,https://www.dgll.nic.in/DGLL-light-house-location/about-kochi/androth-west-lighthouse,"1975. Active; focal plane 15 m (49 ft); white flash every 15 s. 10 m (33 ft) slender round white concrete tower with two small galleries, rising from a round 1-story equipment room. Google has a distant satellite view. Located on the waterfront at the west end of the island. Site open, tower closed. Admiralty F0755.2; NGA 27620.",,,https://www.dgll.nic.in/sites/default/files/2022-11/ANDROTH%20WEST%20LIGHTHOUSE.jpg,True,,"[""RACON section gives only a serial number (II-X-201607-02); make, model, code, band and installation date are blank"", ""Divergence field contains lamp description instead of a divergence value""]",{},{},[],DGLL
ponnani-lighthouse,PONNANI LIGHTHOUSE,lighthouse,Kochi,10.775,75.92167,DGLL ledger,,0692,Single Flash White - 15 sec (0.48+14.52=15 sec),Fl,W,1,15,"[0.48, 14.52]",ledger,0.48,False,,20.6,16.82,20.6,16.82,141100,34.13,revolving,,Optic: Revolving; Rotation Device: Dual Stepper motor; R.P.M. 2,"J Stone & Co, Kolkata, India",,Revolving Beacon,300mm / Vth order Large revolving,2,2,,,True,False,True,False,,,False,24 Cornered Circular RCC Tower,30,Black and White Band,1983,1937,grounds,True,False,True,https://www.dgll.nic.in/sites/default/files/2022-12/Master%20Ledger%20Cochin%2007.pdf,https://www.dgll.nic.in/DGLL-light-house-location/about-kochi/ponnani-lighthouse,"1983 (station established 1937). Active; focal plane 33 m (108 ft); white flash every 15 s. 30 m (98 ft) 12-sided concrete tower, painted with black and white horizontal bands. Akash Dinesh's 2024 photo is at right, John Alex has contributed a photo, S. Dhruvaraj has another good photo, a 2017 photo is available, Raheem Ponnad has a 2021 photo, Nousu Thottayi has a 2018 street view, and Google has a satellite view. The original light on a mast was replaced by a skeletal tower in 1948. Located on the outskirts of Ponnani, just south of the Bharathpuzha river entrance. Site open, tower closed. . ARLHS IND-108; Admiralty F0692; NGA 27632.",IND-108,Q13113490,https://www.dgll.nic.in/sites/default/files/2022-11/Ponnani%20Lighthouse.jpg,True,,"[""Page 1 is a cover page; no station name header, name taken from postal address"", ""RACON section gives Sr. No 6295 but Make 'NA' (same serial appears in other ledgers)"", ""ALOL printed '0692' without letter prefix""]",{},"{""ais"": {""year"": 2012, ""src"": ""network""}}","[2576, 1825, 1786, 1751, 863]",DGLL
nagapattinam-lighthouse-and-dgps-station,NAGAPATTINAM LIGHTHOUSE AND DGPS STATION,lighthouse,Chennai,10.765,79.85167,"DGLL ledger, seconds column read as decimal minutes (matches OpenStreetMap node/3846730085)","Assistant Engineer (Electronics) Nagapattinam Lighthouse and DGPS, Marawady street, NAGAPATTINAM. Tamil Nadu-611 001.",F 0914,Flash (2) White in every 20 Seconds (0.5+2.0)+0.5+17.0),Fl,W,2,20,"[0.5, 2.0, 0.5, 17.0]",ledger,0.5,False,,18,19,21.0,18,166000,50,revolving,,Optic/type: Rotating Beacon; Rotation device: stepper motor; RPM 1.5,MSM,MBR-300,Rotating Beacon,140 mm,1.5,2,,,True,True,True,True,G,,False,Circular stone Masonry Tower,48,Black & White Band,1923,1846,open,True,False,True,https://www.dgll.nic.in/sites/default/files/2022-12/ch10.pdf,https://www.dgll.nic.in/DGLL-light-house-location/about-chennai/nagapattinam-lighthouse-and-dgps-station,"1923 (station established 1846). Active; focal plane 48 m (157 ft); two white flashes every 20 s. 50 m (164 ft) round masonry tower with lantern and gallery, painted with horizontal black and white bands; lantern roof painted red. A 2024 photo is at right, Satheesh Rajendren has a 2018 photo, Denis Elton has a 2017 closeup, Krishna Kumar Goutam has a 2022 closeup, Rajarshi Banerjee has a nighttime photo of the lighthouse in action, and Google has a good satellite view. This is India's southernmost port on the Bay of Bengal. The British built a 20 m (66 ft) lighthouse here in 1846, and the present lighthouse replaced a 23 m (75 ft) tower built in 1870. Nagappatinam District had the heaviest l",IND-045,Q141239964,https://www.dgll.nic.in/sites/default/files/2022-11/dg10_0.jpg,True,,"[""Characteristic bracket unbalanced as printed: '(0.5+2.0)+0.5+17.0)'""]","{""dgps"": 2010}","{""racon"": {""year"": 2004, ""src"": ""network""}, ""ais"": {""year"": 2012, ""src"": ""network""}, ""dgps"": {""year"": 2010, ""src"": ""ledger""}}","[2307, 1973, 1861, 1821, 1716, 1698, 1715, 1704, 1675, 1674, 1661, 1617, 1594]",DGLL
kavaratti-lighthouse,KAVARATTI LIGHTHOUSE,lighthouse,Kochi,10.56167,72.64833,DGLL ledger,"Navigational Assistant Gr-I, Kavaratti Lighthouse, Kavaratti island , UT of Lakshadweep 680 555",F-0755.5,Fl (1) White 5 Sec (0.33+4.67 =5.0sec),Fl,W,1,5,"[0.33, 4.67]",ledger,0.33,False,,21.0,17.4,19.0,17.4,74560,40,revolving,4,Type: Revolving Beacon; Rotation Device stepper motor (20kg/cm); R.P.M. 6,"ANA, Newdelhi, India",,Revolving Beacon,250mm,6,2,,,True,True,True,False,K,,False,Circular tower on RCC Base,38,White Band,1988,1976,grounds,False,False,True,https://www.dgll.nic.in/sites/default/files/2022-12/Master%20Ledger%20Cochin%2028.pdf,https://www.dgll.nic.in/DGLL-light-house-location/about-kochi/kavaratti-lighthouse,"1988 (station established 1976). Active; focal plane 40 m (131 ft); white flash every 5 s. 38 m (125 ft) round cylindrical concrete tower with lantern and double gallery. Lighthouse painted white; lantern roof is red. A 2021 photo by Dawn Dennies is at right, Mike Prince has a closeup photo, Manish Singh has a view from the sea, M. Vijayan has a 2017 photo, Arun C. Mehta has a 2018 closeup, and Google has an indistinct satellite view. The original light was on a wood skeletal tower. Kavaratti, in the central part of the Laccadives, has been the capital of Lakshadweep since 1964. The town has a population of about 12,000. The island is accessible by passenger ferry from Cochin or by helicopte",LAK-006,,https://www.dgll.nic.in/sites/default/files/2022-11/KAVARATTI%20LIGHTHOUSE.jpg,True,,"[""Position minutes printed with a double-prime (\"") sign; treated as decimal minutes"", ""RACON listed but noted as removed and sent to DLL Cochin for repair on 11.04.2021"", ""Solar Plant stated NIL; only a 70 W solar panel for RACON is listed""]","{""racon"": 2021}","{""racon"": {""year"": 2021, ""src"": ""ledger""}, ""ais"": {""year"": 2012, ""src"": ""network""}}","[2112, 2032]",DGLL
chetwai-lighthouse,Chetwai Lighthouse,lighthouse,Kochi,10.55167,76.01883,DGLL ledger,,0693,Fl (2) W 20 sec (fl0.46+2.2+0.46+16.88sec),Fl,W,2,20,"[0.46, 2.2, 0.46, 16.88]",ledger,0.46,False,,19,16.6,18.9,16.6,74000,33.28,revolving,,Type: AGA Revolving Beacon; Rotation Device: Dual Stepper motor; R.P.M. 3/2,M/s AGA,,AGA Revolving Beacon,250mm,1.5,2,,,True,False,False,False,,,False,Circular tower on RCC Base,33.28,Red and White Band,1986,1986,open,True,False,True,https://www.dgll.nic.in/sites/default/files/2022-12/Master%20Ledger%20Cochin%2008.pdf,https://www.dgll.nic.in/DGLL-light-house-location/about-kochi/chetwai-lighthouse,"1986. Active; focal plane 33 m (108 ft); two white flashes every 20 s. 30 m (98 ft) round cylindrical concrete tower with lantern and double gallery, painted with red and white horizontal bands. Nikhil Sankar has a 2017 photo, Noufal AbdulKareem has a 2018 photo, Akhil Jyothish has a 2021 photo, and Google has a 2023 street view and a satellite view. This lighthouse has a design common to many modern Indian light towers. Located just off the beach south of Chavakkad. Site open, tower open daily in late afternoons. . ARLHS IND-082; Admiralty F0693; NGA 27564.",IND-082,Q18387166,https://www.dgll.nic.in/sites/default/files/2022-11/Chetwai%20Lighthouse.jpg,True,,"[""Duration of Flash field says '20 Sec' while characteristic gives flash 0.46 s"", ""Tower height given as 33.28M, identical to elevation above MSL""]",{},{},"[1794, 1372]",DGLL
point-calimere-lighthouse,POINT CALIMERE LIGHTHOUSE,lighthouse,Chennai,10.28733,79.87167,DGLL ledger,,F 0918,Fl (3) W 10 sec (0.3f +1.5+0.3f+1.5+0.3f+6.1)sec,Fl,W,3,10,"[0.3, 1.5, 0.3, 1.5, 0.3, 6.1]",ledger,0.3,False,,12,12.9,,12,,16,flasher,,"Type: LED Flasher; illuminant 90 watts LED Flasher, 2 Array LED Flasher; Rotation Device and R.P.M. blank",LMV,BDL 250,LED Flasher,22cm x 50cm,,,,,True,True,False,False,,,False,circular,16,White circular,2010,2010,open,False,False,True,https://www.dgll.nic.in/sites/default/files/2022-12/ch11.pdf,https://www.dgll.nic.in/DGLL-light-house-location/about-chennai/point-calimere-lighthouse,"2010. Active; focal plane unknown; four white flashes every 15 s. 30 m (98 ft) octagonal cylindrical concrete tower with lantern, gallery, and an octagonal observation level below the lantern. Lighthouse painted with red and white vertical stripes. A 2022 photo ia available, Wikimedia has a good 2015 photo, Peer Mohamed has a 2016 closeup photo, Pagu Pandian has a 2011 photo, a street view from the gallery is available, and Google has a satellite view. The light is listed as ""Pumpukar"" by NGA. Located near Kaveripatnam, about 30 km (19 mi) north of Karaikal. Site open, tower open 3 to 6 pm daily. Admiralty F0918: NGA 27134.",,Q141247833,https://www.dgll.nic.in/sites/default/files/2022-11/DG11_0.jpg,True,,"[""Latitude printed as 10° 17'.24\"" (mixed notation); converted as 10° 17.24'"", ""Optic lists 'No. of Array 2 Nos' (LED arrays), not lens panels"", ""Date of commissioning given as '1890 and remoulded on 1933'""]",{},{},"[2309, 2308, 1734]",DGLL
kodikkarai-lighthouse,KODIKKARAI LIGHTHOUSE,lighthouse,Chennai,10.279,79.8265,"DGLL ledger, seconds column read as decimal minutes (matches OpenStreetMap way/1033110197)",,F 0902,Fl (1) W 10 sec (fl 0.22(F)+9.8),Fl,W,1,10,"[0.22, 9.8]",ledger,0.22,False,,19,19.0,14.4,19,11000,48,revolving,,Optic: Revolving Beacon; Pedestal: Revolving; Rotation Device: stepper motor; R.P.M. 1 r.p.m,LMV,BGC 500HI,Revolving Beacon,22cm x 50cm,1,6,,,True,True,True,False,,,False,Round & Concrete,48,Red and White Band (circular),1997,1997,closed,True,False,True,https://www.dgll.nic.in/sites/default/files/2022-12/ch12.pdf,https://www.dgll.nic.in/DGLL-light-house-location/about-chennai/kodikkarai-lighthouse,"1997. Active; focal plane 45 m (148 ft); white flash every 10 s. 45 m (148 ft) round masonry tower with lantern and double gallery, painted with horizontal red and white bands. The lantern was used previously at Pulicat Light. A 2022 photo is at right, Marcus Sherman has a 2008 photo, Mohanram Kemparaju has another photo, Vignesh Waran has a photo and a street view from atop the lighthouse, and Google has a satellite view. Kodikkarai is the Tamil name of Calimere Point. Located about 9 km (5.5 mi) west southwest of Calimere Point Light. Site status unknown, probably open. ARLHS IND-039; Admiralty F0902; NGA 27145.",IND-039,Q29957232,http://commons.wikimedia.org/wiki/Special:FilePath/PCWBS-lighthouse.JPG,True,,"[""Latitude printed as 10° 16'.74\"" (mixed notation; 74 cannot be seconds); converted as 10° 16.74'"", ""Sequence 0.22 + 9.8 sums to 10.02 s, not the stated 10 s period"", ""Engine 1 heading marked '(NIL)' but a Kirloskar/TA2 SRII 12HP engine and 5KVA alternator are listed""]",{},"{""ais"": {""year"": 2012, ""src"": ""network""}}","[2562, 2119, 2063, 1716, 1715, 1704, 1675, 1674, 1661, 1617, 1594, 1588]",DGLL
mallipattinam-lighthouse,MALLIPATTINAM LIGHTHOUSE,lighthouse,Chennai,10.26867,79.308,"DGLL ledger, seconds column read as decimal minutes (matches OpenStreetMap way/1554544624)","The Navigational Assistant Gr-I Mallipattinam Lighthouse, Near Manora, Pattukottai Taluk Thanjavur, Tamilnadu-614725",F 0901.9,Fl (1) W 5 sec (fl 0.5),Fl,W,1,5,"[0.5, 4.5]",derived,0.5,False,,22,19.1,21.0,19.1,166000,48.4,revolving,,"Optic: Rotating beacon, MBR-300; Rotation Device: Inbuilt stepper motor with drive; R.P.M. 2 r.p.m","M/s Mediterrano senales Maritimes (MSM), Spain",MBR-300,Rotating beacon,210 mm,2,6,,,True,True,False,False,,,False,RCC Octagonal Tower,45,Red and White vertical Band,2010,2010,grounds,True,False,True,https://www.dgll.nic.in/sites/default/files/2022-12/ch13.pdf,https://www.dgll.nic.in/DGLL-light-house-location/about-chennai/mallipattinam-lighthouse,"2010. Active; focal plane unknown; four white flashes every 15 s. 45 m (148 ft) octagonal cylindrical concrete tower with lantern, gallery, and an octagonal observation level below the lantern. Lighthouse painted with red and white vertical stripes (the first Indian lighthouse to have this daymark). Marimuthu Rajaguru has a 2022 photo and Google has a 2024 street view and a satellite view. Located on Palk Strait at Manora, about 50 km (30 mi) west of Calimere Point. Site open, tower closed. Admiralty F0901.9; NGA 27148.",,Q141256321,https://www.dgll.nic.in/sites/default/files/2022-11/dg12_1.png,True,,[],{},{},"[1822, 1813, 1716, 1715, 1704, 1675, 1674, 1661, 1664, 1663, 1615, 1617, 1594]",DGLL
azhikode-lighthouse-and-dgps-station,AZHIKODE LIGHTHOUSE AND DGPS STATION,lighthouse,Kochi,10.19833,76.15833,DGLL ledger,"Assistant Engineer (EL) Azhikode Lighthouse, Azhikode Post Kodungallure Via, Thrissure Dt, Kerala-680666. Pin: 680666.",0694.5,Fl (3) W 20 sec,Fl,W,3,20,"[0.32, 2.0, 0.32, 2.0, 0.32, 15.04]",derived,0.32,False,,19,16.7,18.9,16.7,74000,34,revolving,,Type: Revolving Beacon; Rotation Device: Dual Stepper motor (20Kgcm); R.P.M. 3 RPM,"M/S J Stone & Co. Culcutta, India",,Revolving Beacon,300mm,3,3,,,True,True,False,True,,,False,Square RCC Tower,30,Black and White Band,1982,1982,open,True,False,True,https://www.dgll.nic.in/sites/default/files/2022-12/Master%20Ledger%20Cochin%2009.pdf,https://www.dgll.nic.in/DGLL-light-house-location/about-kochi/azhikode-lighthouse-and-dgps-station,"1982. Active; focal plane 34 m (112 ft); three white flashes every 20 s. 30 m (98 ft) square cylindrical concrete tower, lower half skeletal and upper half enclosed, with lantern and gallery. Lighthouse painted with black and white horizontal bands; lantern roof painted red. Wikimedia has Dr. Ajay Balachandran's photo, John Alex has contributed a photo, Fahid Kooloth has a 2017 photo, Krishna Veni Tp has a 2023 photo, and Google has a satellite view. The lighthouse replaced a small light at the mouth of the Periyar River. Located in Azhikode 8 km (5 mi) west of Kodungallur and 2 km (1.2 mi) north of the river entrance. Site open, tower open late afternoons daily. . ARLHS IND-075; Admiralty F",IND-075,Q18169253,https://www.dgll.nic.in/sites/default/files/2022-11/AZHIKODE%20LIGHTHOUSE%20AND%20DGPS%20STATION.jpg,True,,"[""established_year taken from date of commissioning 30.04.1982""]","{""ais"": 2018}","{""dgps"": {""year"": 2003, ""src"": ""network""}}","[2302, 1701, 623]",DGLL
valiyakara-lighthouse,VALIYAKARA LIGHTHOUSE,lighthouse,Kochi,10.145,72.32833,DGLL ledger,,F-0755.6,Fl (1) White 15 Sec,Fl,W,1,15,"[0.95, 14.05]",derived,,False,,12.96,11.3,,11.3,,16,flasher,,"Optic MBL-160, Type: LED Flasher","MsM, Spain",MBL-160,LED Flasher,,,,,,True,True,False,False,,,False,Galvanized M S trestle tower,15,White Band,1998,1983,closed,False,False,True,https://www.dgll.nic.in/sites/default/files/2022-12/Master%20Ledger%20Cochin%2029.pdf,https://www.dgll.nic.in/DGLL-light-house-location/about-kochi/valiyakara-lighthouse,"1998 (station established 1983). Active; focal plane 16 m (52 ft); white flash every 15 s. 15 m (49 ft) square galvanized iron skeletal tower with gallery, painted white. Google has an indistinct satellite view. Valiyakera, at the northern end of the Suhelipar atoll, has no inhabitants. Site status unknown. Admiralty F0755.6; NGA 27608.",,,https://www.dgll.nic.in/sites/default/files/2022-11/VALIYAKARA%20LIGHTHOUSE.jpg,True,,"[""Position minutes printed with a double-prime (\"") sign; treated as decimal minutes"", ""Effective beam intensity field reads only 'Candelas' with no value"", ""Source of energy says 'Solar Plant: NIL' yet lists solar panels""]",{},{},"[2112, 2111, 1755, 1741, 1383]",DGLL
kalpeni-lighthouse,Kalpeni Lighthouse,lighthouse,Kochi,10.075,73.64233,DGLL position with 58'->38' digit slip corrected,Head light keeper Kalpeni light house Kalpeni island Pin:682557,F 1201,GP.FL.3(W)EVERY 20SECS,Fl,W,3,20,"[0.53, 2.0, 0.53, 2.0, 0.53, 14.41]",derived,0.53,False,,18,18.4,22.1,18,256989,44.01,revolving,,Size: 300mm 4th revolving optic; Rotation Device: Stepper motor; R.P.M. 3 RPM,J.stone&co,,,300mm 4th revolving optic,3,3,,,True,False,True,False,,,False,Circular RCC block masonry tower,37,Black and White Band,1969,1969,closed,False,False,True,https://www.dgll.nic.in/sites/default/files/2022-12/Master%20Ledger%20Cochin%2031.pdf,https://www.dgll.nic.in/DGLL-light-house-location/about-kochi/kalpeni-lighthouse,"1969. Active; focal plane 89 m (292 ft); white flash every 15 s. 37 m (121 ft) cast iron tower with lantern and gallery painted with red and white horizontal bands. This is a staffed station with several buildings. A 2018 drone view is at right, Soma Shekar has a 2017 photo and a view from the sea, Suhit Das has a 2024 closeup, and Google has a satellite view. This lighthouse marks the northern end of the Andaman Islands. It appears to be another cast iron tower similar to the Indira Point and North Point Lights, built three years later. Located at the highest point of the island. Site status unknown. ARLHS AND-001; Admiralty F1201; NGA 26552.",AND-001,,https://www.dgll.nic.in/sites/default/files/2022-11/KALPENI%20LIGHTHOUSE.jpg,True,,"[""Intensity printed '2.56.989 candelas' (read as 2,56,989)"", ""ALOL F 1201, RACON Sr. No 6295 and NAIS MMSI 4198001 are identical to East Island ledger values - possibly copied"", ""RACON lists only a serial number with make/model/code blank""]",{},"{""ais"": {""year"": 2012, ""src"": ""network""}}",[],DGLL
suhelipar-lighthouse,SUHELIPAR LIGHTHOUSE,lighthouse,Kochi,10.03833,72.28333,DGLL ledger,"C/o Navigational Assistant Gr-I, Kavaratti Lighthouse, Kavaratti island, UT of Lakshadweep 680 555",F-0756,Fl (2) White 20Sec,Fl,W,2,20,"[1.0, 2.0, 1.0, 16.0]",derived,,False,,19.0,17.5,,17.5,,38,flasher,,Type: LED flasher,"Sealite, Australia",,LED flasher,300mm lens dia,,,,,True,True,True,False,O,,False,Cast iron circular tower,30,Red and White Band,1975,1975,closed,False,False,True,https://www.dgll.nic.in/sites/default/files/2022-12/Master%20Ledger%20Cochin%2030_0.pdf,https://www.dgll.nic.in/DGLL-light-house-location/about-kochi/suhelipar-lighthouse,1975. Active; focal plane 36 m (118 ft); two white flashes every 20 s. 33 m (108 ft) round cast iron tower with lantern and gallery. Lighthouse painted with horizontal red and white bands. A view from atop the lighthouse is available and Google has a satellite view of the tower. Cheriyakara is an islet at the southern end of the Suhelipar atoll; there are no permanent inhabitants but a fishing camp is occupied seasonally. This is at the southwestern corner of the Laccadives; the lighthouse marks the western entrance to the Nine Degree Channel separating Minicoy from the Laccadives. Site status unknown. ARLHS LAK-010; Admiralty F0756; NGA 27604.,LAK-010,,https://www.dgll.nic.in/sites/default/files/2022-11/SUHELIPAR%20LIGHTHOUSE.jpg,True,,"[""Position printed with seconds marks after decimal values (10° 02.30\"", 72° 17.00\""); converted as decimal minutes"", ""RACON listed (Wealth marine WM-RB-II, code O) but removed as defective on 24.01.2014"", ""Effective beam intensity left blank"", ""Only year of commissioning given (1975)""]","{""racon"": 2011}","{""racon"": {""year"": 2011, ""src"": ""ledger""}, ""ais"": {""year"": 2012, ""src"": ""network""}}","[2112, 2111]",DGLL
ammapattinam-lighthouse,AMMAPATTINAM LIGHTHOUSE,lighthouse,Chennai,10.01083,79.229,DGLL ledger,,F 0901.2,Two White Flashes for every 15 Second,Fl,W,2,15,"[0.5, 1.5, 0.5, 12.5]",derived,0.5,False,,20,19.2,20.0,19.2,113000,49,revolving,,Optic: LED Marine Rotating beacon VRB-25-LED; Rotation Device: Inbuilt stepper motor; R.P.M. 2 RPM,"M/s VEGA, Finland",VRB-25-LED,LED,,2,,,,True,True,True,False,,,False,RCC Circular Tower,45,Black and White Horizontal Band,,2005,,False,False,True,https://www.dgll.nic.in/sites/default/files/2022-12/ch14.pdf,https://www.dgll.nic.in/DGLL-light-house-location/about-chennai/ammapattinam-lighthouse,,,Q141259667,https://www.dgll.nic.in/sites/default/files/2022-11/dg14.jpg,True,,"[""Position printed in mixed format (10º.00’.65”); interpreted as degrees and decimal minutes"", ""Divergence 1.5º not labelled horizontal or vertical""]",{},"{""ais"": {""year"": 2012, ""src"": ""network""}}","[2059, 1822, 1813, 1713]",DGLL
vypin-lighthouse,VYPIN LIGHTHOUSE,lighthouse,Kochi,9.997,76.22233,"DGLL ledger, seconds column read as decimal minutes (matches Wikidata Q13114877)",,F 0698,Fl (4) W 20 sec (fl 0.41),Fl,W,4,20,"[0.41, 2.92, 0.41, 2.92, 0.41, 2.92, 0.41, 9.6]",ledger,0.41,False,,27.0,19.2,27.4,19.2,1938500,49,revolving,3,Rotation Device: Dual Stepper motor (20 Kg cm); R.P.M. 3,"M/s J. Stone & Co., Calcutta",,3rd Order Small,Focal Length 375mm,3,4,,,False,True,True,False,K,,False,Circular Ribbed double shell RCC,46,Red and White Band,1979,1839,open,True,False,True,https://www.dgll.nic.in/sites/default/files/2022-12/Master%20Ledger%20Cochin%2010.pdf,https://www.dgll.nic.in/DGLL-light-house-location/about-kochi/vypin-lighthouse,"1979 (station established 1839). Active; focal plane 49 m (161 ft); four white flashes every 20 s. 46 m (151 ft) 8-ribbed, double-shell concrete tower with lantern and double gallery. Lighthouse painted with red and white horizontal bands. J. Saharudeen's 2022 photo is at right, Sasheer Raj has a 2008 photo, a 2021 photo is available, Dhanush Ramesh has a 2022 closeup showing visitors on the lower gallery, Prashobh Balakrishnan has a distant view, Dhashank Dhareshwar has a distant street view, and Google has a street view and a satellite view. The present lighthouse replaced the historic light station at Fort Kochi (previous entry). Apparently the light was moved because the historic locatio",IND-083,Q13114877,https://www.dgll.nic.in/sites/default/files/2022-11/VYPIN%20LIGHTHOUSE.jpg,True,,"[""Latitude seconds printed as 82\"" (>= 60): '09° 59' 82\"" N'; converted as printed""]","{""racon"": 2009}","{""racon"": {""year"": 2009, ""src"": ""ledger""}, ""ais"": {""year"": 2012, ""src"": ""network""}}","[2575, 1411]",DGLL
passipattinam-lighthouse,Passipattinam Lighthouse,lighthouse,Chennai,9.805,79.0785,"DGLL ledger, seconds column read as decimal minutes (matches OpenStreetMap way/1554740437)","The Navigational Assistant Gr-I Passipattinam Lighthouse, Passipattinam Via, Thondi, Ramanathapuram, Tamilnadu-623409",F 0901.5,Fl (3) W every10 sec (0.5+1.5+0.3+1.5+0.3+6.1=10),Fl,W,3,10,"[0.5, 1.5, 0.3, 1.5, 0.3, 6.1]",ledger,0.5,False,,19,19.2,15.5,19,17430,49,revolving,,"Type: Revolving, Model VRB-25-LED; R.P.M. 3 r.p.m (Rotation Device '-')",M/s-VEGA,"VRB-25-LED, Sl.No.-810",Revolving,,3,6,,,True,True,False,False,,,False,RCC Circular Tower,49,Red and White Horizontal Bands,2005,2005,grounds,False,False,True,https://www.dgll.nic.in/sites/default/files/2022-12/ch15.pdf,https://www.dgll.nic.in/DGLL-light-house-location/about-chennai/passipattinam-lighthouse,"2005. Active; focal plane 49 m (161 ft); three white flashes every 10 s. 45 m (148 ft) round cylindrical concrete tower with lantern and double gallery, painted with horizontal red and white bands. A 2024 photo is available, Thiru Vasagam has a 2021 photo, SS. Sakthivel has a 2020 photo, and Google has a satellite view. Located at Pasipattanam on the west side of Palk Strait, about 10 km (6 mi) north of Thondi. Site open, tower closed. ARLHS IND-050; Admiralty F0901.5; NGA 27151.",IND-050,Q141263207,https://www.dgll.nic.in/sites/default/files/2022-11/dg15.jpg,True,,"[""Longitude printed 79° 04' 71\"" E - seconds value 71 is >= 60"", ""Sequence 0.5+1.5+0.3+1.5+0.3+6.1 sums to 10.2 s, not the stated 10 s"", ""Flash durations inconsistent within sequence (0.5 then 0.3)"", ""NAIS base station fields empty though VSAT antenna/modem listed""]",{},{},"[1822, 1813, 1711, 1700, 1667, 1666, 1609]",DGLL
manakkodam-lighthouse,Manakkodam Lighthouse,lighthouse,Kochi,9.75,76.285,DGLL ledger,"Navigational Asst.Grade-I Manakkodam Lighthouse, Andhakaranazhi P.O, Alappuzha Ditrict. Kerala -688 531.",F 0705,Fl (2) W 10 sec,Fl,W,2,10,"[0.64, 1.0, 0.64, 7.72]",derived,0.64,False,,16.6,16.7,21.8,16.6,233050,34,revolving,4,Size: 300mm (4th order large) Revolving; Rotation Device: Stepper motor; R.P.M. 3,J Stone & Co. Kolkata,,Revolving,300mm,3,4,,,True,True,False,False,,,False,Square RCC Tower,30,White,1979,1979,grounds,False,False,True,https://www.dgll.nic.in/sites/default/files/2022-12/Master%20Ledger%20Cochin%2011.pdf,https://www.dgll.nic.in/DGLL-light-house-location/about-kochi/manakkodam-lighthouse,"1979. Active; focal plane 34 m (112 ft); two white flashes every 10 s. 34 m (112 ft) square cylindrical concrete tower, lower half skeletal and upper half enclosed, with lantern and gallery. Lighthouse painted white; lantern roof painted red. Joseph Baiju has a view from the beach, John Alex has a good photo, Antony Simal has a 2018 photo, a 2021 photo is available, Hrishi Olickel has a distant street view from the beach, and Google has a street view and a satellite view. The lighthouse originally had red bands, but fishermen complained it could be confused with the Cochin Light, so the color patterns of the Alleppey Light and this tower were exchanged in 2000. The lighthouse marks the entra",IND-099,Q18127759,https://www.dgll.nic.in/sites/default/files/2022-11/MANAKKODAM%20LIGHTHOUSE...jpg,True,,"[""RACON section lists Sr. No 6295 but Make NIL""]",{},{},"[2573, 2541, 2235, 1640, 1374, 618]",DGLL
alappuzha-lighthouse,Alappuzha Lighthouse,lighthouse,Kochi,9.49167,76.32167,DGLL ledger,,F 0706,Fl (1) W 15 sec (fl 0.8),Fl,W,1,15,"[0.8, 14.2]",derived,0.8,False,,24.5,16.6,22.7,16.6,333731,33,revolving,4,Optic: Revolving Beacon; Rotation Device: Dual Stepper motor; R.P.M. 1,BBT Paris,,Revolving Beacon,250mm/4th Order,1,4,,,False,True,True,False,,,False,Circular masonry tower,28,Red and White Band,1862,1862,grounds,True,True,True,https://www.dgll.nic.in/sites/default/files/2022-12/Master%20Ledger%20Cochin%2012.pdf,https://www.dgll.nic.in/DGLL-light-house-location/about-kochi/alappuzha-lighthouse,"1862. Active; focal plane 33 m (108 ft); white flash every 15 s. 28 m (92 ft) round masonry tower with lantern and gallery, painted with red and white horizontal bands. Sagara Ajaykumar's 2022 photo is at right, John Alex also has a good photo, a 2023 photo and a 2007 photo are available, Wikipedia has an article with a good photo by Dr. Ajay Balachandran, Lighthouse Digest has a December 1998 article, Dino Soloman has a street view, and Google has a satellite view. This historic lighthouse has a rare teak spiral stairway. It was painted all white for many years; the red bands were added in 2000. The 150th anniversary of the lighthouse was celebrated in 2012. Located just of the beach in Ala",IND-071,Q1426089,https://www.dgll.nic.in/sites/default/files/2022-11/ALAPPUZHA%20LIGHTHOUSE.jpg,True,,[],{},"{""ais"": {""year"": 2012, ""src"": ""network""}}","[2012, 1402]",DGLL
olakuda-lighthouse,Olakuda Lighthouse,lighthouse,Chennai,9.3176,79.33067,DGLL ledger,,F 0906,Group Flash (2) White every 20 Seconds (0.75+2.0+0.75+16.5),Fl,W,2,20,"[0.75, 2.0, 0.75, 16.5]",ledger,0.75,False,,15,12.7,13.0,12.7,5900,18.5,flasher,,Type: LED FLASHER; Rotation Device N/A; R.P.M. N/A,LMV Spain,BDL 250,LED FLASHER,2 Tier Arrangement,,,,,True,True,False,False,,,False,C.C Block Masonry Rectangular Tower,15,Red and White Spiral Bands,2005,2005,closed,False,False,True,https://www.dgll.nic.in/sites/default/files/2022-12/ch18.pdf,https://www.dgll.nic.in/DGLL-light-house-location/about-chennai/olakuda-lighthouse,"2005. Active; focal plane 16.5 m (54 ft); two white flashes every 20 s. 15 m (49 ft) square masonry tower with gallery, painted with red and white spiral bands. Venkatasubramaniam Arumugam has a 2017 photo, Ankita Shelke has a 2018 closeup, Joseph Augustine has a 2019 photo, and Google has a satellite view. Like the lights at Manamelkudi and Passipatnam, this lighthouse was built as part of the Palk Strait Lighthouse Project. In 2013, this was one of the 15 lighthouses identified for tourist development by DGLL. Rameswaram, the principal town of Pamban Island, is an important destination for Hindu pilgrims. A change in the Admiralty number for this lighthouse was announced in an Indian Notic",IND-058,Q141266595,https://www.dgll.nic.in/sites/default/files/2022-11/dg18.jpg,True,,[],{},{},"[2247, 2242, 2161, 1707]",DGLL
pamban-lighthouse,Pamban Lighthouse,lighthouse,Chennai,9.28667,79.22167,DGLL ledger,,F 0900,Single White Flash in every 5 Seconds (0.9+4.1),Fl,W,1,5,"[0.9, 4.1]",ledger,0.9,False,,15,15.8,12.3,15,4300,29,flasher,,Type: LED FLASHER; Rotation Device N/A; R.P.M. N/A,SABIK,,LED FLASHER,,,,,,True,True,True,False,,,False,Circular Masonry tower,15,Black and White Bands,1902,1845,closed,True,False,True,https://www.dgll.nic.in/sites/default/files/2022-12/ch16.pdf,https://www.dgll.nic.in/DGLL-light-house-location/about-chennai/pamban-lighthouse,"1902 (station established 1845). Active; focal plane 29 m (95 ft); three white flashes every 9 s. 20 m (66 ft) round masonry tower, painted with horizontal black and white bands. Rishi Rajput's 2023 photo is at right, Selvamanee Rajendran has a closeup, a distant photo is available, Srinivasan KB has a 2021 photo, K.S. Chandra has a photo taken from the Pamban Channel Bridge, and Google has a satellite view of the station. The original lighthouse, listed as ""Palk Bay"" on Findlay's 1879 list, was a round 17 m (56 ft) stone tower. Pamban Island is on the Indian section of the limestone ridge known as Rama's Bridge or Adam's Bridge. The ""bridge"" was dry land as recently as 6000 years ago, but t",IND-048,Q18129155,https://www.dgll.nic.in/sites/default/files/2022-11/dg16.jpg,True,,"[""First commissioned 21.04.1846; renovated 1901, 1923, 1987 & 2004""]",{},"{""ais"": {""year"": 2012, ""src"": ""network""}}","[1813, 1719, 1399]",DGLL
rameshwaram-dgps-station,Rameshwaram DGPS Station,dgps,Chennai,9.28387,79.3088,DGLL ledger,,,5,Fl,W,1,,,derived,,False,,,,,,,,,,Optic: N/A,,,,,,,,,True,True,False,True,,,False,N/A,,N/A,,2010,,False,False,True,https://www.dgll.nic.in/sites/default/files/2022-12/ch17.pdf,https://www.dgll.nic.in/DGLL-light-house-location/about-chennai/rameshwaram-dgps-station,,,,https://www.dgll.nic.in/sites/default/files/2022-11/dg17.jpg,True,,[],"{""ais"": 2010}","{""dgps"": {""year"": 2003, ""src"": ""network""}}","[2239, 1822, 1601, 619]",DGLL
kilakkarai-lighthouse,Kilakkarai Lighthouse,lighthouse,Chennai,9.225,78.78333,DGLL ledger,,F 0738,Single white flash every 15 sec (0.1+14.9),Fl,W,1,15,"[0.1, 14.9]",ledger,0.1,False,,20,17.0,18.8,17.0,68881,35.198,revolving,,Rotation Device: Brushless DC motor gearless direct drive; R.P.M. 4.0,Tideland Signal Corporation-Maxlumina,TRB 220,,"Height: 915 mm, Dia: 415 mm, Weight: 20Kg",4.0,1,6,(5 Nos Blanking with,True,True,True,False,,,False,Hexagonal concrete tower,30,Red and White Bands,1979,1979,grounds,True,False,True,https://www.dgll.nic.in/sites/default/files/2022-12/ch20.pdf,https://www.dgll.nic.in/DGLL-light-house-location/about-chennai/kilakkarai-lighthouse,"1979. Active; focal plane 35 m (115 ft); white flash every 15 s. 30 m (98 ft) hexagonal concrete tower with lantern and double gallery, painted with horizontal red and white bands. Nithish Shajan has a 2022 photo, Waleed Maraika has a 2016 photo, Mohamed Anas has view from the bay, Hanees Karattu has a street view, and Google has a satellite view. Located at Kilakarai, on the northern shore of the Gulf of Mannar about 16 km (10 mi) south of Ramanathapuram. Site open, tower closed. ARLHS IND-038; Admiralty F0738; NGA 27172.",IND-038,Q18388198,https://www.dgll.nic.in/sites/default/files/2022-11/dg20.jpg,True,,"[""No. of lens '6 (5 Nos Blanking with aluminum sheet)': only one panel active"", ""established_year from first commissioning 02.10.1979; renovated 2003""]",{},"{""ais"": {""year"": 2012, ""src"": ""network""}}","[2285, 2249, 1979, 1716, 1719, 1715, 1704, 1675, 1674, 1661, 1617, 1594]",DGLL
dhanushkodi-lighthouse,Dhanushkodi Lighthouse,lighthouse,Chennai,9.17757,79.41873,DGLL ledger,,,Fl (3) W 20 sec,Fl,W,3,20,"[0.75, 2.0, 0.75, 2.0, 0.75, 13.75]",derived,0.75,False,,15,18,15.6,15,18000,53,revolving,,Type: Revolving; Rotation Device: Stepper motor; R.P.M. 3 RPM,BBT,,Revolving,250 mm,3,3,,,True,True,False,False,,,False,Octagonal tower,49,Red and White Chequered Bands,2022,2022,closed,True,False,True,https://www.dgll.nic.in/sites/default/files/2022-12/ch19.pdf,https://www.dgll.nic.in/DGLL-light-house-location/about-chennai/dhanushkodi-lighthouse,"2022. Active; focal plane about 52 m (171 ft); white light, pattern unknown. 49 m (161 ft) octagonal concrete tower centered on a 2-story building and carrying a large octagonal observation room. Tower and observation room painted in a red and white checkerboard pattern. Ritesh Kejriwal has a April 2022 photo, and Google has the 2023 street view seen at right and a satellite view. The lighthouse was inaugurated in May 2022. Its navigational purpose is unclear but it marks an extremity of Indian terrirory. Located near the end of the Indian portion of Adam's Bridge, a well known tourist attraction. Site status open, tower closed. Admiralty F0908.",,,https://www.dgll.nic.in/sites/default/files/2022-11/dg19.jpg,True,,"[""A.L.O.L. number blank""]",{},{},"[1719, 1399, 368, 367]",DGLL
valiazheekal-lighthouse,Valiazheekal Lighthouse,lighthouse,Kochi,9.14014,76.46213,DGLL ledger,,0709,Flash (3) White-20 seconds (1+2.5+1+2.5+1+12),Fl,W,3,20,"[1.0, 2.5, 1.0, 2.5, 1.0, 12.0]",ledger,1,False,,22,19.2,21.4,19.2,200000,49,revolving,,Type: Revolving beacon; Rotation Device: 24 volt DC motor; R.P.M. 1,Marine Navaids and Solar Auto Pvt Ltd,,Revolving beacon,,1,6,,,True,True,False,False,,,False,Pentagon RCC,41.26,Blue and White Band,2021,2021,open,True,False,True,https://www.dgll.nic.in/sites/default/files/2022-12/Master%20Ledger%20Cochin%2013.pdf,https://www.dgll.nic.in/DGLL-light-house-location/about-kochi/valiazheekal-lighthouse,"2021. Active; focal plane 44 m (145 ft); three white flashes every 20 s. 41 m (135) pentagonal concrete tower with lantern and gallery, painted with blue and white horizontal bands. Jyothir Rose has a photo and the view from the beach seen at right, a 2022 photo is available, Muhammed Noufal has a more distant street view, and Google has a satellite view. This is India's first pentagonal lighthouse and one of the few with an elevator. Inaugurated in October 2021, the light stands behind a popular beach and marks the entrance to a fishing harbor and intracoastal waterway. Site open, tower open daily except Mondays. . Admiralty F0709.",,Q135472811,http://commons.wikimedia.org/wiki/Special:FilePath/Valiyazheekkal%20Lighthouse.jpg,True,,"[""Divergence and Duration of Flash rows contain power-supply text ('Local Mains 440 V, 3 phase, 50 Hz AC supply', 'Back-up Solar Inverter supply...') instead of optic values"", ""Effective beam intensity printed as '2,00000 cds' (irregular digit grouping); read as 200000"", ""'No. of LED Panels 6' - panels are LED panels of a revolving beacon""]",{},{},[],DGLL
vembar-lighthouse,Vembar Lighthouse,lighthouse,Chennai,9.07722,78.365,DGLL ledger,,F 0737,Flash (3) White Every 10 Seconds,Fl,W,3,10,"[1.25, 1.0, 1.25, 1.0, 1.25, 4.25]",derived,1.25,False,,20,14,25.4,14,912000,,revolving,,Optic: APRB-288AC-2PL-006 Rotating Beacon; Rotation Device: Inbuilt stepper motor; R.P.M. 6,Pharos Marine,APRB-288AC-2PL-006,Rotating Beacon,500mm,6,3,,,False,True,False,False,,,False,RCC Octagonal tower,30,Black & White horizontal bands,2016,2016,grounds,False,False,True,https://www.dgll.nic.in/sites/default/files/2022-12/ch21.pdf,https://www.dgll.nic.in/DGLL-light-house-location/about-chennai/vembar-lighthouse,"2016. Active; focal plane 30 m (98 ft); three white flashes every 10 s. 30 m (98 ft) octagonal concrete tower with lantern and gallery, painted with black and white horizontal bands. Cyril Xavier has a photo, a 2017 photo is available, Siva Sankar has a 2020 photo, Dhananjay Singh has a distant street view, and Google has a satellite view. Located just off the beach at Vembar, a fishing village at the northern border of the Thoothukudi District. Site open, tower closed. Admiralty F0737.",,,https://www.dgll.nic.in/sites/default/files/2022-11/dg21.jpg,True,,"[""Elevation value missing (printed only 'm (above MSL)')"", ""Flash timing '1.25 sec flash period; 3.75 sec dark period; 6.25 sec' does not form a sequence summing to the 10 s period"", ""No. of lens 3 but 'Lamp changer-(pannels)' row says '8 panels in octagonal form'"", ""Vertical divergence given as '>2°' (lower bound only)""]",{},{},"[1822, 1399, 365]",DGLL
kovilthottam-lighthouse,Kovilthottam LIGHTHOUSE,lighthouse,Kochi,8.99667,76.53667,DGLL ledger,,F 0710,Fl (1) W 5 sec (FL.1 dfark 4sec),Fl,W,1,5,"[1.0, 4.0]",ledger,1,False,,13.8,13.9,15.1,13.8,14500,20,flasher,4,Size: 250mm 4th order Fixed; Pedestal: Fixed; Rotation Device and R.P.M. blank,BBT,,,250mm 4th order Fixed,,1,,,True,True,False,False,,,False,Square Masonry Tower,15.24,Black and White Band,1962,1953,open,False,False,True,https://www.dgll.nic.in/sites/default/files/2022-12/Master%20Ledger%20Cochin%2014.pdf,https://www.dgll.nic.in/DGLL-light-house-location/about-kochi/kovilthottam-lighthouse,"1962 (station established 1953). Active; focal plane 20 m (66 ft); white flash every 5 s. 15 m (49 ft) square masonry tower, painted with black and white horizontal bands; lantern dome painted red. Wikimedia has a 2016 photo, Arun P. Kumar has a 2020 photo, a 2021 view from the shore is available, D.M. Brennan has a distant view, and Google has a satellite view. Kovilthottam is a small port near Chavara, about 15 km (9 mi) north of Kollam. Accessible by road. Site open, tower open in late afternoon daily. . ARLHS IND-096; Admiralty F0710; NGA 27512.",IND-096,Q18126946,https://www.dgll.nic.in/sites/default/files/2022-11/KOVILTHOTTAM%20LIGHTHOUSE.jpg,True,,"[""Horizontal divergence blank; vertical printed as '.2° 58’', read as 2° 58'""]",{},{},"[1788, 1736, 697]",DGLL
thangasseripoint-lighthouse,Thangasseripoint Lighthouse,lighthouse,Kochi,8.88333,76.56667,DGLL ledger,,F-0712,Group flash of three in every 15 Seconds (0.2+2.8+0.2+2.8+0.2+8.8=15Sec),Fl,W,3,15,"[0.2, 2.8, 0.2, 2.8, 0.2, 8.8]",ledger,0.2,False,,26,17.4,20.3,17.4,127950,38,revolving,2,Optic: Revolving Optic; Rotation Device: 2 Stepper motors 40Kg-cm; R.P.M. 4RPM,M/S CHANCE Bros. & Co.,,"Revolving Optic, 2rd Order",700mm,4,3,,,False,True,True,False,,,False,Circular Brick masonry Tower (Outside plastered in December 2002),35,Red and White Spiral strips,1902,1902,open,True,False,True,https://www.dgll.nic.in/sites/default/files/2022-12/Master%20Ledger%20Cochin%2015.pdf,https://www.dgll.nic.in/DGLL-light-house-location/about-kochi/thangasseripoint-lighthouse,"1902. Active; focal plane 42 m (138 ft); three white flashes every 15 s. 44 m (144 ft) round masonry tower with lantern and double gallery, painted with red and white spiral bands; 2nd order Fresnel lens. A 2022 photo is at the top of this page, another closeup photo is available, Sonal Sebastian has a 2022 photo, Wikimedia has a good 2017 photo, Sasheer Raj has a 2008 photo, Saleel Ahsan has a 2016 street view, and Google has a satellite view. The lighthouse was repainted inside and out in 2016 and an elevator was installed (spoiling the historical accuracy of the interior). Thankasseri (or Thangasseri), on the north side of the city of Kollam (formerly spelled Quilon) was an early outpost ",IND-019,Q18387881,https://www.dgll.nic.in/sites/default/files/2022-11/THANGASSERIPOINTLIGHTHOUSE.jpg,True,,"[""Elevation given as '43 mt. (Base to Vane)' and '38 mt. (Base to light beam)', not above MSL; 38 m used"", ""Characteristic does not state the light colour"", ""Optic type printed as '2rd Order'""]",{},"{""ais"": {""year"": 2012, ""src"": ""network""}}","[2561, 2509, 1576, 1420]",DGLL
pandiyan-tivu-lighthouse-and-dgps-station,Pandiyan Tivu Lighthouse And Dgps Station,lighthouse,Chennai,8.785,78.19833,DGLL ledger,,F 0734,Flashing white every 10sec,Fl,W,1,10,"[0.5, 9.5]",derived,0.5,False,,21,19.2,21.1,19.2,177127,49.5,revolving,3,Rotation Device: 20 kg/cm Stepper motor; R.P.M. 3; pedestal on journal and thrust bearings,J.Stone & Co.,,3rd order small,375mm,3,2,,,True,True,True,True,O,,False,Circular tower,45.7,Black and White spiral Band,1979,1845,grounds,False,False,True,https://www.dgll.nic.in/sites/default/files/2022-12/ch22.pdf,https://www.dgll.nic.in/DGLL-light-house-location/about-chennai/pandiyan-tivu-lighthouse-and-dgps-station,"1979 (station established 1845). Active; focal plane 48 m (157 ft); white flash every 10 s. Approx. 40 m (131 ft) round cylindrical tower with lantern and double gallery, painted with black and white spiral bands. Anitto Sylvester's 2022 photo is at right, a 2025 photo is available, Satheeshkannan Satheeshkannan has a 2017 photo, a distant view is available, and Google has a good satellite view. The first light at this station was shown from a flag post; this was replaced by an 11 m (36 ft) masonry obelisk and then by the 1935 lighthouse. Located on an island (tivu) protecting the harbor of Thoothukudi (Tuticorin). The island is connected to the mainland by a causeway and the lighthouse is a",IND-062,Q141320843,https://www.dgll.nic.in/sites/default/files/2022-11/dg22.jpg,True,,"[""No. of lens printed as '2 each of 180' without unit""]","{""racon"": 2004}","{""racon"": {""year"": 2004, ""src"": ""ledger""}, ""ais"": {""year"": 2012, ""src"": ""network""}, ""dgps"": {""year"": 2003, ""src"": ""network""}}",[],DGLL
anjengo-lighthouse,Anjengo Lighthouse,lighthouse,Kochi,8.67333,76.80833,DGLL ledger,,F-0715,Fl (2) W 20 sec (fl 0.44+3.33+0.44+15.79 Sec),Fl,W,2,20,"[0.44, 3.33, 0.44, 15.79]",ledger,0.44,False,,20,17.7,19.3,17.7,86445,39.6,revolving,,Type: Revolving Beacon; Rotation Device: Stepper motor (40 Kg cm); R.P.M. 3,"M/s Tideland Signal Corporation, Texas",TRB-220 Max Lumina with modified 40 Kg Cm stepper motor,Revolving Beacon,220mm,3,2,6,2Nos fixed and others blocked,False,True,False,False,,,False,Circular RCC tower,38,Black and White Band,1987,1987,closed,True,False,True,https://www.dgll.nic.in/sites/default/files/2022-12/Master%20Ledger%20Cochin%2016.pdf,https://www.dgll.nic.in/DGLL-light-house-location/about-kochi/anjengo-lighthouse,"1987. Active; focal plane 38 m (125 ft); two white flashes every 20 s. 36 m (118 ft) round concrete tower, painted with black and white horizontal bands. Nithin Murali's 2021 photo is at right, Akshay Raj P. has a 2023 photo, Wikimedia has a photo, a 2009 distant view is available, and Google has a street view and a satellite view. Anjengo was the site of a British East India Company fort dating to 1695. Located just outside the walls of the fort in Anchuthengu (formerly Anjengo) and about 40 km (25 mi) northwest of Thiruvananthapuram. Site open, tower open in late afternoon daily. . ARLHS IND-073; Admiralty F0715; NGA 27502.",IND-073,,https://www.dgll.nic.in/sites/default/files/2022-11/ANJENGO%20LIGHTHOUSE.jpg,True,,"[""No. of lens given as '06Nos (2Nos fixed and others blocked)'"", ""Divergence printed as '2.40º'; unclear whether 2.40 decimal degrees or 2°40'"", ""RACON Sr. No 6295 listed but all RACON details NA""]",{},{},[1416],DGLL
vizhinjam-lighthouse,VIZHINJAM LIGHTHOUSE,lighthouse,Kochi,8.38289,76.97965,OpenStreetMap node/309907456,,F-0718,Fl(White)- 15 seconds (FL- 0.55 + ec-14.5 sec),Fl,W,1,15,"[0.55, 14.5]",ledger,0.55,False,,31,20.3,30.8,20.3,6838000,57,revolving,3,Optic: Revolving Beacon; Rotation Device: Dual Stepper motor; R.P.M. 4/3 RPM,BBT,,Revolving Beacon,500mm / 3rd Order Large,1.333,3,,,True,True,True,False,O,,False,Circular Masonry Tower,36,Red and White Band,1972,1972,open,True,False,True,https://www.dgll.nic.in/sites/default/files/2022-12/Master%20Ledger%20Cochin%2017.pdf,https://www.dgll.nic.in/DGLL-light-house-location/about-kochi/vizhinjam-lighthouse,"1972. Active; focal plane 57 m (187 ft); white flash every 15 s. 36 m (118 ft) round stone tower with lantern and gallery, painted with red and white horizontal bands; lantern dome painted red. Justin Prasad's 2022 photo is above right, Trabas has a 2018 photo, Seema Krishnakumar has a photo, Deep Goswami has a closeup, a 2009 photo and a street view from a nearby beach are available, and Google has a satellite view and a closeup street view. Foundations of a 9th century fort were discovered near the lighthouse in late 2005. Lighthouse Beach, stretching to the north toward Kovalam, is a popular tourist attraction, and as a result this lighthouse is one of the most visited lighthouses of sout",IND-121,Q18395643,http://commons.wikimedia.org/wiki/Special:FilePath/Vizhinjam%20Light%20House.jpg,True,,"[""Printed longitude 93° 58.9' E is inconsistent with Vizhinjam, Kerala (about 77° E); transcribed as printed"", ""Sequence FL 0.55 + ec 14.5 sums to 15.05 s, not the stated 15 s"", ""RACON make given as Tideland Sea Beacon-2 but model as WM-RB-II"", ""Effective beam intensity 68,38,000 cd is unusually high""]","{""racon"": 2007}","{""racon"": {""year"": 2007, ""src"": ""ledger""}, ""ais"": {""year"": 2012, ""src"": ""network""}}","[1557, 1434]",DGLL
manapad-point-lighthouse,Manapad Point Lighthouse,lighthouse,Chennai,8.37167,78.065,"DGLL ledger, seconds column read as decimal minutes (matches OpenStreetMap way/1556633698)",,F 0730,Group Flash 2(White) every 10Sec's (F1: 0.187+sec.2.376+F1:0.187+sec.7.250),Fl,W,2,10,"[0.187, 2.376, 0.187, 7.25]",ledger,0.187,False,,26,18.6,22.8,18.6,336294,45,revolving,3,Type: Revolving Optic; Rotation Device: Stepper Motor with Drive controller; R.P.M. 6 RPM,Chance Bros,,Revolving Optic,500mm,6,2,,,True,True,True,False,G,,False,Masonary Tower,18,Red & White Spiral Bands (diagonal strips),1888,1888,grounds,True,False,True,https://www.dgll.nic.in/sites/default/files/2022-12/ch23.pdf,https://www.dgll.nic.in/DGLL-light-house-location/about-chennai/manapad-point-lighthouse,"1888. Active; focal plane 45 m (148 ft); two white flashes every 10 s. Approx. 18 m (59 ft) round masonry tower painted with red and white spiral bands; lantern dome painted red. Keeper's house and several other light station buildings. Joseph Cascarino's 2022 photo is at right, Leo Fernando has a nice 2008 photo, and Google has a satellite view of the station. This well-known lighthouse adjacent to a Catholic church founded in 1581 by Portuguese missionaries. Located on Manapad Point, a prominent cape about 20 km (12.5 mi) south of Tiruchchendur. Site open, tower status unknown. . ARLHS IND-044; Admiralty F0730; NGA 27200.",IND-044,Q141341669,https://www.dgll.nic.in/sites/default/files/2022-11/dg23.png,True,,"[""Range lists 'Luminous : 26 NM' and 'Luminous : 18 NM'; the second label is probably meant to be geographical but is printed as luminous"", ""Latitude printed as 8°22'.3\"" (mixed notation); converted as 8°22.3'""]","{""racon"": 2016}","{""racon"": {""year"": 2016, ""src"": ""ledger""}, ""ais"": {""year"": 2012, ""src"": ""network""}}","[2306, 1883, 1815, 1810, 1789]",DGLL
minicoy-north-lighthouse,Minicoy North Lighthouse,lighthouse,Kochi,8.29567,73.06583,DGLL ledger,"The Assistant Engineer(El), Minicoy south Lighthouse Minicoy, UT of Lakshadweep-682559",F 0758.1,Flash (2) white every 10 seconds.,Fl,W,2,10,"[0.7, 1.0, 0.7, 7.6]",derived,,False,,10,14,,10,,23,flasher,,Make: MBL-160 Marine Flasher; Type: LED,MBL-160 Marine Flasher,MBL-160,LED,,,,,,True,True,False,False,G,,False,17m BMT Square + 5m trestle tower,22,Black and white Band,2008,2008,grounds,False,False,True,https://www.dgll.nic.in/sites/default/files/2022-12/Master%20Ledger%20Cochin%2033.pdf,https://www.dgll.nic.in/DGLL-light-house-location/about-kochi/minicoy-north-lighthouse,"2008. Active; focal plane 22 m (72 ft); two white flashes every 10 s. 22 m (72 ft) square masonry or concrete tower, painted with black and white horizontal bands. Google has a satellite view. This lighthouse was built in connection with construction of a new jetty and improved landing facilities on the northeast side of the island. Located close to the new jetty. Site open, tower closed. Admiralty F0758.1; NGA 27470.",,,https://www.dgll.nic.in/sites/default/files/2022-11/MINICOY%20NORTH%20LIGHTHOUSE_0.jpg,True,,"[""Elevation printed as '1m above sea level + 22m' (taken as 23 m)"", ""Vertical divergence given only as '<30°'"", ""Postal address names 'Minicoy south Lighthouse'""]",{},"{""racon"": {""year"": 2004, ""src"": ""network""}}","[2574, 870]",DGLL
minicoy-south-lighthouse-dgps-station,Minicoy South Lighthouse & Dgps Station,lighthouse,Kochi,8.26667,73.02667,DGLL ledger,,F 0758,Fl (1) W 15 sec (0.66 + 14.34),Fl,W,1,15,"[0.66, 14.34]",ledger,0.66,False,,27.3,18.95,35.1,18.95,33215773,89,revolving,1,Size: 920mm (1ST Order) Revolving; Rotation Device: Stepper motor; R.P.M. 4/3 RPM,"B.B.T, Paris",,Revolving,920mm (1ST Order) Revolving,1.333,3,,,False,True,True,True,G,,False,Tapering circular brick masonry Tower,48,Red and White Band,1885,1885,open,False,False,True,https://www.dgll.nic.in/sites/default/files/2022-12/Master%20Ledger%20Cochin%2032.pdf,https://www.dgll.nic.in/DGLL-light-house-location/about-kochi/minicoy-south-lighthouse-dgps-station,"1885. Active; focal plane 47 m (154 ft); white flash every 15 s. 48 m (157 ft) round brick tower with lantern and gallery. Lighthouse painted white; lantern roof is red. The lighthouse is staffed. A 2020 photo appears above, Shijo Jose has a 2017 photo, Vijay Kumar has a photo, another photo shows visitors on the gallery, Lighthouse Digest has a February 2001 feature on the lighthouse by I.C.R. Prasad, Forand has a historic postcard view, and Google has a satellite view. The island has great strategic importance because the sea route from Suez to Singapore passes through the Eight Degree Channel just south of Minicoy. To protect this lifeline of the Empire the British shipped bricks from Eng",LAK-009,Q22696416,https://www.dgll.nic.in/sites/default/files/2022-11/MINICOY%20SOUTH%20LIGHTHOUSE%20%26%20DGPS%20STATION.jpg,True,,"[""Effective beam intensity printed as '3,32,15,773 cds' (33.2 million cd)"", ""Tower height '48m (up to lantern top)' highlighted in red/underlined on the page"", ""RACON Sr. No 6295 is the same serial printed in other ledgers (e.g. Anjengo)""]","{""racon"": 2010, ""ais"": 2018}","{""racon"": {""year"": 2010, ""src"": ""ledger""}, ""ais"": {""year"": 2018, ""src"": ""ledger""}, ""dgps"": {""year"": 2003, ""src"": ""network""}}","[2577, 1831, 1761, 1358, 700]",DGLL
kuthenkuli-lighthouse,Kuthenkuli Lighthouse,lighthouse,Chennai,8.22317,77.783,DGLL ledger,,F 0728,Fl (3) W 20 sec (fl 1.5) (1.5+2+1.5+2+1.5+11.5=20Sec),Fl,W,3,20,"[1.5, 2.0, 1.5, 2.0, 1.5, 11.5]",ledger,1.5,False,,20,19.5,20.2,19.5,124937,51,revolving,6,Rotation Device: 20KG Stepper motor with Drive Controller; R.P.M. 1.5,Aga,,,150mm,1.5,6,,,True,True,False,False,,,False,RCC Circular Structure,45,Red and Yellow Chequered Band,,2020,,True,False,True,https://www.dgll.nic.in/sites/default/files/2022-12/ch24.pdf,https://www.dgll.nic.in/DGLL-light-house-location/about-chennai/kuthenkuli-lighthouse,,,,https://www.dgll.nic.in/sites/default/files/2022-11/dg24.jpg,True,,[],{},{},"[1889, 1749, 1737, 1735, 1714, 1399]",DGLL
muttom-point-lighthouse-and-navtex-station,Muttom Point Lighthouse And Navtex Station,lighthouse,Chennai,8.12333,77.31833,DGLL ledger,,F 0724,Single Fl (W) every 5 seconds,Fl,W,1,5,"[0.45, 4.55]",derived,,False,,28,18.2,22.9,18.2,350944,42.97,revolving,2,Rotation Device: Inbuilt stepper motor with drive; R.P.M. 3 RPM; Pedestal: Mercury Float,M/s Chance Brothers,,,700 mm,3,4,,,True,True,False,False,M,"{""id_518"": ""L"", ""id_490"": ""T""}",False,Hexagonal Masonry,21.5,Black & White bands,1883,1875,open,True,True,True,https://www.dgll.nic.in/sites/default/files/2022-12/ch26.pdf,https://www.dgll.nic.in/DGLL-light-house-location/about-chennai/muttom-point-lighthouse-and-navtex-station,"1883 (British; station established 1875). Active; focal plane 43 m (141 ft); white flash every 5 s. 22 m (72 ft) round masonry tower with lantern and gallery, painted with black and white horizontal bands; lantern dome painted red. A rotating 2nd order Fresnel lens is in use. Mohanraj Kolathapilly has a good closeup, Wikimedia has a 2007 photo, Raja Gopal Sunkara has a 2018 photo, Chris Jehin has an aerial view, and Google has a satellite view. A surviving British lighthouse, Muttom Light can be seen from a popular beach. Early mast and post lights here were followed by a 22 m (72 ft) granite tower in 1875. In 2013 this was also one of the 15 lighthouses identified for tourist development by",IND-103,Q141431205,https://www.dgll.nic.in/sites/default/files/2022-11/dg26.jpg,True,,"[""Duration of Flash given as '5 second' (equal to the period)"", ""Engine 1 and Engine 2 headed '(NIL)' but Eicher 20KVA engine details listed"", ""NAVTEX: Danphone 1KW Futronic transmitter, 518/490 kHz, Transmitter ID 'L', installed March 2015""]","{""ais"": 2015}","{""navtex"": {""year"": 2015, ""src"": ""network""}, ""racon"": {""year"": 2004, ""src"": ""network""}}","[2309, 1719, 1671, 1670, 1660, 1616, 1595]",DGLL
kanyakumari-lighthouse,Kanyakumari Lighthouse,lighthouse,Chennai,8.08,77.54667,"DGLL ledger, seconds column read as decimal minutes (matches OpenStreetMap way/1558262992)","The Navigational Assistant Gr-I Kanyakumari Lighthouse, Kayakumari post, Kanyakumari Dist Pin 629702",F 0726,GROUP OF (2) W 20 sec (.66+3.38+.66+15.3=20 Se),Fl,W,2,20,"[0.66, 3.38, 0.66, 15.3]",ledger,0.66,False,,18,21,19.9,18,110908,34,revolving,3,Rotation Device: stepper motor with drive; R.P.M. 1.5 r.p.m,M/s BBT Ltd Paris,,,375 mm,1.5,4,,,False,True,True,False,C,,False,Square stone massonary Tower,30.5,Red and White,1971,1971,open,True,False,True,https://www.dgll.nic.in/sites/default/files/2022-12/ch25.pdf,https://www.dgll.nic.in/DGLL-light-house-location/about-chennai/kanyakumari-lighthouse,"1971. Active; focal plane 63 m (207 ft); two white flashes every 20 s. 30 m (98 ft) square masonry tower with gallery and a small lantern, painted with red and white horizontal bands. A 2022 photo is at right, Vincent Kiran has a 2021 closeup, Krishna Kumar also has a closeup, V.C. Charuvalath has a good 2016 photo, Chandrachoodan Gopalakrishnan has a view from the sea, and Google has a satellite view and a closeup street view. In 2013 this was one of the 15 lighthouses identified for tourist development by DGLL. Kanyakumari (also spelled Kanniyakumari) is the southernmost tip of India at 8°05' N latitude. The British renamed it Cape Comorin, a name found on most foreign maps but rarely used",IND-080,Q24641208,https://www.dgll.nic.in/sites/default/files/2022-11/dg25.jpg,True,,"[""Position printed with seconds marks (8° 04'8\"", 77° 32'8\""); converted as degrees-minutes-seconds, may be intended as 04.8' / 32.8'"", ""Engines 1 and 2 are marked '(NIL)' yet make/rating details are listed"", ""Solar plant heading says '2KW off grid' but capacity row says 3 KW (24 V/250 W)"", ""NAIS MMSI not given""]","{""racon"": 2008}","{""racon"": {""year"": 2008, ""src"": ""ledger""}, ""ais"": {""year"": 2012, ""src"": ""network""}}","[2243, 1719]",DGLL
sagar-island-lighthouse,Sagar Island Lighthouse,lighthouse,Kolkata,21.65667,88.04833,DGLL ledger,"Sagar Island Lighthouse& DGPS Station, P O— Beguakhali, Via Rudranagar, Sagar, Dist. South 24 Parganas,West Bengal— 743 373.",F 1028,FL (W) in every 3 Sec,Fl,W,1,3,"[0.3, 2.7]",derived,0.3,False,,25,17,20.4,17,132500,26,revolving,,RPM 7; mercury float pedestal,"Chance Brothers, Birmingham, England",,,4th order (focal length 250mm),7,8,,,False,True,True,True,,,False,Circular Cast Iron Tower,24,Red and White Band,1909,1821,grounds,True,False,True,https://www.dgll.nic.in/sites/default/files/2022-11/kolkata%201.pdf,https://www.dgll.nic.in/DGLL-light-house-location/about-kolkata/sagar-island-lighthouse,"1909 (British; station established 1821). Active; focal plane 26 m (85 ft); white flash every 3 s. 23 m (79 ft) round cast iron tower, painted with horizontal red and white bands. The base of the lighthouse is surrounded by a square pyramidal observation platform of recent construction. A 2019 photo by Sandip Kumar Jana is at right, Nishant Kumar has a 2021 photo, Dipak Das has a 2017 photo, Santanu Sen has a 2023 photo, Partho Sarothi Mitra has a 2021 drone view, Huelse has a historic postcard view, and Google has a satellite view. The second lighthouse (1852) was also a cast iron tower. Ownership was transferred to DGLL from the Kolkata Port Trust in 2011. The present lighthouse has a very",IND-060,,,True,,"[""8 panels at 7 RPM gives a flash about every 1.07 s, not every 3 s as stated"", ""Divergence printed as '4.35 (Horiz.) & 2.10 (Vert.)' without degree sign or unit"", ""Elevation: ground 2 m, 'Elevation of tower' 26 m (used as light elevation)"", ""No commissioning date given (taken over from Kolkata Port Trust in 2011)""]","{""ais"": 2012, ""dgps"": 2017}","{""ais"": {""year"": 2012, ""src"": ""ledger""}, ""dgps"": {""year"": 2017, ""src"": ""ledger""}}","[2537, 2536]",
east-island-lighthouse-and-dgps-station,EAST ISLAND LIGHTHOUSE AND DGPS STATION,lighthouse,Port Blair,13.62983,93.049,DGLL ledger,,F 1201,Fl (1) W 15 sec (fl 0.8),Fl,W,1,15,"[0.8, 14.2]",derived,0.8,False,,24,24.2,26.7,24,1500000,89,revolving,,Pedestal: Mercury float; Rotation Device: Stepper motor; R.P.M. 1.333,BBT,,,920mm,1.333,3,,,True,True,True,True,D,,False,C.I. Circular tower on RCC Base,37,Red and White Band,1969,1969,closed,False,False,True,https://www.dgll.nic.in/sites/default/files/2022-12/M%20B1.pdf,https://www.dgll.nic.in/DGLL-light-house-location/about-portblair/east-island-lighthouse-and-dgps-station,"1969. Active; focal plane 89 m (292 ft); white flash every 15 s. 37 m (121 ft) cast iron tower with lantern and gallery painted with red and white horizontal bands. This is a staffed station with several buildings. A 2018 drone view is at right, Soma Shekar has a 2017 photo and a view from the sea, Suhit Das has a 2024 closeup, and Google has a satellite view. This lighthouse marks the northern end of the Andaman Islands. It appears to be another cast iron tower similar to the Indira Point and North Point Lights, built three years later. Located at the highest point of the island. Site status unknown. ARLHS AND-001; Admiralty F1201; NGA 26552.",AND-001,,https://www.dgll.nic.in/sites/default/files/2022-11/1.jpg,True,,"[""Characteristic says fl 0.8 but Duration of Flash field says 0.16 Sec""]","{""racon"": 2011}","{""racon"": {""year"": 2011, ""src"": ""ledger""}, ""ais"": {""year"": 2012, ""src"": ""network""}, ""dgps"": {""year"": 2003, ""src"": ""network""}}",[1801],DGLL
narcondum-lighthouse,NARCONDUM LIGHTHOUSE,lighthouse,Port Blair,13.45667,94.255,DGLL ledger,N/A,F 1201.1,"F (3)W 20 Sec (fl 0.8, ec 1.2) x 2, fl 0.8, ec15.2",Fl,W,3,20,"[0.8, 1.2, 0.8, 1.2, 0.8, 15.2]",ledger,0.8,False,,8,20.8,10.1,8,1500,61,flasher,,Type: LED Flasher; Rotation Device: WhiteFlashing Light; R.P.M. NA,Sealite,SL155-5D,LED Flasher,171mm,,,,,True,True,False,False,,,False,GI Trestle Tower,14,Painted White,1983,1983,closed,False,False,True,https://www.dgll.nic.in/sites/default/files/2022-12/mb2.pdf,https://www.dgll.nic.in/DGLL-light-house-location/about-portblair/narcondum-lighthouse,"1983. Active; focal plane 61 m (200 ft); three white flashes every 20 s. 14 m (46 ft) square steel skeletal tower with gallery and an enclosed equipment shelter in the base. Lighthouse painted white. Trees hide the tower in Google's satellite view. Narcondam Island is an isolated volcanic peak rising abruptly from the Andaman Sea; it is uninhabited except for an Indian police contingent posted there to maintain sovereignty. Myanmar (Burma) gave up its claim to the island in a 1986 treaty. The island is a wildlife sanctuary recognized as a UNESCO World Heritage Site. Located about 120 km (75 mi) east of East Island, Narcondam is the easternmost point of Indian territory. The lighthouse is loc",,,https://www.dgll.nic.in/sites/default/files/2022-11/2.png,True,,"[""Characteristic printed as 'F (3)W' although the sequence describes three flashes (group flashing)""]",{},{},[1988],DGLL
port-cornwallis,Port Cornwallis,lighthouse,Port Blair,13.29833,93.07667,DGLL ledger,N/A,F 1202,"Fl (2) W 20 Sec (fl 1.0, ec 3.0, fl 1, ec 15)",Fl,W,2,20,"[1.0, 3.0, 1.0, 15.0]",ledger,1.0,False,,10,17.8,10.1,10,1500,40,flasher,,Type: LED Flasher; Rotation Device: White Flashing Light; R.P.M. NA,Sealite,SL155-5D,LED Flasher,171mm,,,,,True,True,False,False,,,False,Square Masonery,10,Painted White,1973,1973,grounds,False,False,True,https://www.dgll.nic.in/sites/default/files/2022-12/mb3.pdf,https://www.dgll.nic.in/DGLL-light-house-location/about-portblair/port-cornwallis,"1973. Active; focal plane 41 m (135 ft); two white flashes every 20 s. 10 m (33 ft) square cylindrical masonry tower with gallery attached to a 1-story masonry keeper's house. Entire lighthouse painted white. Google has a satellite view. Port Cornwallis is named for an early and unsuccessful British settlement (1789). Located at the southern tip of Bopung or Ross Island, off the northeast coast of Great Andaman Island. Accessible only by boat. Site open, tower closed. ARLHS AND-017; Admiralty F1202; NGA 26556.",AND-017,,https://www.dgll.nic.in/sites/default/files/2022-11/3.png,True,,[],{},{},[],DGLL
aves-lighthouse,AVES LIGHTHOUSE,lighthouse,Port Blair,12.91427,92.93511,Lighthouse Directory map link (ledger 93°E -> 92°E slip),N/A,F 1202.45,"Fl (2) W 7 Sec (fl 1.0, ec 1.0, fl 1.0, ec 4.0)",Fl,W,2,7,"[1.0, 1.0, 1.0, 4.0]",ledger,1.0,False,,11,16.9,10.1,11,1500,35,flasher,,Type: LED Flasher; Rotation Device: White Flashing Light; R.P.M. NA,Sealite,SL155-5D,LED Flasher,171mm,,,,,True,True,False,False,,,False,Composite Masonry Tower,15,Red and White bands,2008,2008,closed,False,False,True,https://www.dgll.nic.in/sites/default/files/2022-12/mb5.pdf,https://www.dgll.nic.in/DGLL-light-house-location/about-portblair/aves-lighthouse,"2008. Active; focal plane 35 m (115 ft); two white flashes every 7 s. Approx. 15 m (49 ft) square cylindrical masonry tower, painted with red and white horizontal bands. DGLL's photo is at right, Google has a satellite view. Located at the highest point of a small island on the south side of the entrance to Mayabunder. Accessible only by boat. Site status unknown. Admiralty F1202.45; NGA 26544.",,,https://www.dgll.nic.in/sites/default/files/2022-11/5.png,True,,[],{},{},[],DGLL
interview-lighthouse,INTERVIEW LIGHTHOUSE,lighthouse,Port Blair,12.885,92.67,DGLL ledger,N/A,F 1202.3,"Fl (2) W 20 Sec (fl 1.0,ec 3.0, fl 1, ec 15)",Fl,W,2,20,"[1.0, 3.0, 1.0, 15.0]",ledger,1.0,False,,10,19.6,10.1,10,1500,52,flasher,,Type: LED Flasher; Rotation Device 'White Flashing Light'; R.P.M. NA,Sealite,SL155-5D,LED Flasher,171mm,,,,,True,True,False,False,,,False,GI Trestle Tower,12,Painted Black and White bands,2005,1994,closed,False,False,True,https://www.dgll.nic.in/sites/default/files/2022-12/mb4.pdf,https://www.dgll.nic.in/DGLL-light-house-location/about-portblair/interview-lighthouse,"2005 (station established 1994). Active (?); focal plane 52 m (171 ft); two white flashes every 20 s. 12 m (39 ft) square skeletal tower painted with black and white horizontal bands. The original lighthouse was a 12 m (39 ft) square masonry tower also painted with black and white horizontal bands. Interview Island lies off the northwestern tip of Middle Andaman Island. The original lighthouse was on the southern tip of the island; it was reported ""completely destroyed"" by the tsunami. The Admiralty lists a new location on the west coast of the island. Although no tower is seen at that location in Google's satellite view, another satellite view may show the lighthouse about 400 m (1/4 mi) to",AND-008,,,True,,"[""Date of commissioning given as '28.04.2005 Re-commissioned after Tsunami'; original establishment year not stated"", ""NAIS section has no model/MMSI but lists a Prodelin 2.4 m VSAT antenna""]",{},{},[1988],
north-button-lighthouse,NORTH BUTTON LIGHTHOUSE,lighthouse,Port Blair,12.317,93.06967,DGLL ledger,N/A,F 1202.6,Fl (1) W 10 Sec fl 0.8,Fl,W,1,10,"[0.8, 9.2]",derived,0.8,False,,8,20.3,10.1,8,1500,57,flasher,,Type: LED Flasher; Rotation Device: White Flashing Light; R.P.M. NA,Sealite,SL155-5D,LED Flasher,171mm,,,,,True,True,False,False,,,False,GI Trestle Tower,14,Black and White bands,1983,1983,closed,False,False,True,https://www.dgll.nic.in/sites/default/files/2022-12/mb6.pdf,https://www.dgll.nic.in/DGLL-light-house-location/about-portblair/north-button-lighthouse,"1983. Active; focal plane 57 m (187 ft); white flash every 10 s. 14 m (46 ft) square skeletal tower with gallery and an enclosed equipment shelter in the base, painted with red and white horizontal bands. Google has an indistinct satellite view. The three Button Islands lie in the northern entrance to the Diligent Strait. Located on the highest point of the island. Accessible only by boat. Site status unknown. Admiralty F1202.6. NGA 26532.",,,https://www.dgll.nic.in/sites/default/files/2022-11/6.png,True,,[],{},{},[1988],DGLL
middle-button-lighthouse,Middle Button Lighthouse,lighthouse,Port Blair,12.27667,93.03017,DGLL ledger,N/A,F 1202.62,"Fl (2) W 20 Sec (fl 1.0,ec 3.0, fl 1, ec 15)",Fl,W,2,20,"[1.0, 3.0, 1.0, 15.0]",ledger,1.0,False,,8,17.3,10.1,8,1500,37,flasher,,Type: LED Flasher; Rotation Device: White Flashing Light; R.P.M. NA,Sealite,SL155-5D,LED Flasher,171mm,,,,,True,True,False,False,,,False,GI Trestle Tower,14,Black and White bands,1983,1983,closed,False,False,True,https://www.dgll.nic.in/sites/default/files/2022-12/mb7.pdf,https://www.dgll.nic.in/DGLL-light-house-location/about-portblair/middle-button-lighthouse,"1983. Active; focal plane 37 m (121 ft); two white flashes every 20 s. 12 m (39 ft) square skeletal tower with gallery and an enclosed equipment shelter in the base, painted with red and white horizontal bands. The DGLL photo is at right and Google has an indistinct satellite view. The island is protected as a national park. Located on the highest point of the island. Accessible only by boat. Site status unknown. Admiralty F1202.62. NGA 26528.",,,https://www.dgll.nic.in/sites/default/files/2022-11/7.png,True,,[],{},{},[1988],DGLL
south-button-lighthouse,South Button Lighthouse,lighthouse,Port Blair,12.223,93.02167,DGLL ledger,N/A,F 1202.64,Fl (1) W 15 Sec fl 1.0,Fl,W,1,15,"[1.0, 14.0]",derived,1.0,False,,8,15.0,10.1,8,1500,25,flasher,,Type: LED Flasher; Rotation Device: 'White Flashing Light'; R.P.M.: NA,Sealite,SL155-5D,LED Flasher,171mm,,,,,True,True,False,False,,,False,GI Trestle Tower,14,Red and White bands,1983,1983,closed,False,False,True,https://www.dgll.nic.in/sites/default/files/2022-12/mb8.pdf,https://www.dgll.nic.in/DGLL-light-house-location/about-portblair/south-button-lighthouse,"1983. Active; focal plane 25 m (82 ft); white flash every 15 s. 14 m (46 ft) square skeletal tower with gallery and a partially enclosed equipment shelter in the base, painted with red and white horizontal bands. A view from the sea is available, Mervyn Dcosta's 2022 video also provides a view from the sea, and Google has an indistinct satellite view. Located on the southernmost of the three Button Islands. Accessible only by boat. Site status unknown. Admiralty F1202.64 NGA 26524.",,,https://www.dgll.nic.in/sites/default/files/2022-11/8.png,True,,"[""Rotation Device field filled with 'White Flashing Light'"", ""NAIS base station fields empty though VSAT Antenna 'Prodelin 2.4 meter' is listed""]",{},{},"[1989, 1784]",DGLL
strait-island-lighthouse,Strait Island Lighthouse,lighthouse,Port Blair,12.19667,92.935,DGLL ledger,N/A,F 1202.66,"Fl (3) W 20 Sec (fl 0.8, ec 1.2) x 2, fl 0.8, ec 15.2",Fl,W,3,20,"[0.8, 1.2, 0.8, 1.2, 0.8, 15.2]",ledger,0.8,False,,8,15.4,11.5,8,2950,27,flasher,,Type: LED Flasher; Rotation Device: White Flashing Light; R.P.M. NA,LMV,BDL250,LED Flasher,250mm,,,,,True,True,False,False,,,False,GI Trestle Tower,14,Painted White,1983,1983,closed,False,False,True,https://www.dgll.nic.in/sites/default/files/2022-12/mb9.pdf,https://www.dgll.nic.in/DGLL-light-house-location/about-portblair/strait-island-lighthouse,"1983. Active; focal plane 27 m (89 ft); three white flashes every 20 s. 14 m (46 ft) square skeletal tower with gallery and an enclosed equipment shelter in the base, painted white. Google has an indistinct satellite view. Located on a small island on the north side of the Diligent Strait, which separates the Ritchies Archipelago from Middle Andaman Island. Accessible only by boat. Site status unknown. Admiralty F1202.66 NGA 26520.",,,https://www.dgll.nic.in/sites/default/files/2022-11/9.png,True,,[],{},{},[1988],DGLL
wilson-island-lighthouse,Wilson Island Lighthouse,lighthouse,Port Blair,12.145,92.95883,DGLL ledger,N/A,F 1202.68,"Fl (2) W 20 Sec (fl 1.0, ec 3.0, fl 1, ec 15)",Fl,W,2,20,"[1.0, 3.0, 1.0, 15.0]",ledger,1.0,False,,10,12.7,11.5,10,2950,15,flasher,,Type: LED Flasher; Rotation Device: White Flashing Light; R.P.M. NA,LMV,BDL250,LED Flasher,250mm,,,,,True,True,False,False,,,False,GI Trestle Tower,12,Red and White band,1994,1994,closed,False,False,True,https://www.dgll.nic.in/sites/default/files/2022-12/mb10.pdf,https://www.dgll.nic.in/DGLL-light-house-location/about-portblair/wilson-island-lighthouse,"1994. Active; focal plane 14 m (46 ft); two white flashes every 20 s. 12 m (39 ft) square skeletal tower with gallery and an enclosed equipment shelter in the base, painted with red and white horizontal bands. Bing has a distant satellite view. Wilson Island is an island in the central part of Ritchie's Archipelago. The light guides vessels in the narrowest section of the Diligent Strait. Located at the northwestern point of the island. Accessible only by boat. Site status unknown. Admiralty F1202.68; NGA 26518.",,,https://www.dgll.nic.in/sites/default/files/2022-11/10.png,True,,[],{},{},[1988],DGLL
andaman-strait-eastern-entrance-lighthouse,Andaman Strait Eastern Entrance Lighthouse,lighthouse,Port Blair,12.08167,92.79333,DGLL ledger,N/A,F 1202.8,Fl (1) W 5 Sec fl 0.9,Fl,W,1,5,"[0.9, 4.1]",derived,0.9,False,,8,19.9,10.1,8,1500,54,flasher,,Type: LED Flasher; R.P.M.: NA,Sealite,SL155-5D,LED Flasher,171mm,,,,,True,True,False,False,,,False,GI Trestle Tower,12,Black and White bands,1985,1985,closed,False,False,True,https://www.dgll.nic.in/sites/default/files/2022-12/mb11.pdf,https://www.dgll.nic.in/DGLL-light-house-location/about-portblair/andaman-strait-eastern-entrance-lighthouse,"1985. Active; focal plane 54 m (177 ft); white flash every 5 s. 12 m (39 ft) square skeletal tower with gallery and an enclosed equipment shelter in the base, painted with black and white horizontal bands. Google has an indistinct satellite view. Located on a about 4 km (2.5 mi) northeast of the entrance to the narrow Andaman Strait, which separates South Andaman and Middle Andaman Islands. Accessible only by boat. Site status unknown. Admiralty F1202.8; NGA 26516.",,,https://www.dgll.nic.in/sites/default/files/2022-11/11.png,True,,"[""Rotation Device field reads 'White Flashing Light'"", ""established_year taken from date of commissioning 30.03.1985""]",{},{},[1988],DGLL
petrie-lighthouse,Petrie Lighthouse,lighthouse,Port Blair,11.97789,92.58237,DGLL ledger,N/A,F 1212.7,"Fl (1) W 7 Sec fl 1.0, ec 6",Fl,W,1,7,"[1.0, 6.0]",ledger,1.0,False,,10,17.8,10.1,10,1500,40,flasher,,Type: LED Flasher; R.P.M.: NA,Sealite,SL155-5D,LED Flasher,171mm,,,,,True,True,False,False,,,False,GI Trestle Tower,12,Painted White,2020,2020,closed,False,False,True,https://www.dgll.nic.in/sites/default/files/2022-12/mb12.pdf,https://www.dgll.nic.in/DGLL-light-house-location/about-portblair/petrie-lighthouse,"2020. Active; focal plane 40 m (131 ft); white flash every 7 s. 12 m (39 ft) square white skeletal tower mounted on a 1-story equipment building. Equipment building painted yellow. Google has an indistinct satellite view. Located on an island off the west coast of South Andaman, 33.5 km (54 mi) north northwest of Port Blair. Accessible only by boat. Site status unknown. Admiralty F1212.7.",,,https://www.dgll.nic.in/sites/default/files/2022-11/12.png,True,,"[""Rotation Device field reads 'White Flashing Light'"", ""established_year taken from date of commissioning 16.06.2020""]",{},{},[1988],DGLL
sir-hugh-rose-lighthouse,Sir Hugh Rose Lighthouse,lighthouse,Port Blair,11.78661,93.08054,OpenStreetMap node/5182434765,N/A,F 1203,"Fl (1) W 7 Sec (fl 0.35, ec 6.65)",Fl,W,1,7,"[0.35, 6.65]",ledger,0.35,False,,20,20.3,10.1,20,1500,57,flasher,,Type: LED Flasher; 300 mm Acrylic drum optic; R.P.M. NA,Tideland,ML-300 Maxlumina Marine Lantern,LED Flasher,300 mm Acrylic drum optic,,,,,True,True,False,False,,,False,Circular Cast Iron Tower,22,Red and White band,1969,1969,closed,False,False,True,https://www.dgll.nic.in/sites/default/files/2022-12/mb13.pdf,https://www.dgll.nic.in/DGLL-light-house-location/about-portblair/sir-hugh-rose-lighthouse,"1969. Active; focal plane 57 m (187 ft); white flash every 7 s. 23 m (75 ft) round cast iron tower with lantern and gallery, painted with red and white horizontal bands. The Indian Quarterly has a great closeup photo (third photo in the article) by Ramesh Menon and Google has a satellite view. The light was converted to solar power in 1993. Located on a small island, the southernmost island of the Ritchie Archipelago, about 40 km (25 mi) east northeast of Port Blair. Accessible only by boat. Site status unknown. ARLHS AND-015; Admiralty F1203; NGA 26512.",AND-015,,https://www.dgll.nic.in/sites/default/files/2022-11/13.png,True,,"[""NAIS section has blank base station details but lists a Prodelin 2.4 m VSAT antenna"", ""Range 20 NM is inconsistent with a 1500 cd LED lantern""]",{},{},[1436],DGLL
north-point-lighthouse,North Point Lighthouse,lighthouse,Port Blair,11.70467,92.75483,DGLL ledger,"C/o The Director Dte. Of Lighthouses and Lightships Deep Bhavan 44 B.S Road, Port Blair Pin: 744202.",F 1205,"fl (2) W 12 sec (fl 0.5, ec 1.0, fl 0.5, ec 10)",Fl,W,2,12,"[0.5, 1.0, 0.5, 10.0]",ledger,0.5,False,,20,22.2,24.3,20,600000,72,revolving,,Rotation Device: Stepper motor; R.P.M. 2.5; Pedestal: Mercury float,BBT,,,300 mm,2.5,4,,,True,True,True,False,K,,False,C.I. Circular tower on RCC Base,35,Red and White Spiral Band,1972,1887,open,True,False,True,https://www.dgll.nic.in/sites/default/files/2022-12/mb14.pdf,https://www.dgll.nic.in/DGLL-light-house-location/about-portblair/north-point-lighthouse,"1972 (station established 1887). Active; focal plane 72 m (236 ft); two white flashes every 12 s. 35 m (115 ft) cast iron tower with lantern and gallery, painted with red and white spiral stripes. 4th order Fresnel lens in use. Raj Kumar's 2024 closeup photo is at right, a 2010 photo is available, Jatin Patel has a 2019 closeup, Kalle Anka has a view from the sea, Hindol Bhattacharya has an August 2006 closeup, and Google has a satellite view of the station. The best known lighthouse of the Andamans, this cast iron tower appears to be a twin of the Indira Point Light in the Nicobar Islands. Both towers were built in 1972. Located on a promontory on the north side of the entrance to the harbo",AND-012,,https://www.dgll.nic.in/sites/default/files/2022-11/14.jpg,True,,"[""Characteristic sequence gives fl 0.5 s but optic Duration of Flash is 0.25 Sec""]","{""racon"": 2016}","{""racon"": {""year"": 2016, ""src"": ""ledger""}, ""ais"": {""year"": 2012, ""src"": ""network""}}","[1926, 1924, 1799, 699]",DGLL
chidiyatapu-lighthouse,Chidiyatapu Lighthouse,lighthouse,Port Blair,11.48,92.711,DGLL ledger,N/A,F 1210.5,"Fl (2) W 10 Sec. fl 0.8,ec 1.2, fl 0.8, ec 7.2",Fl,W,2,10,"[0.8, 1.2, 0.8, 7.2]",ledger,0.8,False,,10,19.3,10.1,10,1500,50,flasher,,Type: LED Flasher; Rotation Device: White Flashing Light; R.P.M. NA,MSM,MBL 160 LED lantern,LED Flasher,,,,,,True,True,False,False,,,False,Composite Masonry tower,15,Black and White bands,2009,2009,closed,False,False,True,https://www.dgll.nic.in/sites/default/files/2022-12/mb15.pdf,https://www.dgll.nic.in/DGLL-light-house-location/about-portblair/chidiyatapu-lighthouse,"2009. Active; focal plane 52 m (171 ft); two white flashes every 10 s. 15 m (49 ft) square masonry tower, painted with black and white horizontal bands. A 2023 photo is at right, Pandurang Thatkar has a 2019 photo, Arjun Vijay has a photo, Delson Davis has a closeup of the base of the tower, and Google has a satellite view. Chidiya Tapu is a small resort town at the south end of Great Andaman Island. The light marks the entrance to the town and to the MacPherson Strait separating Great Andaman and Rutland Islands. Located on a small island off the southeastern tip of Great Andaman Island. Accessible only by boat. Site status unknown. Admiralty F1210.5; NGA 26513.",,,https://www.dgll.nic.in/sites/default/files/2022-11/15.png,True,,[],{},{},[],DGLL
rutland-lighthouse,Rutland Lighthouse,lighthouse,Port Blair,11.345,92.62833,DGLL ledger,N/A,F 1211,"Fl (3) W 15 Sec (fl 0.5, ec 1.5) x 2, fl 0.5, ec 10.5",Fl,W,3,15,"[0.5, 1.5, 0.5, 1.5, 0.5, 10.5]",ledger,0.5,False,,10,11.2,10.1,10,1500,10,flasher,,Type: LED Flasher; Rotation Device: White Flashing Light; R.P.M. NA,Sealite,SL155-5D,LED Flasher,171mm,,,,,True,True,False,False,,,False,Square Masonry tower,3,Painted White,1976,1976,closed,False,False,True,https://www.dgll.nic.in/sites/default/files/2022-12/mb16.pdf,https://www.dgll.nic.in/DGLL-light-house-location/about-portblair/rutland-lighthouse,1976. Active; focal plane 10 m (33 ft); three white flashes every 15 s. 3 m (10 ft) square white concrete tower. Google has a distant satellite view. Rutland Island is the southernmost main island of the Great Andaman group; the island is about 60 km (38 mi) long and 30 km (19 mi) wide. Located at the south end of the island. Accessible only by boat. Site status unknown. Admiralty F1211; NGA 26476.,,,https://www.dgll.nic.in/sites/default/files/2022-11/16.png,True,,[],{},{},[],DGLL
north-cinque-lighthouse,North Cinque Lighthouse,lighthouse,Port Blair,11.32667,92.72333,DGLL ledger,N/A,F 1212,"Fl (1) W 10 Sec. (fl 0.5,ec 9.5)",Fl,W,1,10,"[0.5, 9.5]",ledger,0.5,False,,20,30.2,12.4,20,4470,152,flasher,,Type: LED Flasher; Rotation Device: 'White Flashing Light'; R.P.M.: NA,Sealite,SL155-5D,LED Flasher,171mm,,,,,True,True,False,False,,,False,Rectangular Masonry tower,6.7,Red and White Bands,1972,1972,closed,False,False,True,https://www.dgll.nic.in/sites/default/files/2022-12/mb17.pdf,https://www.dgll.nic.in/DGLL-light-house-location/about-portblair/north-cinque-lighthouse,"1972. Active; focal plane 153 m (502 ft) ; white flash every 10 s. 7 m (23 ft) square cylindrical concrete tower attached to a 1-story masonry keeper's house. Upper half of the lighthouse painted red, lower half white. A DGLL photo is at right and Google has a satellite view. North Cinque Island is a high island off the southeastern tip of Great Andaman Island about 50 km (30 mi) south of Port Blair; the lighthouse is a landfall light marking the Mannars Strait, the passage around the south end of Rutland Island that is the beginning of the approach to Port Blair. Located on the highest point of the island. Site status unknown. ARLHS AND-004; Admiralty F1212; NGA 26480.",AND-004,,https://www.dgll.nic.in/sites/default/files/2022-11/17.png,True,,"[""Rotation Device field filled with 'White Flashing Light'"", ""NAIS base station fields empty though VSAT Antenna 'Prodelin 2.4 meter' is listed""]",{},{},[],DGLL
sister-island-lighthouse,SISTER ISLAND LIGHTHOUSE,lighthouse,Port Blair,11.14444,92.73023,DGLL ledger,N/A,F 1212.3,"Fl (4) W 20 Sec. (fl 0.5, ec 1.5, fl 0.5, ec 1.5, fl 0.5, ec 1.5, fl0.51, ec 13.5)",Fl,W,4,20,"[0.5, 1.5, 0.5, 1.5, 0.5, 1.5, 0.51, 13.5]",ledger,0.5,False,,10,20.7,,10,,60,flasher,,Type: LED Flasher; Rotation Device: White Flashing Light; R.P.M. NA,Sealite,SL155-5D,LED Flasher,171mm,,,,,True,True,False,False,,,False,G.I. Trestle Tower,12,Black and White Bands,2019,2019,closed,False,False,True,https://www.dgll.nic.in/sites/default/files/2022-12/mb18.pdf,https://www.dgll.nic.in/DGLL-light-house-location/about-portblair/sister-island-lighthouse,"2019. Active; focal plane 60 m (197 ft); four white flashes every 20 s. 12 m (39 ft) square skeletal tower with gallery painted with black and white horizontal bands. DGLL's pfoto is at right and Google has an indistinct satellite view. Located on East Sister Island, one of a small group of islands about 10 km (6 mi) south of the Cinque Islands. Accessible only by boat. Site status unknown. Admiralty F1212.3.",,,https://www.dgll.nic.in/sites/default/files/2022-11/18.png,True,,"[""Sequence sums to 20.01 s (fourth flash printed as 0.51) against a 20 s period"", ""Effective beam intensity left blank""]",{},{},[1988],DGLL
north-brother-lighthouse,NORTH BROTHER LIGHTHOUSE,lighthouse,Port Blair,10.98667,92.66833,DGLL ledger,N/A,F 1212.5,"Fl (2) W 20 Sec (fl 0.5, ec 4.5 ec, fl 0.5, ec 14.5)",Fl,W,2,20,"[0.5, 4.5, 0.5, 14.5]",ledger,0.5,False,,10,12.4,,10,,14,flasher,,Type: LED Flasher; Rotation Device: White Flashing Light; R.P.M. NA,Sealite,SL155-5D,LED Flasher,171mm,,,,,True,True,False,False,,,False,GI Trestle Tower,12,Painted White,1993,1993,grounds,False,False,True,https://www.dgll.nic.in/sites/default/files/2022-12/mb19.pdf,https://www.dgll.nic.in/DGLL-light-house-location/about-portblair/north-brother-lighthouse,"1993. Active; focal plane 14 m (46 ft); two white flashes every 20 s. 12 m (39 ft) square steel skeletal tower with gallery and an enclosed equipment shelter in the base. Lighthouse painted white. Google has an indistinct satellite view. North Brother Island is a low island about 18 km (11 mi) northeast of Little Andaman Island. Accessible only by boat. Site open, tower closed. Admiralty F1212.5; NGA 26481.",,,https://www.dgll.nic.in/sites/default/files/2022-11/19.png,True,,"[""NAIS section has blank base station details but lists a Prodelin 2.4 m VSAT antenna"", ""Effective beam intensity blank""]",{},{},[1988],DGLL
south-sentinel-lighthouse,SOUTH SENTINEL LIGHTHOUSE,lighthouse,Port Blair,10.98167,92.22667,DGLL ledger,N/A,F 1212.8,"Fl (1) W 15 Sec (fl 0.3, ec 14.7 sec)",Fl,W,1,15,"[0.3, 14.7]",ledger,0.3,False,,10,17.3,10.1,10,1500,37,flasher,,Type: LED Flasher; Maxlumina Marine Lantern; R.P.M.: NA,Tideland,"ML-300, Maxlumina Marine Lantern",LED Flasher,300 mm Fresnel lens,,,,,True,True,False,False,,,False,G.I. Trestle Tower,36,Red and White band,1997,1997,grounds,False,False,True,https://www.dgll.nic.in/sites/default/files/2022-12/mb20.pdf,https://www.dgll.nic.in/DGLL-light-house-location/about-portblair/south-sentinel-lighthouse,"1997. Active; focal plane 37 m (121 ft); white flash every 15 s. 36 m (118 ft) square steel skeletal tower with gallery and an enclosed equipment shelter in the base. Lighthouse painted with red and white horizontal bands. Bing has a satellite view. South Sentinel Island is a low, dangerous reef about 30 km (19 mi) northwest of Little Andaman Island. This light marks the west entrance to the Duncan Passage, the gap between Rutland and Little Andaman Islands. Accessible only by boat. Site open, tower closed. Admiralty F1212.8; NGA 26482.",,,https://www.dgll.nic.in/sites/default/files/2022-11/20.jpg,True,,"[""Optic type listed as 'LED Flasher' but illuminant is a 12V, 20 W Quartz Halogen Crystal Lamp"", ""NAIS section has no equipment details (only template label 'VSAT Antenna Prodelin 2.4 meter')""]",{},{},[],DGLL
little-andaman-lighthouse,LITTLE ANDAMAN LIGHTHOUSE,lighthouse,Port Blair,10.5155,92.50083,DGLL ledger,,F 1214,fl (1) W 10 sec,Fl,W,1,10,"[0.25, 9.75]",derived,0.25,False,,20,19.3,10.1,19.3,1500,50,revolving,,"Type: Rotating Beacon; Rotation Device: Motor drive- 3Ph, electronically commuted 30 pole direct drive (R.P.M. blank)",Vega,VRB-25 LED,Rotating Beacon,,,,,,True,True,True,False,,,False,Circular RCC Concrete tower,46,Blak and White Band,1986,1986,grounds,False,False,True,https://www.dgll.nic.in/sites/default/files/2022-12/mb21.pdf,https://www.dgll.nic.in/DGLL-light-house-location/about-portblair/little-andaman-lighthouse,"1986. Active; focal plane 51 m (167 ft); white flash every 10 s. 46 m (151 ft) cylindrical concrete tower with double gallery, painted with black and white horizontal bands. Lantern removed. A 2023 photo by Monimohan Das is at the top of this page, a 2011 photo is available, Sunny Chaurasiya has a closeup 2017 photo, there is a February 2007 closeup, Patel Dhirubhai Chhaganbhai has a 2021 photo, a photo of the view from the lighthouse is available, and Google has a satellite view. This design is common among modern lighthouses on the Indian mainland but this is the only lighthouse of this type in the Andaman and Nicobar Islands. Located at the southern tip of Little Andaman Island, marking t",AND-011,,https://www.dgll.nic.in/sites/default/files/2022-11/21.png,True,,"[""Optic R.P.M. left blank although a rotating beacon with motor drive is listed""]",{},"{""ais"": {""year"": 2012, ""src"": ""network""}}",[1925],DGLL
keating-point-lighthouse-and-dgps-station,KEATING POINT LIGHTHOUSE AND DGPS STATION,lighthouse,Port Blair,9.258,92.77167,DGLL ledger,,F 1220,"Fl (1) W 10 sec (fl 0.15, ec 9.85 sec)",Fl,W,1,10,"[0.15, 9.85]",ledger,0.15,False,,26,17.3,10.1,17.3,1500,37,revolving,,"Type: Rotating Beacon; Rotation Device: Motor drive- 3Ph, electronically commuted 30 pole direct drive (R.P.M. blank)",Vega,VRB-25 LED,Rotating Beacon,,,,,,True,True,True,True,O,"{""id_518"": ""V"", ""id_490"": ""K""}",False,C.I. Circular tower on RCC Base,35,Red and White Band,1969,1969,grounds,True,False,True,https://www.dgll.nic.in/sites/default/files/2022-12/mb22.pdf,https://www.dgll.nic.in/DGLL-light-house-location/about-portblair/keating-point-lighthouse-and-dgps-station,"1969. Active; focal plane 35 m (115 ft); white flash every 10 s. 37 m (121 ft) round cast iron tower with lantern and gallery, painted with red and white horizontal bands. This is a staffed station with crew quarters and other buildings. Ameya Deshpande's 2023 photo is at right, Sanjay Kumar has a 2018 closeup, Anup Patilhas a 2010 photo, and Google has a satellite view. This lighthouse marks the northern end of the Nicobar Islands group and therefore the southern side of the Ten Degree Channel, the passage between the Andamans and the Nicobars. The 2004 tsunami swept the point clean of vegetation and destroyed all the structures except the lighthouse, but the light station staff survived th",AND-010,,https://www.dgll.nic.in/sites/default/files/2022-11/22.jpg,True,,"[""Duration of Flash 0.25 Sec conflicts with characteristic fl 0.15"", ""Effective beam intensity 1500 cds seems low for VRB-25 with 26 NM range; may refer to standby Sealite lantern"", ""Optic R.P.M. blank"", ""DGPS: Nautel 317 KHz 1000 Watts, RS IDs 438/439, Beacon ID 119; also NAVTEX Danphone 518/490 Khz 1000W""]","{""racon"": 2005}","{""navtex"": {""year"": 2015, ""src"": ""network""}, ""racon"": {""year"": 2005, ""src"": ""ledger""}, ""ais"": {""year"": 2012, ""src"": ""network""}, ""dgps"": {""year"": 2003, ""src"": ""network""}}","[1898, 1586]",DGLL
battimalv-lighthouse,BATTIMALV LIGHTHOUSE,lighthouse,Port Blair,8.83667,92.86,DGLL ledger,N/A,F 1222.4,"Fl (4) W 20 Sec (fl 0.5, ec 1, fl 0.5, ec 1, fl 0.5, ec 1, fl 0.5, ec 15)",Fl,W,4,20,"[0.5, 1.0, 0.5, 1.0, 0.5, 1.0, 0.5, 15.0]",ledger,0.5,False,,8,13.9,10.1,8,1500,20,flasher,,Optic: Cut and Polished drum optic inside Lantern; Type: LED Flasher; R.P.M.: NA,ANA,,LED Flasher,300 mm,,,,,True,True,False,False,,,False,G.I. Trestle Tower,14,Painted White,1991,1991,grounds,False,False,True,https://www.dgll.nic.in/sites/default/files/2022-12/mb23.pdf,https://www.dgll.nic.in/DGLL-light-house-location/about-portblair/battimalv-lighthouse,"1991. Active; focal plane 20 m (66 ft); four white flashes every 20 s. 12 m (39 ft) square steel skeletal tower with gallery and an enclosed equipment shelter in the base. Lighthouse painted white. The light is not seen in the forest in Google's satellite view. Battimalv is a small, uninhabited island about 30 km (19 mi) south of Car Nicobar. Located on the northern tip of the island. Accessible only by boat. Site open, tower closed. Admiralty F1222.4; NGA 26452.",,,https://www.dgll.nic.in/sites/default/files/2022-11/23.png,True,,"[""Optic type listed as 'LED Flasher' but illuminant lists a T.F 3B micropower flasher with 12 V 20 W quartz halogen lamp"", ""NAIS section has no equipment details (only template label 'VSAT Antenna Prodelin 2.4 meter')""]",{},{},[],DGLL
tillanchang-lighthouse,TILLANCHANG LIGHTHOUSE,lighthouse,Port Blair,8.47167,93.61667,DGLL ledger,,F 1222.8,Fl (1) W 10 Sec (fl 0.8),Fl,W,1,10,"[0.8, 9.2]",derived,0.8,False,,25,26.8,10.1,25,1500,114,flasher,,Type: LED Flasher; Rotation Device: White Flashing Light; R.P.M. NA,Sealite,SL155-5D,LED Flasher,171mm,,,,,True,True,False,False,,,False,GI Trestle Tower,24,Black and White Bands,1998,1998,grounds,False,False,True,https://www.dgll.nic.in/sites/default/files/2022-12/db25.pdf,https://www.dgll.nic.in/DGLL-light-house-location/about-portblair/tillanchang-lighthouse,"1998. Active; focal plane 114 m (374 ft); white flash every 10 s. 24 m (79 ft) square steel skeletal tower with gallery and an enclosed equipment shelter in the base. Lighthouse painted with black and white horizontal bands. Google has an indistinct satellite view. 15 km (9 mi) long but only about 1 km (0.6 mi) wide, Tillanchang is a long, narrow island at the northeastern corner of the Nancowry group. It is uninhabited except for the staff of a small police station. Located on the highest point of the island. Accessible only by boat. Site open, tower closed. ARLHS AND-016; Admiralty F1222.8; NGA 26451.2.",AND-016,,https://www.dgll.nic.in/sites/default/files/2022-11/25.png,True,,"[""Range 25 NMiles is implausible for a 1500 cd Sealite SL155-5D LED flasher""]",{},{},[1585],DGLL
chowra-lighthouse,CHOWRA LIGHTHOUSE,lighthouse,Port Blair,8.45667,93.04833,DGLL ledger,,F 1222.5,"Fl (1) W 15 Sec (fl 0.5, ec 14.5)",Fl,W,1,15,"[0.5, 14.5]",ledger,0.5,False,,10,15.0,10.1,10,1500,25,flasher,,Type: LED Flasher; Rotation Device: White Flashing Light; R.P.M. NA,Sealite,SL155-5D,LED Flasher,171mm,,,,,True,True,False,False,B,,False,GI Trestle Tower,24,Painted White,1991,1991,grounds,False,False,True,https://www.dgll.nic.in/sites/default/files/2022-12/mb24.pdf,https://www.dgll.nic.in/DGLL-light-house-location/about-portblair/chowra-lighthouse,"1991. Active; focal plane 25 m (82 ft); white flash every 15 s. 24 m (79 ft) square steel skeletal tower with gallery and an enclosed equipment shelter in the base. Lighthouse painted white. Maajid Ali has a distant 2021 view but the tower is barely visible in Google's indistinct satellite view. Chowra is a small, isolated island at the northwestern corner of the Nancowry group. Located near the settlement on the eastern side of the island. Accessible only by boat. Site open, tower closed. Admiralty F1222.5; NGA 26451.4.",,,https://www.dgll.nic.in/sites/default/files/2022-11/24.png,True,,"[""NAIS section has blank base station details but lists a Prodelin 2.4 m VSAT antenna""]","{""racon"": 2008}","{""racon"": {""year"": 2008, ""src"": ""ledger""}}",[1584],DGLL
bampoka-lighthouse,BAMPOKA LIGHTHOUSE,lighthouse,Port Blair,8.225,93.23833,DGLL ledger,,F 1222.55,"Fl (1) W 20 Sec (fl 1, ec 2, fl 1, ec 16)",Fl,W,1,20,"[1.0, 2.0, 1.0, 16.0]",ledger,1,False,,16,18.2,10.1,16,1500,43,flasher,,Type: LED Flasher; Rotation Device: White Flashing Light; R.P.M. NA,Sealite,SL155-5D,LED Flasher,171mm,,,,,True,True,False,False,,,False,GI Trestle Tower,12,Red and White Bands,1989,1989,grounds,False,False,True,https://www.dgll.nic.in/sites/default/files/2022-12/mb26.pdf,https://www.dgll.nic.in/DGLL-light-house-location/about-portblair/bampoka-lighthouse,"1989. Active; focal plane 43 m (141 ft); two white flashes every 20 s. 12 m (39 ft) square steel skeletal tower with gallery and an enclosed equipment shelter in the base. Lighthouse painted with red and white horizontal bands. Google has a distant and indistinct satellite view. Bompoka is a small island off the southeastern tip of Teressa Island in the northern part of the central Nicobar group. Located near the south end of the island. Accessible only by boat. Site open, tower closed. ARLHS AND-006; Admiralty F1222.55; NGA 26451.3.",AND-006,,https://www.dgll.nic.in/sites/default/files/2022-11/26.png,True,,"[""Characteristic says Fl (1) but sequence lists two flashes (fl 1, ec 2, fl 1, ec 16)""]",{},{},[],DGLL
katchal-east-lighthouse,KATCHAL EAST LIGHTHOUSE,lighthouse,Port Blair,8.00667,93.40333,DGLL ledger,,F 1223,"Fl (1) W 5 Sec (fl 0.5, ec 4.5)",Fl,W,1,5,"[0.5, 4.5]",ledger,0.5,False,,10,18.2,12.4,10,4470,43,flasher,,Type: LED Flasher; Rotation Device: White Flashing Light; R.P.M. NA,Sabik Carmanah,,LED Flasher,171mm,,,,,True,True,True,False,,,False,G.I. Trestle Tower,24,Red & White bands,2005,1986,grounds,False,False,True,https://www.dgll.nic.in/sites/default/files/2022-12/mb28.pdf,https://www.dgll.nic.in/DGLL-light-house-location/about-portblair/katchal-east-lighthouse,"2005 (?) (station established 1986). Active; focal plane 43 m (141 ft); white flash every 5 s. 24 m (79 ft) square skeletal tower painted with red and white horizontal bands. Google has a satellite view of the station. This light apparently replaced a concrete tower damaged by the tsunami. Located on a point of land on the east side of the entrance to the bay, on the northeastern coast of Katchal Island. Site open, tower closed. ARLHS AND-009; Admiralty F1223; NGA 26446.",AND-009,,https://www.dgll.nic.in/sites/default/files/2022-11/28.png,True,,[],{},"{""ais"": {""year"": 2012, ""src"": ""network""}}",[],DGLL
cape-cannaught-lighthouse,CAPE CANNAUGHT LIGHTHOUSE,lighthouse,Port Blair,7.93,93.57,DGLL ledger,,F 1222.65,"Fl (2) W 15 Sec (fl 0.5, ec 1, fl 0.5, ec 13)",Fl,W,2,15,"[0.5, 1.0, 0.5, 13.0]",ledger,0.5,False,,10,14.4,10.1,10,1500,22,flasher,,Type: LED Flasher; Rotation Device: White Flashing Light; R.P.M. NA,Sealite,SL155-5D,LED Flasher,171mm,,,,,True,True,False,False,,,False,Square Masonry Tower,12,Black and White Bands,1993,1993,closed,False,False,True,https://www.dgll.nic.in/sites/default/files/2022-12/mb27.pdf,https://www.dgll.nic.in/DGLL-light-house-location/about-portblair/cape-cannaught-lighthouse,"1993. Active; focal plane 22 m (72 ft); two white flashes every 15 s. 12 m (39 ft) square masonry tower painted with black and white horizontal bands. A DGLL photo is at right and Google has a satellite view. The light was reported heavily damaged by the tsunami and out of service; it was rebuilt at a higher elevation. Located on the southern tip of Nancowry Island, which is about 10 km (6 mi) east of Katchall Island. Accessible by boat; land access to this site is difficult. ARLHS AND-020; Admiralty F1222.65; NGA 26450.",AND-020,,https://www.dgll.nic.in/sites/default/files/2022-11/27.png,True,,[],{},{},[],DGLL
katchal-west-lighthouse,KATCHAL WEST LIGHTHOUSE,lighthouse,Port Blair,7.92667,93.325,DGLL ledger,,F 1223.4,"Fl (3) W 15 Sec (fl 0.5, ec 1, fl 0.5, ec 1, fl 0.5, ec 11.5)",Fl,W,3,15,"[0.5, 1.0, 0.5, 1.0, 0.5, 11.5]",ledger,0.5,False,,10,13.2,10.1,10,1500,17,flasher,,Type: LED Flasher; Rotation Device: 'White Flashing Light'; R.P.M.: NA,Sealite,SL155-5D,LED Flasher,171mm,,,,,True,True,False,False,,,False,G I Trestle Tower,12,Black and White Bands,2005,1985,grounds,False,False,True,https://www.dgll.nic.in/sites/default/files/2022-12/mb29.pdf,https://www.dgll.nic.in/DGLL-light-house-location/about-portblair/katchal-west-lighthouse,"2005 (?) (station established 1985). Active; focal plane 17 m (56 ft); three white flashes every 15 s. 12 m (39 ft) square skeletal tower. The light has not been found in Google's satellite view. This light replaced a square concrete tower destroyed by the tsunami. Katchall Island, in the central part of the Nicobar group, suffered great damage and loss of life during the tsunami. Located on a point of land on the west side of the entrance to the bay, on the southwestern coast of Katchal Island. Site open, tower closed. ARLHS AND-021; Admiralty F1223.4; NGA 26448.",AND-021,,https://www.dgll.nic.in/sites/default/files/2022-11/29.png,True,,"[""Rotation Device field filled with 'White Flashing Light'"", ""NAIS base station fields empty though VSAT Antenna 'Prodelin 2.4 meter' is listed""]",{},{},[],DGLL
tries-island-lighthouse,Tries Island Lighthouse,lighthouse,Port Blair,7.475,93.64333,DGLL ledger,,F 1223.5,Fl (4) W 20 Sec,Fl,W,4,20,"[1.0, 2.0, 1.0, 2.0, 1.0, 2.0, 1.0, 10.0]",derived,,False,,10,16.7,10.1,10,1500,34,flasher,,Type: LED Flasher; Rotation Device: White Flashing Light; R.P.M. NA,Sealite,SL155-5D,LED Flasher,171mm,,,,,True,True,False,False,,,False,G I Trestle Tower,24,Black and White Bands,2018,2018,closed,False,False,True,https://www.dgll.nic.in/sites/default/files/2022-12/mb31.pdf,https://www.dgll.nic.in/DGLL-light-house-location/about-portblair/tries-island-lighthouse,2018. Active; focal plane 26 m (85 ft); four white flashes every 20 s. 24 m (79 ft) tower painted with black and white horizontal bands. The lighthouse is seen in an indistinct Google satellite view. This new lighthouse was announced in a July 2018 notice to mariners. Located on a small island off the north end of Little Nicobar Island. Accessible only by boat. Site status unknown. Admiralty F1223.5.,,,https://www.dgll.nic.in/sites/default/files/2022-11/31.png,True,,[],{},{},[],DGLL
pulo-milow-lighthouse,PULO MILOW LIGHTHOUSE,lighthouse,Port Blair,7.41,93.68167,DGLL ledger,,F 1223.6,Fl (1) W 15 Sec (fl 1.0),Fl,W,1,15,"[1.0, 14.0]",derived,1.0,False,,8,19.7,10.1,8,1500,53,flasher,,Type: LED Flasher; Rotation Device 'White Flashing Light'; R.P.M. NA,Sealite,SL155-5D,LED Flasher,171mm,,,,,True,True,False,False,,,False,G.I. Trestle Tower,12,Painted White,1986,1986,grounds,False,False,True,https://www.dgll.nic.in/sites/default/files/2022-12/mb30.pdf,https://www.dgll.nic.in/DGLL-light-house-location/about-portblair/pulo-milow-lighthouse,"1986. Active; focal plane 53 m (174 ft); white flash every 15 s. 12 m (39 ft) square steel skeletal tower with gallery and an enclosed equipment shelter in the base. Lighthouse painted white. A distant aerial view is available and Google has a satellite view. Pulomilo is a small island just off the northwestern tip of Little Nicobar Island. Located on the highest point of the island. Accessible only by boat. Site open, tower closed. ARLHS AND-014; Admiralty F1223.6; NGA 26440.",AND-014,,https://www.dgll.nic.in/sites/default/files/2022-11/30.png,True,,"[""NAIS section has no model/MMSI but lists a Prodelin 2.4 m VSAT antenna""]",{},{},[],DGLL
menchal-lighthouse,Menchal Lighthouse,lighthouse,Port Blair,7.39583,93.7605,DGLL ledger,,F 1223.8,Fl (1) W 10 Sec (fl 0.8),Fl,W,1,10,"[0.8, 9.2]",derived,0.8,False,,10,18.9,10.1,10,1500,47,flasher,,Type: LED Flasher; R.P.M.: NA,Sealite,SL155-5D,LED Flasher,171mm,,,,,True,True,False,False,,,False,G I Trestle Tower,30,Red and White Bands,2004,2004,grounds,False,False,True,https://www.dgll.nic.in/sites/default/files/2022-12/mb32.pdf,https://www.dgll.nic.in/DGLL-light-house-location/about-portblair/menchal-lighthouse,"2004. Active; focal plane 47 m (154 ft); white flash every 10 s. 30 m (98 ft) skeletal tower painted with red and white horizontal bands. A DGLL photo is at right and Google has an indistinct satellite view. Menchal is a small island about 3 km (2 mi) off the northeast coast of Little Nicobar Island. Located on the south side of the island. Accessible only by boat. Site open, tower closed. Admiralty F1223.8; NGA 26439.",,,https://www.dgll.nic.in/sites/default/files/2022-11/32.png,True,,"[""Rotation Device field reads 'White Flashing Light'"", ""established_year taken from date of commissioning 28/03/2004""]",{},{},[],DGLL
kabra-island-lighthouse,Kabra Island Lighthouse,lighthouse,Port Blair,7.28833,93.83833,DGLL ledger,,F 1224.1,"Fl (3) W 20 Sec (fl 0.8,ec 1.2) x 2,fl 0.8,ec15.2",Fl,W,3,20,"[0.8, 1.2, 0.8, 1.2, 0.8, 15.2]",ledger,0.8,False,,20,21.0,10.1,20,1500,62,flasher,,Type: LED Flasher; Rotation Device 'White Flashing Light'; R.P.M. NA,Sealite,SL155-5D,LED Flasher,171mm,,,,,True,True,False,False,,,False,G I Trestle Tower,12,Black and White Bands,1998,1998,grounds,False,False,True,https://www.dgll.nic.in/sites/default/files/2022-12/mb33.pdf,https://www.dgll.nic.in/DGLL-light-house-location/about-portblair/kabra-island-lighthouse,"1998. Active; focal plane 62 m (203 ft); three white flashes every 20 s. 12 m (39 ft) square steel skeletal tower with gallery and an enclosed equipment shelter in the base. Lighthouse painted black with one white horizontal band. Google has an indistinct satellite view and the light is barely visible in T. Shanmukh Rao's aerial view of the island. Kabra Island is a small, heavily vegetated island about 8 km (5 mi) north of the northern tip of Great Nicobar Island. Located on the highest point of the island. Accessible only by boat. Site open, tower closed. ARLHS AND-002; Admiralty F1224.1; NGA 26437.",AND-002,,https://www.dgll.nic.in/sites/default/files/2022-11/33.png,True,,"[""NAIS section has no model/MMSI but lists a Prodelin 2.4 m VSAT antenna"", ""Range 20 NM stated for a 1500 cd LED flasher""]",{},{},[],DGLL
koltapalm-lighthouse,Koltapalm Lighthouse,lighthouse,Port Blair,7.01567,93.93367,DGLL ledger,,F 1224.9,Fl (2) W 10 Sec (1+1+1+7=10 sec),Fl,W,2,10,"[1.0, 1.0, 1.0, 7.0]",ledger,1,False,,10,18.1,10.1,10,1500,42,flasher,,Type: LED Flasher; Rotation Device: 'White Flashing Light'; R.P.M.: NA,Sealite,SL155-5D,LED Flasher,171mm,,,,,True,True,False,False,,,False,G I Trestle Tower,12,Painted White,2015,2015,grounds,False,False,True,https://www.dgll.nic.in/sites/default/files/2022-12/mb34.pdf,https://www.dgll.nic.in/DGLL-light-house-location/about-portblair/koltapalm-lighthouse,"2015. Active; focal plane 42 m (138 ft); two white flashes every 10 s. 12 m (39 ft) square white skeletal tower. Google has an indistinct satellite view of the station. The village of Campbell Bay includes several govenment installations. Located in the village. Site open, towr closed. Admiralty F1224.9; NGA 26436.5.",,,https://www.dgll.nic.in/sites/default/files/2022-11/34.png,True,,"[""Rotation Device field filled with 'White Flashing Light'"", ""NAIS base station fields empty though VSAT Antenna 'Prodelin 2.4 meter' is listed""]",{},{},[],DGLL
campbellbay-dgps-station,Campbellbay-DGPS-Station,dgps,Port Blair,7.00483,93.93517,DGLL ledger,,,5,Fl,W,1,,,derived,,False,,,,,,,,,,Optical equipment section blank,,,,,,,,,True,False,True,True,,,False,,,7,,1969,,False,False,True,https://www.dgll.nic.in/sites/default/files/2022-12/mb37_0.pdf,https://www.dgll.nic.in/DGLL-light-house-location/about-portblair/campbellbay-dgps-station,,,,https://www.dgll.nic.in/sites/default/files/2022-11/37.jpg,True,,"[""Date of commissioning given only as year 1969""]","{""ais"": 2013}","{""ais"": {""year"": 2013, ""src"": ""ledger""}, ""dgps"": {""year"": 2003, ""src"": ""network""}}",[],DGLL
rosen-point-lighthouse,Rosen Point Lighthouse,lighthouse,Port Blair,6.95233,93.9435,DGLL ledger,"C/o The Assistant Engineer (E), Campbell bay DGPS station ,Great Nicobar , A & N islands-744 302",F 1227.1,Fl (1) W 10 Sec (fl 0.8),Fl,W,1,10,"[0.8, 9.2]",derived,0.8,False,,13,14.6,10.1,13,1500,23,flasher,,Type: LED Flasher; Rotation Device 'White Flashing Light'; R.P.M. NA,Sealite,SL155-5D,LED Flasher,171mm,,,,,True,True,False,False,,,False,15 M Masonry and 6 M Trestle,21,Painted White,2003,2003,grounds,False,False,True,https://www.dgll.nic.in/sites/default/files/2022-12/mb35.pdf,https://www.dgll.nic.in/DGLL-light-house-location/about-portblair/rosen-point-lighthouse,"2003. Active; focal plane 23 m (75 ft); white flash every 10 s. 21 m (69 ft) two-stage tower, with a 6 m (20 ft) skeletal tower mounted atop a 15 m (49 ft) square masonry tower. Lighthouse painted with black and white horizontal bands. A Google satellite view shows the lighthouse. Located on a prominent cape of Great Nicobar Island about 5 km (3 mi) southeast of the entrance to Campbell Bay. Accessible only by boat. Site open, tower closed. Admiralty F1227.1; NGA 26426.",,,https://www.dgll.nic.in/sites/default/files/2022-11/35.png,True,,"[""NAIS section has no model/MMSI but lists a Prodelin 2.4 m VSAT antenna""]",{},{},[],DGLL
indira-point-lighthouse,Indira Point Lighthouse,lighthouse,Port Blair,6.75167,93.82267,DGLL ledger,,F 1224,"Fl (2) W 20 Sec (fl 1.0, ec 3.0, fl 1, ec 15)",Fl,W,2,20,"[1.0, 3.0, 1.0, 15.0]",ledger,1.0,False,,10,16.9,10.1,10,1500,35,flasher,,Type: LED Flasher; R.P.M.: NA,Sealite,SL155-5D,LED Flasher,171mm,,,,,True,True,False,False,G,,False,Cast Iron tower,35,Red & White Bands,1972,1972,grounds,False,False,True,https://www.dgll.nic.in/sites/default/files/2022-12/mb36.pdf,https://www.dgll.nic.in/DGLL-light-house-location/about-portblair/indira-point-lighthouse,"1972. Active (?); focal plane 35 m (115 ft); two white flashes every 20 s. 35 m (115 ft) round cast iron tower with lantern and gallery, painted with red and white spiral stripes. 3rd order Fresnel lens in use. A 2024 photo is at right, Lightphotos.net has a 2013 aerial photo, Mohammed Ramees has a 2018 photo, and Google has a satellite view. Marking the southernmost point of Indian territory, this lighthouse is an important landmark for ships bound to or from the Strait of Malacca. The point of land, formerly called Parsons Point and later Pygmalion Point, was renamed Indira Point after Prime Minister Indira Gandhi made a visit to the light station. A monument to her has been placed to mark",AND-007,,https://www.dgll.nic.in/sites/default/files/2022-11/36.png,True,,"[""NAIS section has no equipment details (only template label 'VSAT Antenna Prodelin 2.4 meter')""]","{""racon"": 2005}","{""racon"": {""year"": 2005, ""src"": ""ledger""}}",[1987],DGLL
